message_id,content,ann_1,ann_2,ann_3,ann_4,ann_5,ann_6,ann_7,ann_8,ann_9,ann_10,
COM_001,"Tai khoan cua ban dang duoc dang nhap tren thiet bi khac, neu khong phai ban dang nhap vui long vao https://vietcombank.vn-gll.top de sua doi mat khau hoac thoat khoi thiet bi kia",1,1,1,1,0,1,1,1,0,1,
COM_002,"14192636813:COVID: Khi chua co thuoc dac tri.Co mot cach chua benh ky dieu khac.Do la tu luyen Phap Luan Cong, tang cuong he mien dich.Video: https://tnews.to/tri-benh",1,1,1,1,1,0,0,1,1,1,
COM_003,"(ACB) Chung toi phat hien tai khoan cua ban dang tieu dung o nuoc ngoai, neu khong phai ban dang giao dich, vui long dang nhap https://acb.i-pay.vip de huy giao dich",1,1,1,1,1,1,1,1,1,1,
COM_004,Thông báo t? VIETINBANK: B?n dùng vui lòng dang nh?p vào vietinbamk.com ngay khi có th? d? c?p nh?t xác th?c. quá h?n tài kho?n s? b? khóa. chúng tôi xin l?i vì s? b?t ti?n (n?u có) dã gây ra cho b?n,1,1,1,1,1,1,1,1,1,1,
COM_005,"Tai khoan cua ban dang duoc dang nhap tren thiet bi khac, neu khong phai ban dang nhap vui long vao https://vietcombank.vn-ctt vip de sua doi mat khau hoac thoat khoi thiet bi kia",1,1,1,1,1,1,1,1,1,1,
COM_006,[Ngân hàng Techcombank] Thông báo. Uu dãi có th?i h?n!12.500 di?m thu?ng th? tín d?ng c?a b?n h?t h?n hôm nay. Nh?n ngay ph?n thu?ng d?c quy?n c?a b?n :techcombank.huy-the-visa-vn.com,1,1,1,1,1,1,1,1,1,1,
COM_007,"Ma OTP xac thuc GD la 066595, hieu luc 1 phut. Chi tiet GD: Chuyen khoan nhanh qua so TK, so tien 5,000,000 VND tren kenh Mobile cua dich vu VCB Digibank.",0,0,0,0,0,0,1,0,0,0,
COM_008,"Tai khoan cua ban da dang ky chuong trinh quang cao tren TikTok, moi thang thu phi 3,800,000 VND. Vui long vao https://shb.com.vn-zy.top de kiem tra hoac de huy",1,1,1,1,1,1,1,1,1,1,
COM_009,"Tai khoan cua ban dang duoc dang nhap tren thiet bi khac, neu khong phai ban dang nhap vui long vao https://vietcombank.vn-mtt.top de sua doi mat khau hoac thoat khoi thiet bi kia",1,1,1,1,0,0,1,1,1,1,
COM_010,"Tai khoan cua ban dang duoc dang nhap tren thiet bi khac, neu khong phai ban dang nhap vui long vao https://techcombank.vn-ctt .vip de sua doi mat khau hoac thoat khoi thiet bi kia",1,1,1,1,1,1,1,1,1,1,
COM_011,UNG DUNG VCB DIGIBANK cua ban duoc PHAT HIEN KICH HOAT tren thiet bi la. Neu KHONG PHAI BAN KICH HOAT vui long bam vao https://vietcombank.vn-nng.top de doi thiet bi hoac huy de tranh mat tai san,1,1,1,1,1,1,1,1,1,1,
COM_012,"Tai khoan cua ban da mo dich vu tai chinh toan cau phi dich vu hang thang la 3,800,000VND se bi tru trong 3 gio. Neu khong phai ban mo dich vu vui long nhan vao https://vpbank.com.vn-hb.life de huy",1,1,1,1,1,1,1,1,1,1,
COM_013,3d6 Hot Nhieu Nguoi Chon!!! Tai Khoan Moi Nhan Loc 188k Luc Dang Ky. Nap Dau Nhan Gap 2. Co Hoi Co Han LH ebmld.kejda.me 745,1,1,1,1,1,1,1,1,1,1,
COM_014,"Tai khoan cua ban dang duoc dang nhap tren thiet bi khac, neu khong phai ban dang nhap vui long vao https://vietcombank.vn-utt.xyz de sua doi mat khau hoac thoat khoi thiet bi kia",1,1,1,1,1,1,1,1,1,1,
COM_015,"Co Hoi Duy Nhat Hom Nay, Tan Thu Tham Gia Nhan Ngay 58K, Nap Lan Dau Nhan Them 1OOK Free. TruyCap: DrnJmi.LoZuF.me",1,1,1,1,1,1,1,1,1,1,
COM_016,Tran trong thong bao toi quy khach! Tai khoan cua ban se bi tam ngung dich vu va0 ngay 3 thang 10. Vui long vao https://bidv.cc hom nay,1,1,1,1,1,1,0,1,1,1,
COM_017,Chuc mung ban duoc trai nghiem Goi ho tro tang doanh thu giup tang truong ngay ngoai chien dich. Moi ban xem thong tin chi tiet tai day: https://lzd.co/3EjOQRu,1,1,1,1,1,1,1,1,1,1,
COM_018,"Phat hien tai khoan cua ban dang nhap khac vung bat thuong, vui long dang nhap https://i-sacombank.com xac nhan thong tin va thay doi mat khau",1,1,1,1,1,1,1,1,1,1,
COM_019,"Apple Inc, iPhone 13 Pro Max Sierra Blue cua ban da duoc dinh vi hom nay luc 08:10 ??. Xem vi tri tai: ICloud.co/2k610s Ho Tro Apple",1,1,1,1,1,1,1,1,1,1,
COM_020,"Tai khoan cua ban da dang ky chuong trinh quang cao tren Tik Tok, moi thang thu phi 3,200,000 VND. Vui long vao https://vietcombank.vn -llc.top de kiem tra hoac de huy",1,1,1,1,1,1,1,1,1,0,
COM_021,"Tai khoan cua ban da dang ky chuong trinh quang cao tren TikTok, moi thang thu phi 5,600,000VND. Vui long vao https://msb.com.vn-sp.top de kiem tra hoac de huy",1,1,1,1,1,1,1,1,1,0,
COM_022,Tran trong thong bao toi quy khach! Tai khoan cua ban se bi tam ngung dich vu va0 ngay 3 thang 10. Vui long vao www.bidvsmat.com hom nay,1,1,1,1,1,1,1,1,1,1,
TE_023,"Techcom: Kinh gui Quy khach, 11324 diem Vietcom Priority sap het han. De tranh het han, vui long doi diem ngay tai: tech-com- priority.com",1,1,1,1,1,1,1,1,1,1,
TE_024,Vietcom: 11324 diem Priority cua Quy khach se het han som. Vui long doi diem ngay: vietcompriority.com,1,1,1,1,0,1,1,1,1,0,
TE_025,"Vietcom Mot loi nhac nho: So diem cua ban tong cong 31.603.148 V ND, se het han vao ngay 12 thang 4. Dung quen su dung nhe! Chi tiet: vietcomi.com/vn",1,1,1,1,1,1,1,1,1,1,
TE_026,"O?~Mb]hQPFcghx.dchvb.tech""wCo Cu,u;Ngu'y~T:hua~100,%-Don",1,1,1,1,1,1,1,1,1,1,
TE_027,"[TB] CMND dang ký thuê bao c?a Quý khách dã h?t hi?u l?c t? 1/1/2025 (theo quy d?nh lu?t Can cu?c). Quý khách vui lòng truy c?p https://viettel.vn/doigiayto và c?p nh?t thông tin CC/CCCD m?i nh?t ho?c d?n c?a hàng giao d?ch Viettel d? du?c h? tr?.
T?ng 50.000? vào tài kho?n khuy?n m?i khi th?c hi?n online qua My Viettel tru?c 01/05/2026, uu dãi c?ng vào ngày hôm sau. Chi ti?t liên h? 198 (0?). Trân tr?ng.
",0,0,0,0,0,0,0,0,0,0,
TE_028,"C?nh báo: TR?N QU?C VI?T di gi?i quy?t kho?n vay 1.250.000? app BIG DONG trong vòng 2 ti?ng HÔM NAY. N?u c? tình vay ti?n CHIEM_ÐOAT, không tr? n? ho?c l?y lý do không vay Ð? TR?N N.?. Chúng tôi truy xu?t thông tin CCC.D tra ngu?i
thân gia dình h? hàng, g?i v? noi làm vi?c. cày danh b? b?n bè, facebook zalo. Công khai hình ?nh chân dung GI?T N? lem lu?c d?n t?ng ngu?i. Link app thanh toán:http://i.xpl.asia/LsSBmu",1,1,1,1,1,0,0,1,1,1,
TE_029,"VUI LONG H?P TÁC TR? N? TRU?C 9H SÁNG NAY, K ÐC C? TÌNH K THANH TOÁN S? ?NH HUONG UY TIN DANH D? Link app: https://t.ly/zT487",1,1,1,1,1,1,1,1,1,1,
TE_030,[TB] S? di?n tho?i c?a Quý khách dã du?c xác th?c thông tin theo quy d?nh c?a Thông tu 08/2026/ TT-BKHCN. Quý khách KHÔNG C?N th?c hi?n thêm b?t k? thao tác xác th?c nào và yên tâm ti?p t?c s? d?ng d?ch v?. Viettel trân tr?ng c?m on Quý khách dã d?ng hành!,1,1,1,1,0,0,0,0,0,0,
TE_031,"Em Yeu Quach Duc Giang Thoi Gian Dang Ky Nhan 427k Cua Quy Khach Sap Het Han, Truy Cap Ngay Https://mm99.band",1,1,1,1,1,1,1,1,1,1,
TE_032,"Xe b?n có vi ph?m, x? lý ngay: dichvucong-vn.com",1,1,1,1,1,1,1,1,1,1,
TE_033,Trang Gem Moi Ra Mat. Tang Qua Tan Thu Len Den 588K Khi Dang Ki. Nap Dau Tang 100%. Truy Cap Ngay: RHPsvL.LoZuF.me,1,1,1,1,1,1,1,1,1,1,
TE_034,"Em chào anh/ ch?, em là Trang bên ngân hàng VPBANK, em có ti?p nh?n anh/ch? có nhu c?u m? th? tín d?ng Vpbank thông qua App VT Money. Em liên h? qua d? hu?ng d?n mình hoàn thiên h? so m? th? tín d?ng c?a bên em ?. 
Anh/ch? dành 3-5p vào app VT money e h? tr? hu?ng d?n hoàn thi?n h? so ?. https://mothe.senid.vn/tpc_vtm/mobileapp",1,1,1,1,1,0,1,0,1,1,
TE_035,"Tech-com kinh gui: 11324 diem uu tien cua Quy khach se het han trong thoi gian toi. De dam bao quyen loi, vui long quy doi som tai vn-priority-tech.com",1,1,1,1,1,1,1,0,0,1,
TE_036,"Theo thông tu 08/TT-BKHCN c?a B? KH&CN, d? d?m b?o quy?n l?i & tránh gián do?n d?ch v?, QK c?n c?p nh?t thông tin thuê bao chính ch? trên ?ng d?ng Vietnamobile (m?c C?p nh?t thông tin bao):
https://www.vietnamobile.com.vn/app Hu?ng d?n chi ti?t: https://vietnamobile.com.vn/cntt CTLH 0922789789 (0?). QK vui lòng b? qua tin nh?n n?u dã th?c hi?n. Trân tr?ng",0,0,0,0,0,0,0,0,0,0,
TE_037,"T?T VINH VI?N. Xác th?c WhatsApp 12h, không làm là M?T whastxpp.vip",1,1,1,1,0,1,1,0,1,0,
TE_038,Vui long truy cap de thanh toan tien phat giao thong thang nay va tranh phi phat do nop tre : vndichvucong-gov.com,1,1,1,1,1,1,0,1,1,1,
TE_039,"Cam on QK 0369987068 da tham gia chuong trinh Khao sat Vang /Trang, vui long tham gia khao sat danh gia va nhan diem tich luy tai https://khaosat1913.com. LH Hotline: 02888881913",1,1,1,1,1,1,1,1,1,1,
TE_040,Viet-com tran trong thong bao: 11324 diem Priority cua Quy khach dang den han het hieu luc. Vui long thuc hien quy doi kip thoi vcb-doi-thuong.com,1,1,1,1,1,1,1,1,1,1,
TE_041,Thong bao phat: Ban se khong the gia han giay phep lai xe hoac xe hoi neu thong bao nay chua duoc thanh toan. Xem chi tiet hoac thanh toan: gov dichvucongvn.com,1,1,1,1,1,1,1,1,1,1,
TE_042,[SIM CASH] Thong bao: Hom nay la ngay cuoi cung thanh toan khoan vay. Vui long thanh toan qua ung dung. http:// 103.9.78.145:8126,1,1,1,1,1,0,0,0,1,1,
TE_043,Vietcom: Diem Priority cua quy khach sap het han. Vui long quy doi tai V-C-B-priority.com,1,1,1,1,0,1,1,1,0,1,
TE_044,Ngay Hom Nay Ra Mat Nen Tang Quoc Te Moi! Tang Quy Tan Thu 108K. Vui Choi Rinh Tien Ve!!! LH: EdQL. RekcPG.com,1,1,1,1,1,1,1,1,1,1,
TE_045,Xác th?c NGAY d? không b? T?M NG?NG d?ch v? data! - Truy c?p https://viettel.vn/xacthucTB (app My Viettel) d? th?c hi?n và nh?n 50.000? (c?ng ngày hôm sau) khi hoàn thành. - Ho?c truy c?p VNeID d? xác nh?n s? d?ng. Chi ti?t liên h? 198 (0?). Trân tr?ng,0,0,0,0,0,0,0,0,0,0,
TE_046,Tai khoan Telegram cua ban bi nghi ngo vi pham quy dinh. Vui long dang nhap vao trang web chinh thuc imad-TG.com trong vòng 12 gio de xac minh va go bo han che.,1,1,1,1,1,1,1,1,1,1,
TE_047,[Vi de dang] Thong bao: Hom nay la ngay cuoi cung thanh toan khoan vay. Vui long thanh toan qua ung dung. https://bit.ly/4tVZggw,1,1,1,1,1,1,1,1,1,1,
TE_048,VNPT: Quy khach co 6.623 diem thuong sap het han hom nay. Hay doi diem tai vnptdiem.com truoc khi diem het han.,1,1,1,1,1,1,1,1,1,1,
TE_049,Vui long truy cap de thanh toan tien phat giao thong thang nay va tranh phi phat do nop tre: govvn-dichvucong.com,1,1,1,1,1,1,1,1,0,0,
NEW_050,(ACB) Tai khoan cua ban da mo dich vu tai chinh toan cau phi dich vu hang thang la 2.000.000VND se bi tru trong 2 gio. Neu khong phai ban mo dich vu vui long nhan vao https://acb.vnipay.top de huy,1,1,1,1,1,1,1,1,1,1,
NEW_051,Vietinbank tran trong thong bao tai khoan cua quy khach hien tai da bi khoa dnag nhap https://www.vniatinbanks.cc de xac thuc ngay hom nay,1,1,1,1,1,1,1,1,0,1,
NEW_052,Th0ng ba0:BIDV nang cap he thong. Vui l0ng dang nhap https://bidv.xyz va nang cap. Neu khong tai khoan se bi kh0a. aabd,1,1,1,1,1,1,1,1,1,1,
NEW_053,"Ngan Hang VPBANK THONG BAO. Chuc Mung Tai Khoan Cua LE TH? HOA XUAN Nhan Duoc 1 Luot ""QUAY SO - MIEN PHI"", Nhan Ngay 1 Trong 3 Phan Qua Gom: 1 iPhone 11 512GB. 1 Tivi LG 4K 55inch. 10 Trieu Dong Vao Tai Khoan. 
Truy Cap Website: https:// login-online.com.vn/ De Thuc Hien Luot QUAY SO MAY MAN MIEN PHI.Goi Vao 1900 54 54 15.Xin Cam On!",1,1,1,1,1,1,0,0,1,1,
NEW_054,Ong/(Ba) da du d! eu'k!en NHAN'TIEN ho tro tu quy-BHTN. Bam'vao www.opaxa.icu de_'lay. QUA-HAN' SE KHÔNG DUOC CHAP_NAHN! JKqc,1,1,1,1,1,1,1,1,1,1,
NEW_055,"C?nh sát Giao thông Vi?t Nam: Hi?n t?i, b?n dang có m?t kho?n ti?n ph?t chua thanh toán trong tài kho?n. Vui lòng thanh toán kho?n phí này càng s?m càng t?t d? tránh nh?ng b?t ti?n không dáng có. Ð? bi?t thêm thông tin, vui lòng truy c?p: https:// dichvucongg.top/vn",1,1,1,1,1,0,1,1,0,1,
NEW_056,"Kính g?i ngu?i dùng AgriBanK, di?m tài kho?n c?a b?n dã du?c d?i thành di?u ki?n quà t?ng. Vu lòng dang nh?p www.bank.vip ngay d? d?i quà. N?u quá h?n, nó s? không du?c ch?p nh?n.",1,1,1,1,1,1,1,1,1,1,
NEW_057,UNG DUNG VCB DIGIBANK cua ban duoc PHAT HIEN KICH HOAT tren thiet bi la. Neu KHONG PHAI BAN KICH HOAT vui long bam vao https://vietcombank.vn-ms.top de doi thiet bi hoac huy de tranh mat tai san,1,1,1,1,1,1,1,1,1,1,
NEW_058,NETFLIX: Khoan thanh toan cuoi cung cua ban da bi tu choi. Xac nhan thong tin thanh toan cua ban tai: https://new- sub.com,1,1,1,1,1,1,1,1,1,1,
NEW_059,"Quy khach co don hang VTP1772285973052 (tien COD: 0 d) gui tu Hoang Xuan Don DA CHUYEN 20107608 0948011022 da duoc nhan vien VIETTELPOST Nguyen Thi Thu Hang
84984246643/0862526888 giao thanh cong. Quy khach vui long danh gia chat luong dich vu cua
Viettel Post tai yk.vtp.vn/S/Wc0Pb9nQLUvmYSQ8QdsZ9A
Hotline: 19008095",1,0,1,0,0,1,1,0,1,1,
NEW_060,"Công an giao thông H? Chí Minh: B?n có hình ph?t vi ph?m c?n du?c x? lý k?p th?i. Ð? bi?t chi ti?t, vui lòng ki?m tra http.//dichvucong .xyz/DLGAWTBtGW",1,1,1,1,1,1,1,1,1,1,
NEW_061,"C?nh sát Giao thông Vi?t Nam: H? so vi ph?m giao thông du?c luu tr? du?i tên c?a b?n. Ð? bi?t thêm thông tin, vui lòng truy c?p https:// dichvucongs.top/vn",1,1,1,1,1,1,1,1,1,1,
NEW_062,"6geR #Ban da-du D1EU KIEN HOAN-TH.UE TNCN, tai: www.dichvucong.vip",1,1,1,1,1,1,1,1,1,1,
NEW_063,Xin vui long tra tien phi giao thong: dichvucon.cc/vn,1,1,1,1,1,1,1,1,1,1,
NEW_064,"Theo NQ-116, Ong(Ba) da du d!eu k!en NHAN TIEN h0 tro tu quy B/H/T/N. Bam vao www.wtudl.icu de. QUA' HAN SE KHONG DUOC CHAP NHAN! SPOS",1,1,1,1,1,1,1,1,1,1,
COM_065,"Våo ngay pkwin link http://casino-5-euro-no-deposit-bonus-545732.expertinvisalign.online dang ki tai khoan nhan code 108k, nap dau tang 100% trai nghiem casino,no hu hay nhat.",1,1,1,1,1,1,1,1,1,1,
COM_066,"Pkwin dinh cao giai tri-rut tien nhanh,nap tien Ian dau nhan thuong 100% gioi thieu ban be nhan 488k tai https://m.691179.cc/Account&gister?f-794577",1,1,1,1,1,1,1,1,1,1,
COM_067,Dang ky 99K-Tai APP nhan 58K- Khuyen mai nap dau 100% Lixi moi ngay 88.888K VIP 108.888K https://m.797179.com/Account/Register?fz713476,1,1,1,1,1,1,1,1,1,1,
COM_068,DT68 tang tan thu 68k trai nghiem danh cho ng choi moi. Tan thu nap dau thuong them 100% cuc chat. Nhan 68K tai https://ln.run/dt68phatIoc68k-2,1,1,1,1,1,1,1,1,1,1,
COM_069,"Xwin trang game doi thuong phien ban web ra mat choi ban ca, no hu, xoc dia, tai xiu... dang ki ngay nap tien Ian dau tang 50% <https://gddecwjj.bamczalo.me/>",1,1,1,1,1,1,1,1,1,1,
COM_070,NhH??nNLLLuUôônnNNNggaAayTTámTrRRaamMNNNNgghHHììnNÐÐÐ??nng{Gomapple.com:ThhH??nnggTThhìB?nnRRúÚtTLLuuônn,1,1,1,1,1,1,1,1,1,1,
COM_071,MM???iVààooCCChHhoO?ii)0kgoogle.com:EEEmT??nngLLL???ccLLuôÔnnNNgGaAyYYTámmTámmNNgGhHìÌnnÐ??ngNhHé,1,1,1,1,1,1,1,1,1,1,
COM_072,8qbet tai khoan moi tao theo link duoi nhan code 58k. Nap dau nhan 58.8k. Rut k gioi han 888888k! Tai https://dx1115.868qbet.com,1,1,1,1,1,1,1,1,1,1,
COM_073,CCC???Thho?iIMáÁiliCChHoil]atuapple.com[VVàooLLL???yNNgGGaAAyYYTTáÁámTTámNGhHìÌnÐ??nNNggGNNhHa,1,1,1,1,1,1,1,1,1,1,
COM_074,79CLUB TANG BAN CODE 200K. NHAP NGAY MA CODE: 200KFREE Thu van may ngay tai: https://79codethantai.biz,1,1,1,1,1,1,1,1,1,1,
COM_075,"NO<QKTYhqsH.saqew.link(is;Song~Bac-Uy_Tin~Rut_Tien:Cuc_Dai:Nhanh,Nhen,",1,1,1,1,1,1,1,1,1,1,
COM_076,LC79 tang CODE mien phi cho khach VIP: Link: https://lc79.sh/,1,1,1,1,1,1,1,1,1,1,
COM_077,JaKDiemDanh(phsqqgk.oerapple.com(TriAnx2NapYgroupsgooglecomul,1,1,1,1,1,1,1,1,1,1,
COM_078,"Có 98,000 hong lixi phát! https://ua49.com",1,1,1,1,1,1,1,1,1,1,
COM_079,"Xin chào, tôi là tru?ng phòng nhân s? c?a Cty HVS hi?n t?i Cty dang tuy?n d?ng nhân viên bán th?i gian. Ti?n luong du?c tr? hàng ngày. B?n có th? làm vi?c t?i nhà và thu nh?p t? 15tr d?n 30tr m?t tháng bình quân 500k-1tr/ngày , 
Công vi?c don gi?n và có th? th?c hi?n m?i lúc m?i noi. Ð? ?ng tuy?n, vui lòng liên h? v?i chúng tôi qua Yêu c?u d? tu?i : 23 - 65tu?i
zalo: zalo.me/84562696538 Liên h? / zalo:84562696538",1,1,1,1,1,1,1,0,1,1,
COM_080,"Xin chào, tôi là tru?ng phòng nhân s? c?a Cty DSC hi?n t?i Cty dang tuy?n d?ng nhân viên bán th?i gian. Ti?n luong du?c tr? hàng ngày. B?n có th? làm vi?c t?i nhà và thu nh?p t? 15tr d?n 30tr m?t tháng bình quân 500k-1tr/ngày ,
Công vi?c don gi?n và có th? th?c hi?n m?i lúc m?i noi. Ð? ?ng tuy?n, vui lòng liên h? v?i chúng tôi qua
Yêu c?u d? tu?i : 23 - 65tu?i
zalo: zalo.me/84928902102
Liên h? / zalo:84928902102",1,1,1,1,1,1,1,0,1,1,
COM_081,"Xin chào . B?n là ngu?i dùng có l?ch s? tuong tác t?t . Chúc m?ng b?n dã du?c EBAY xét duy?t và nh?n du?c ph?n công vi?c online d? ki?m thêm thu nh?p .
Công vi?c d? dàng th?c hi?n và thanh toán . M?i ngày b?n có th? ki?m 300k-1tr . B?n hãy liên h? mình ngay d? du?c hu?ng d?n .
zalo.me/84569481923
zalo: 84569481923",1,1,1,1,1,1,1,0,1,1,
COM_082,"TIKI shop c?n tuy?n nhân viên làm vi?c t?i nhà!!!
S? lu?ng có h?n ch? 50 ngu?i.
Công vi?c: X? lý don hàng trên n?n t?ng ?ng d?ng .
Yêu c?u d? tu?i : 23+ tu?i .
Thu nh?p 280k - 1200k .
Nh?n ti?n trong ngày .
Liên h?
zalo: zalo.me/84562335028
zalo: 84562335028",1,1,1,1,0,0,1,0,1,1,
COM_083,"Bên Em Nh?n Làm Các Lo?i B?ng C?p 3,Cao Ð?ng,Ð?i H?c..Can Cu?c CD, Ðang Ký Xe Các Lo?i,GPLX Máy A1,Ôtô B2,C...& T?t C? Gi?y T? Khác.Liên H?: 0799 328 103 Giao Hàng Toàn Qu?c",1,1,1,1,1,1,1,1,1,0,
COM_084,"Xin chào, tôi là qu?n lý tuy?n d?ng c?a TikTok, chúng tôi s? m?i b?n làm vi?c bán th?i gian t?i nhà, luong s? du?c tr? ngay trong ngày,
500k-900k
zalo.me/84879921010
zalo: 84879921010",1,1,1,1,1,1,1,0,1,1,
COM_085,"Quy khach co 104.670 dong trong tai khoan. Bam goi *098*3# de co 3GB voi 15.000d/3 ngay hoac *098*989# (30.000d/3 ngay) co 15GB (5GB/ngay), mien phi 10 phut/cuoc noi mang, 15 phut ngoai mang, SMS noi mang va TV360.
Goi cuoc gia han khi het chu ky. De biet thong tin cac uu dai khac, bam goi *098# hoac truy cap My Viettel tai https://myvt.page.link/goidata . Chi tiet LH 198 (0d). Tran trong.",0,0,0,0,0,0,0,0,0,0,
COM_086,"Ban co 10.000D qua Nap Dien Thoai & 140.000D qua khac trong MoMo, het han 31/8. Mo Vi > UU DAI > QUA CUA TOI hoac https://momo.vn/qua-cua-toi dung ngay!",0,0,0,0,0,0,0,0,1,0,
COM_087,"[TB] M?NG QU?C KHÁNH! Viettel khuy?n m?i 20% giá tr? t?t c? th? n?p trong ngày 31/08. Ti?n KM s? d?ng nô?i ma?ng dê´n hê´t 15/09/2023. Gi?m thêm 2,5% khi n?p th? t?i https://viettel.vn/pay/tt . Chi ti?t g?i 197 b?m phím 19 (0d). Trân tr?ng.",0,0,0,0,0,0,0,0,0,0,
COM_088,"Quy khach dang thuc hien
Lien ket the/TK Sacombank
Ma OTP: 587437 hieu luc 1 phut
Quy khach se MAT TIEN va THONG TIN neu cung cap Ma OTP cho bat ky ai",0,0,0,0,0,0,0,0,0,0,
COM_089,"Quy khach da hoan tat xac thuc thanh cong Sacombank Pay. Neu Quy khach KHONG thuc hien, vui long soan STBPAY KHOA gui 8149, hoac lien he ngay 1800585888",0,0,0,0,0,0,0,0,0,0,
COM_090,"Quý khách dã dang ký thành công gói ST30K: 30.000d/7 ngày có 7GB, h?t luu lu?ng truy c?p theo gói Mobile Internet dang s? d?ng (n?u có). Gói cu?c gia h?n sau 7 ngày, luu lu?ng còn l?i s? du?c b?o luu khi gia h?n thành công. 
Truy c?p My Viettel t?i https://viettel.vn/kttk d? ki?m tra uu dãi. So?n HUY ST30K g?i 191 d? h?y gia h?n. Chi ti?t LH 198 (0d). Trân tr?ng.",0,0,0,0,0,0,0,0,0,0,
COM_091,"Quy khach dang thuc hien
Chuyen tien nhanh 247 den TK
Nguoi nhan: HO CONG HONG
So tien: 20,000 VND
Ma OTP: 136452 hieu luc 1 phut",0,0,0,0,0,0,0,0,0,0,
COM_092,"[TB] CH? 5K, CÓ DATA SIÊU T?C!
So?n ST5K g?i 191: Ch? 5.000d/ngày có ngay 500MB t?c d? cao s? d?ng d?n 24h. Gói cu?c gia h?n hàng ngày. Ð?C BI?T: T?NG THÊM 500MB khi mua l?n th? 2 trong ngày. LH 198 (0d).",0,0,0,0,0,0,0,0,0,0,
COM_093,Viettel TB: Cuoc goi cua Quy khach vua thuc hien duoc tinh gia cuoc ngoai vung khuyen mai. Tran trong.,0,0,0,0,0,0,0,0,0,0,
COM_094,"[QC] T?NG ngay Modem Wifi 2 bang t?n cùng 1-2 tháng cu?c khi dang ký m?i DV Internet Cáp quang Viettel và dóng tru?c cu?c t? 6-12 tháng t?i https://viettel.vn/s/ftth. Quý khách s? có ngay du?ng truy?n Internet siêu nhanh, 
t?c d? t? 100Mbps v?i cu?c TB ch? t? 165.000d/tháng. Phí hòa m?ng 300.000d. Chi ti?t LH 18008168 (0d). T? ch?i QC, so?n TC3 g?i 199.",0,0,0,0,0,0,0,0,0,0,
COM_095,"(QC) Tang 200MB truy cap internet va co hoi NHAN 500.000d vao tai khoan goc khi soan XN1 gui 5282 dang ky goi data giai tri ngay Mydata. KHONG GIOI HAN data toc do cao luot Facebook, TikTok, Youtube, Spotify, Instagram... 
voi ung dung Mydata. Uu dai data su dung trong 24h. Cuoc phi chi 3.000d/ngay, gia han theo ngay. Chi tiet truy cap http://mydata.viettel.vn hoac LH 198 (0d). Tu choi QC, soan TC4 gui 199.",0,0,0,0,0,0,0,0,0,0,
COM_096,"[TB] Ð? d?m b?o an toàn khi tham gia giao thông d?p Qu?c khánh 02/09/2023, d? ngh? ngu?i dân ch?p hành pháp lu?t v? tr?t t?, an toàn giao thông, di?u khi?n phuong ti?n dúng t?c d?, gi? kho?ng cách an toàn,
không tránh/vu?t sai quy d?nh, tuy?t d?i không di?u khi?n phuong ti?n khi dã s? d?ng ru?u, bia.",0,0,0,0,0,0,0,0,0,0,
COM_097,"[TB] Toàn dân tích c?c hu?ng ?ng tham gia cu?c thi Tìm hi?u Lu?t phòng, ch?ng ma túy. Thông tin chi ti?t truy c?p d?a ch?: https://thitimhieuluatphongchongmatuy.vn",0,0,0,0,0,0,0,0,0,0,
COM_098,"Quy khach dang thuc hien
Chuyen tien nhanh 247 den TK
Nguoi nhan: NGUYEN THUY DUONG
So tien: 463,000 VND
Ma OTP: 710760 hieu luc 1 phut",0,0,0,0,0,0,0,0,0,0,
COM_099,"Quy khach dang thuc hien
Chuyen tien nhanh 247 den TK
Nguoi nhan: PHAN GIA LONG
So tien: 55,000 VND
Ma OTP: 563239 hieu luc 1 phut",0,0,0,0,0,0,0,0,0,0,
COM_100,"[TB] Ð? duy trì liên l?c và k?t n?i trong th?i gian di chuy?n, m?i Quý khách tham kh?o các gói cu?c:
1. So?n 1N g?i 191: 10K/ngày có 5GB, mi?n phí g?i di?n (10p/cu?c n?i m?ng, 5p ngo?i m?ng), SMS n?i m?ng, TV360
2. So?n 3N g?i 191: 30K/3 ngày có 15GB (5GB/ngày), mi?n phí g?i di?n (10p/cu?c n?i m?ng, 15p ngo?i m?ng), SMS n?i m?ng, TV360
Gói cu?c gia h?n khi h?t chu k?. LH 198 (0d).",0,0,0,0,0,0,0,0,0,0,
COM_101,"Quy khach duoc cong them 79 diem Viettel++ boi giao dich Tieu dung vien thong thang 08/2023. Thoi han su dung diem den 30/09/2024. Hay truy cap https://myvt.page.link/vtplus tren My Viettel hoac *098# de doi diem sang Data, 
SMS, Phut goi cung nhieu uu dai gia tri khac. Chi tiet LH 198. Tran trong.",0,0,0,0,0,0,0,0,0,0,
COM_102,"[TB] TR?N GÓI 10K - BAO DATA, G?I C? NGÀY!
1. So?n 1N g?i 191: 10K/ngày có 5GB, mi?n phí g?i di?n (10p/cu?c n?i m?ng, 5p ngo?i m?ng), SMS n?i m?ng, TV360
2. So?n 3N g?i 191: 30K/3 ngày có 15GB (5GB/ngày), mi?n phí g?i di?n (10p/cu?c n?i m?ng, 15p ngo?i m?ng), SMS n?i m?ng, TV360
Gói cu?c gia h?n khi h?t chu k?.
LH 198 (0d).",0,0,0,0,0,0,0,0,0,0,
COM_103,"[TB] Tho?i mái liên l?c và k?t n?i khi di chuy?n, m?i Quý khách tham kh?o các gói cu?c:
1. So?n ST15K g?i 191: 15K/3 ngày có 3GB
2. So?n 3N g?i 191: 30K/3 ngày có 5GB/ngày, mi?n phí g?i di?n, SMS n?i m?ng và TV360
Chi ti?t các gói cu?c t?i https://viettel.vn/s/3ngay . LH 198 (0d).",0,0,0,0,0,0,0,0,0,0,
COM_104,"[TB] CHÀO M?NG Ð?N V?I TP. H? Chí Minh!
M?i Quý khách tham kh?o các gói cu?c d? lên m?ng và liên l?c trong su?t chuy?n di:
1. So?n ST15K g?i 191: 15K/3 ngày có 3GB
2. So?n 3N g?i 191: 30K/3 ngày có 5GB/ngày, mi?n phí g?i di?n, SMS n?i m?ng và TV360
Chi ti?t các gói cu?c t?i https://viettel.vn/s/3ngay . LH 198 (0d).",0,0,0,0,0,0,0,0,0,0,
COM_105,"[TB] Viettel trân tr?ng thông báo d?n Quý Khách hàng v? Chính sách B?o v? d? li?u cá nhân c?a Viettel khi cung c?p s?n ph?m, hàng hóa, d?ch v? can c? Ngh? d?nh 13/2023/NÐ-CP. Chi ti?t xem t?i du?ng link sau: https://viettel.vn/ThongbaochinhsachbaoveDLCN",0,0,0,0,0,0,0,0,0,0,
COM_106,"Viettel TB: T? 0h-5h ngày 08/09/2023, gói ST30K s? gia h?n. Cu?c phí 30.000d/7 ngày có 7GB. Quý khách d?m b?o tài kho?n d? gói cu?c gia h?n thành công và du?c b?o luu luu lu?ng còn l?i c?a gói (n?u có). Ð? h?y gia h?n,
so?n HUY ST30K g?i 191. Ð?c bi?t: C?p nh?t nhi?u uu dãi HOT khi N?p th?/Mua data qua Viettel Money (chi ti?t truy c?p https://vt.vtmoney.vn/dataend1 ). LH 198 (0d). Trân tr?ng.",0,0,0,0,0,0,0,0,0,0,
COM_107,"Sau khi h?y gia h?n gói ST30K, uu dãi còn l?i s? du?c s? d?ng d?n h?t chu k?. Ð? xác nh?n, so?n Y g?i 191 trong 10 phút. Ð? t? ch?i, so?n N g?i 191. Yêu c?u c?a Quý khách s? t? d?ng h?y b? sau 10 phút n?u không du?c xác nh?n l?i. Chi ti?t LH 198 (0d). Trân tr?ng.",0,0,0,0,0,0,0,0,0,0,
COM_108,"Quý khách dã h?y gia h?n gói ST30K, uu dãi còn l?i c?a gói ST30K du?c s? d?ng d?n h?t chu k?. Ð? bi?t các uu dãi dành riêng cho TB c?a Quý khách, vui lòng b?m g?i *098#. Chi ti?t LH 198 (0d). Trân tr?ng.",0,0,0,0,0,0,0,0,0,0,
COM_109,"Viettel TB: Gói ST30K dã gia h?n thành công, cu?c phí 30.000d/7 ngày có 7GB (h?t luu lu?ng truy c?p theo gói Mobile Internet dang s? d?ng n?u có). Gói cu?c gia h?n sau 7 ngày, luu lu?ng còn l?i s? du?c b?o luu khi gia h?n thành công. 
Truy c?p My Viettel t?i https://viettel.vn/kttk d? ki?m tra uu dãi. So?n HUY ST30K g?i 191 d? h?y gia h?n. Chi ti?t LH 198 (0d). Trân tr?ng.",0,0,0,0,0,0,0,0,0,0,
COM_110,"Quy khach dang thuc hien
Thanh toan QR
Nguoi nhan: HAMBURGERHAPI 
So tien: 30,000 VND
Ma OTP: 705755 hieu luc 1 phut",0,0,0,0,0,0,0,0,0,0,
COM_111,"[QC] Ð?ng t?n ti?n mua data hàng ngày n?a, m? ngay Viettel Money nh?n 500MB data MI?N PHÍ khi d?i 100 di?m Viettel++ nhé! Nh?n ngay quà t?i https://km.vtmoney.vn/314y/st5k1 . LH 18009000(0d). T? ch?i QC, so?n TC3 g?i 199.",0,0,0,0,0,0,0,0,0,0,
COM_112,"Quy khach dang thuc hien
Chuyen tien nhanh 247 den TK
Nguoi nhan: VU THI HIEN
So tien: 25,000 VND
Ma OTP: 908605 hieu luc 1 phut",0,0,0,0,0,0,0,0,0,0,
COM_113,"[QC] MUA TH? CÀO ÐI?N T? D? DÀNG NGAY TRÊN MY VIETTEL V?I CHI?T KH?U 3%. CT áp d?ng khi thanh toán qua tài kho?n ngân hàng, ví di?n t? liên k?t trên ?ng d?ng My Viettel t?i https://myvt.page.link/muathecao. Chi ti?t LH 198 (0d). T? ch?i QC, so?n TC3 g?i 199.",0,0,0,0,0,0,0,0,0,0,
COM_114,"[TB] VIETTEL TA?NG 20% GIÁ TR? T?T C? TH? N?P trong ngày 11/09. Ti?n KM s? d?ng nô?i ma?ng dê´n hê´t 26/09/2023. Gi?m thêm 2,5% khi n?p th? t?i https://myvt.page.link/km . Chi ti?t g?i 197 b?m phím 19 (0d). Trân tr?ng.",0,0,0,0,0,0,0,0,0,0,
COM_115,"Quy khach dang thuc hien
Chuyen tien nhanh 247 den TK
Nguoi nhan: NGUYEN XUAN HUY
So tien: 50,000 VND
Ma OTP: 602603 hieu luc 1 phut",0,0,0,0,0,0,0,0,0,0,
COM_116,"Quy khach dang thuc hien
Thanh toan QR
Nguoi nhan: WAYSSTATION19
So tien: 60,000 VND
Ma OTP: 924148 hieu luc 1 phut",0,0,0,0,0,0,0,0,0,0,
COM_117,"(QC) Tang 200MB toc do cao va khong gioi han data 4G xem Facebook, YouTube, TikTok, Instagram, Zalo, Spotify... khi soan XNL gui 5282. Co hoi trung 500K vao tai khoan goc khi trai nghiem goi data truc tuyen tong hop Mydata. 
Uu dai data su dung trong 24h. Cuoc phi chi 3.000d/ngay, gia han theo ngay. Chi tiet truy cap http://mydata.viettel.vn hoac LH 198 (0d). Tu choi QC, soan TC4 gui 199.",0,0,0,0,0,0,0,0,0,0,
COM_118,"[TB] Kính g?i Quý khách, d? c?p nh?t các chuong trình cham sóc Khách hàng và khuy?n m?i c?a Viettel, hãy b?m “Follow” kênh TikTok Viettel Cham sóc Khách hàng t?i https://www.tiktok.com/@viettelcskh d? nh?n thông tin nhanh nh?t. Trân tr?ng.",0,0,0,0,0,0,0,0,0,0,
COM_119,"Quy khach dang thuc hien
Chuyen tien nhanh 247 den TK
Nguoi nhan: NGUYEN VAN SU
So tien: 45,000 VND
Ma OTP: 823164 hieu luc 1 phut",0,0,0,0,0,0,0,0,0,0,
COM_120,"Viettel TB: Gói ST30K s? h?t th?i gian s? d?ng vào 24h ngày 14/09/2023. Ð? ti?p t?c s? d?ng DV, so?n ST30K g?i 191, cu?c phí 30.000d/7 ngày có 7GB. Ð? bi?t thêm thông tin v? các gói Mobile Internet khác,
vui lòng b?m g?i *098# ho?c truy c?p My Viettel t?i https://viettel.vn/goidata . Chi ti?t LH 198 (0d). Trân tr?ng.",0,0,0,0,0,0,0,0,0,0,
COM_121,"Quy khach dang thuc hien
Chuyen tien nhanh 247 den TK
Nguoi nhan: NGUYEN TAN TAI
So tien: 500,000 VND
Ma OTP: 854471 hieu luc 1 phut",0,0,0,0,0,0,0,0,0,0,
COM_122,"[TB] T?ng 20% giá tr? t?t c? th? n?p vào tài kho?n vi?n thông trong ngày 15/09/2023. CT áp d?ng khi n?p th? online qua các ví di?n t?, ?ng d?ng thanh toán ho?c t?i https://viettel.vn/pay/tt . Ti?n KM s? d?ng liên l?c n?i m?ng trong 15 ngày. 
Chi ti?t g?i 197 b?m phím 19 (0d). Trân tr?ng.",0,0,0,0,0,0,0,0,0,0,
COM_123,"Viettel TB: Gói ST30K dã k?t thúc. Ð? dang ký l?i, Quý khách vui lòng so?n ST30K g?i 191 (30.000d/7 ngày có 7GB). Ð? bi?t thêm thông tin v? các uu dãi khác, b?m g?i *098# ho?c truy c?p My Viettel t?i https://viettel.vn/goidata . Chi ti?t LH 198 (0d). Trân tr?ng.",0,0,0,0,0,0,0,0,0,0,
COM_124,"Em chào anh em là nhân viên shop vape x14, em nh?n du?c 1 don hàng c?a mình nhu g?i cho mình k dc, anh nhân du?c tin nh?n g?i l?i em d? em lên don cho mình a nhé",0,0,0,0,0,0,0,0,0,0,
COM_125,"[TB] Phòng C?nh sát giao thông du?ng b? - du?ng s?t Công an Thành ph? H? Chí Minh khuy?n cáo: Ði?u khi?n phuong ti?n sau khi dã s? d?ng ru?u bia là m?t trong nh?ng nguyên nhân hàng d?u d?n d?n các v? tai n?n giao thông d?c bi?t nghiêm tr?ng, 
d? l?i h?u qu? thuong tâm cho chính gia dình b?n và xã h?i. Vì s?c kh?e và an toàn c?a chính b?n: “Ðã u?ng ru?u bia - không lái xe"".",0,0,0,0,0,0,0,0,0,0,
COM_126,"Quy khach dang thuc hien
Chuyen tien nhanh 247 den TK
Nguoi nhan: NGUYEN VAN SU
So tien: 45,000 VND
Ma OTP: 021553 hieu luc 1 phut",0,0,0,0,0,0,0,0,0,0,
COM_127,"Quy khach dang thuc hien
Chuyen tien nhanh 247 den TK
Nguoi nhan: NGUYEN VAN SU
So tien: 45,000 VND
Ma OTP: 907381 hieu luc 1 phut",0,0,0,0,0,0,0,0,0,0,
COM_128,"[TB] B? TTTT khuy?n cáo ngu?i dân nâng cao c?nh giác, không chuy?n ti?n ho?c cung c?p thông tin cá nhân cho ngu?i l? qua di?n tho?i. N?u có hi?n tu?ng trên, d? ngh? trình báo ngay cho co quan Công an d? x? lý ho?c thông báo d?n s? di?n
tho?i tr?c ban hình s? 0692348560 c?a C?c C?nh sát hình s? d? du?c hu?ng d?n k?p th?i.",0,0,0,0,0,0,0,0,0,0,
COM_129,"Quy khach dang thuc hien
Chuyen tien den TK Sacombank
Nguoi nhan: NGUYEN KHAC PHUONG DONG
So tien: 150,000 VND
Ma OTP: 829318 hieu luc 1 phut",0,0,0,0,0,0,0,0,0,0,
COM_130,"Quý khách dã h?y gia h?n gói ST5K, uu dãi còn l?i c?a gói ST5K du?c s? d?ng d?n h?t chu k?. Ð? bi?t các uu dãi dành riêng cho TB c?a Quý khách, vui lòng b?m g?i *098#. Chi ti?t LH 198 (0d). Trân tr?ng.",0,0,0,0,0,0,0,0,0,0,
COM_131,"Viettel TB: Gói ST5K dã du?c h?y theo yêu c?u c?a Quý khách. Ð? bi?t thêm thông tin v? các gói Mobile Internet khác, b?m g?i *098# ho?c truy c?p My Viettel t?i https://viettel.vn/goidata . Chi ti?t LH 198 (0d). Trân tr?ng.",0,0,0,0,0,0,0,0,0,0,
COM_132,"Quy khach dang thuc hien
Chuyen tien nhanh 247 den TK
Nguoi nhan: NGUYEN VAN SU
So tien: 45,000 VND
Ma OTP: 226211 hieu luc 1 phut",0,0,0,0,0,0,0,0,0,0,
COM_133,"Quy khach dang thuc hien
Chuyen tien nhanh 247 den TK
Nguoi nhan: NGUYEN VAN SU
So tien: 100,000 VND
Ma OTP: 356920 hieu luc 1 phut",0,0,0,0,0,0,0,0,0,0,
COM_134,"Quy khach dang thuc hien
Chuyen tien nhanh 247 den TK
Nguoi nhan: DO QUANG THANH
So tien: 27,000 VND
Ma OTP: 232329 hieu luc 1 phut",0,0,0,0,0,0,0,0,0,0,
COM_135,"Viettel TB: Gói ST5K dã gia h?n thành công. Cu?c phí 5.000d/ngày có 500MB s? d?ng d?n 24h, h?t luu lu?ng truy c?p theo gói Mobile Internet dang s? d?ng (n?u có). Ðang ký l?n ti?p theo trong ngày, Quý khách s? du?c t?ng thêm 500MB theo CT Mua 2 t?ng 1. 
Gói cu?c gia h?n theo ngày, luu lu?ng còn l?i s? du?c b?o luu khi gia h?n thành công. Truy c?p My Viettel t?i https://viettel.vn/kttk d? ki?m tra uu dãi. So?n HUY ST5K g?i 191 d? h?y gia h?n. Chi ti?t LH 198 (0d). Trân tr?ng.",0,0,0,0,0,0,0,0,0,0,
COM_136,Quý khách dã h?y gia h?n gói ST5K tru?c dó. Chi ti?t LH 198 (0d). Trân tr?ng.,0,0,0,0,0,0,0,0,0,0,
COM_137,"Quy khach dang thuc hien
Chuyen tien nhanh 247 den TK
Nguoi nhan: VUONG TRUC LINH
So tien: 10,000 VND
Ma OTP: 344197 hieu luc 1 phut",0,0,0,0,0,0,0,0,0,0,
COM_138,"Moi Quy khach soan tin de tham gia DV Data Plus:
1 gui 9598 de cong 2048MB (cuoc 15870d, su dung trong 5 ngay).
2 gui 9598 de cong 500MB (cuoc 6000d, su dung trong vong 24h sau khi cong).
Tin nhan co hieu luc trong 24h. Chi tiet LH 198 (mien phi).",0,0,0,0,0,0,0,0,0,0,
COM_139,"Quy khach dang thuc hien
Chuyen tien nhanh 247 den TK
Nguoi nhan: NGUYEN VAN SU
So tien: 55,000 VND
Ma OTP: 766557 hieu luc 1 phut",0,0,0,0,0,0,0,0,0,0,
COM_140,"[TB] G?i di?n mi?n phí qua Mocha Call Out v?i gói ST5K. Tham gia, so?n ST5K g?i 191: 5.000d/ngày có 500MB, t?ng thêm 50 phút g?i n?i m?ng Mocha Call Out dùng d?n 24h. DV gia h?n hàng ngày. LH 198 (0d). Trân tr?ng.",0,0,0,0,0,0,0,0,0,0,
COM_141,"Quy khach dang thuc hien
Chuyen tien nhanh 247 den TK
Nguoi nhan: NGUYEN THUY DUONG
So tien: 463,000 VND
Ma OTP: 166458 hieu luc 1 phut",0,0,0,0,0,0,0,0,0,0,
COM_142,"Doi thanh cong 100 diem tieu dung Viettel++ thanh 20 MB Data de Quy khach trai nghiem dich vu. Han su dung truoc 05/10/2023. Tong diem tieu dung con lai trong tai khoan Viettel++ cua Quy khach la 37 diem. 
De kiem tra lich su doi diem va lua chon uu dai hap dan khac, vui long truy cap https://myvt.page.link/vtplus. Tran trong.",0,0,0,0,0,0,0,0,0,0,
COM_143,"[TB] Ð? b?o d?m an toàn PCCC và thoát n?n, B? Công an khuy?n cáo: Qu?n lý ch?t ch? ngu?n l?a, ngu?n nhi?t; thu?ng xuyên ki?m tra, k?p th?i thay th? thi?t b? di?n và m?ng di?n hu h?ng; khi s? d?ng b?p ga, b?p di?n, bàn là… ph?i có ngu?i giám sát; ng?t các
thi?t b? di?n khi không s? d?ng. Khi x?y ra cháy: C?n bình tinh thông báo cho m?i ngu?i bi?t và tìm cách thoát kh?i dám cháy nhanh nh?t; không dùng thang máy d? thoát n?n; khi di chuy?n c?n h? th?p co th?, dùng khan, v?i u?t b?t m?m, mui d? tránh ng?t khói.
M?i h? gia dình c?n có bình ch?a cháy và l?i thoát n?n d? phòng.",0,0,0,0,0,0,0,0,0,0,
COM_144,"Quy khach dang thuc hien
Chuyen tien nhanh 247 den TK
Nguoi nhan: TRAN MANH HUNG
So tien: 640,000 VND
Ma OTP: 580996 hieu luc 1 phut",0,0,0,0,0,0,0,0,0,0,
COM_145,"Quy khach dang thuc hien
Chuyen tien nhanh 247 den TK
Nguoi nhan: NGUYEN VAN SU
So tien: 50,000 VND
Ma OTP: 336404 hieu luc 1 phut",0,0,0,0,0,0,0,0,0,0,
COM_146,"[TB] Ð? d?m b?o an toàn PCCC, CATP.HCM khuy?n cáo: Thu?ng xuyên ki?m tra, ki?m soát ch?t ch? ngu?n l?a, ngu?n nhi?t, thi?t b? di?n, d?c bi?t vào ban dêm, tru?c khi di ng? ho?c tru?c khi r?i kh?i noi làm vi?c.
Trang b? thi?t b? báo cháy, ch?a cháy, thoát n?n, ch?ng khói, khí d?c. Khi có cháy, n?, tai n?n, s? c?, g?i ngay 114 ho?c ?ng d?ng Help 114 d? du?c c?u n?n, c?u h? k?p th?i.",0,0,0,0,0,0,0,0,0,0,
COM_147,"Quy khach duoc cong them 425 diem Viettel++ boi giao dich Tieu dung vien thong thang 09/2023. Thoi han su dung diem den 31/10/2024. Hay truy cap https://myvt.page.link/vtplus tren My Viettel hoac *098# de doi diem sang Data, 
SMS, Phut goi cung nhieu uu dai gia tri khac. Chi tiet LH 198. Tran trong.",0,0,0,0,0,0,0,0,0,0,
COM_148,"Quy khach dang thuc hien
Thanh toan QR
Nguoi nhan: PAYOO
So tien: 37,000 VND
Ma OTP: 308126 hieu luc 1 phut",0,0,0,0,0,0,0,0,0,0,
COM_149,"Viettel TB: Quy khach da su dung het luu luong cua goi ST5K va tiep tuc truy cap theo goi Mobile Internet dang su dung (neu co). De mua them luu luong, truy cap My Viettel tai https://myvt.page.link/6 . Chi tiet LH 198 (0d). Tran trong.",0,0,0,0,0,0,0,0,0,0,
COM_150,"[TB] So?n tin ""BL"" g?i 1405, Quý v? s? góp 20.000 d?ng ?ng h? d?ng bào vùng lu kh?c ph?c khó khan. Chuong trình do qu? T?m lòng vàng Lao d?ng th?c hi?n. Phí nh?n tin 300d/tin. Chi ti?t liên h? 19001530, nhánh 6 (1000d/phút) ho?c truy c?p http://1400.vn.",0,0,0,0,0,0,0,0,0,0,
COM_151,"[QC] Tai sao ban lai phai ton tien mua goi data hang ngay? Trong khi tren Viettel Money tang 500MB data MIEN PHi khi doi 100 diem Viettel++ nhe! Nhan qua ngay tai https://km.vtmoney.vn/314y/st5k1 . LH 18009000(0d). Tu choi QC, soan TC3 gui 199.",0,0,0,0,0,0,0,0,0,0,
COM_152,"Quy khach dang thuc hien
Chuyen tien nhanh 247 den TK
Nguoi nhan: NGUYEN VAN SU
So tien: 50,000 VND
Ma OTP: 533889 hieu luc 1 phut",0,0,0,0,0,0,0,0,0,0,
COM_153,"[TB] Chào m?ng Ngày Chuy?n d?i s? qu?c gia 10.10.2023 và Tháng 10. Tháng tiêu dùng s?, ngu?i dân du?c mi?n phí ho?c uu dãi khi s? d?ng s?n ph?m, d?ch v? s?. Chi ti?t t?i d?a ch?: https://dx.gov.vn",0,0,0,0,0,0,0,0,0,0,
COM_154,"Quy khach dang thuc hien
Chuyen tien nhanh 247 den TK
Nguoi nhan: NGUYEN VAN SU
So tien: 35,000 VND
Ma OTP: 453108 hieu luc 1 phut",0,0,0,0,0,0,0,0,0,0,
COM_155,"[QC] T?ng th? n?p 10.000d khi dang ký gói V150B trên ?ng d?ng My Viettel t?i https://myvt.page.link/v150b vào ch? nh?t hàng tu?n. Phí DV 150.000d/30 ngày có 2GB/ngày, mi?n phí 10p/cu?c g?i n?i m?ng và 80p g?i ngo?i m?ng. 
Gói cu?c gia h?n khi h?t chu k?. LH 198 (0d). T? ch?i QC, so?n TC3 g?i 199.",0,0,0,0,0,0,0,0,0,0,
COM_156,"Tai khoan cua Quy khach sap het. Soan:
1 gui 211 de cong 60 phut noi mang (794d/p), su dung trong 15 ngay
2 gui 211 de cong 46 phut ngoai mang (1.369d/p), su dung trong 15 ngay
3 gui 211 de cong 100 tin nhan noi mang (230d/tin), su dung trong 15 ngay
4 gui 211 de cong 100 tin nhan ngoai mang (288d/tin), su dung trong 15 ngay
5 gui 211 de cong 3.072 MB data voi gia 23.400d, su dung trong 7 ngay
Chi tiet LH 198 (mien phi).",0,0,0,0,0,0,0,0,0,0,
COM_157,"Doi thanh cong 100 diem tieu dung Viettel++ thanh 20 MB Data de Quy khach trai nghiem dich vu. Han su dung truoc 10/10/2023. Tong diem tieu dung con lai trong tai khoan Viettel++ cua Quy khach la 362 diem. 
De kiem tra lich su doi diem va lua chon uu dai hap dan khac, vui long truy cap https://myvt.page.link/vtplus. Tran trong.",0,0,0,0,0,0,0,0,0,0,
COM_158,"Quy khach dang thuc hien
Thanh toan QR
Nguoi nhan: INTERNET269THUDUC
So tien: 50,000 VND
Ma OTP: 508867 hieu luc 1 phut",0,0,0,0,0,0,0,0,0,0,
COM_159,"Quy khach dang thuc hien
Chuyen tien nhanh 247 den TK
Nguoi nhan: PHAM VIET HOANG
So tien: 80,000 VND
Ma OTP: 020302 hieu luc 1 phut",0,0,0,0,0,0,0,0,0,0,
COM_160,"(QC) MI?N PHÍ 5 ngày choi game Free Fire th? ga, KHÔNG GI?I H?N DATA và nh?n giftcode h?p d?n: So?n FFF g?i 9029. T? ngày th? 6, phí DV ch? 2.000d/ngày, gia h?n theo ngày. CT dành cho TB dang ký l?n d?u. 
Truy c?p https://freedataviettel.ff.garena.vn ho?c LH 198 (0d) d? bi?t thêm chi ti?t. T? ch?i QC, so?n TC4 g?i 199.",0,0,0,0,0,0,0,0,0,0,
COM_161,"Quy khach dang thuc hien
Chuyen tien nhanh 247 den TK
Nguoi nhan: NGUYEN THI THU THUY
So tien: 35,000 VND
Ma OTP: 618348 hieu luc 1 phut",0,0,0,0,0,0,0,0,0,0,
COM_162,"Quy khach dang thuc hien
Thanh toan QR
Nguoi nhan: INTERNET269THUDUC
So tien: 30,000 VND
Ma OTP: 133207 hieu luc 1 phut",0,0,0,0,0,0,0,0,0,0,
COM_163,Quy khach da su dung het luu luong cua Viettel++ va tiep tuc truy cap theo goi Mobile Internet dang su dung (neu co). Chi tiet LH 198 (0d). Tran trong.,0,0,0,0,0,0,0,0,0,0,
COM_164,"Moi Quy khach soan tin de tham gia DV Data Plus:
1 gui 9598 de cong 2048MB (cuoc 15870d, su dung trong 5 ngay).
2 gui 9598 de cong 1024MB (cuoc 9144d, su dung trong vong 24h sau khi cong).
Tin nhan co hieu luc trong 24h. Chi tiet LH 198 (mien phi).",0,0,0,0,0,0,0,0,0,0,
COM_165,"[TB] Viettel TPHCM tran trong thong bao: Theo co so du lieu quoc gia, thong tin thue bao cua Quy khach chua chinh xac. De thue bao khong bi chan 1 chieu, Quy khach mang CMND/CCCD/Ho chieu den: Cong An P.Hiep Tan 77 To Hieu P.Hiep Tan Q.Tan Phu
tu ngay 10/10/2023 den ngay 15/10/2023 (cuoc di dong) de cap nhat lai thong tin hoac lien he nhan vien Viettel: To Thanh Minh - 0969010000 de duoc phuc vu tai nha. Quy khach bo qua tin nhan nay neu da thuc hien.",0,0,0,0,0,0,0,0,0,0,
COM_166,"Quy khach dang thuc hien
Chuyen tien nhanh 247 den TK
Nguoi nhan: NGUYEN VAN SU
So tien: 50,000 VND
Ma OTP: 418138 hieu luc 1 phut",0,0,0,0,0,0,0,0,0,0,
COM_167,"[TB] Hu?ng ?ng ngày Chuy?n d?i s? qu?c gia, Viettel t?ng 50% t?t c? giá tr? n?p ti?n di?n tho?i trên kênh s? trong 2 ngày 10 và 11/10/2023, ti?n KM s? d?ng liên l?c n?i m?ng trong 15 ngày. CT áp d?ng khi n?p qua app ngân hàng, app My Viettel,
Viettel Money, web viettel.vn ho?c t?i https://viettel.vn/pay/tt . LH 198 (0d).",0,0,0,0,0,0,0,0,0,0,
COM_168,"[QC] T?ng dài Thông tin Kinh t? - Xã h?i Viettel gi?i dáp th? t?c c?p gi?y dang ký xe, bi?n s? xe co gi?i du?ng b? (áp d?ng t? 15/08/2023). Quý khách vui lòng g?i 1068 (t? s? di?n tho?i Viettel) ho?c 0281068 (t? s? di?n tho?i m?ng khác).
Giá cu?c: 3.000d/p. T? ch?i QC, so?n TC3 g?i 199.",0,0,0,0,0,0,0,0,0,0,
COM_169,Ðang ký không thành công. Tài kho?n c?a Quý khách không d? 5.000d d? dang ký gói ST5K. Quý khách vui lòng n?p thêm ti?n d? dang ký l?i. Chi ti?t LH 198 (0d). Trân tr?ng.,0,0,0,0,0,0,0,0,0,0,
COM_170,"Quy khach dang thuc hien
Nap tien dien thoai
Nguoi nhan: 0377326330
So tien: 10,000 VND
Ma OTP: 518085 hieu luc 1 phut",0,0,0,0,0,0,0,0,0,0,
COM_171,"Quy khach da duoc thanh toan 10000 VND tu nhan vien 8300240027, Ngay GD: 12/10/2023 04:58:53. Ma GD 2310127301325113. LH 18008098 (0d). Tran trong.",0,0,0,0,0,0,0,0,0,0,
COM_172,"Quy khach co 13.263 dong trong tai khoan. Bam goi *098*3# de co 3GB voi 15.000d/3 ngay hoac *098*989# (30.000d/3 ngay) co 15GB (5GB/ngay), mien phi 10 phut/cuoc noi mang, 15 phut ngoai mang, SMS noi mang va TV360.
Goi cuoc gia han khi het chu ky. De biet thong tin cac uu dai khac, bam goi *098# hoac truy cap My Viettel tai https://myvt.page.link/goidata . Chi tiet LH 198 (0d). Tran trong.",0,0,0,0,0,0,0,0,0,0,
COM_173,"Quy khach vua nap the thanh cong va duoc khuyen mai 20% gia tri the nap. Bam goi *102# de kiem tra. DAC BIET: Viettel Money dang co nhieu khuyen mai NAP THE/MUA DATA hap dan, truy cap ngay https://vt.vtmoney.vn/topup1 de biet chi tiet. LH 198 (0d). Tran trong.",0,0,0,0,0,0,0,0,0,0,
COM_174,[TB] T?ng 20% giá tr? t?t c? th? n?p vào tài kho?n vi?n thông trong ngày 12/10. Ti?n KM s? d?ng n?i m?ng không gi?i h?n th?i gian. N?p th? online t?i https://viettel.vn/pay/tt . CT dành riêng cho TB c?a Quý khách. LH 198 (0d).,0,0,0,0,0,0,0,0,0,0,
COM_175,"Quy khach dang thuc hien
Chuyen tien den TK Sacombank
Nguoi nhan: NGUYEN KHAC PHUONG DONG
So tien: 200,000 VND
Ma OTP: 486200 hieu luc 1 phut",0,0,0,0,0,0,0,0,0,0,
COM_176,"[QC] Nh?n uu dãi gi?m giá 50% (t?i da 100.000d) d?ch v? di chuy?n Grab khi dang ký gói 1N trên My Viettel t?i https://myvt.page.link/1N. Cu?c phí gói 1N: 10.000d/ngày có 5GB, mi?n phí 10p/cu?c g?i n?i m?ng, 
5p ngo?i m?ng, mi?n phí SMS n?i m?ng và TV360, gói cu?c gia h?n theo ngày. CT áp d?ng d?n h?t ngày 31/10/2023 cho TB nh?n tin nh?n và chua t?i ?ng d?ng Grab. LH 198 (0d). T? ch?i QC, so?n TC3 g?i 199.",0,0,0,0,0,0,0,0,0,0,
COM_177,"Quy khach dang thuc hien
Chuyen tien nhanh 247 den TK
Nguoi nhan: NGUYEN THANH NHA
So tien: 38,000 VND
Ma OTP: 059048 hieu luc 1 phut",0,0,0,0,0,0,0,0,0,0,
COM_178,"[TB] C?M ON QUÝ KHÁCH ÐÃ Ð?NG HÀNH CÙNG VIETTEL!
Nhân d?p Sinh nh?t l?n th? 23 (15/10), Viettel Telecom g?i t?ng Quý khách uu dãi d?c bi?t.
So?n VT g?i 191 tru?c 21/10/2023 d? tra c?u uu dãi nh?n du?c. Chi ti?t LH 198 (0d).",0,0,0,0,0,0,0,0,0,0,
COM_179,"Doi thanh cong 100 diem tieu dung Viettel++ thanh 20 MB Data de Quy khach trai nghiem dich vu. Han su dung truoc 15/10/2023. Tong diem tieu dung con lai trong tai khoan Viettel++ cua Quy khach la 5.262 diem. 
De kiem tra lich su doi diem va lua chon uu dai hap dan khac, vui long truy cap https://myvt.page.link/vtplus. Tran trong.",0,0,0,0,0,0,0,0,0,0,
COM_180,"[TB] CH? 5K, CÓ DATA SIÊU T?C!
Ch? v?i 5.000d/ngày có ngay 500MB s? d?ng d?n 24h. Tham gia, so?n ST5K g?i 191. Gói cu?c gia h?n hàng ngày. Chi ti?t LH 198 (0d).",0,0,0,0,0,0,0,0,0,0,
COM_181,"Quy khach dang thuc hien
Chuyen tien nhanh 247 den TK
Nguoi nhan: NGUYEN VAN SU
So tien: 30,000 VND
Ma OTP: 738945 hieu luc 1 phut",0,0,0,0,0,0,0,0,0,0,
COM_182,"Quy khach dang thuc hien
Chuyen tien nhanh 247 den TK
Nguoi nhan: NGUYEN VAN SU
So tien: 50,000 VND
Ma OTP: 977424 hieu luc 1 phut",0,0,0,0,0,0,0,0,0,0,
COM_183,"Doi thanh cong 100 diem tieu dung Viettel++ thanh 20 MB Data de Quy khach trai nghiem dich vu. Han su dung truoc 19/10/2023. Tong diem tieu dung con lai trong tai khoan Viettel++ cua Quy khach la 5.162 diem. 
De kiem tra lich su doi diem va lua chon uu dai hap dan khac, vui long truy cap https://myvt.page.link/vtplus. Tran trong.",0,0,0,0,0,0,0,0,0,0,
COM_184,"Quy khach dang thuc hien
Chuyen tien nhanh 247 den TK
Nguoi nhan: HUYNH THI TRUC VY
So tien: 115,000 VND
Ma OTP: 266567 hieu luc 1 phut",0,0,0,0,0,0,0,0,0,0,
COM_185,"Doi thanh cong 100 diem tieu dung Viettel++ thanh 20 MB Data de Quy khach trai nghiem dich vu. Han su dung truoc 19/10/2023. Tong diem tieu dung con lai trong tai khoan Viettel++ cua Quy khach la 5.062 diem.
De kiem tra lich su doi diem va lua chon uu dai hap dan khac, vui long truy cap https://myvt.page.link/vtplus. Tran trong.",0,0,0,0,0,0,0,0,0,0,
COM_186,"Quy khach dang thuc hien
Chuyen tien nhanh 247 den TK
Nguoi nhan: NGUYEN VIET QUAN
So tien: 22,000 VND
Ma OTP: 959599 hieu luc 1 phut",0,0,0,0,0,0,0,0,0,0,
COM_187,"Doi thanh cong 100 diem tieu dung Viettel++ thanh 20 MB Data de Quy khach trai nghiem dich vu. Han su dung truoc 19/10/2023. Tong diem tieu dung con lai trong tai khoan Viettel++ cua Quy khach la 4.962 diem. 
De kiem tra lich su doi diem va lua chon uu dai hap dan khac, vui long truy cap https://myvt.page.link/vtplus. Tran trong.",0,0,0,0,0,0,0,0,0,0,
COM_188,"Quy khach dang thuc hien
Chuyen tien nhanh 247 den TK
Nguoi nhan: SPAY_TRA SUA TECHA
So tien: 25,000 VND
Ma OTP: 332300 hieu luc 1 phut",0,0,0,0,0,0,0,0,0,0,
COM_189,"[QC] TANG NGAY 1 - 2 thang cuoc dich vu INTERNET VIETTEL khi dang ky moi va dong truoc cuoc tu 6 - 12 thang. Cuoc TB chi tu 165.000d/thang. Phi hoa mang 300.000d, mien phi modem wifi, thu tuc don gian va nhanh chong. 
Chi tiet LH 18008168 (0d) hoac truy cap https://viettel.vn/s/HOMET1 . Tu choi QC, soan TC3 gui 199.",0,0,0,0,0,0,0,0,0,0,
COM_190,"Quy khach dang thuc hien
Chuyen tien nhanh 247 den TK
Nguoi nhan: HUYNH THI TRUC VY
So tien: 15,000 VND
Ma OTP: 474459 hieu luc 1 phut",0,0,0,0,0,0,0,0,0,0,
COM_191,"[TB] Viettel trân tr?ng thông báo: Thuê bao c?a Quý khách s? b? ch?n 1 chi?u ngày 21/10/2023 n?u chua c?p nh?t thông tin. Ð? không b? ch?n d?ch v?, Quý khách truy c?p https://viettel.vn/s/chtt (tham kh?o https://viettel.vn/hd) 
ho?c mang CMND/CCCD/H? chi?u d?n di?m giao d?ch Viettel c?p nh?t thông tin. Quý khách b? qua tin nh?n này n?u dã th?c hi?n. LH 198 (0d). Trân tr?ng!",0,0,0,0,0,0,0,0,0,0,
COM_192,"Quy khach dang thuc hien
Nap tien dien thoai
Nguoi nhan: 0377326330
So tien: 10,000 VND
Ma OTP: 360072 hieu luc 1 phut",0,0,0,0,0,0,0,0,0,0,
COM_193,"Quy khach da duoc thanh toan 10000 VND tu nhan vien 8300240024, Ngay GD: 20/10/2023 22:02:45. Ma GD 2310207308718318. LH 18008098 (0d). Tran trong.",0,0,0,0,0,0,0,0,0,0,
COM_194,"[TB] Thuê bao c?a Quý khách dã b? ch?n 1 chi?u do chua c?p nh?t thông tin. Ð? m? ch?n, Quý khách truy c?p https://viettel.vn/s/chtt (tham kh?o https://viettel.vn/hd) ho?c mang CMND/CCCD/H? chi?u
d?n di?m giao d?ch Viettel c?p nh?t thông tin. Quý khách b? qua tin nh?n này n?u dã th?c hi?n. LH 198 (0d). Trân tr?ng!",0,0,0,0,0,0,0,0,0,0,
COM_195,"Quy khach dang thuc hien
Chuyen tien nhanh 247 den TK
Nguoi nhan: NGUYEN VAN SU
So tien: 50,000 VND
Ma OTP: 010860 hieu luc 1 phut",0,0,0,0,0,0,0,0,0,0,
COM_196,"Quy khach dang thuc hien
Chuyen tien nhanh 247 den TK
Nguoi nhan: HUYNH TAN LIEN
So tien: 20,000 VND
Ma OTP: 287704 hieu luc 1 phut",0,0,0,0,0,0,0,0,0,0,
COM_197,"[TB] VIETTEL TA?NG 20% GIÁ TR? T?T C? TH? N?P trong ngày 25/10. Ti?n KM s? d?ng nô?i ma?ng dê´n hê´t 09/11/2023. Gi?m thêm 2,5% khi n?p th? t?i https://viettel.vn/pay/tt . Chi ti?t g?i 197 b?m phím 19 (0d). Trân tr?ng.",0,0,0,0,0,0,0,0,0,0,
COM_198,"Quy khach dang thuc hien
Chuyen tien nhanh 247 den TK
Nguoi nhan: TRAN THI THU HANG
So tien: 35,000 VND
Ma OTP: 506793 hieu luc 1 phut",0,0,0,0,0,0,0,0,0,0,
COM_199,"Doi thanh cong 100 diem tieu dung Viettel++ thanh 20 MB Data de Quy khach trai nghiem dich vu. Han su dung truoc 02/11/2023. Tong diem tieu dung con lai trong tai khoan Viettel++ cua Quy khach la 4.562 diem. 
De kiem tra lich su doi diem va lua chon uu dai hap dan khac, vui long truy cap https://myvt.page.link/vtplus. Tran trong.",0,0,0,0,0,0,0,0,0,0,
COM_200,"Quy khach dang thuc hien
Chuyen tien nhanh 247 den TK
Nguoi nhan: NGUYEN DUY KHANH
So tien: 30,000 VND
Ma OTP: 917706 hieu luc 1 phut",0,0,0,0,0,0,0,0,0,0,
COM_201,"Doi thanh cong 100 diem tieu dung Viettel++ thanh 20 MB Data de Quy khach trai nghiem dich vu. Han su dung truoc 03/11/2023. Tong diem tieu dung con lai trong tai khoan Viettel++ cua Quy khach la 4.462 diem. De kiem tra lich su doi diem
va lua chon uu dai hap dan khac, vui long truy cap https://myvt.page.link/vtplus. Tran trong.",0,0,0,0,0,0,0,0,0,0,
COM_202,Ban dang co 50.000d trong tai khoan Viettel Money va se HET HAN vao 02/11/2023. Vui long su dung qua tang ngay tai https://km.vtmoney.vn/314y/vcdt50k .,0,0,0,0,0,0,0,0,0,0,
COM_203,"Quy khach dang thuc hien
Chuyen tien den TK Sacombank
Nguoi nhan: NGUYEN KHAC PHUONG DONG
So tien: 70,000 VND
Ma OTP: 325172 hieu luc 1 phut",0,0,0,0,0,0,0,0,0,0,
COM_204,"Quy khach dang thuc hien
Chuyen tien nhanh 247 den TK
Nguoi nhan: LE MINH KHANG
So tien: 30,000 VND
Ma OTP: 076998 hieu luc 1 phut",0,0,0,0,0,0,0,0,0,0,
COM_205,"[QC] T?ng th? n?p 10.000d khi dang ký gói SD90 trên ?ng d?ng My Viettel t?i https://myvt.page.link/sd90 vào ch? nh?t hàng tu?n. Phí DV 90.000d/30 ngày có 1,5GB/ngày. Gói cu?c gia h?n khi h?t chu k?. LH 198 (0d). T? ch?i QC, so?n TC3 g?i 199.",0,0,0,0,0,0,0,0,0,0,
COM_206,"Quy khach dang thuc hien
Chuyen tien nhanh 247 den TK
Nguoi nhan: NGUYEN VAN DUONG
So tien: 330,000 VND
Ma OTP: 092550 hieu luc 1 phut",0,0,0,0,0,0,0,0,0,0,
COM_207,"Quy khach dang thuc hien
Chuyen tien nhanh 247 den TK
Nguoi nhan: DO QUANG THANH
So tien: 50,000 VND
Ma OTP: 312853 hieu luc 1 phut",0,0,0,0,0,0,0,0,0,0,
COM_208,"[QC] Quý khách du?c t?ng t? 20.000d d?n 01 TRI?U Ð?NG khi dang ký m?i Viettel Money và kích ho?t thành công tài kho?n Mobile Money. T?i ?ng d?ng Viettel Money, dang ký tài kho?n và nh?n uu dãi t?i https://km.vtmoney.vn/314y/smsvtt. 
Chi ti?t LH 18009000 (0d). T? ch?i QC, so?n TC7 VT_MALL g?i 197.",0,0,0,0,0,0,0,0,0,0,
COM_209,"Quy khach dang thuc hien
Chuyen tien nhanh 247 den TK
Nguoi nhan: DO QUANG THANH
So tien: 15,000 VND
Ma OTP: 085252 hieu luc 1 phut",0,0,0,0,0,0,0,0,0,0,
COM_210,"Quy khach dang thuc hien
Chuyen tien nhanh 247 den TK
Nguoi nhan: Le Ly Huy
So tien: 3,000,000 VND
Ma OTP: 351238 hieu luc 1 phut",0,0,0,0,0,0,0,0,0,0,
COM_211,"[QC] Nh?n ngay 1GB data ch? v?i 5.000d khi dang ký gói ST5KM. Gói cu?c ch? có trên My Viettel, dang ký t?i https://myvt.page.link/ST5KM. Gói cu?c dùng d?n 24h ngày dang ký và không gia h?n hàng ngày. Chi ti?t LH 198 (0d). T? ch?i QC, so?n TC3 g?i 199.",0,0,0,0,0,0,0,0,0,0,
COM_212,"Doi thanh cong 100 diem tieu dung Viettel++ thanh 20 MB Data de Quy khach trai nghiem dich vu. Han su dung truoc 09/11/2023. Tong diem tieu dung con lai trong tai khoan Viettel++ cua Quy khach la 4.552 diem. De kiem tra 
lich su doi diem va lua chon uu dai hap dan khac, vui long truy cap https://myvt.page.link/vtplus. Tran trong.",0,0,0,0,0,0,0,0,0,0,
COM_213,"Quy khach dang thuc hien
Chuyen tien nhanh 247 den TK
Nguoi nhan: TRAN HUU NHAT QUANG
So tien: 90,000 VND
Ma OTP: 316357 hieu luc 1 phut",0,0,0,0,0,0,0,0,0,0,
COM_214,"[TB] Hu?ng ?ng Ngày Pháp lu?t Vi?t Nam 09/11, toàn dân nâng cao ý th?c tôn tr?ng, tuân theo Hi?n pháp và pháp lu?t.",0,0,0,0,0,0,0,0,0,0,
COM_215,"[TB] VIETTEL TA?NG 20% GIÁ TR? T?T C? TH? N?P trong ngày 10/11. Ti?n KM s? d?ng nô?i ma?ng dê´n hê´t 25/11/2023. Gi?m thêm 2,5% khi n?p th? t?i https://viettel.vn/pay/tt . Chi ti?t g?i 197 b?m phím 19 (0d). Trân tr?ng.",0,0,0,0,0,0,0,0,0,0,
COM_216,"Doi thanh cong 100 diem tieu dung Viettel++ thanh 20 MB Data de Quy khach trai nghiem dich vu. Han su dung truoc 10/11/2023. Tong diem tieu dung con lai trong tai khoan Viettel++ cua Quy khach la 4.452 diem. De kiem tra 
lich su doi diem va lua chon uu dai hap dan khac, vui long truy cap https://myvt.page.link/vtplus. Tran trong.",0,0,0,0,0,0,0,0,0,0,
COM_217,[TB] Quy khach dung quen doi diem Viettel++ de nhan luu luong data mien phi su dung trong ngay hoac 30 ngay. Bam goi *098# hoac truy cap ung dung My Viettel tai https://myvt.page.link/vt10 de doi diem. LH 198 (0d),0,0,0,0,0,0,0,0,0,0,
COM_218,"Quy khach dang thuc hien
Chuyen tien nhanh 247 den TK
Nguoi nhan: HUYNH THI TRUC VY
So tien: 116,000 VND
Ma OTP: 292616 hieu luc 1 phut",0,0,0,0,0,0,0,0,0,0,
COM_219,"Doi thanh cong 300 diem tieu dung Viettel++ thanh 30 MB Data de Quy khach trai nghiem dich vu. Han su dung truoc 10/12/2023. Tong diem tieu dung con lai trong tai khoan Viettel++ cua Quy khach la 4.152 diem. De kiem tra
lich su doi diem va lua chon uu dai hap dan khac, vui long truy cap https://myvt.page.link/vtplus. Tran trong.",0,0,0,0,0,0,0,0,0,0,
COM_220,"Quy khach dang thuc hien
Chuyen tien nhanh 247 den TK
Nguoi nhan: NGUYEN TRONG NAM
So tien: 45,000 VND
Ma OTP: 259910 hieu luc 1 phut",0,0,0,0,0,0,0,0,0,0,
COM_221,"Quy khach dang thuc hien
Chuyen tien nhanh 247 den TK
Nguoi nhan: HUYNH THI TRUC VY
So tien: 36,000 VND
Ma OTP: 486521 hieu luc 1 phut",0,0,0,0,0,0,0,0,0,0,
COM_222,"Quy khach dang thuc hien
Chuyen tien nhanh 247 den TK
Nguoi nhan: HUYNH THI TRUC VY
So tien: 40,000 VND
Ma OTP: 521654 hieu luc 1 phut",0,0,0,0,0,0,0,0,0,0,
COM_223,"[TB] DATA SIEU RE, DANG KY CUC DE
Soan ST5K gui 191: Chi 5.000d/lan co ngay 500MB toc do cao su dung den 24h ngay dang ky, DV gia han hang ngay. DAC BIET: TANG THEM 500MB khi mua lan 2 trong ngay. Chi tiet LH 198 (0d).",0,0,0,0,0,0,0,0,0,0,
COM_224,"Quy khach dang thuc hien
Chuyen tien nhanh 247 den TK
Nguoi nhan: LY NGOC HAN
So tien: 49,000 VND
Ma OTP: 101224 hieu luc 1 phut",0,0,0,0,0,0,0,0,0,0,
COM_225,"[TB] T?ng 20% giá tr? t?t c? th? n?p vào tài kho?n vi?n thông trong ngày 15/11/2023. CT áp d?ng khi n?p th? online qua các ví di?n t?, ?ng d?ng thanh toán ho?c t?i https://viettel.vn/pay/tt . Ti?n KM s? d?ng liên l?c n?i m?ng trong 15 ngày. 
Chi ti?t g?i 197 b?m phím 19 (0d). Trân tr?ng.",0,0,0,0,0,0,0,0,0,0,
COM_226,"[TB] Tang 20% gia tri tat ca the nap trong ngay 16/11/2023. Tien KM su dung noi mang, khong gioi han thoi gian. Nap the online tai https://myvt.page.link/km . CT danh rieng cho TB cua Quy khach. LH 198 (0d).",0,0,0,0,0,0,0,0,0,0,
COM_227,Quy khach da dung het luu luong data cua CT Viettel++ va tiep tuc truy cap theo goi Mobile Internet dang su dung (neu co). Chi tiet LH 198 (0d). Tran trong.,0,0,0,0,0,0,0,0,0,0,
COM_228,"(QC) Giai tri tha ga - mien phi data 100% LUU LUONG TOC DO CAO tai http://myclip.vn/giaitri, soan XN gui 9062 (3.000d/ngay, gia han theo ngay) de dang ky goi data MyClip. Chi tiet LH 198 (0d). Tu choi QC, soan TC4 gui 199.",0,0,0,0,0,0,0,0,0,0,
COM_229,"[TB] NHAN DOI LUU LUONG KHI DANG KY ST5K
Soan ST5K gui 191: Chi 5.000d co 1.000MB su dung den 24h ngay dang ky (gia goc 5.000d co 500MB, gia han hang ngay; tang them 500MB sau 60 phut dang ky). CT ap dung tu thoi diem TB nhan duoc tin nhan den 19/11/2023 23:59:59. LH 198 (0d).",0,0,0,0,0,0,0,0,0,0,
COM_230,"Quy khach dang thuc hien
Chuyen tien nhanh 247 den TK
Nguoi nhan: NGUYEN THUY DUONG
So tien: 463,000 VND
Ma OTP: 802361 hieu luc 1 phut",0,0,0,0,0,0,0,0,0,0,
COM_231,"[TB] Tang 20% gia tri tat ca the nap trong ngay 18/11/2023. Tien KM su dung noi mang, khong gioi han thoi gian. Nap the online tai https://myvt.page.link/km . CT danh rieng cho TB cua Quy khach. LH 198 (0d).",0,0,0,0,0,0,0,0,0,0,
COM_232,"Quy khach dang thuc hien
Chuyen tien nhanh 247 den TK
Nguoi nhan: LY NGOC HAN
So tien: 46,000 VND
Ma OTP: 914052 hieu luc 1 phut",0,0,0,0,0,0,0,0,0,0,
COM_233,"[QC] Tai khoan cua Quy khach sap het, soan UT gui 9778 de ung 5000d, su dung trong 36 gio tu DV Ung tai khoan khong phi Fast Airtime. Tien ung se duoc tru khi Quy khach nap the. So tien chua su dung het 
se bi thu hoi khi het thoi gian su dung (tien ung chi su dung goi, nhan tin noi mang va ngoai mang). Chi tiet LH 198 (0d).",0,0,0,0,0,0,0,0,0,0,
COM_234,"Tai khoan vien thong cua Quy khach hien con duoi 1.000d. Moi Quy khach nap them tien vao tai khoan vien thong. Neu tai khoan vien thong het tien, cuoc phat sinh tiep theo se duoc tru vao tai khoan Tien di dong (neu co).
DAC BIET: Viettel Money dang co nhieu khuyen mai NAP THE/MUA DATA hap dan (chi tiet truy cap https://vt.vtmoney.vn/tkg1k1 ). LH 198 (0d). Tran trong.",0,0,0,0,0,0,0,0,0,0,
COM_235,"Bam goi ngay 1530912021638 de tiep tuc lien lac voi so dien thoai 912021638 do tai khoan cua Quy khach khong du de thuc hien cuoc goi. Cuoc goi 1190d/p, tinh cuoc 6s+1, cuoc DV 500d. Quy khach vui long soan 
HD gui 1530 de duoc huong dan. Tu choi QC soan TC gui 1530.",0,0,0,0,0,0,0,0,0,0,
COM_236,"Doi thanh cong 100 diem tieu dung Viettel++ thanh 20 MB Data de Quy khach trai nghiem dich vu. Han su dung truoc 21/11/2023. Tong diem tieu dung con lai trong tai khoan Viettel++ cua Quy khach la 4.052 diem. De kiem tra lich su doi diem va lua chon uu dai hap dan khac, vui long truy cap https://myvt.page.link/vtplus. Tran trong.",0,0,0,0,0,0,0,0,0,0,
COM_237,"Quy khach dang thuc hien
Chuyen tien nhanh 247 den TK
Nguoi nhan: TRINH XUAN LINH
So tien: 40,000 VND
Ma OTP: 837680 hieu luc 1 phut",0,0,0,0,0,0,0,0,0,0,
COM_238,"[TB] Tang 20% gia tri tat ca the nap trong ngay 22/11/2023. Tien KM su dung noi mang, khong gioi han thoi gian. Nap the online tai https://myvt.page.link/km . CT danh rieng cho TB cua Quy khach. LH 198 (0d).",0,0,0,0,0,0,0,0,0,0,
COM_239,"Quy khach dang thuc hien
Chuyen tien nhanh 247 den TK
Nguoi nhan: VU NGUYEN HOANG QUYEN
So tien: 100,000 VND
Ma OTP: 688417 hieu luc 1 phut",0,0,0,0,0,0,0,0,0,0,
COM_240,"Doi thanh cong 100 diem tieu dung Viettel++ thanh 20 MB Data de Quy khach trai nghiem dich vu. Han su dung truoc 24/11/2023. Tong diem tieu dung con lai trong tai khoan Viettel++ cua Quy khach la 3.952 diem. De kiem tra lich su doi diem va lua chon uu dai hap dan khac, vui long truy cap https://myvt.page.link/vtplus. Tran trong.",0,0,0,0,0,0,0,0,0,0,
COM_241,"Quy khach dang thuc hien
Chuyen tien nhanh 247 den TK
Nguoi nhan: NGUYEN THI BICH NGHI
So tien: 570,000 VND
Ma OTP: 197539 hieu luc 1 phut",0,0,0,0,0,0,0,0,0,0,
COM_242,"[TB] VIETTEL TA?NG 20% GIÁ TR? T?T C? TH? N?P trong ngày 25/11. Ti?n KM s? d?ng nô?i ma?ng dê´n hê´t 10/12/2023. Gi?m thêm 2,5% khi n?p th? t?i https://viettel.vn/pay/tt . Chi ti?t g?i 197 b?m phím 19 (0d). Trân tr?ng.",0,0,0,0,0,0,0,0,0,0,
COM_243,"Quy khach dang thuc hien
Chuyen tien den TK Sacombank
Nguoi nhan: NGUYEN KHAC PHUONG DONG
So tien: 1,000,000 VND
Ma OTP: 866591 hieu luc 1 phut",0,0,0,0,0,0,0,0,0,0,
COM_244,"Quy khach dang thuc hien
Chuyen tien nhanh 247 den TK
Nguoi nhan: LY NGOC HAN
So tien: 80,000 VND
Ma OTP: 086668 hieu luc 1 phut",0,0,0,0,0,0,0,0,0,0,
COM_245,"Quy khach dang thuc hien
Nap tien dien thoai
Nguoi nhan: 0377326330
So tien: 20,000 VND
Ma OTP: 007273 hieu luc 1 phut",0,0,0,0,0,0,0,0,0,0,
COM_246,Quy khach co 0 dong trong tai khoan.,0,0,0,0,0,0,0,0,0,0,
COM_247,"Quy khach da duoc thanh toan 20000 VND tu nhan vien 8300240026, Ngay GD: 26/11/2023 15:06:27. Ma GD 2311267341543918. LH 18008098 (0d). Tran trong.",0,0,0,0,0,0,0,0,0,0,
COM_248,Dich vu ung tai khoan *911# tru 20025d so tien Quy khach da ung (bao gom tien ung va 15% phi DV). Thoi gian ung 01/11/2023. So tien con no cua Dv ung tai khoan 911 la 2974d. Tran trong.,0,0,0,0,0,0,0,0,0,0,
COM_249,"Quy khach dang thuc hien
Nap tien dien thoai
Nguoi nhan: 0377326330
So tien: 20,000 VND
Ma OTP: 043489 hieu luc 1 phut",0,0,0,0,0,0,0,0,0,0,
COM_250,Dich vu ung tai khoan *911# tru 2974d so tien Quy khach da ung (bao gom tien ung va 15% phi DV). Thoi gian ung 01/11/2023. So tien con no cua Dv ung tai khoan 911 la 0d. Tran trong.,0,0,0,0,0,0,0,0,0,0,
COM_251,"Quy khach co 20.025 dong trong tai khoan. Bam goi *098*3# de co 3GB voi 15.000d/3 ngay hoac *098*989# (30.000d/3 ngay) co 15GB (5GB/ngay), mien phi 10 phut/cuoc noi mang, 15 phut ngoai mang, SMS noi mang va TV360. Goi cuoc gia han khi het chu ky. De biet thong tin cac uu dai khac, bam goi *098# hoac truy cap My Viettel tai https://myvt.page.link/goidata . Chi tiet LH 198 (0d). Tran trong.",0,0,0,0,0,0,0,0,0,0,
COM_252,"Doi thanh cong 100 diem tieu dung Viettel++ thanh 20 MB Data de Quy khach trai nghiem dich vu. Han su dung truoc 27/11/2023. Tong diem tieu dung con lai trong tai khoan Viettel++ cua Quy khach la 3.552 diem. De kiem tra lich su doi diem va lua chon uu dai hap dan khac, vui long truy cap https://myvt.page.link/vtplus. Tran trong.",0,0,0,0,0,0,0,0,0,0,
COM_253,"Quy khach dang thuc hien
Chuyen tien nhanh 247 den TK
Nguoi nhan: VU XUAN TAN
So tien: 200,000 VND
Ma OTP: 849600 hieu luc 1 phut",0,0,0,0,0,0,0,0,0,0,
COM_254,"Ðang ký không thành công. CT không áp d?ng cho TB c?a Quý khách. Ð? bi?t thông tin các uu dãi khác, vui lòng b?m g?i *098#. Chi ti?t LH 198 (0d). Trân tr?ng.",0,0,0,0,0,0,0,0,0,0,
COM_255,"Quy khach dang thuc hien
Chuyen tien nhanh 247 den TK
Nguoi nhan: LE THI PHUONG THU
So tien: 17,000 VND
Ma OTP: 385683 hieu luc 1 phut",0,0,0,0,0,0,0,0,0,0,
COM_256,"Doi thanh cong 100 diem tieu dung Viettel++ thanh 20 MB Data de Quy khach trai nghiem dich vu. Han su dung truoc 30/11/2023. Tong diem tieu dung con lai trong tai khoan Viettel++ cua Quy khach la 3.452 diem. De kiem tra lich su doi diem va lua chon uu dai hap dan khac, vui long truy cap https://myvt.page.link/vtplus. Tran trong.",0,0,0,0,0,0,0,0,0,0,
COM_257,"[TB] Th?c hi?n Ngh? quy?t s? 97/NQ-CP ngày 08 tháng 07 nam 2023 c?a Chính ph?, B? Công thuong phát d?ng Chuong trình Khuy?n m?i t?p trung qu?c gia 2023 t? ngày 04/12/2023 - 10/01/2024, doanh nghi?p s? th?c hi?n khuy?n m?i có h?n m?c lên d?n 100%. Chi ti?t truy c?p https://kmttqg.vietrade.gov.vn",0,0,0,0,0,0,0,0,0,0,
COM_258,"TDTC chuc ban suc khoe doi dao, cong viec thuan loi, tai loc vien man. Thang 12 61un873tldd4 .",1,1,1,1,0,1,1,1,1,0,
COM_259,"Quy khach dang thuc hien
Thanh toan QR
Nguoi nhan: GS25 VIETNAM
So tien: 23,000 VND
Ma OTP: 268454 hieu luc 1 phut",0,0,0,0,0,0,0,0,0,0,
COM_260,"Doi thanh cong 100 diem tieu dung Viettel++ thanh 20 MB Data de Quy khach trai nghiem dich vu. Han su dung truoc 03/12/2023. Tong diem tieu dung con lai trong tai khoan Viettel++ cua Quy khach la 3.352 diem. De kiem tra lich su doi diem va lua chon uu dai hap dan khac, vui long truy cap https://myvt.page.link/vtplus. Tran trong.",0,0,0,0,0,0,0,0,0,0,
COM_261,"Quy khach dang thuc hien
Chuyen tien nhanh 247 den TK
Nguoi nhan: PHAM HAI NHI
So tien: 100,000 VND
Ma OTP: 926180 hieu luc 1 phut",0,0,0,0,0,0,0,0,0,0,
COM_262,"[QC] T?ng dài Thông tin Kinh t? - Xã h?i Viettel gi?i dáp thông tin v? l?ch trình và giá vé tàu, máy bay, xe khách d?p T?t Duong l?ch, T?t Nguyên dán 2024. Quý khách vui lòng g?i 1068 (t? s? di?n tho?i Viettel) ho?c 0281068 (t? s? di?n tho?i m?ng khác). Giá cu?c: 3.000d/p. T? ch?i QC, so?n TC3 g?i 199.",0,0,0,0,0,0,0,0,0,0,
COM_263,"Quy khach dang thuc hien
Chuyen tien nhanh 247 den TK
Nguoi nhan: NGUYEN DUY QUANG
So tien: 300,000 VND
Ma OTP: 073309 hieu luc 1 phut",0,0,0,0,0,0,0,0,0,0,
COM_264,"Quy khach dang thuc hien
Chuyen tien nhanh 247 den TK
Nguoi nhan: NGUYEN DUONG GIA HAN
So tien: 30,000 VND
Ma OTP: 575501 hieu luc 1 phut",0,0,0,0,0,0,0,0,0,0,
COM_265,"Quy khach duoc cong them 145 diem Viettel++ boi giao dich Tieu dung vien thong thang 11/2023. Thoi han su dung diem den 31/12/2024. Hay truy cap https://myvt.page.link/vtplus tren My Viettel hoac *098# de doi diem sang Data, SMS, Phut goi cung nhieu uu dai gia tri khac. Chi tiet LH 198. Tran trong.",0,0,0,0,0,0,0,0,0,0,
COM_266,"[TB] DATA MUÔN NOI, GIÁ SIÊU H?I!
1. So?n ST5K g?i 191: 5K/ngày có 500MB dùng d?n 24h
2. So?n ST30K g?i 191: 30K/7 ngày có 7GB
Các gói cu?c gia h?n khi h?t chu k?. Chi ti?t LH 198 (0d).",0,0,0,0,0,0,0,0,0,0,
COM_267,"Coc coc, nguoi gui voi SDT 0399231659 da gui cho Ban loi moi tham gia chuong trinh Dao Vang. Hang trieu giai thuong cung hang tram Loc vang dang tim kiem chu nhan. Truy cap https://km.vtmoney.vn/314y/daovang de tham gia ngay nhe.",0,0,0,0,0,0,0,0,0,0,
COM_268,"[TB] NHAN DOI LUU LUONG KHI DANG KY ST5K
Soan ST5K gui 191: Chi 5.000d co 1.000MB su dung den 24h ngay dang ky (gia goc 5.000d co 500MB, gia han hang ngay; tang them 500MB sau 60 phut dang ky). CT ap dung tu thoi diem TB nhan duoc tin nhan den 08/12/2023 23:59:59. LH 198 (0d).",0,0,0,0,0,0,0,0,0,0,
COM_269,"Quy khach dang thuc hien
Chuyen tien den TK Sacombank
Nguoi nhan: NGUYEN KHAC PHUONG DONG
So tien: 600,000 VND
Ma OTP: 417274 hieu luc 1 phut",0,0,0,0,0,0,0,0,0,0,
COM_270,"[QC] THANH TOÁN KHO?N VAY c?a Home Credit, Fe Credit, Mirae Asset, OCB, MCredit, LOTTE Finance, TPFico (TPBank), SHB Finance, Viet Credit vô cùng nhanh chóng, d? dàng t?i các C?A HÀNG VIETTEL ho?c trên ?ng d?ng VIETTEL MONEY t?i https://km.vtmoney.vn/314y/tcbh. Chi ti?t LH 18009000 (0d). T? ch?i QC, so?n TC3 gui 199.",0,0,0,0,0,0,0,0,0,0,
COM_271,"Quy khach dang thuc hien
Chuyen tien nhanh 247 den TK
Nguoi nhan: Le Ly Huy
So tien: 754,000 VND
Ma OTP: 758521 hieu luc 1 phut",0,0,0,0,0,0,0,0,0,0,
COM_272,Quy khach se MAT TIEN va THONG TIN neu cung cap Ma xac thuc giao dich (OTP) cho bat ky ai. Ma OTP (het han sau 1 phut) cua Quy khach la 811852,0,0,0,0,0,0,0,0,0,0,
COM_273,"[TB] VIETTEL TA?NG 20% GIÁ TR? T?T C? TH? N?P trong ngày 11/12. Ti?n KM s? d?ng nô?i ma?ng dê´n hê´t 26/12/2023. Gi?m thêm 2,5% khi n?p th? t?i https://viettel.vn/pay/tt . Chi ti?t g?i 197 b?m phím 19 (0d). Trân tr?ng.",0,0,0,0,0,0,0,0,0,0,
COM_274,Quy khach se MAT TIEN va THONG TIN neu cung cap Ma xac thuc giao dich (OTP) cho bat ky ai. Ma OTP (het han sau 1 phut) cua Quy khach la 843458,0,0,0,0,0,0,0,0,0,0,
COM_275,"[TB] N?P TH? HÔM NAY (11/12) - NH?N NGAY KM: T?ng 20% giá tr? t?t c? th? n?p, ti?n KM s? d?ng n?i m?ng d?n h?t 26/12/2023. N?p th? online t?i https://km.vtmoney.vn/314y/kmdaitra . Chi ti?t g?i 197 b?m phím 19 (0d). Trân tr?ng.",0,0,0,0,0,0,0,0,0,0,
COM_276,"Doi thanh cong 100 diem tieu dung Viettel++ thanh 20 MB Data de Quy khach trai nghiem dich vu. Han su dung truoc 13/12/2023. Tong diem tieu dung con lai trong tai khoan Viettel++ cua Quy khach la 3.397 diem. De kiem tra lich su doi diem va lua chon uu dai hap dan khac, vui long truy cap https://myvt.page.link/vtplus. Tran trong.",0,0,0,0,0,0,0,0,0,0,
COM_277,"[TB] T?ng 20% giá tr? t?t c? th? n?p vào tài kho?n vi?n thông trong ngày 15/12/2023. CT áp d?ng khi n?p th? online qua các ví di?n t?, ?ng d?ng thanh toán ho?c t?i https://viettel.vn/pay/tt . Ti?n KM s? d?ng liên l?c n?i m?ng trong 15 ngày. Chi ti?t g?i 197 b?m phím 19 (0d). Trân tr?ng.",0,0,0,0,0,0,0,0,0,0,
COM_278,"Doi thanh cong 100 diem tieu dung Viettel++ thanh 20 MB Data de Quy khach trai nghiem dich vu. Han su dung truoc 16/12/2023. Tong diem tieu dung con lai trong tai khoan Viettel++ cua Quy khach la 3.297 diem. De kiem tra lich su doi diem va lua chon uu dai hap dan khac, vui long truy cap https://myvt.page.link/vtplus. Tran trong.",0,0,0,0,0,0,0,0,0,0,
COM_279,"Quy khach dang thuc hien
Thanh toan QR
Nguoi nhan: GS25 VIETNAM
So tien: 13,000 VND
Ma OTP: 727368 hieu luc 1 phut",0,0,0,0,0,0,0,0,0,0,
COM_280,"Quy khach dang thuc hien
Chuyen tien nhanh 247 den TK
Nguoi nhan: LY NGOC HAN
So tien: 39,000 VND
Ma OTP: 293127 hieu luc 1 phut",0,0,0,0,0,0,0,0,0,0,
COM_281,"(QC)Ban co the vay den 20 TRIEU sau 1 PHUT tu EVNFinance hoac Mcredit qua MoMo. De biet them thong tin: https://momo.vn/s-vaynhanh . De tu choi, soan TC TenThuongHieu gui 1313",0,0,0,0,0,0,0,0,0,0,
COM_282,"[QC] T?ng dài Thông tin Kinh t? - Xã h?i Viettel hu?ng d?n cách dang ký h? chi?u online nhanh chóng và don gi?n nh?t. Quý khách vui lòng g?i 1068 (t? s? di?n tho?i Viettel) ho?c 0281068 (t? s? di?n tho?i m?ng khác). Giá cu?c: 3.000d/p. T? ch?i QC, so?n TC3 g?i 199.",0,0,0,0,0,0,0,0,0,0,
COM_283,"Quy khach dang thuc hien
Chuyen tien nhanh 247 den TK
Nguoi nhan: TRAN HOANG SON
So tien: 33,000 VND
Ma OTP: 825293 hieu luc 1 phut",0,0,0,0,0,0,0,0,0,0,
COM_284,"[TB] Kính g?i Quý khách, d? c?p nh?t các chuong trình cham sóc Khách hàng và khuy?n m?i c?a Viettel, hãy ch?n “Follow” kênh TikTok Viettel Cham sóc Khách hàng t?i https://www.tiktok.com/@viettelcskh ho?c “Quan tâm” kênh Zalo t?i https://zalo.me/1570758701534064697 d? nh?n thông tin nhanh nh?t. Trân tr?ng.",0,0,0,0,0,0,0,0,0,0,
COM_285,"Quy khach dang thuc hien
Chuyen tien nhanh 247 den TK
Nguoi nhan: HUYNH THI TRUC VY
So tien: 15,000 VND
Ma OTP: 210052 hieu luc 1 phut",0,0,0,0,0,0,0,0,0,0,
COM_286,"Tru?ng ÐH FPT (HCM) thông báo kho?n h?c phí K? Spring 2024 - Half 1 c?a SV chua thanh toán. Vui lòng thanh toán d?n h?t 22/12/2023 (d?i v?i Chuyên ngành). Trong tru?ng h?p c?n du?c h? tr?, SV vui lòng liên h? 02873005585. SV dã hoàn thành h?c phí, xin vui lòng b? qua n?i dung này.",0,0,0,0,0,0,0,0,0,0,
COM_287,"Doi thanh cong 100 diem tieu dung Viettel++ thanh 20 MB Data de Quy khach trai nghiem dich vu. Han su dung truoc 22/12/2023. Tong diem tieu dung con lai trong tai khoan Viettel++ cua Quy khach la 3.197 diem. De kiem tra lich su doi diem va lua chon uu dai hap dan khac, vui long truy cap https://myvt.page.link/vtplus. Tran trong.",0,0,0,0,0,0,0,0,0,0,
COM_288,"[TB] Ð?NG QUÊN: B?N V?N ÐU?C THAM GIA GÓI ST60N!
Ch? 60K/30 ngày có 60GB (2GB/ngày).
LH nhân viên Viettel: Vi?n Thông Hoàng Qu? - 0987989227 (cu?c g?i di d?ng) d? du?c h? tr? s? d?ng gói cu?c.",0,0,0,0,0,0,0,0,0,0,
COM_289,"[QC] Ð?i chi?n top d?u, Salah hay Odegaard s? giúp d?i mình chi?n th?ng? Liverpool - Arsenal lúc 00h30 ngày 24/12. 
Uu dãi gi?m giá gói K+ SD trên TV360 trong 30 ngày ch? 30.000d. So?n DK KP1 g?i 1331 d? dang ký v?i giá uu dãi và dón xem tr?n d?u 100% Data t?c d? cao t?i http://s.viettel.vn/ksport_1. CT áp d?ng cho TB dang ký l?n d?u d?n h?t 21/1/2024. Sau khuy?n m?i, phí DV 60.000d/30 ngày, gia h?n sau 30 ngày. 
Chi ti?t LH 198 (0d). T? ch?i QC, so?n TC4 g?i 199.",0,0,0,0,0,0,0,0,0,0,
COM_290,"Quy khach dang thuc hien
Chuyen tien nhanh 247 den TK
Nguoi nhan: NGUYEN DUC THANH
So tien: 28,705,000 VND
Ma OTP: 048873 hieu luc 1 phut",0,0,0,0,0,0,0,0,0,0,
COM_291,Dat hang thanh cong. DH cua ban la 040229. Cam on ban.,0,0,0,0,0,0,0,0,0,0,
COM_292,"[TB] GIÁNG SINH, NAM M?I - VIETTEL T?NG B?N!
So?n QUA g?i 191 ho?c truy c?p http://viettel.vn/tangqua d? bi?t các voucher quà t?ng h?p d?n.
Chi ti?t LH 198 (0d). Trân tr?ng.",0,0,0,0,0,0,0,0,0,0,
COM_293,"[TB] ÐÓN NAM M?I - KHUY?N M?I M?I!
T?ng 20% giá tr? t?t c? th? n?p vào tài kho?n vi?n thông trong ngày 25/12/2023. Ti?n KM s? d?ng truy c?p Data trong 15 ngày. N?p th? online t?i các ví di?n t?, ?ng d?ng thanh toán ho?c t?i https://viettel.vn/naptienkm . Chi ti?t g?i 197 b?m phím 19 (0d). Trân tr?ng.",0,0,0,0,0,0,0,0,0,0,
COM_294,"[TB] Viettel kính chúc Quý khách Giáng sinh an lành, Nam m?i h?nh phúc. Trân tr?ng c?m on Quý khách dã tin tu?ng s? d?ng d?ch v? c?a Viettel.",0,0,0,0,0,0,0,0,0,0,
COM_295,"Doi thanh cong 100 diem tieu dung Viettel++ thanh 20 MB Data de Quy khach trai nghiem dich vu. Han su dung truoc 26/12/2023. Tong diem tieu dung con lai trong tai khoan Viettel++ cua Quy khach la 3.097 diem. De kiem tra lich su doi diem va lua chon uu dai hap dan khac, vui long truy cap https://myvt.page.link/vtplus. Tran trong.",0,0,0,0,0,0,0,0,0,0,
COM_296,"Quy khach dang thuc hien
Chuyen tien nhanh 247 den TK
Nguoi nhan: TRUONG THI HANG
So tien: 25,000 VND
Ma OTP: 581329 hieu luc 1 phut",0,0,0,0,0,0,0,0,0,0,
COM_297,"Doi thanh cong 100 diem tieu dung Viettel++ thanh 20 MB Data de Quy khach trai nghiem dich vu. Han su dung truoc 27/12/2023. Tong diem tieu dung con lai trong tai khoan Viettel++ cua Quy khach la 2.997 diem. De kiem tra lich su doi diem va lua chon uu dai hap dan khac, vui long truy cap https://myvt.page.link/vtplus. Tran trong.",0,0,0,0,0,0,0,0,0,0,
COM_298,"Quy khach dang thuc hien
Thanh toan QR
Nguoi nhan: GS25 VIETNAM
So tien: 23,000 VND
Ma OTP: 751002 hieu luc 1 phut",0,0,0,0,0,0,0,0,0,0,
COM_299,"[TB] MUNG NAM MOI! Tang 20% gia tri tat ca cac the nap vao tai khoan vien thong trong ngay 29/12, tien KM de goi va nhan tin noi mang trong 15 ngay. CT danh rieng cho Quy khach. LH 198 (0d).",0,0,0,0,0,0,0,0,0,0,
COM_300,VNDIRECT kinh chuc Quy khach NGUYEN VAN THANG sinh nhat An - Khoe - Hanh Phuc. Cam on Quy khach da tin tuong va dong hanh cung VNDIRECT.,0,0,0,0,0,0,0,0,0,0,
COM_301,"Quy khach dang thuc hien
Chuyen tien nhanh 247 den TK
Nguoi nhan: VU HONG THAI
So tien: 4,500,000 VND
Ma OTP: 278586 hieu luc 1 phut",0,0,0,0,0,0,0,0,0,0,
COM_302,"Doi thanh cong 200 diem tieu dung Viettel++ thanh 40 MB Data de Quy khach trai nghiem dich vu. Han su dung truoc 03/01/2024. Tong diem tieu dung con lai trong tai khoan Viettel++ cua Quy khach la 2.797 diem. De kiem tra lich su doi diem va lua chon uu dai hap dan khac,
vui long truy cap https://myvt.page.link/vtplus. Tran trong.",0,0,0,0,0,0,0,0,0,0,
COM_303,S? d?ng mã xác minh 769164 d? xác th?c Microsoft.,0,0,0,0,0,0,0,0,0,0,
COM_304,"Doi thanh cong 100 diem tieu dung Viettel++ thanh 20 MB Data de Quy khach trai nghiem dich vu. Han su dung truoc 04/01/2024. Tong diem tieu dung con lai trong tai khoan Viettel++ cua Quy khach la 2.697 diem. De kiem tra lich su doi diem va lua chon uu dai hap dan khac,
vui long truy cap https://myvt.page.link/vtplus. Tran trong.",0,0,0,0,0,0,0,0,0,0,
COM_305,"(QC) Chi voi 3.000d/ngay co ngay DATA toc do cao KHONG GIOI HAN xem hang trieu noi dung giai tri tai http://myclip.vn/hot1, soan XN gui 9062 de dang ky goi data MyClip. Goi cuoc gia han theo ngay. Chi tiet LH 198 (0d). Tu choi QC, soan TC4 gui 199.",0,0,0,0,0,0,0,0,0,0,
COM_306,"Quy khach dang thuc hien
Thanh toan QR
Nguoi nhan: 7ELEVEN
So tien: 40,000 VND
Ma OTP: 927480 hieu luc 1 phut",0,0,0,0,0,0,0,0,0,0,
COM_307,"[QC] UU ÐÃI HOT - DÀNH T?NG B?N! Ð?i di?m Viettel++ trên Viettel Money t?i https://km.vtmoney.vn/314y/ktn20 d? nh?n ngay voucher gi?m 20K d?n t? Katinat. LH 18009000 (0d). T? ch?i QC, so?n TC3 g?i 199.",0,0,0,0,0,0,0,0,0,0,
COM_308,"[TB] Quý khách d?ng quên s? d?ng di?m Viettel++ d? d?i luu lu?ng data, phút g?i/tin nh?n n?i m?ng ho?c các uu dãi giá tr? khác. Truy c?p My Viettel t?i https://myvt.page.link/vt10 d? d?i di?m. Chi ti?t LH 198 (0d). Trân tr?ng!",0,0,0,0,0,0,0,0,0,0,
COM_309,"Quy khach dang thuc hien
Chuyen tien nhanh 247 den TK
Nguoi nhan: TRUONG THANH THIEN
So tien: 30,000 VND
Ma OTP: 047639 hieu luc 1 phut",0,0,0,0,0,0,0,0,0,0,
COM_310,Mã xác th?c Discord c?a b?n là: 351669,0,0,0,0,0,0,0,0,0,0,
COM_311,"[TB] Kính g?i Quý khách, d? c?p nh?t các chuong trình cham sóc Khách hàng và khuy?n m?i c?a Viettel, hãy ch?n “Follow” kênh TikTok Viettel Cham sóc Khách hàng t?i
https://www.tiktok.com/@viettelcskh d? nh?n thông tin nhanh nh?t. Trân tr?ng.",0,0,0,0,0,0,0,0,0,0,
COM_312,"[TB] VIETTEL TA?NG 20% GIÁ TR? T?T C? TH? N?P trong ngày 10/01. Ti?n KM s? d?ng nô?i ma?ng dê´n hê´t 25/01/2024. Gi?m thêm 2,5% khi n?p th? t?i https://viettel.vn/naptienkm . Chi ti?t g?i 197 b?m phím 19 (0d). Trân tr?ng.",0,0,0,0,0,0,0,0,0,0,
COM_313,"Quy khach duoc cong them 25 diem Viettel++ boi giao dich Tieu dung vien thong thang 12/2023. Thoi han su dung diem den 31/01/2025. Hay truy cap https://myvt.page.link/vtplus tren My Viettel hoac *098# de doi diem sang Data, SMS, Phut goi cung nhieu uu dai gia tri khac. Chi tiet LH 198. Tran trong.",0,0,0,0,0,0,0,0,0,0,
COM_314,"[TB] Data th? ga, ch? v?i 10K!
1. So?n T7 g?i 191: 10K/7 ngày mi?n phí data truy c?p TikTok
2. So?n 1N g?i 191: 10K/ngày có 5GB, 5 phút g?i ngo?i m?ng, mi?n phí 10p/cu?c g?i n?i m?ng, SMS n?i m?ng và xem TV360
Gói cu?c gia h?n khi h?t chu k?. Chi ti?t LH 198 (0d).",0,0,0,0,0,0,0,0,0,0,
COM_315,"[TB] N?P TH? HÔM NAY (10/01) - NH?N NGAY KM: T?ng 20% giá tr? t?t c? th? n?p, ti?n KM s? d?ng n?i m?ng d?n h?t 25/01/2024. N?p th? online t?i https://km.vtmoney.vn/314y/kmdaitra . Chi ti?t g?i 197 b?m phím 19 (0d). Trân tr?ng.",0,0,0,0,0,0,0,0,0,0,
COM_316,"Viettel TB: Quý khách dã s? d?ng h?t luu lu?ng data c?a gói ST5K. Ð? mua thêm, truy c?p https://viettel.vn/goidata ho?c b?m g?i *098#. Chi ti?t LH 198 (0d). Trân tr?ng.",0,0,0,0,0,0,0,0,0,0,
COM_317,"Quy khach dang thuc hien
Chuyen tien nhanh 247 den TK
Nguoi nhan: DUONG THI TUYET THAO
So tien: 15,000 VND
Ma OTP: 778950 hieu luc 1 phut",0,0,0,0,0,0,0,0,0,0,
COM_318,"Tai khoan cua Quy khach sap het. Soan:
1 gui 211 de cong 10 phut noi mang (800d/p), su dung trong 7 ngay
2 gui 211 de cong 3 phut ngoai mang (1.400d/p), su dung trong 7 ngay
3 gui 211 de cong 30 tin nhan noi mang (245d/tin), su dung trong 7 ngay
Chi tiet LH 198 (mien phi).",0,0,0,0,0,0,0,0,0,0,
COM_319,"Doi thanh cong 500 diem tieu dung Viettel++ thanh 100 MB Data de Quy khach trai nghiem dich vu. Han su dung truoc 15/01/2024. Tong diem tieu dung con lai trong tai khoan Viettel++ cua Quy khach la 2.222 diem. De kiem tra lich su doi diem va lua chon uu dai hap dan khac, vui long truy cap https://myvt.page.link/vtplus. Tran trong.",0,0,0,0,0,0,0,0,0,0,
COM_320,"[TB] Data th? ga, ch? v?i 10K!
1. So?n FB7 g?i 191: 10K/7 ngày mi?n phí data truy c?p Facebook và nh?n tin Messenger
2. So?n 1N g?i 191: 10K/ngày có 5GB, 5 phút g?i ngo?i m?ng, mi?n phí 10p/cu?c g?i n?i m?ng, SMS n?i m?ng và xem TV360
Gói cu?c gia h?n khi h?t chu k?. Chi ti?t LH 198 (0d).",0,0,0,0,0,0,0,0,0,0,
COM_321,"[TB] Data th? ga, ch? v?i 10K!
1. So?n YT7 g?i 191: 10K/7 ngày mi?n phí data truy c?p YouTube
2. So?n 1N g?i 191: 10K/ngày có 5GB, 5 phút g?i ngo?i m?ng, mi?n phí 10p/cu?c g?i n?i m?ng, SMS n?i m?ng và xem TV360
Gói cu?c gia h?n khi h?t chu k?. Chi ti?t LH 198 (0d).",0,0,0,0,0,0,0,0,0,0,
COM_322,"Viettel TB: Gói ST5K gia h?n không thành công. Quý khách ti?p t?c truy c?p theo gói Mobile Internet dang s? d?ng (n?u có). Ð? bi?t thông tin các uu dãi khác, b?m g?i *098# ho?c truy c?p My Viettel t?i https://viettel.vn/goidata . Chi ti?t LH 198 (0d). Trân tr?ng.",0,0,0,0,0,0,0,0,0,0,
COM_323,"[TB] T?ng 20% giá tr? t?t c? th? n?p vào tài kho?n vi?n thông trong ngày 15/01/2024. CT áp d?ng khi n?p th? online qua các ví di?n t?, ?ng d?ng thanh toán ho?c t?i https://viettel.vn/pay/tt . Ti?n KM s? d?ng liên l?c n?i m?ng trong 15 ngày. Chi ti?t g?i 197 b?m phím 19 (0d). Trân tr?ng.",0,0,0,0,0,0,0,0,0,0,
COM_324,"[TB] Tang 20% gia tri tat ca the nap trong ngay 16/01/2024. Tien KM su dung noi mang, khong gioi han thoi gian. Nap the online tai https://myvt.page.link/km . CT danh rieng cho TB cua Quy khach. LH 198 (0d).",0,0,0,0,0,0,0,0,0,0,
COM_325,"Quy khach dang thuc hien
Chuyen tien nhanh 247 den TK
Nguoi nhan: NGUYEN THUY DUONG
So tien: 463,000 VND
Ma OTP: 312609 hieu luc 1 phut",0,0,0,0,0,0,0,0,0,0,
COM_326,"[TB] T?t A.I cung có quà!
So?n KM g?i 191 (0d) ho?c truy c?p https://viettel.vn/km191 d? xem uu dãi T?t HOT nh?t t? Viettel.
LH 198 (0d). Trân tr?ng.",0,0,0,0,0,0,0,0,0,0,
COM_327,"[TB] Tang 20% gia tri tat ca the nap trong ngay 18/01/2024. Tien KM su dung noi mang, khong gioi han thoi gian. Nap the online tai https://myvt.page.link/km . CT danh rieng cho TB cua Quy khach. LH 198 (0d).",0,0,0,0,0,0,0,0,0,0,
COM_328,"Quy khach dang thuc hien
Thanh toan QR
Nguoi nhan: GS25 VIETNAM
So tien: 28,000 VND
Ma OTP: 673491 hieu luc 1 phut",0,0,0,0,0,0,0,0,0,0,
COM_329,[TB] Quy khach dung quen doi diem Viettel++ de nhan phut goi mien phi su dung trong 30 ngay. Bam goi *098# hoac truy cap ung dung My Viettel tai https://myvt.page.link/vt10 de doi diem. LH 198 (0d).,0,0,0,0,0,0,0,0,0,0,
COM_330,(RB ESPORT) 744356 la ma xac minh cua ban tai website http://www.rbesportvn.com/ .,0,0,0,0,0,0,0,0,0,0,
COM_331,"Xin chào, mã xác minh c?a b?n là: 126234, vui lòng không ti?t l? mã xác minh c?a b?n cho ngu?i khác.",0,0,0,0,0,0,0,0,0,0,
COM_332,"Doi thanh cong 100 diem tieu dung Viettel++ thanh 20 MB Data de Quy khach trai nghiem dich vu. Han su dung truoc 20/01/2024. Tong diem tieu dung con lai trong tai khoan Viettel++ cua Quy khach la 2.122 diem. De kiem tra lich su doi diem va lua chon uu dai hap dan khac,
vui long truy cap https://myvt.page.link/vtplus. Tran trong.",0,0,0,0,0,0,0,0,0,0,
COM_333,"Quy khach dang thuc hien
Chuyen tien den TK Sacombank
Nguoi nhan: NGUYEN HUYEN VY
So tien: 45,000 VND
Ma OTP: 782635 hieu luc 1 phut",0,0,0,0,0,0,0,0,0,0,
COM_334,"Doi thanh cong 200 diem tieu dung Viettel++ thanh 40 MB Data de Quy khach trai nghiem dich vu. Han su dung truoc 21/01/2024. Tong diem tieu dung con lai trong tai khoan Viettel++ cua Quy khach la 1.922 diem. De kiem tra lich su doi diem va lua chon uu dai hap dan khac, 
vui long truy cap https://myvt.page.link/vtplus. Tran trong.",0,0,0,0,0,0,0,0,0,0,
COM_335,"Doi thanh cong 200 diem tieu dung Viettel++ thanh 40 MB Data de Quy khach trai nghiem dich vu. Han su dung truoc 21/01/2024. Tong diem tieu dung con lai trong tai khoan Viettel++ cua Quy khach la 1.722 diem. De kiem tra lich su doi diem va lua chon uu dai hap dan khac, 
vui long truy cap https://myvt.page.link/vtplus. Tran trong.",0,0,0,0,0,0,0,0,0,0,
COM_336,"[TB] KHUY?N M?I NGÀY VÀNG! 
T?ng 20% giá tr? T?T C? TH? N?P trong hôm nay 20/01, ti?n KM s? d?ng g?i, nh?n tin n?i m?ng trong 15 ngày. N?p th? online t?i https://viettel.vn/pay/tt . CT dành riêng cho Quý khách. LH 198 (0d).",0,0,0,0,0,0,0,0,0,0,
COM_337,"Quy khach dang thuc hien
Thanh toan QR
Nguoi nhan: VIET NAM FAMILY CVS
So tien: 57,000 VND
Ma OTP: 723642 hieu luc 1 phut",0,0,0,0,0,0,0,0,0,0,
COM_338,"Quy khach dang thuc hien
Thanh toan QR
Nguoi nhan: VIET NAM FAMILY CVS
So tien: 49,000 VND
Ma OTP: 163105 hieu luc 1 phut",0,0,0,0,0,0,0,0,0,0,
COM_339,"Doi thanh cong 100 diem tieu dung Viettel++ thanh 20 MB Data de Quy khach trai nghiem dich vu. Han su dung truoc 22/01/2024. Tong diem tieu dung con lai trong tai khoan Viettel++ cua Quy khach la 1.622 diem. De kiem tra lich su doi diem va lua chon uu dai hap dan khac, vui long truy cap https://myvt.page.link/vtplus. Tran trong.",0,0,0,0,0,0,0,0,0,0,
COM_340,Quy khach co 20.004 dong trong tai khoan.,0,0,0,0,0,0,0,0,0,0,
COM_341,"Quy khach dang thuc hien
Chuyen tien nhanh 247 den TK
Nguoi nhan: LO QUANG THANG
So tien: 500,000 VND
Ma OTP: 625973 hieu luc 1 phut",0,0,0,0,0,0,0,0,0,0,
COM_342,"[TB] Tang 20% gia tri tat ca the nap trong ngay 22/01/2024. Tien KM su dung noi mang, khong gioi han thoi gian. Nap the online tai https://myvt.page.link/km . CT danh rieng cho TB cua Quy khach. LH 198 (0d).",0,0,0,0,0,0,0,0,0,0,
COM_343,"[TB] T?NG 50% GIÁ TR? CHO L?N N?P TI?N Ð?U TIÊN VÀO CH? NH?T hàng tu?n. CT áp d?ng v?i thuê bao n?p ti?n vào tài kho?n vi?n thông qua tài kho?n Viettel Pay liên k?t trên ?ng d?ng MY VIETTEL. Ti?n khuy?n m?i s? d?ng n?i m?ng trong 15 ngày. 
Gi?m giá thêm 2,5% khi n?p ti?n t?i https://myvt.page.link/naptiencn. LH 198 (0d). Trân tr?ng.",0,0,0,0,0,0,0,0,0,0,
COM_344,"Quy khach dang thuc hien
Thanh toan QR
Nguoi nhan: GS25 VIETNAM
So tien: 27,000 VND
Ma OTP: 552691 hieu luc 1 phut",0,0,0,0,0,0,0,0,0,0,
COM_345,"[TB] Kính g?i Quý khách, d? c?p nh?t các chuong trình cham sóc Khách hàng và khuy?n m?i c?a Viettel, hãy ch?n “Quan tâm” kênh Zalo Viettel Cham sóc Khách hàng t?i
https://zalo.me/1570758701534064697 d? nh?n thông tin nhanh nh?t. Trân tr?ng.",0,0,0,0,0,0,0,0,0,0,
COM_346,"Quý khách dã dang ký thành công gói ST5K: 5.000d/ngày có 500MB s? d?ng d?n 23:59:59 ngày 22/01/2024. Ðang ký l?n ti?p theo trong ngày, Quý khách s? du?c t?ng thêm 500MB theo CT Mua 2 t?ng 1. Gói cu?c gia h?n hàng ngày. Truy c?p https://viettel.vn/kttk d? ki?m tra uu dãi.
Ð? h?y gia h?n, so?n HUY ST5K g?i 191. Chi ti?t LH 198 (0d). Trân tr?ng.",0,0,0,0,0,0,0,0,0,0,
COM_347,"Sau khi h?y gia h?n gói ST5K, uu dãi còn l?i s? du?c s? d?ng d?n h?t chu k?. Ð? xác nh?n h?y, so?n Y g?i 191 trong 10 phút. Truy c?p https://viettel.vn/kttk d? ki?m tra uu dãi. Chi ti?t LH 198 (0d). Trân tr?ng.",0,0,0,0,0,0,0,0,0,0,
COM_348,"Gói ST5K dã h?y gia h?n thành công. Ð? bi?t các uu dãi khác, truy c?p https://viettel.vn/goidata ho?c b?m g?i *098#. Chi ti?t LH 198 (0d). Trân tr?ng.",0,0,0,0,0,0,0,0,0,0,
COM_349,Viettel TB: Gói ST5K dã gia h?n thành công. Truy c?p https://viettel.vn/kttk d? ki?m tra uu dãi. Chi ti?t LH 198 (0d). Trân tr?ng.,0,0,0,0,0,0,0,0,0,0,
COM_350,"Viettel TB: Gói ST5K dã k?t thúc. Ð? bi?t các uu dãi khác, truy c?p https://viettel.vn/goidata ho?c b?m g?i *098#. Chi ti?t LH 198 (0d). Trân tr?ng.",0,0,0,0,0,0,0,0,0,0,
COM_351,"[TB] ÐÓN NAM M?I - KHUY?N M?I M?I!
T?ng 20% giá tr? t?t c? th? n?p vào tài kho?n vi?n thông trong ngày 25/01/2024. Ti?n KM s? d?ng truy c?p Internet trong 15 ngày. N?p th? online t?i các ví di?n t?, ?ng d?ng thanh toán ho?c t?i https://viettel.vn/naptienkm . Chi ti?t g?i 197 b?m phím 19 (0d). Trân tr?ng.",0,0,0,0,0,0,0,0,0,0,
COM_352,[TB] T?ng 20% giá tr? t?t c? th? n?p vào tài kho?n vi?n thông trong ngày 26/01. Ti?n KM s? d?ng n?i m?ng không gi?i h?n th?i gian. N?p th? online t?i https://viettel.vn/pay/tt . CT dành riêng cho TB c?a Quý khách. LH 198 (0d).,0,0,0,0,0,0,0,0,0,0,
COM_353,"[TB] NH?N QUÀ ÐÓN T?T!
T?ng ngay 14000d khi Quý khách mua gói data, tho?i, s? d?ng tài kho?n g?c d?t 38000d t? 25/01 - 24/02 (15 tháng Ch?p - 15 tháng Giêng).
Ti?n du?c t?ng d? g?i và nh?n tin n?i m?ng trong 15 ngày.
So?n 1N g?i 191: 10000d/ngày có 5GB, mi?n phí g?i di?n, SMS n?i m?ng và xem TV360. Truy c?p https://viettel.vn/kmdata d? xem chi ti?t gói và các uu dãi T?t HOT nh?t t? Viettel.
LH 198 (0d).",0,0,0,0,0,0,0,0,0,0,
COM_354,"Quy khach dang thuc hien
Chuyen tien nhanh 247 den TK
Nguoi nhan: NGUYEN THI BICH NGHI
So tien: 300,000 VND
Ma OTP: 119540 hieu luc 1 phut",0,0,0,0,0,0,0,0,0,0,
COM_355,"Quy khach dang thuc hien
Bat dang ky sinh trac hoc.
Ma OTP: 962372 hieu luc 1 phut
Quy khach se MAT TIEN va THONG TIN neu cung cap Ma OTP cho bat ky ai",0,0,0,0,0,0,0,0,0,0,
COM_356,"Quy khach dang thuc hien
Chuyen tien nhanh 247 den TK
Nguoi nhan: NGUYEN VAN HAO
So tien: 85,000 VND
Ma OTP: 021977 hieu luc 1 phut",0,0,0,0,0,0,0,0,0,0,
COM_357,"0381000477878
Ngân hàng vietcombank, NGUYEN VAN DET
570.000vnd",0,0,0,0,0,0,0,0,0,0,
COM_358,"[TB] S?M DATA ÐÓN T?T!
1. So?n V35B g?i 191: 35K/15 ngày có 500MB/ngày, mi?n phí 10p/cu?c g?i n?i m?ng
2. So?n SD70 g?i 191: 70K/30 ngày có 1GB/ngày. Ðang ký tru?c 25/02, t?ng 1 tu?n tr?i nghi?m d?ch v? MyDio, MyClip và uu dãi gi?m giá 50% gói tháng iMuzik
Gói cu?c gia h?n khi h?t chu k?. CT dành riêng cho Quý khách. LH 198 (0d).",0,0,0,0,0,0,0,0,0,0,
COM_359,"Quý khách dã dang ký thành công gói ST5K: 5.000d/ngày có 500MB s? d?ng d?n 23:59:59 ngày 04/02/2024. Ðang ký l?n ti?p theo trong ngày, Quý khách s? du?c t?ng thêm 500MB theo CT Mua 2 t?ng 1. Gói cu?c gia h?n hàng ngày. Truy c?p https://viettel.vn/kttk d? ki?m tra uu dãi. 
Ð? h?y gia h?n, so?n HUY ST5K g?i 191. Chi ti?t LH 198 (0d). Trân tr?ng.",0,0,0,0,0,0,0,0,0,0,
COM_360,"(QC) Ban yeu thich kinh doanh? Ban muon san pham, DV duoc quang cao den Khach hang mot cach don gian nhat - hieu qua nhat - tiet kiem nhat? DV Nhac cho doanh nghiep chinh la ban dong hanh cua ban - giai phap toi uu cho viec dua san pham, 
DV den gan Khach hang. Soan DN gui 1221 (mien phi) de duoc nhan vien Viettel lien he tu van tao ban nhac cho hap dan nhat hoac truy cap http://doanhnghiep.imuzik.vn. Cuoc DV 12.000d/thang/TB, phi tao ma 550.000d. LH 198 (0d). Tu choi QC, soan TC4 gui 199.",0,0,0,0,0,0,0,0,0,0,
COM_361,"Quy khach dang thuc hien
Nap tien dien thoai
Nguoi nhan: 0377326330
So tien: 50,000 VND
Ma OTP: 421656 hieu luc 1 phut",0,0,0,0,0,0,0,0,0,0,
COM_362,"Quy khach da duoc thanh toan 50000 VND tu nhan vien 8300240018, Ngay GD: 04/02/2024 09:10:59. Ma GD 2402047408069654. LH 18008098 (0d). Tran trong.",0,0,0,0,0,0,0,0,0,0,
COM_363,"Quy khach co 50.679 dong trong tai khoan. Bam goi *098*3# de co 3GB voi 15.000d/3 ngay hoac *098*989# (30.000d/3 ngay) co 15GB (5GB/ngay), mien phi 10 phut/cuoc noi mang, 15 phut ngoai mang, SMS noi mang va TV360. Goi cuoc gia han khi het chu ky. De biet thong tin cac uu dai khac,
bam goi *098# hoac truy cap My Viettel tai https://myvt.page.link/goidata . Chi tiet LH 198 (0d). Tran trong.",0,0,0,0,0,0,0,0,0,0,
COM_364,Quy khach co 27.679 dong trong tai khoan.,0,0,0,0,0,0,0,0,0,0,
COM_365,Dich vu ung tai khoan *911# tru 23000d so tien Quy khach da ung (bao gom tien ung va 15% phi DV). Thoi gian ung 21/01/2024. So tien con no cua Dv ung tai khoan 911 la 0d. Tran trong.,0,0,0,0,0,0,0,0,0,0,
COM_366,"(QC) Soan XN4 gui 9268 de nhan 10.000d vao tai khoan KM va co hoi trung thuong 1 TRIEU DONG khi tham gia tra loi cau hoi tu DV Tich Diem Trung Qua. Cuoc phi 2.000d/ngay, gia han theo ngay. Tien KM duoc cong sau 25 ngay duy tri DV. Chi tiet LH 198 (0d). Tu choi QC, soan TC4 gui 199.",0,0,0,0,0,0,0,0,0,0,
COM_367,"Quy khach dang thuc hien
Chuyen tien nhanh 247 den TK
Nguoi nhan: CN TAI TPHCM-CTCP XD DAU TU...
So tien: 2,840,500 VND
Ma OTP: 622677 hieu luc 1 phut",0,0,0,0,0,0,0,0,0,0,
COM_368,"<#> 671574 is your GRAB verification code. It expires in 2 minutes. Do not share it with anyone, including GRAB.
H9CMNjtZ1r6",0,0,0,0,0,0,0,0,0,0,
COM_369,"Quy khach dang thuc hien
Chuyen tien den TK Sacombank
Nguoi nhan: NGUYEN KHAC PHUONG DONG
So tien: 300,000 VND
Ma OTP: 404602 hieu luc 1 phut",0,0,0,0,0,0,0,0,0,0,
COM_370,"Moi Quy khach soan tin de tham gia DV Data Plus:
1 gui 9598 de cong 1024MB (cuoc 9144d, su dung trong vong 24h sau khi cong).
2 gui 9598 de cong 500MB (cuoc 6000d, su dung trong vong 24h sau khi cong).
Tin nhan co hieu luc trong 24h. Chi tiet LH 198 (mien phi).",0,0,0,0,0,0,0,0,0,0,
COM_371,"Doi thanh cong 100 diem tieu dung Viettel++ thanh 20 MB Data de Quy khach trai nghiem dich vu. Han su dung truoc 05/02/2024. Tong diem tieu dung con lai trong tai khoan Viettel++ cua Quy khach la 1.522 diem. De kiem tra lich su doi diem va lua chon uu dai hap dan khac, 
vui long truy cap https://myvt.page.link/vtplus. Tran trong.",0,0,0,0,0,0,0,0,0,0,
COM_372,"Quy khach duoc cong them 97 diem Viettel++ boi giao dich Tieu dung vien thong thang 01/2024. Thoi han su dung diem den 28/02/2025. Hay truy cap https://myvt.page.link/vtplus tren My Viettel hoac *098# de doi diem sang Data, SMS, Phut goi cung nhieu uu dai gia tri khac. Chi tiet LH 198. Tran trong.",0,0,0,0,0,0,0,0,0,0,
COM_373,"Quy khach dang thuc hien
Chuyen tien nhanh 247 den TK
Nguoi nhan: NGUYEN VAN KIET
So tien: 40,000 VND
Ma OTP: 869524 hieu luc 1 phut",0,0,0,0,0,0,0,0,0,0,
COM_374,"He thong tu dong tam khoa do dang nhap sai mat khau 3 lan lien tiep va tiep tuc dang nhap lai sau 1 phut. Neu khong phai Quy khach thuc hien, vui long lien he 1800585888 de duoc ho tro.",0,0,0,0,0,0,0,0,0,0,
COM_375,"Doi thanh cong 100 diem tieu dung Viettel++ thanh 20 MB Data de Quy khach trai nghiem dich vu. Han su dung truoc 07/02/2024. Tong diem tieu dung con lai trong tai khoan Viettel++ cua Quy khach la 1.519 diem. De kiem tra lich su doi diem va lua chon uu dai hap dan khac, 
vui long truy cap https://myvt.page.link/vtplus. Tran trong.",0,0,0,0,0,0,0,0,0,0,
COM_376,"Quy khach dang thuc hien
Chuyen tien den TK Sacombank
Nguoi nhan: LE THI HOA
So tien: 2,310,000 VND
Ma OTP: 347964 hieu luc 1 phut",0,0,0,0,0,0,0,0,0,0,
COM_377,"[TB] VIETTEL TA?NG 20% GIÁ TR? T?T C? TH? N?P trong ngày 07/02. Ti?n KM s? d?ng nô?i ma?ng dê´n hê´t 22/02/2024. Gi?m thêm 2,5% khi n?p th? t?i https://viettel.vn/naptienkm . Chi ti?t g?i 197 b?m phím 19 (0d). Trân tr?ng.",0,0,0,0,0,0,0,0,0,0,
COM_378,"Vi ly do BAO MAT, tuyet doi KHONG CUNG CAP cho bat ky ai thong tin kich hoat SACOMBANK SMART OTP, ma kich hoat la 40212053",0,0,0,0,0,0,0,0,0,0,
COM_379,"Quy khach da kich hoat thanh cong Smart OTP. Neu Quy khach KHONG thuc hien, vui long soan STBPAY KHOA gui 8149, hoac lien he ngay 1800585888",0,0,0,0,0,0,0,0,0,0,
COM_380,"[TB] S?p nh?n du?c quà T?t!
Quý khách hãy s? d?ng thêm 4912.0d tru?c ngày 25/02 d? nh?n du?c 14.000d. Ti?n du?c t?ng dùng d? g?i, nh?n tin n?i m?ng trong 15 ngày. 
Mua gói data, tho?i ho?c s? d?ng tài kho?n g?c ngay!
So?n ST15K g?i 191: 15.000d/3 ngày có 3GB. Truy c?p https://viettel.vn/kmdata d? xem chi ti?t gói cu?c và các uu dãi T?t khác. LH 198 (0d).",0,0,0,0,0,0,0,0,0,0,
COM_381,<#> 162758 là mã xác nh?n Facebook c?a b?n Laz+nxCarLW,0,0,0,0,0,0,0,0,0,0,
COM_382,"[TB] Nhân d?p Xuân Giáp Thìn 2024, Viettel kính chúc Quý khách V?n s? nhu ý - An khang th?nh vu?ng. Kính m?i Quý khách so?n TET g?i 191 ho?c truy c?p https://viettel.vn/Lixi2024 d? nh?n lì xì. Trân tr?ng c?m on Quý khách dã d?ng hành cùng Viettel và r?t mong du?c ti?p t?c ph?c v? trong th?i gian t?i.",0,0,0,0,0,0,0,0,0,0,
COM_383,"Doi thanh cong 100 diem tieu dung Viettel++ thanh 20 MB Data de Quy khach trai nghiem dich vu. Han su dung truoc 08/02/2024. Tong diem tieu dung con lai trong tai khoan Viettel++ cua Quy khach la 1.419 diem. De kiem tra lich su doi diem va lua chon uu dai hap dan khac, 
vui long truy cap https://myvt.page.link/vtplus. Tran trong.",0,0,0,0,0,0,0,0,0,0,
COM_384,"[TB] S?M DATA ÐÓN T?T!
1. ST30K: 30K/7 ngày có 7GB
2. FB7: 10K/7 ngày mi?n phí data truy c?p Facebook và nh?n tin Messenger
3. 7N: 70K/7 ngày có 5GB/ngày, mi?n phí g?i di?n, SMS n?i m?ng, TV360
So?n Tên gói (ví d? ST30K) g?i 191 d? tham gia.
Ðang nh?p https://viettel.vn/kmdata d? xem chi ti?t gói cu?c. LH 198 (0d).",0,0,0,0,0,0,0,0,0,0,
COM_385,"[TB] Ð? d?m b?o an toàn khi tham gia giao thông d?p T?t Nguyên dán Giáp Thìn 2024, d? ngh? ngu?i dân ch?p hành pháp lu?t v? tr?t t?, an toàn giao thông, di?u khi?n phuong ti?n dúng t?c d?, gi? kho?ng cách an toàn, tuy?t d?i không di?u khi?n phuong ti?n khi dã s? d?ng ru?u, bia.",0,0,0,0,0,0,0,0,0,0,
COM_386,"CHUC MUNG NAM MOI!
TDTC Chuc quy kh@ch van su nhu y, an khang thinh vuong, phat tai phat loc!
c.de ojyv09wt5q3j .",1,1,1,1,0,1,1,1,1,0,
COM_387,"Tai khoan cua Quy khach sap het. Soan:
1 gui 211 de cong 20 phut noi mang (794d/p), su dung trong 7 ngay
2 gui 211 de cong 9 phut ngoai mang (1.400d/p), su dung trong 7 ngay
3 gui 211 de cong 65 tin nhan noi mang (235d/tin), su dung trong 15 ngay
4 gui 211 de cong 10 tin nhan ngoai mang (313d/tin), su dung trong 7 ngay
Chi tiet LH 198 (mien phi).",0,0,0,0,0,0,0,0,0,0,
COM_388,"[TB] Chúc m?ng nam m?i Giáp Thìn 2024! Ngu?i dân ch? d?ng s?p x?p th?i gian tr? l?i noi làm vi?c và sinh s?ng t?i các thành ph? l?n, tránh tình tr?ng ùn t?c giao thông vào cu?i d?p ngh? l?, tuy?t d?i không di?u khi?n phuong ti?n khi dã s? d?ng ru?u, bia.",0,0,0,0,0,0,0,0,0,0,
COM_389,"Doi thanh cong 300 diem tieu dung Viettel++ thanh 30 MB Data de Quy khach trai nghiem dich vu. Han su dung truoc 12/03/2024. Tong diem tieu dung con lai trong tai khoan Viettel++ cua Quy khach la 919 diem. De kiem tra lich su doi diem va lua chon uu dai hap dan khac, vui long truy cap https://myvt.page.link/vtplus. Tran trong.",0,0,0,0,0,0,0,0,0,0,
COM_390,"[TB] T?ng 20% giá tr? t?t c? th? n?p vào tài kho?n vi?n thông trong ngày 15/02/2024. CT áp d?ng khi n?p th? online qua các ví di?n t?, ?ng d?ng thanh toán ho?c t?i https://viettel.vn/pay/tt . Ti?n KM s? d?ng liên l?c n?i m?ng trong 15 ngày. Chi ti?t g?i 197 b?m phím 19 (0d). Trân tr?ng.",0,0,0,0,0,0,0,0,0,0,
COM_391,Ðang ký gói ST5K không thành công do tài kho?n không d? 5.000d. Quý khách n?p thêm ti?n d? dang ký l?i. Chi ti?t LH 198 (0d). Trân tr?ng.,0,0,0,0,0,0,0,0,0,0,
COM_392,"Doi thanh cong 100 diem tieu dung Viettel++ thanh 20 MB Data de Quy khach trai nghiem dich vu. Han su dung truoc 22/02/2024. Tong diem tieu dung con lai trong tai khoan Viettel++ cua Quy khach la 819 diem. De kiem tra lich su doi diem va lua chon uu dai hap dan khac, vui long truy cap https://myvt.page.link/vtplus. Tran trong.",0,0,0,0,0,0,0,0,0,0,
COM_393,"Quy khach da duoc thanh toan 20000 VND tu nhan vien 4500540004, Ngay GD: 21/02/2024 17:23:33. Ma GD 240221640630427. LH 18008098 (0d). Tran trong.",0,0,0,0,0,0,0,0,0,0,
COM_394,"Quy khach co 24.125 dong trong tai khoan. Bam goi *098*3# de co 3GB voi 15.000d/3 ngay hoac *098*989# (30.000d/3 ngay) co 15GB (5GB/ngay), mien phi 10 phut/cuoc noi mang, 15 phut ngoai mang, SMS noi mang va TV360. Goi cuoc gia han khi het chu ky. De biet thong tin cac uu dai khac, bam goi *098# hoac truy cap My Viettel tai https://myvt.page.link/goidata . Chi tiet LH 198 (0d). Tran trong.",0,0,0,0,0,0,0,0,0,0,
COM_395,"Quý khách dã dang ký thành công gói ST5K: 5.000d/ngày có 500MB s? d?ng d?n 23:59:59 ngày 21/02/2024. Ðang ký l?n ti?p theo trong ngày, Quý khách s? du?c t?ng thêm 500MB theo CT Mua 2 t?ng 1. Gói cu?c gia h?n hàng ngày. Truy c?p https://viettel.vn/kttk d? ki?m tra uu dãi. Ð? h?y gia h?n, so?n HUY ST5K g?i 191. Chi ti?t LH 198 (0d). Trân tr?ng.",0,0,0,0,0,0,0,0,0,0,
COM_396,Mã xác nh?n DLS c?a b?n 18755 DLS,0,0,0,0,0,0,0,0,0,0,
COM_397,Ngu?i dùng dã dang ký thành công! Hoàn thành xác th?c DLS,0,0,0,0,0,0,0,0,0,0,
COM_398,Authenticator: 962502 DLS,0,0,0,0,0,0,0,0,0,0,
COM_399,"[TB] ÐÓN NAM M?I - KHUY?N M?I M?I!
T?ng 20% giá tr? t?t c? th? n?p vào tài kho?n vi?n thông trong ngày 26/02/2024. Ti?n KM s? d?ng truy c?p Internet trong 15 ngày. N?p th? online t?i các ví di?n t?, ?ng d?ng thanh toán ho?c t?i https://viettel.vn/naptienkm . Chi ti?t g?i 197 b?m phím 19 (0d). Trân tr?ng.",0,0,0,0,0,0,0,0,0,0,
COM_400,"Doi thanh cong 100 diem tieu dung Viettel++ thanh 20 MB Data de Quy khach trai nghiem dich vu. Han su dung truoc 04/03/2024. Tong diem tieu dung con lai trong tai khoan Viettel++ cua Quy khach la 719 diem. De kiem tra lich su doi diem va lua chon uu dai hap dan khac, vui long truy cap https://myvt.page.link/vtplus. Tran trong.",0,0,0,0,0,0,0,0,0,0,
COM_401,"[QC] T?ng dài Thông tin Kinh t? - Xã h?i Viettel gi?i dáp danh b? di?n tho?i, giá c? th? tru?ng, thông tin th? thao trong nu?c và qu?c t?, h? tr? các th? t?c hành chính và pháp lý. Quý khách vui lòng g?i 1068/1069 (t? s? di?n tho?i Viettel) ho?c 0281068/0281069 (t? s? di?n tho?i m?ng khác). Giá cu?c: 3.000d/p. 
T? ch?i QC, so?n TC3 g?i 199.",0,0,0,0,0,0,0,0,0,0,
COM_402,"Quy khach duoc cong them 162 diem Viettel++ boi giao dich Tieu dung vien thong thang 02/2024. Thoi han su dung diem den 31/03/2025. Hay truy cap https://myvt.page.link/vtplus tren My Viettel hoac *098# de doi diem sang Data, SMS, Phut goi cung nhieu uu dai gia tri khac. Chi tiet LH 198. Tran trong.",0,0,0,0,0,0,0,0,0,0,
COM_403,"Doi thanh cong 100 diem tieu dung Viettel++ thanh 20 MB Data de Quy khach trai nghiem dich vu. Han su dung truoc 05/03/2024. Tong diem tieu dung con lai trong tai khoan Viettel++ cua Quy khach la 781 diem. De kiem tra lich su doi diem va lua chon uu dai hap dan khac, vui long truy cap https://myvt.page.link/vtplus. Tran trong.",0,0,0,0,0,0,0,0,0,0,
COM_404,"[TB] T?t A.I cung có quà!
So?n KM g?i 191 (0d) d? xem gói cu?c uu dãi dành riêng cho b?n, dang ký gói cu?c s? nh?n ngay di?m Viettel++ cùng co h?i trúng thu?ng 50 tri?u d?ng và di?n tho?i Zflip5.
Chi ti?t xem t?i https://viettel.vn/quayso2024 . LH 198 (0d). Trân tr?ng.",0,0,0,0,0,0,0,0,0,0,
COM_405,273967 la ma xac thuc dang ky tai khoan tren Cong Dich vu cong quoc gia. Ma co hieu luc trong vong 2 phut.,0,0,0,0,0,0,0,0,0,0,
COM_406,"Nhap ma OTP 7807 de xac thuc Dang nhap tren ung dung My Viettel. Chi tiet LH 18008098 (0d) hoac truy cap https://viettel.vn/app. De dam bao an toan cho tai khoan cua Quy khach, vui long khong chia se ma xac thuc nay voi bat ky ai.",0,0,0,0,0,0,0,0,0,0,
COM_407,Thue bao 84377326330 cua Quy khach vua dang nhap ung dung My Viettel - http://viettel.vn/app tren mot thiet bi co ten: CPH2577. Xin cam on!,0,0,0,0,0,0,0,0,0,0,
COM_408,Ma xac nhan cho giao dich Mo bao mat thong tin thue bao cua Quy khach la: 318795. Vui long chi cung cap cho nhan vien Viettel dang thuc hien giao dich cua Quy khach. Hotline 198(0d). Tran trong!,0,0,0,0,0,0,0,0,0,0,
COM_409,"Quy khach vua thay doi thanh cong thong tin khach hang cua thue bao 377326330. Moi Quy khach truy cap https://myvt.page.link/myviettel de tra cuu thong tin cac chuong trinh khuyen mai danh rieng cho thue bao. Neu co thac mac hoac khieu nai, de nghi goi den so 198 (mien phi).",0,0,0,0,0,0,0,0,0,0,
COM_410,[KHAO SAT] Quy khach co dong y voi nhan dinh "Cua hang Viettel da ho tro tich cuc de giup Quy khach giai quyet van de mot cach de dang"? Vui long nhap so diem tu 1 den 7 (1-3: Khong dong y; 4: Khong y kien; 5-7: Dong y) va phan hoi lai tin nhan nay (mien phi).,0,0,0,0,0,0,0,0,0,0,
COM_411,"Theo Quy khach, Viettel can cai thien dieu gi de phuc vu khach hang tot hon? Vui long nhap chi tiet noi dung gop y.",0,0,0,0,0,0,0,0,0,0,
COM_412,"Quy khach co 109.072 dong trong tai khoan. Bam goi *098*3# de co 3GB voi 15.000d/3 ngay hoac *098*989# (30.000d/3 ngay) co 15GB (5GB/ngay), mien phi 10 phut/cuoc noi mang, 15 phut ngoai mang, SMS noi mang va TV360. Goi cuoc gia han khi het chu ky. De biet thong tin cac uu dai khac, 
bam goi *098# hoac truy cap My Viettel tai https://myvt.page.link/goidata . Chi tiet LH 198 (0d). Tran trong.",0,0,0,0,0,0,0,0,0,0,
COM_413,Quý khách dã dang ký thành công gói ST70: 70.000d/30 ngày có 30GB (1GB/ngày). Gói cu?c gia h?n sau 30 ngày. Truy c?p https://viettel.vn/kttk d? ki?m tra uu dãi. Chi ti?t LH 198 (0d). Trân tr?ng.,0,0,0,0,0,0,0,0,0,0,
COM_414,"Sau khi h?y gia h?n gói ST70, uu dãi còn l?i s? du?c s? d?ng d?n h?t chu k?. Ð? xác nh?n h?y, so?n Y g?i 191 trong 10 phút. Truy c?p https://viettel.vn/kttk d? ki?m tra uu dãi. Chi ti?t LH 198 (0d). Trân tr?ng.",0,0,0,0,0,0,0,0,0,0,
COM_415,"Gói ST70 dã h?y gia h?n thành công. Ð? bi?t các uu dãi khác, truy c?p https://viettel.vn/goidata ho?c b?m g?i *098#. Chi ti?t LH 198 (0d). Trân tr?ng.",0,0,0,0,0,0,0,0,0,0,
COM_416,"(QC) Chi 5.000d/ngay co ngay 300MB luot internet va xem video giai tri tha ga KHONG GIOI HAN DATA tai http://myclip.vn, soan XNV1 gui 9062 de dang ky goi data MyClip 1. Goi cuoc gia han theo ngay. Chi tiet LH 198 (0d). Tu choi QC, soan TC4 gui 199.",0,0,0,0,0,0,0,0,0,0,
COM_417,"VTMONEY: Nhap ma OTP 8898 de xac thuc dang ky tai khoan Viettel Money. Trong truong hop Quy khach khong yeu cau, vui long bo qua tin nhan nay.",0,0,0,0,0,0,0,0,0,0,
COM_418,"Cam on ban da su dung TIEN DI DONG! Ngay bay gio ban co the chuyen tien, mua sam, thanh toan hoa don (dien nuoc, internet...) va nghe goi, nhan tin, mua data bang tai khoan Tien di dong. Han muc tieu dung toi da: 10 trieu dong/thang. So du hien co: 0 VND. Bat dau trai nghiem ngay nhe!",0,0,0,0,0,0,0,0,0,0,
COM_419,Quy khach duoc cong 500 diem do Kich hoat tai khoan tien di dong tai VIETTEL MONEY vao ngay 07/03/2024.Truy cap https://vtmoney.onelink.me/314y/loyalty de doi diem sang cac qua tang cua chuong trinh. Tran trong.,0,0,0,0,0,0,0,0,0,0,
COM_420,"Viettel Money tang Ban voucher nho tri gia 2.000d, mong Ban ngay moi se luon vui. Hay luon mo app Viettel Money de co qua Ban nhe! Truy cap https://km.vtmoney.vn/314y/dungvc de nhan qua ngay.",0,0,0,0,0,0,0,0,0,0,
COM_421,"Ban da dang ky thanh cong tai khoan ViettelPay, so tai khoan la: 9704xxxx6393. Truy cap https://vt.viettelpay.vn/dk2 de su dung cac tinh nang thanh toan hoa don, dich vu voi nhieu uu dai hap dan.",0,0,0,0,0,0,0,0,0,0,
COM_422,"07/03/2024 11:33:13 Quy khach vua lien ket The 5979 tai VIETTEL. Neu KHONG phai Quy khach, lien he 1800585888 hoac CN/PGD gan nhat",0,0,0,0,0,0,0,0,0,0,
COM_423,Quy khach da lien ket Sacombank - 970403******5979 voi dich vu ViettelPay thanh cong. Ngay GD: 07/03/2024 11:33:14,0,0,0,0,0,0,0,0,0,0,
COM_424,"Quy khach da nap 50.000 VND vao tai khoan ViettelPay tu the ATM Sacombank 9704xxxxxxxx5979, phi 0 VND. 07/03/2024 11:38:06.",0,0,0,0,0,0,0,0,0,0,
COM_425,TK ViettelPay 9704...6393 GD +50.000 VND luc 2024-03-07 11:38:06 So du 50.000 VND ND: 240307174459732 VIETTEL NAPTIENVIETTELPAY STB 240307 240307174459732 240307174459466 84377326330,0,0,0,0,0,0,0,0,0,0,
COM_426,VTMONEY: Nhap ma OTP 7391 de xac nhan su dung Voucher khuyen mai. Quy khach KHONG CUNG CAP OTP cho bat ky ai.,0,0,0,0,0,0,0,0,0,0,
COM_427,"Quy khach co 41.072 dong trong tai khoan. Bam goi *098*3# de co 3GB voi 15.000d/3 ngay hoac *098*989# (30.000d/3 ngay) co 15GB (5GB/ngay), mien phi 10 phut/cuoc noi mang, 15 phut ngoai mang, SMS noi mang va TV360. Goi cuoc gia han khi het chu ky. De biet thong tin cac uu dai khac, bam goi *098# hoac truy cap My Viettel tai https://myvt.page.link/goidata . Chi tiet LH 198 (0d). Tran trong.",0,0,0,0,0,0,0,0,0,0,
COM_428,"TK Tien di dong 84377326330 GD +2,000 VND luc 2024-03-07 11:38:24. So du 2,000 VND Phi: -0 VND. ND: Nhan tien 240307174464886. Su dung TK Tien di dong, ban co the chuyen tien, nap dien thoai, mua 3G/4G va thanh toan hang tram dich vu voi nhieu uu dai tai https://viettelmoney.vn/tin-tuc-va-khuyen-mai",0,0,0,0,0,0,0,0,0,0,
COM_429,Quy khach duoc cong 6 diem do Giao dich thanh toan DV vien thong qua VIETTEL MONEY vao ngay 07/03/2024.Truy cap https://vtmoney.onelink.me/314y/loyalty de doi diem sang cac qua tang cua chuong trinh. Tran trong.,0,0,0,0,0,0,0,0,0,0,
COM_430,"VTMONEY: Nhap ma OTP 1864 de xac nhan THANH TOAN 50.000 VND cho thue bao 0377326330, phi GD 0 VND. Quy khach KHONG CUNG CAP OTP cho bat ky ai.",0,0,0,0,0,0,0,0,0,0,
COM_431,Quy khach da thanh toan thanh cong 50.000 VND cuoc cho thue bao mobile 0377326330. Phi GD 0 VND. 07/03/2024 11:39:26.,0,0,0,0,0,0,0,0,0,0,
COM_432,TK ViettelPay 9704...6393 GD -50.000 VND luc 2024-03-07 11:39:25 So du 0 VND ND: GD thanh toan 240307174483516 NAP TIEN DIEN THOAI cho Khach hang 0377326330,0,0,0,0,0,0,0,0,0,0,
COM_433,"Quy khach co 91.072 dong trong tai khoan. Bam goi *098*3# de co 3GB voi 15.000d/3 ngay hoac *098*989# (30.000d/3 ngay) co 15GB (5GB/ngay), mien phi 10 phut/cuoc noi mang, 15 phut ngoai mang, SMS noi mang va TV360. Goi cuoc gia han khi het chu ky. De biet thong tin cac uu dai khac, bam goi *098# hoac truy cap My Viettel tai https://myvt.page.link/goidata . Chi tiet LH 198 (0d). Tran trong.",0,0,0,0,0,0,0,0,0,0,
COM_434,Quy khach duoc cong 150 diem do Giao dich thanh toan DV vien thong qua VIETTEL MONEY vao ngay 07/03/2024.Truy cap https://vtmoney.onelink.me/314y/loyalty de doi diem sang cac qua tang cua chuong trinh. Tran trong.,0,0,0,0,0,0,0,0,0,0,
COM_435,TK ViettelPay 9704...6393 GD +1.500 VND luc 2024-03-07 11:40:56 So du 1.500 VND ND: 240307986728261 VIETTELMONEY HOANTIEN_VIENTHONG 84377326330 240307174483516 240307986728261.,0,0,0,0,0,0,0,0,0,0,
COM_436,"[QC] VIB - T?n hu?ng hoàn ti?n d?n 6% (t?i da 600.000d) khi chi tiêu tr?c tuy?n v?i th? tín d?ng Online Plus 2in1. Mi?n lãi su?t d?n 55 ngày và mi?n phí thu?ng niên nam d?u tiên. S?n ph?m du?c cung c?p b?i Ngân hàng Thuong m?i c? ph?n Qu?c t? Vi?t Nam. Ðang ký ngay t?i https://viettel.vn/VIB5. T? ch?i QC, so?n TC7 VT_MALL g?i 197.",0,0,0,0,0,0,0,0,0,0,
COM_437,"[TB] LÊN M?NG SIÊU R?! Ch? v?i 5.000d có ngay 500MB s? d?ng d?n 24h ngày dang ký. Tham gia, so?n ST5K g?i 191, DV gia h?n hàng ngày. Chi ti?t LH 198 (0d).",0,0,0,0,0,0,0,0,0,0,
COM_438,"[QC] THI?P Ð?P T?NG NGAY, THAY L?I MU?N NÓI. G?i thi?p chúc m?ng ngày Qu?c t? ph? n? cùng gói cu?c Data d?n m?t n?a th? gi?i ngay trên ?ng d?ng My Viettel t?i https://myvt.page.link/tangthiep. Chi ti?t LH 198 (0d). T? ch?i QC, so?n TC3 g?i 199.",0,0,0,0,0,0,0,0,0,0,
COM_439,099845 la ma xac thuc dang ky tai khoan tren Cong Dich vu cong quoc gia. Ma co hieu luc trong vong 2 phut.,0,0,0,0,0,0,0,0,0,0,
COM_440,228583 la ma xac thuc dang nhap tren cong dich vu cong quoc gia. Ma co hieu luc trong vong 2 phut.,0,0,0,0,0,0,0,0,0,0,
COM_441,"[TB] VIETTEL TA?NG 20% GIÁ TR? T?T C? TH? N?P trong ngày 11/03. Ti?n KM s? d?ng nô?i ma?ng dê´n hê´t 26/03/2024. Gi?m thêm 2,5% khi n?p th? t?i https://viettel.vn/naptienkm . Chi ti?t g?i 197 b?m phím 19 (0d). Trân tr?ng.",0,0,0,0,0,0,0,0,0,0,
COM_442,"[TB] B? Công Thuong - Chuong trình Thuong hi?u qu?c gia Vi?t Nam thông báo v? k? xét ch?n s?n ph?m d?t thuong hi?u qu?c gia Vi?t Nam l?n th? 9 nam 2024. Ðây là Chuong trình xúc ti?n thuong m?i d?c thù, dài h?n c?a Chính ph?. H? so dang ký tru?c ngày 31/3/2024. Chi ti?t truy c?p https://vietrade.gov.vn/",0,0,0,0,0,0,0,0,0,0,
COM_443,[TB] Dung quen kiem tra NGOC trong kho cua ban nhe. Viettel Money van danh rieng hang trieu phan qua cho Ban. Chan chu gi nua ma khong doi NGOC lay QUA Ban oi. Mo app Viettel Money hoac truy cap https://km.vtmoney.vn/314y/tet2024 de tham gia ngay Ban nhe.,0,0,0,0,0,0,0,0,0,0,
COM_444,606656 la ma xac thuc dang nhap tren cong dich vu cong quoc gia. Ma co hieu luc trong vong 2 phut.,0,0,0,0,0,0,0,0,0,0,
COM_445,"(QC)Ban da co the vay EVNFinance va Mcredit tren MoMo, giai ngan den 20 TRIEU chi sau 1 PHUT. Vay ngay: https://momo.vn/s-vaynhanh . De tu choi, soan TC TenThuongHieu gui 1313",0,0,0,0,0,0,0,0,0,0,
COM_446,"[TB] T?ng 20% giá tr? t?t c? th? n?p vào tài kho?n vi?n thông trong ngày 15/03/2024. CT áp d?ng khi n?p th? online qua các ví di?n t?, ?ng d?ng thanh toán ho?c t?i https://km.vtmoney.vn/314y/kmdaitra . Ti?n KM s? d?ng liên l?c n?i m?ng trong 15 ngày. Chi ti?t g?i 197 b?m phím 19 (0d). Trân tr?ng.",0,0,0,0,0,0,0,0,0,0,
COM_447,"[QC] N?u c?n n?p ti?n di?n tho?i thì d?ng quên Viettel Money v?n dang HOÀN TI?N 10% khi n?p ti?n cho chính mình b?ng tài kho?n Mobile Money t?i https://km.vtmoney.vn/314y/s1kbauto. LH 18009000 (0d). T? ch?i QC, so?n TC3 g?i 199.",0,0,0,0,0,0,0,0,0,0,
COM_448,"[TB] LÊN M?NG TH? GA, G?I MI?N PHÍ, XEM TV 0Ð
So?n TV120C g?i 191: Ch? 120K/30 ngày có 45GB (1,5GB/ngày), mi?n phí 10p/cu?c n?i m?ng, 50p ngo?i m?ng. Ð?c bi?t, mi?n phí xem TV360.
Gói cu?c gia h?n sau 30 ngày. CT dành riêng cho Quý khách. LH 198 (0d).",0,0,0,0,0,0,0,0,0,0,
COM_449,604115 la ma xac thuc dang nhap tren cong dich vu cong quoc gia. Ma co hieu luc trong vong 2 phut.,0,0,0,0,0,0,0,0,0,0,
COM_450,"RepMS&Li`xi~phO;ng,Bj`D:o?-b;A;y?""ba:y?_ng:hi.n(ma-en.bid/db-SD>I~o~0~ph:an`tr;am?Tje`n,N.ap?kgQwv",1,1,1,1,1,1,1,1,1,1,
COM_451,Cong DVC Bo Cong an Ho so Dang ky tam tru - MHS: G01.899.815.027-240308-0090 cua ong/ba da duoc tra ket qua xu ly. Tran trong!,0,0,0,0,0,0,0,0,0,0,
COM_452,"TUYuDU`u~D^aj$C!ho:Ba""n;sXajAH.ciaso.bid~*N!OP:T""agg;1,tAm8`Ca~Ch^uc$Ae!Ca:Kje""m;5yr9HN",1,1,1,1,1,1,1,1,1,1,
COM_453,Ban dang yeu cau khoi phuc/thay doi Mat khau cho tai khoan Garena. Ma OTP 580438. Vui long khong cung cap ma OTP cho bat ky ai de bao ve tai khoan.,0,0,0,0,0,0,0,0,0,0,
COM_454,[KHAO SAT] VIETTEL kinh moi Quy khach danh gia chat luong dich vu: Vui long cho biet muc do hai long voi dich vu INTERNET DI DONG 3G/4G/5G cua VIETTEL bang cach nhap so diem tu 1 (Rat khong hai long) den 10 (Rat hai long) va phan hoi lai tin nhan nay (mien phi).,0,0,0,0,0,0,0,0,0,0,
COM_455,"[TB] Khi nh?n du?c cu?c g?i/tin nh?n rác ho?c có d?u hi?u l?a d?o, hãy g?i 156 (0d) ho?c nh?n tin d?n 156 (0d) d? du?c h? tr?: S [S? di?n tho?i nh?n tin rác] [n?i dung tin nh?n rác]; V [S? di?n tho?i g?i cu?c g?i rác] [n?i dung cu?c g?i rác]; LD [S? di?n tho?i g?i có d?u hi?u l?a d?o] [n?i dung l?a d?o]. Trân tr?ng.",0,0,0,0,0,0,0,0,0,0,
COM_456,"[TB] DATA TRÀN TR?, XEM BÓNG ÐÁ THÍCH MÊ!
So?n TV7K g?i 191: 7K/ngày có 1GB data, mi?n phí xem TV360. Gói cu?c gia h?n theo ngày.
Ð?c bi?t, mi?n phí xem 9 tr?n d?u vòng Play-off Euro 2024 t?i https://tv360.vn/ . LH 198 (0d).",0,0,0,0,0,0,0,0,0,0,
COM_457,"[QC] B?n còn nh? hay dã quên? HOÀN TI?N 10% khi n?p ti?n cho chính mình b?ng tài kho?n Mobile Money trên Viettel Money. Nh?n uu dãi t?i https://km.vtmoney.vn/314y/s1kbauto. LH 18009000 (0d). T? ch?i QC, so?n TC3 g?i 199.",0,0,0,0,0,0,0,0,0,0,
COM_458,"(QC) TB 0377326330! Soan XNM gui 5282 de xem Facebook, YouTube, TikTok, Instagram, Zalo, Spotify... khong gioi han data 4G va co hoi trung 500K vao tai khoan goc khi trai nghiem goi data truc tuyen tong hop - DV Mydata. Cuoc phi chi 3.000d/ngay, gia han theo ngay. Chi tiet truy cap http://mydata.viettel.vn hoac LH 198 (0d). Tu choi QC, soan TC4 gui 199.",0,0,0,0,0,0,0,0,0,0,
COM_459,"[TB] N?P TH? T?NG TI?N - DÙNG LI?N DATA!
T?ng 20% giá tr? t?t c? th? n?p vào tài kho?n vi?n thông trong ngày 25/03/2024. Ti?n KM s? d?ng truy c?p Internet trong 15 ngày. N?p th? online t?i các ví di?n t?, ?ng d?ng thanh toán ho?c t?i https://viettel.vn/naptienkm . Chi ti?t g?i 197 b?m phím 19 (0d). Trân tr?ng.",0,0,0,0,0,0,0,0,0,0,
COM_460,"sKcHv`S`Om~LO!c:P,hat`,go2t56.fkpxv.bid^~""Nh~an""L~j!X:i$K,o;Gi;oi!Ha!n""KhI!Da*gNha;p!`MO^n,Qu^a$Ta~ng`B;an~VwOFC",1,1,1,1,1,1,1,1,1,1,
COM_461,"[QC] Th?c hi?n nhi?m v? trong chuong trình Siêu vu tr? - K? nguyên Avatar d? có co h?i rinh hàng ngàn gi?i thu?ng v?i t?ng giá tr? lên d?n 9 t? d?ng. Tham gia ngay trên ?ng d?ng My Viettel t?i https://myvt.page.link/avatar2. Chi ti?t LH 198 (0d). T? ch?i QC, so?n TC3 g?i 199.",0,0,0,0,0,0,0,0,0,0,
COM_462,Your Discord verification code is: 939093,0,0,0,0,0,0,0,0,0,0,
COM_463,Ban co KHUYEN MAI 60% GIA TRI THE NAP trong ngay 02/04/2024 khi thanh toan bang tai khoan Mobile Money (Tien di dong). Nap ngay tai https://km.vtmoney.vn/314y/topup60 . Luu y: Khuyen mai 60% gom uu dai 50% gia tri the nap Viettel va HOAN TIEN 10% khi thanh toan qua tai khoan Mobile Money. Uu dai ap dung cho lan nap dau tien trong ngay.,0,0,0,0,0,0,0,0,0,0,
COM_464,"(QC) Khong can the tin dung, Quy khach co the mua ung dung tren Google Play va thanh toan bang tai khoan Viettel don gian, nhanh chong. Chi tiet truy cap http://chplay.viettel.vn hoac LH 198 (0d). Tu choi QC, soan TC4 gui 199.",0,0,0,0,0,0,0,0,0,0,
COM_465,"Quy khach duoc cong them 441 diem Viettel++ boi giao dich Tieu dung vien thong thang 03/2024. Thoi han su dung diem den 30/04/2025. Hay truy cap https://myvt.page.link/vtplus tren My Viettel hoac *098# de doi diem sang Data, SMS, Phut goi cung nhieu uu dai gia tri khac. Chi tiet LH 198. Tran trong.",0,0,0,0,0,0,0,0,0,0,
COM_466,"[QC] Internet Viettel gói SUN1T: T?NG NGAY 1 - 2 tháng cu?c d?ch v? khi dang ký m?i và dóng tru?c cu?c t? 6 - 12 tháng. Cu?c phí ch? 180.000d/tháng. Phí hòa m?ng 300.000d, mi?n phí modem wifi. Chi ti?t truy c?p https://viettel.vn/s/SUN1T ho?c LH 18008168 (0d). T? ch?i QC, so?n TC3 g?i 199.",0,0,0,0,0,0,0,0,0,0,
COM_467,"Viettel TB: T? ngày 06/04/2024, gói ST70 s? k?t thúc. Chi ti?t LH 198 (0d). Trân tr?ng.",0,0,0,0,0,0,0,0,0,0,
COM_468,"Viettel TB: Gói ST70 dã k?t thúc. Ð? bi?t các uu dãi khác, truy c?p https://viettel.vn/goidata ho?c b?m g?i *098#. Chi ti?t LH 198 (0d). Trân tr?ng.",0,0,0,0,0,0,0,0,0,0,
COM_469,"c0 g4i live sTre4m C0 ng0Ai hinh Xink De3p C0 tke hen ,h0 TrrUc ,tIE3p R4t nkieU tu tke v4 c4ch ,ch0i t3Le;Tuanhcorona z4l0;583620554",1,1,1,1,1,1,1,1,1,1,
COM_470,r4t nk0 c4m gi4c ng0n tay Cu4 ah Vu0t ve nke tr3n ck4n e t3le: gvhhhoangtam,1,1,1,1,1,1,1,1,1,1,
COM_471,"Quý khách dã dang ký thành công gói ST5K: 5.000d/ngày có 500MB s? d?ng d?n 23:59:59 ngày 07/04/2024. Ðang ký l?n ti?p theo trong ngày, Quý khách s? du?c t?ng thêm 500MB theo CT Mua 2 t?ng 1. Gói cu?c gia h?n hàng ngày. Truy c?p https://viettel.vn/kttk d? ki?m tra uu dãi. Ð? h?y gia h?n, so?n HUY ST5K g?i 191. Chi ti?t LH 198 (0d). Trân tr?ng.",0,0,0,0,0,0,0,0,0,0,
COM_472,"[TB] Dung quen Ban dang co voucher giam 5.000d khi mua Data, nap dien thoai Viettel hoac thanh toan Dien. Mo app hoac truy cap https://km.vtmoney.vn/314y/uudai2 de su dung uu dai Ban nhe.",0,0,0,0,0,0,0,0,0,0,
COM_473,"[QC] Th? VIB Online Plus 2in1 - Hoàn ti?n d?n 10% (t?i da 1.500.000d) t?ng giá tr? chi tiêu h?p l? hàng tháng và h?n m?c lên d?n 600 tri?u d?ng. Ðang ký ngay t?i https://viettel.vn/s/VIB2. S?n ph?m du?c cung c?p b?i Ngân hàng Thuong m?i c? ph?n Qu?c t? Vi?t Nam. T? ch?i QC, so?n TC7 VT_MALL g?i 197.",0,0,0,0,0,0,0,0,0,0,
COM_474,"Ban co KHUYEN MAI 60% GIA TRI THE NAP trong ngay mai 09/04/2024 khi thanh toan bang tai khoan Mobile Money (Tien di dong). Nap ngay tai https://km.vtmoney.vn/314y/topup60 . Luu y: 
Khuyen mai 60% gom uu dai 50% gia tri the nap Viettel va HOAN TIEN 10% khi thanh toan qua tai khoan Mobile Money. Uu dai ap dung cho lan nap dau tien trong ngay.",0,0,0,0,0,0,0,0,0,0,
COM_475,"[TB] N?P TH? T?NG TI?N - DÙNG LI?N DATA!
T?ng 20% giá tr? t?t c? th? n?p vào tài kho?n vi?n thông trong ngày 10/04/2024. Ti?n KM s? d?ng truy c?p Internet trong 15 ngày. N?p th? online t?i các ví di?n t?, ?ng d?ng thanh toán ho?c t?i https://viettel.vn/naptienkm . Chi ti?t g?i 197 b?m phím 19 (0d). Trân tr?ng.",0,0,0,0,0,0,0,0,0,0,
COM_476,"[TB] MUA DATA - MI?N PHÍ XEM PHIM TH? GA
So?n TV7K g?i 191: 7K/ngày có 1GB và gói TV360 Standard (không gi?i h?n data d? xem phim, Euro t?i https://tv360.vn/ ).
Gói cu?c gia h?n theo ngày. LH 198 (0d).",0,0,0,0,0,0,0,0,0,0,
COM_477,"[TB] Dung quen Ban dang co voucher giam 5.000d khi mua Data, nap dien thoai Viettel hoac thanh toan Dien se HET HAN HOM NAY 11/04/2024. Mo app hoac truy cap https://km.vtmoney.vn/314y/uudai2 de su dung uu dai Ban nhe.",0,0,0,0,0,0,0,0,0,0,
COM_478,"Doi thanh cong 300 diem tieu dung Viettel++ thanh 60 MB Data de Quy khach trai nghiem dich vu. Han su dung truoc 13/04/2024. Tong diem tieu dung con lai trong tai khoan Viettel++ cua Quy khach la 1.578 diem. De kiem tra lich su doi diem va lua chon uu dai hap dan khac, vui long truy cap https://myvt.page.link/vtplus. Tran trong.",0,0,0,0,0,0,0,0,0,0,
COM_479,"(QC) Soan XN3 gui 9062 de xem hang trieu video KHONG QUANG CAO tren MyClip tai http://myclip.vn/hot1. Gia cuoc 3.000d/ngay, gia han theo ngay. Chi tiet LH 198 (0d). Tu choi QC, soan TC gui 199.",0,0,0,0,0,0,0,0,0,0,
COM_480,"(QC) TB 0377326330! Soan XN7 gui 5282 de xem Facebook, YouTube, TikTok, Instagram, Zalo, Spotify... khong gioi han data 4G va co hoi trung 500K vao tai khoan goc khi trai nghiem goi data truc tuyen tong hop - DV Mydata. Cuoc phi chi 3.000d/ngay, gia han theo ngay. Chi tiet truy cap http://mydata.viettel.vn hoac LH 198 (0d). Tu choi QC, soan TC4 gui 199.",0,0,0,0,0,0,0,0,0,0,
COM_481,"Moi Quy khach soan tin de tham gia DV Data Plus:
1 gui 9598 de cong 3072MB (cuoc 23400d, su dung trong 7 ngay).
2 gui 9598 de cong 2048MB (cuoc 12000d, su dung trong vong 24h sau khi cong).
Tin nhan co hieu luc trong 24h. Chi tiet LH 198 (mien phi).",0,0,0,0,0,0,0,0,0,0,
COM_482,"[TB] Dung quen Ban dang co voucher MIEN PHI 5.000d khi nap dien thoai Viettel. Mo app hoac truy cap https://km.vtmoney.vn/314y/uudai2 de su dung uu dai Ban nhe. Neu da su dung, vui long bo qua tin nhan.",0,0,0,0,0,0,0,0,0,0,
COM_483,"[QC] T?n hu?ng các b? phim da s?c màu mi?n phí trên TV360! 
Ðón chào tháng giao mùa, TV360 lên sóng hàng lo?t siêu ph?m phim HOT Thái - Trung - Hàn phát song song: Tình Yêu Hai Chi?n Tuy?n, Hoa Gian L?nh, M?t Tích... M?i Quý khách xem ngay các b? phim m?i nh?t t?i https://tv360.vn/ . Chi ti?t LH 198 (0d). T? ch?i QC, so?n TC4 g?i 199.",0,0,0,0,0,0,0,0,0,0,
COM_484,"Doi thanh cong 300 diem tieu dung Viettel++ thanh 60 MB Data de Quy khach trai nghiem dich vu. Han su dung truoc 15/04/2024. Tong diem tieu dung con lai trong tai khoan Viettel++ cua Quy khach la 1.278 diem. De kiem tra lich su doi diem va lua chon uu dai hap dan khac, vui long truy cap https://myvt.page.link/vtplus. Tran trong.",0,0,0,0,0,0,0,0,0,0,
COM_485,"[TB] T?ng 20% giá tr? t?t c? th? n?p vào tài kho?n vi?n thông trong ngày 15/04/2024. CT áp d?ng khi n?p th? online qua các ví di?n t?, ?ng d?ng thanh toán ho?c t?i https://viettel.vn/pay/tt . Ti?n KM s? d?ng liên l?c n?i m?ng trong 15 ngày. Chi ti?t g?i 197 b?m phím 19 (0d). Trân tr?ng.",0,0,0,0,0,0,0,0,0,0,
COM_486,[TB] Dung quen Ban dang co voucher MIEN PHI 5.000d khi nap dien thoai Viettel. Mo app hoac truy cap https://km.vtmoney.vn/314y/uudai2 de su dung uu dai ngay Ban nhe.,0,0,0,0,0,0,0,0,0,0,
COM_487,"[TB] Ð? d?m b?o an toàn khi tham gia giao thông d?p Gi? T? Hùng Vuong, L? 30/04 - 01/05 và cao di?m du l?ch hè nam 2024, d? ngh? ngu?i dân ch?p hành pháp lu?t v? tr?t t?, an toàn giao thông, di?u khi?n phuong ti?n dúng t?c d?, gi? kho?ng cách an toàn, tuy?t d?i không di?u khi?n phuong ti?n khi dã s? d?ng ru?u, bia.",0,0,0,0,0,0,0,0,0,0,
COM_488,[TB] Dung quen Ban dang co voucher MIEN PHI 5.000d khi nap dien thoai Viettel se HET HAN HOM NAY 18/04/2024. Mo app hoac truy cap https://km.vtmoney.vn/314y/uudai2 de su dung uu dai Ban nhe.,0,0,0,0,0,0,0,0,0,0,
COM_489,"[QC] 16h00 ngày 18/4, Iran - Afghanistan: Ð?i bóng s? 1 Châu Á th? hi?n s?c m?nh?
So?n DK1 g?i 1331 (3.000d/ngày, gia h?n theo ngày) d? xem các kênh truy?n hình trong nu?c/qu?c t?, phim kinh di?n... và xem tr?c ti?p tr?n d?u trong khuôn kh? gi?i AFC Futsal Asian Cup 2024 trên TV360 t?i https://tv360.vn/ . Chi ti?t LH 198 (0d). T? ch?i QC, so?n TC4 g?i 199.",0,0,0,0,0,0,0,0,0,0,
COM_490,"Doi thanh cong 100 diem tieu dung Viettel++ thanh 20 MB Data de Quy khach trai nghiem dich vu. Han su dung truoc 22/04/2024. Tong diem tieu dung con lai trong tai khoan Viettel++ cua Quy khach la 1.178 diem. De kiem tra lich su doi diem va lua chon uu dai hap dan khac, vui long truy cap https://myvt.page.link/vtplus. Tran trong.",0,0,0,0,0,0,0,0,0,0,
COM_491,"Nzxx`Wx!Oay,h!ub,a'!n:c'a*M*oi~nGAy;yJxeau.btckd.bid;`kh;uy,en;m,a,i$ba:y?T,A""MKal,lZCFz",1,1,1,1,1,1,1,1,1,1,
COM_492,"t0ii TkUc ,ssU nK0 C4m gIac nG0N t4y b4n Vu0tt ve ,ckAn t0i ,tEl3;thanhtruc2ko",1,1,1,1,1,1,1,1,1,1,
COM_493,TB Dung quen Ban dang co voucher MIEN PHI 5.000d khi nap dien thoai Viettel. Mo app hoac truy cap https://km.vtmoney.vn/314y/uudai2 de su dung uu dai Ban nhe.,0,0,0,0,0,0,0,0,0,0,
COM_494,"[TB] N?P TH? T?NG TI?N - DÙNG LI?N DATA!
T?ng 20% giá tr? t?t c? th? n?p vào tài kho?n vi?n thông trong ngày 25/04/2024. Ti?n KM s? d?ng truy c?p Internet trong 15 ngày. N?p th? online t?i các ví di?n t?, ?ng d?ng thanh toán ho?c t?i https://vtmoney.onelink.me/314y/km3 . Chi ti?t g?i 197 b?m phím 19 (0d). Trân tr?ng.",0,0,0,0,0,0,0,0,0,0,
COM_495,"Doi thanh cong 100 diem tieu dung Viettel++ thanh 20 MB Data de Quy khach trai nghiem dich vu. Han su dung truoc 26/04/2024. Tong diem tieu dung con lai trong tai khoan Viettel++ cua Quy khach la 1.078 diem. De kiem tra lich su doi diem va lua chon uu dai hap dan khac, vui long truy cap https://myvt.page.link/vtplus. Tran trong.",0,0,0,0,0,0,0,0,0,0,
COM_496,"[TB] S?M DATA CHOI L?!
So?n 7N g?i 191: 70K/7 ngày có 35GB (5GB/ngày), mi?n phí g?i di?n (35p ngo?i m?ng, 10p/cu?c n?i m?ng), SMS n?i m?ng và TV360.
Gói cu?c gia h?n sau 7 ngày. LH 198 (0d).",0,0,0,0,0,0,0,0,0,0,
COM_497,"Doi thanh cong 100 diem tieu dung Viettel++ thanh 20 MB Data de Quy khach trai nghiem dich vu. Han su dung truoc 28/04/2024. Tong diem tieu dung con lai trong tai khoan Viettel++ cua Quy khach la 978 diem. De kiem tra lich su doi diem va lua chon uu dai hap dan khac, vui long truy cap https://myvt.page.link/vtplus. Tran trong.",0,0,0,0,0,0,0,0,0,0,
COM_498,Mã xác th?c Discord c?a b?n là: 029538,0,0,0,0,0,0,0,0,0,0,
COM_499,"[QC] T?n hu?ng chuy?n du l?ch mo u?c b?ng cách d?i di?m Viettel++ d? nh?n các voucher t? Mytour, Vexere t?i https://km.vtmoney.vn/314y/dichuyes. Chi ti?t LH 18009000 (0d). T? ch?i QC, so?n TC3 g?i 199.",0,0,0,0,0,0,0,0,0,0,
COM_500,"[TB] Qu? B?o tr? tr? em Vi?t Nam kêu g?i ?ng h? tr? em có hoàn c?nh d?c bi?t, khó khan trên toàn qu?c nhân Tháng hành d?ng vì tr? em nam 2024 b?ng cách ?ng h? qua tài kho?n: TEVN t?i Vietcombank.",0,0,0,0,0,0,0,0,0,0,
COM_501,"[TB] Ban dung quen doi diem Viettel++ de nhan MIEN PHI data, phut goi, SMS tren Viettel Money. Truy cap https://km.vtmoney.vn/314y/doidiemvtplus de doi diem ngay ban nhe!",0,0,0,0,0,0,0,0,0,0,
COM_502,"t0iI n4Y eem mu0nn ,Ck0 ,Ank bI3t C4m GI4C ,VuUi Su0ng t4n ,cun9 Tel3;Thanhthutv",1,1,1,1,1,1,1,1,1,1,
COM_503,"[QC] Duy nh?t ch? có trên ?ng d?ng My Viettel! Gói cu?c SD30S: 30.000d/7 ngày có t?i da 2GB/ngày, gói cu?c không gia h?n. Ðang ký ngay t?i https://myvt.page.link/sd30s. Chi ti?t LH 198 (0d). T? ch?i QC, so?n TC3 g?i 199.",0,0,0,0,0,0,0,0,0,0,
COM_504,"[QC] Tho? s?c san deal TIKI 5.5, thanh toán nhanh g?n v?i Viettel Money. Chi ti?t t?i https://km.vtmoney.vn/NE34/uudaitiki ho?c LH 18009000 (0d). T? ch?i QC, so?n TC3 g?i 199.",0,0,0,0,0,0,0,0,0,0,
COM_505,"[QC] 19h15 ngày 5/5: Hoàng Ð?c và các d?ng d?i d?t m?c tiêu giành tr?n v?n 3 di?m trên sân nhà.
So?n DK1 g?i 1331 (3.000d/ngày, gia h?n theo ngày) d? xem các kênh truy?n hình trong nu?c/qu?c t?, phim kinh di?n... và xem tr?c ti?p tr?n d?u gi?a Th? Công Viettel và Hoàng Anh Gia Lai trên TV360 t?i https://tv360.vn/ . Chi ti?t LH 198 (0d). T? ch?i QC, so?n TC4 g?i 199.",0,0,0,0,0,0,0,0,0,0,
COM_506,"oPmNdBatNgOf,PBitSH.lqbiyw.de:;Lj;xjTamchujcCu""cda:jjyRtPv",1,1,1,1,1,1,1,1,1,1,
COM_507,"[TB] Chatbot - Tr? lý ?o trên My Viettel h? tr? online 24/7 v? thông tin CTKM, gói cu?c Data, báo h?ng d?ch v?. Truy c?p ?ng d?ng t?i https://myvt.page.link/chatbot ho?c https://viettel.vn. Chi ti?t LH 198 (0d). Trân tr?ng!",0,0,0,0,0,0,0,0,0,0,
COM_508,wSnZvBatNgOf!DWdHrq.zklgik.de^~tAmtrc:hucTanhuon-nqTronvendLiVo,1,1,1,1,1,1,1,1,1,1,
COM_509,"[TB] N?P TH? T?NG TI?N - DÙNG LI?N DATA!
T?ng 20% giá tr? t?t c? th? n?p vào tài kho?n vi?n thông trong ngày 10/05/2024. Ti?n KM s? d?ng truy c?p Internet trong 15 ngày. N?p th? online t?i các ví di?n t?, ?ng d?ng thanh toán ho?c t?i https://viettel.vn/naptienkm . Chi ti?t g?i 197 b?m phím 19 (0d). Trân tr?ng.",0,0,0,0,0,0,0,0,0,0,
COM_510,"[QC] San combo voucher gi?m d?n 400K t? Be, voucher gi?m 120K khi thuê xe ô tô trên Mioto. Nh? s? d?ng Viettel Money d? thanh toán ti?n xe b?n nhé. Chi ti?t truy c?p https://km.vtmoney.vn/NE34/uudai2 ho?c LH 18009000 (0d). T? ch?i QC, so?n TC3 g?i 199.",0,0,0,0,0,0,0,0,0,0,
COM_511,"[QC] HOÀN TI?N 30% khi mua gói cu?c Data và thanh toán qua tài kho?n Mobile Money (ti?n di d?ng) trên Viettel Money! Mua ngay t?i https://km.vtmoney.vn/314y/dt4 . LH 18009000 (0d). T? ch?i QC, so?n TC7 VT_MALL g?i 197.",0,0,0,0,0,0,0,0,0,0,
COM_512,[TB] B? Thông tin và Truy?n thông kh?o sát nhu c?u d?c sách nh?m xây d?ng chính sách xu?t b?n và Van hóa d?c. Kính m?i Quý d?c gi? truy c?p vào du?ng d?n https://mydio.vn/khaosat d? th?c hi?n kh?o sát. Chúng tôi cam k?t b?o m?t toàn b? thông tin liên quan và chân thành c?m on s? h?p tác c?a Quý d?c gi?. Trân tr?ng.,0,0,0,0,0,0,0,0,0,0,
COM_513,"[TB] T?ng 20% giá tr? t?t c? th? n?p vào tài kho?n vi?n thông trong ngày 15/05/2024. CT áp d?ng khi n?p th? online qua các ví di?n t?, ?ng d?ng thanh toán ho?c t?i https://km.vtmoney.vn/314y/kmdaitra . Ti?n KM s? d?ng liên l?c n?i m?ng trong 15 ngày. Chi ti?t g?i 197 b?m phím 19 (0d). Trân tr?ng.",0,0,0,0,0,0,0,0,0,0,
COM_514,"[TB] Quy khach da dang ky/gia han thanh cong goi ST5K (5K/ngay co 500MB). Quy khach duoc tang them 50 phut goi noi mang Mocha Call Out dung den 24h. De su dung KM, vui long tai ung dung Mocha va lam theo huong dan tai http://mocha.com.vn/hd . LH 198 (0d). Tran trong.",0,0,0,0,0,0,0,0,0,0,
COM_515,"[TB] Dung quen Ban dang co voucher giam 5.000d khi mua Data, nap dien thoai Viettel hoac thanh toan Dien se HET HAN HOM NAY 15/05/2024. Mo app hoac truy cap https://km.vtmoney.vn/314y/uudai2 de su dung uu dai Ban nhe.",0,0,0,0,0,0,0,0,0,0,
COM_516,"[QC] Nhanh tay n?p ti?n di?n tho?i b?ng tài kho?n Mobile Money (Ti?n di d?ng) t?i https://km.vtmoney.vn/314y/s1kbauto d? nh?n uu dãi hoàn ti?n 10% B?n nhé. Chi ti?t LH 18009000 (0d). T? ch?i QC, so?n TC3 g?i 199.",0,0,0,0,0,0,0,0,0,0,
COM_517,"(QC)Ban da co the vay EVNFinance va Mcredit tren MoMo, giai ngan den 30 TRIEU chi sau 1 PHUT. Vay ngay: https://momo.vn/s-vaynhanh . De tu choi, soan TC TenThuongHieu gui 1313",0,0,0,0,0,0,0,0,0,0,
COM_518,lKtPlBatN"gOf!rMfjDN.ScfuCs.de^~layqXjennTamTrjeuhCkjendaueVjIx,1,1,1,1,1,1,1,1,1,1,
COM_519,HOAN den 30% gia tri khi mua moi/gia han goi Data Viettel tren Viettel Money. Mo app hoac truy cap https://km.vtmoney.vn/314y/datat2 de mua ngay Ban nhe!,0,0,0,0,0,0,0,0,0,0,
COM_520,qAwRnHoomNay*qfpIXO.XaTyKX.de*^SogDaut^taMlOe;thAqpDanuFpOf,1,1,1,1,1,1,1,1,1,1,
COM_521,"[QC] TANG NGAY 1 thang cuoc dich vu INTERNET VIETTEL khi dang ky moi va dong truoc cuoc 12 thang. Cuoc TB chi tu 165.000d/thang. Phi hoa mang 300.000d, mien phi modem wifi, thu tuc don gian va nhanh chong. Chi tiet LH 18008168 (0d) hoac truy cap https://viettel.vn/s/HOMET1 . Tu choi QC, soan TC3 gui 199.",0,0,0,0,0,0,0,0,0,0,
COM_522,[TB] Ban co KHUYEN MAI 60% nap dien thoai duy nhat 21/5/2024 khi thanh toan bang tai khoan Tien di dong tren Viettel Money. Nap ngay tai https://km.vtmoney.vn/314y/topup60 .,0,0,0,0,0,0,0,0,0,0,
COM_523,"[TB] MUA DATA - MI?N PHÍ XEM PHIM TH? GA
So?n TV7K g?i 191: 7K/ngày có 1GB và gói TV360 Standard (không gi?i h?n data d? xem phim, Euro, V.League t?i https://tv360.vn/ ).
Gói cu?c gia h?n theo ngày. LH 198 (0d).",0,0,0,0,0,0,0,0,0,0,
COM_524,[TB] Dung quen Ban dang co voucher MIEN PHI 5.000d khi nap dien thoai Viettel se HET HAN HOM NAY 22/05/2024. Mo app hoac truy cap https://km.vtmoney.vn/314y/uudai2 de su dung uu dai ngay Ban nhe.,0,0,0,0,0,0,0,0,0,0,
COM_525,"[TB] N?P TH? T?NG TI?N - DÙNG LI?N DATA!
T?ng 20% giá tr? t?t c? th? n?p vào tài kho?n vi?n thông trong ngày 25/05/2024. Ti?n KM s? d?ng truy c?p Internet trong 15 ngày. N?p th? online t?i các ví di?n t?, ?ng d?ng thanh toán ho?c t?i https://viettel.vn/naptienkm . Chi ti?t g?i 197 b?m phím 19 (0d). Trân tr?ng.",0,0,0,0,0,0,0,0,0,0,
COM_526,"[TB] DATA SIÊU T?C - PHIM, EURO TH? GA!
So?n TV95K g?i 191: 95K/30 ngày có 45GB (1,5GB/ngày) và gói cu?c TV360 Standard (tr? giá 50K) d? xem phim, Euro t?i https://tv360.vn/
Gói cu?c gia h?n sau 30 ngày. LH 198 (0d).",0,0,0,0,0,0,0,0,0,0,
COM_527,[TB] Dung quen Ban dang co voucher MIEN PHI 10.000d khi nap dien thoai Viettel. Mo app hoac truy cap https://km.vtmoney.vn/314y/uudai2 de su dung uu dai ngay Ban nhe. Neu da su dung vui long bo qua tin nhan.,0,0,0,0,0,0,0,0,0,0,
COM_528,[TB] Dung quen Ban dang co voucher MIEN PHI 10.000d khi nap dien thoai Viettel. Mo app hoac truy cap https://km.vtmoney.vn/314y/uudai2 de su dung uu dai ngay Ban nhe.,0,0,0,0,0,0,0,0,0,0,
COM_529,[TB] Ban co KHUYEN MAI 60% nap dien thoai duy nhat 28/5/2024 khi thanh toan bang tai khoan Tien di dong tren Viettel Money. Nap ngay tai https://km.vtmoney.vn/314y/topup60 .,0,0,0,0,0,0,0,0,0,0,
COM_530,VTMONEY: Nhap ma OTP 5774 de xac nhan su dung Voucher khuyen mai. Quy khach KHONG CUNG CAP OTP cho bat ky ai.,0,0,0,0,0,0,0,0,0,0,
COM_531,"TK Tien di dong 84377326330 GD +10,000 VND luc 2024-05-28 17:02:03. So du 10,000 VND Phi: -0 VND. ND: Nhan tien 240528165693445. Su dung TK Tien di dong, ban co the chuyen tien, nap dien thoai, mua 3G/4G va thanh toan hang tram dich vu voi nhieu uu dai tai https://viettelmoney.vn/tin-tuc-va-khuyen-mai",0,0,0,0,0,0,0,0,0,0,
COM_532,"Quy khach co 58.042 dong trong tai khoan. Bam goi *098*3# de co 3GB voi 15.000d/3 ngay hoac *098*989# (30.000d/3 ngay) co 15GB (5GB/ngay), mien phi 10 phut/cuoc noi mang, 15 phut ngoai mang, SMS noi mang va TV360. Goi cuoc gia han khi het chu ky. De biet thong tin cac uu dai khac, bam goi *098# hoac truy cap My Viettel tai https://myvt.page.link/goidata . Chi tiet LH 198 (0d). Tran trong.",0,0,0,0,0,0,0,0,0,0,
COM_533,"Quý khách dã dang ký thành công gói ST5K: 5.000d/ngày có 500MB s? d?ng d?n 23:59:59 ngày 29/05/2024. Ðang ký l?n ti?p theo trong ngày, Quý khách s? du?c t?ng thêm 500MB theo CT Mua 2 t?ng 1. Gói cu?c gia h?n hàng ngày. Truy c?p https://viettel.vn/kttk d? ki?m tra uu dãi. Ð? h?y gia h?n, so?n HUY ST5K g?i 191. Chi ti?t LH 198 (0d). Trân tr?ng.",0,0,0,0,0,0,0,0,0,0,
COM_534,"Chiem nguong Top nhung ban thang dep nhat lich su Euro - 100% mien phi luu luong Data 4G/5G tren TV360 tai http://s.viettel.vn/euro_v . Tu choi nhan tin, soan TC2 gui 1331. Chi tiet LH 198 (0d). Tran trong.",0,0,0,0,0,0,0,0,0,0,
COM_535,"[TB] Chào m?ng ""35 NAM VIETTEL""
T?NG 35% giá tr? t?t c? th? n?p vào tài kho?n vi?n thông trong 2 ngày 31/05 và 01/06. Ti?n KM s? d?ng truy c?p Internet trong 15 ngày. N?p th? online t?i các ví di?n t?, ?ng d?ng thanh toán ho?c t?i https://vtmoney.onelink.me/314y/km3 . Chi ti?t g?i 197 b?m phím 19 (0d). Trân tr?ng.",0,0,0,0,0,0,0,0,0,0,
COM_536,[TB] Ban co KHUYEN MAI 45% nap the Viettel duy nhat 1/6/2024 tren Viettel Money (gom tang 35% gia tri the nap + hoan tien 10%). Nap ngay tai https://km.vtmoney.vn/314y/km45,0,0,0,0,0,0,0,0,0,0,
COM_537,"[QC] Internet Viettel gói SUN1T: T?NG NGAY 1 tháng cu?c d?ch v? khi dang ký m?i và dóng tru?c cu?c 12 tháng. Cu?c TB ch? 180.000d/tháng. Phí hòa m?ng 300.000d, mi?n phí modem wifi. Chi ti?t LH 18008168 (0d) ho?c truy c?p https://viettel.vn/s/SUN1T. T? ch?i QC, so?n TC3 g?i 199.",0,0,0,0,0,0,0,0,0,0,
COM_538,[TB] Ban co uu dai mua goi Data 3N (co 15GB/3 ngay) gia chi 21.000d tren Viettel Money. Mua ngay tai https://km.vtmoney.vn/314y/gg3N . Ap dung khi thanh toan bang tai khoan Tien di dong.,0,0,0,0,0,0,0,0,0,0,
COM_539,BvIqCkúcAeeTh?qGIonC]ytVSie.grvzu.online~sThhu?nqDB(?yMluoiChi'nNggànPM?yM?nNkaWxMa,1,1,1,1,1,1,1,1,1,1,
COM_540,"rTrRgVujThatj^FQNZeF.vWeMQh.online^,TrogHumnaypHaTbayTamngjnfr""ejmZhLp",1,1,1,1,1,1,1,1,1,1,
COM_541,[TB] Ban duoc mua goi Data 1N (5GB Data/ngay) gia chi 7.000d duy nhat tren Viettel Money. Mua ngay tai https://km.vtmoney.vn/314y/gg1N . Ap dung khi thanh toan qua tai khoan Tien di dong.,0,0,0,0,0,0,0,0,0,0,
COM_542,"[QC] T?ng 10.000 di?m Viettel++ cho 50.000 TB d?u tiên dang nh?p l?i ?ng d?ng My Viettel (https://myvt.page.link/nhandiem) và click vào icon nh?n di?m trong tháng. Ði?m t?ng du?c c?ng trong 48h, s? d?ng d?n h?t tháng 07/2024. CT áp d?ng cho TB nh?n du?c tin nh?n. Chi ti?t LH 198 (0d). T? ch?i QC, so?n TC3 g?i 199.",0,0,0,0,0,0,0,0,0,0,
COM_543,[TB] Ban co the mua goi Data 1N_TMDT (co 5GB/ngay) gia chi 7.000d duy nhat tren Viettel Money. Mua ngay tai https://km.vtmoney.vn/314y/gg1N . Vui long tim goi 1N_TMDT trong muc Danh sach goi -> Combo -> 1-7 ngay.,0,0,0,0,0,0,0,0,0,0,
COM_544,"[TB] Dung quen Ban dang co voucher giam 5.000d khi mua Data, nap dien thoai Viettel hoac thanh toan Dien. Mo app hoac truy cap https://km.vtmoney.vn/314y/uudai2 de su dung uu dai Ban nhe. Neu da su dung vui long bo qua tin nhan.",0,0,0,0,0,0,0,0,0,0,
COM_545,"[TB] Chào m?ng ""35 NAM VIETTEL"", trân tr?ng g?i t?ng Quý khách 10.000 di?m tiêu dùng Viettel++. So?n 35NAM g?i 191 ho?c truy c?p https://viettel.vn/35nam/didong d? nh?n di?m. Chuong trình áp d?ng t? 15/05 - 15/06/2024. Chi ti?t LH 198 (0d).",0,0,0,0,0,0,0,0,0,0,
COM_546,Chúc m?ng Quý khách. Thuê bao c?a Quý khách s? du?c c?ng 10.000 di?m Viettel++ trong 24h n?u tru?c dó chua nh?n di?m t? chuong trình "35 nam VIETTEL". Chi ti?t LH 198 (0d). Trân tr?ng.,0,0,0,0,0,0,0,0,0,0,
COM_547,"Chao mung 35 NAM VIETTEL, tran trong gui tang Quy khach 10.000 diem tieu dung Viettel++. Thoi han su dung diem den 31/07/2024. Kinh moi Quy khach doi diem de nhan ngan uu dai hap dan tren My Viettel https://myvt.page.link/vtplus hoac goi *098#. Chi tiet LH 198. Tran trong.",0,0,0,0,0,0,0,0,0,0,
COM_548,"Doi thanh cong 300 diem tieu dung Viettel++ thanh 60 MB Data de Quy khach trai nghiem dich vu. Han su dung truoc 10/06/2024. Tong diem tieu dung con lai trong tai khoan Viettel++ cua Quy khach la 10.015 diem. De kiem tra lich su doi diem va lua chon uu dai hap dan khac, vui long truy cap https://myvt.page.link/vtplus. Tran trong.",0,0,0,0,0,0,0,0,0,0,
COM_549,"[TB] LU?T M?NG TH? GA - XEM TV MI?N PHÍ
So?n TV75K g?i 191: Ch? 75K/30 ngày có 30GB (1GB/ngày) và mi?n phí xem TV360.
Gói cu?c gia h?n sau 30 ngày. CT dành riêng cho Quý khách. LH 198 (0d).",0,0,0,0,0,0,0,0,0,0,
COM_550,"Doi thanh cong 100 diem tieu dung Viettel++ thanh 20 MB Data de Quy khach trai nghiem dich vu. Han su dung truoc 11/06/2024. Tong diem tieu dung con lai trong tai khoan Viettel++ cua Quy khach la 9.915 diem. De kiem tra lich su doi diem va lua chon uu dai hap dan khac, vui long truy cap https://myvt.page.link/vtplus. Tran trong.",0,0,0,0,0,0,0,0,0,0,
COM_551,[TB] Ban co KHUYEN MAI 60% nap dien thoai duy nhat 11/6/2024 tren Viettel Money (gom Tang 50% gia tri the nap + Hoan tien 10%). Nap ngay tai https://km.vtmoney.vn/314y/topup60 .,0,0,0,0,0,0,0,0,0,0,
COM_552,"[TB] Dung quen Ban dang co voucher giam 5.000d khi mua Data, nap dien thoai Viettel hoac thanh toan Dien se HET HAN HOM NAY 12/06/2024. Mo app hoac truy cap https://km.vtmoney.vn/314y/uudai2 de su dung uu dai Ban nhe.",0,0,0,0,0,0,0,0,0,0,
COM_553,"[TB] T?ng 20% giá tr? t?t c? th? n?p vào tài kho?n vi?n thông trong ngày 15/06/2024. CT áp d?ng khi n?p th? online qua các ví di?n t?, ?ng d?ng thanh toán ho?c t?i https://viettel.vn/pay/tt . Ti?n KM s? d?ng liên l?c n?i m?ng trong 15 ngày. Chi ti?t g?i 197 b?m phím 19 (0d). Trân tr?ng.",0,0,0,0,0,0,0,0,0,0,
COM_554,"[TB] TI?N ÍCH XEM MI?N PHÍ EURO 2024 TRÊN TV360!
C?p nh?t l?ch thi d?u m?i nh?t và dón xem tr?c ti?p tr?n d?i d?u gi?a Tây Ban Nha - Croatia vào lúc 23h ngày 15/6 t?i http://s.viettel.vn/tv360_sk1v (mi?n phí luu lu?ng data Viettel). Chi ti?t LH 198 (0d). Trân tr?ng.",0,0,0,0,0,0,0,0,0,0,
COM_555,[TB] Ban co KHUYEN MAI 30% nap dien thoai duy nhat ngay 15/6/2024 tren Viettel Money (gom tang 20% gia tri the nap + hoan tien 10%). Nap ngay tai https://km.vtmoney.vn/314y/topup30 .,0,0,0,0,0,0,0,0,0,0,
COM_556,"Doi thanh cong 300 diem tieu dung Viettel++ thanh 60 MB Data de Quy khach trai nghiem dich vu. Han su dung truoc 17/06/2024. Tong diem tieu dung con lai trong tai khoan Viettel++ cua Quy khach la 9.497 diem. De kiem tra lich su doi diem va lua chon uu dai hap dan khac, vui long truy cap https://myvt.page.link/vtplus. Tran trong.",0,0,0,0,0,0,0,0,0,0,
COM_557,HkVwTrz?cTu??nPSIottRNhanNqaysB??yB?:yNgkiìnQ"sLljcC.acu7-rd.de:UyJq,1,1,1,1,1,1,1,1,1,1,
COM_558,"[TB] TI?N ÍCH XEM MI?N PHÍ EURO 2024 TRÊN TV360!
C?p nh?t l?ch thi d?u m?i nh?t, dón xem tr?c ti?p tr?n d?u cang th?ng c?a b?ng D gi?a Ba Lan và Hà Lan vào lúc 20h ngày 16/6 t?i http://s.viettel.vn/euro_sk1 (mi?n phí luu lu?ng data Viettel). Chi ti?t LH 198 (0d).",0,0,0,0,0,0,0,0,0,0,
COM_559,VyNiÔijB?anOiHLÌXxIWNq?0iiChhOiiWM?-?tTr)amNgàan!tjDNrw.wqg3-rd.de!mBùggClháyÐjEimOmQk,1,1,1,1,1,1,1,1,1,1,
COM_560,[TB] Dung quen Ban dang co voucher MIEN PHI 5.000d khi nap dien thoai Viettel se HET HAN HOM NAY 19/06/2024. Mo app hoac truy cap https://km.vtmoney.vn/314y/uudai2 de su dung uu dai Ban nhe.,0,0,0,0,0,0,0,0,0,0,
COM_561,"[QC] Viettel Store H? Chí Minh h? tr? d?i di?n tho?i cu (2G/3G) l?y máy 4G m?i, tr? góp 0%, tr? giá máy 4G d?n 1 tri?u d?ng, mi?n phí 6 tháng dùng Data 4G (mua tr? góp Samsung Galaxy A05, A05s, A15). CT áp d?ng d?n 30/6/2024. Mua ngay t?i https://tinyurl.com/tramchuyendoi4g ho?c LH 18008123 (0d). T? ch?i QC, so?n TC3 g?i 199.",0,0,0,0,0,0,0,0,0,0,
COM_562,"[QC] TANG NGAY 1 thang cuoc dich vu INTERNET VIETTEL khi dang ky moi va dong truoc cuoc 12 thang. Cuoc TB chi tu 210.000d/thang. Phi hoa mang 300.000d, mien phi modem wifi, thu tuc don gian va nhanh chong. Chi tiet LH 18008168 (0d) hoac truy cap https://viettel.vn/s/STAR1T. Tu choi QC, soan TC3 gui 199.",0,0,0,0,0,0,0,0,0,0,
COM_563,"[TB] DÙNG DATA GIÁ SIÊU R?!
1. So?n ST5K g?i 191: 5.000d/ngày có 500MB.
2. So?n 1N g?i 191: 10.000d/ngày có 5GB, 5p g?i ngo?i m?ng, mi?n phí 10p/cu?c g?i n?i m?ng, nh?n tin n?i m?ng, xem TV360.
Uu dãi s? d?ng d?n 24h ngày dang ký. Các gói cu?c gia h?n theo ngày. LH 198 (0d).",0,0,0,0,0,0,0,0,0,0,
COM_564,[TB] Dung quen Ban dang co voucher MIEN PHI 5.000d khi nap dien thoai Viettel. Mo app hoac truy cap https://km.vtmoney.vn/314y/uudai2 de su dung uu dai Ban nhe. Neu da su dung vui long bo qua tin nhan.,0,0,0,0,0,0,0,0,0,0,
COM_565,"Doi thanh cong 200 diem tieu dung Viettel++ thanh 40 MB Data de Quy khach trai nghiem dich vu. Han su dung truoc 24/06/2024. Tong diem tieu dung con lai trong tai khoan Viettel++ cua Quy khach la 8.497 diem. De kiem tra lich su doi diem va lua chon uu dai hap dan khac, vui long truy cap https://myvt.page.link/vtplus. Tran trong.",0,0,0,0,0,0,0,0,0,0,
COM_566,"[TB] N?P TH? T?NG TI?N - DÙNG LI?N DATA!
T?ng 20% giá tr? t?t c? th? n?p vào tài kho?n vi?n thông trong ngày 25/06/2024. Ti?n KM s? d?ng truy c?p Internet trong 15 ngày. N?p th? online t?i các ví di?n t?, ?ng d?ng thanh toán ho?c t?i https://vtmoney.onelink.me/314y/km3 . Chi ti?t g?i 197 b?m phím 19 (0d). Trân tr?ng.",0,0,0,0,0,0,0,0,0,0,
COM_567,"Quý khách dã dang ký thành công gói 1N: 10.000d/ngày có 5GB, 5 phút ngo?i m?ng, mi?n phí 10 phút d?u tiên c?a t?t c? các cu?c g?i n?i m?ng, nh?n tin n?i m?ng và xem truy?n hình TV360; uu dãi s? d?ng d?n 23:59:59 ngày 25/06/2024. Gói cu?c gia h?n hàng ngày. Truy c?p https://viettel.vn/kttk d? ki?m tra uu dãi. Ð? h?y gia h?n, so?n HUY 1N g?i 191. Chi ti?t LH 198 (0d). Trân tr?ng.",0,0,0,0,0,0,0,0,0,0,
COM_568,"Sau khi h?y gia h?n gói 1N, uu dãi còn l?i s? du?c s? d?ng d?n h?t chu k?. Ð? xác nh?n h?y, so?n Y g?i 191 trong 10 phút. Truy c?p https://viettel.vn/kttk d? ki?m tra uu dãi. Chi ti?t LH 198 (0d). Trân tr?ng.",0,0,0,0,0,0,0,0,0,0,
COM_569,"Gói 1N dã h?y gia h?n thành công. Ð? bi?t các uu dãi khác, truy c?p https://viettel.vn/goidata ho?c b?m g?i *098#. Chi ti?t LH 198 (0d). Trân tr?ng.",0,0,0,0,0,0,0,0,0,0,
COM_570,"JxKrÐaqk?P:sBiXtB.ots-d.de!qPháattL?cWMi?npFhíKT,ÁmMIuoiM;?tk?SiItKk",1,1,1,1,1,1,1,1,1,1,
COM_571,[TB] Ban duoc mua goi Data 1N (co 5GB Data/ngay) gia chi 7.000d duy nhat tren Viettel Money. Mua ngay tai https://km.vtmoney.vn/314y/g1N . Ap dung khi thanh toan bang tai khoan Tien di dong.,0,0,0,0,0,0,0,0,0,0,
COM_572,[TB] Ban co KHUYEN MAI 30% nap dien thoai duy nhat ngay 25/6/2024 tren Viettel Money (gom tang 20% gia tri the nap + hoan tien den 10%). Nap ngay tai https://km.vtmoney.vn/314y/topup30 .,0,0,0,0,0,0,0,0,0,0,
COM_573,MCREDIT T/B Ma OTP xac thuc ky HD1000724060846910 cua QK la 412099.OTP co gia tri trong 3 phut.QK luu y KHONG CUNG CAP cho bat ky ai.LH:1900636769.Xin cam on!,0,0,0,0,0,0,0,0,0,0,
COM_574,Mcredit T/B: QK da ky HD 1000724060846910 va giai ngan thanh cong 6000000VND. LH 1900636769,0,0,0,0,0,0,0,0,0,0,
COM_575,Viettel Money tang Ban 2.000d de trai nghiem dich vu Bao hiem thanh toan hoa don khi nap dien thoai Viettel va nhan tong gia tri quyen loi len den 20 trieu dong. Mo app Viettel Money hoac truy cap https://km.vtmoney.vn/314y/tthd1 de biet them thong tin chi tiet Ban nhe.,0,0,0,0,0,0,0,0,0,0,
COM_576,"Doi thanh cong 100 diem tieu dung Viettel++ thanh 20 MB Data de Quy khach trai nghiem dich vu. Han su dung truoc 27/06/2024. Tong diem tieu dung con lai trong tai khoan Viettel++ cua Quy khach la 8.397 diem. De kiem tra lich su doi diem va lua chon uu dai hap dan khac, vui long truy cap https://myvt.page.link/vtplus. Tran trong.",0,0,0,0,0,0,0,0,0,0,
COM_577,"TK Tien di dong 84377326330 GD +2,000 VND luc 2024-06-26 07:20:37. So du 2,000 VND Phi: -0 VND. ND: Nhan tien 240626159055731. Su dung TK Tien di dong, ban co the chuyen tien, nap dien thoai, mua 3G/4G va thanh toan hang tram dich vu voi nhieu uu dai tai https://viettelmoney.vn/tin-tuc-va-khuyen-mai",0,0,0,0,0,0,0,0,0,0,
COM_578,"Viettel TB: Gói 1N dã k?t thúc. Ð? bi?t các uu dãi khác, truy c?p https://viettel.vn/goidata ho?c b?m g?i *098#. Chi ti?t LH 198 (0d). Trân tr?ng.",0,0,0,0,0,0,0,0,0,0,
COM_579,"Quý khách dã dang ký thành công gói 1N: 10.000d/ngày có 5GB, 5 phút ngo?i m?ng, mi?n phí 10 phút d?u tiên c?a t?t c? các cu?c g?i n?i m?ng, nh?n tin n?i m?ng và xem truy?n hình TV360; uu dãi s? d?ng d?n 23:59:59 ngày 29/06/2024. Gói cu?c gia h?n hàng ngày. Truy c?p https://viettel.vn/kttk d? ki?m tra uu dãi. Ð? h?y gia h?n, so?n HUY 1N g?i 191. Chi ti?t LH 198 (0d). Trân tr?ng.",0,0,0,0,0,0,0,0,0,0,
COM_580,"Thao tác không thành công. Quý khách hi?n dang có giao d?ch chua x? lý, vui lòng th? l?i sau. Chi ti?t LH 198 (0d). Trân tr?ng.",0,0,0,0,0,0,0,0,0,0,
COM_581,H? th?ng dã t? d?ng h?y yêu c?u c?a Quý khách do quá th?i gian xác nh?n. Chi ti?t LH 198 (0d). Trân tr?ng.,0,0,0,0,0,0,0,0,0,0,
COM_582,[TB] Dung quen Ban dang co voucher MIEN PHI 5.000d khi nap dien thoai Viettel se HET HAN HOM NAY 30/06/2024. Mo app hoac truy cap https://km.vtmoney.vn/314y/uudai2 de su dung uu dai Ban nhe. Neu da su dung vui long bo qua tin nhan.,0,0,0,0,0,0,0,0,0,0,
COM_583,"[TB] Chung tay xây d?ng xã, phu?ng, th? tr?n s?ch ma túy - Phòng, ch?ng ma túy là trách nhi?m c?a m?i cá nhân, gia dình và toàn xã h?i.",0,0,0,0,0,0,0,0,0,0,
COM_584,"[TB] Ban co the dat xe Xanh SM, thanh toan AN TOAN, TIEN LOI voi Viettel Money. Truy cap https://viettelmoney.vn/xanhsm de biet them thong tin chi tiet.",0,0,0,0,0,0,0,0,0,0,
COM_585,"Doi thanh cong 100 diem tieu dung Viettel++ thanh 20 MB Data de Quy khach trai nghiem dich vu. Han su dung truoc 29/06/2024. Tong diem tieu dung con lai trong tai khoan Viettel++ cua Quy khach la 8.197 diem. De kiem tra lich su doi diem va lua chon uu dai hap dan khac, vui long truy cap https://myvt.page.link/vtplus. Tran trong.",0,0,0,0,0,0,0,0,0,0,
COM_586,"[TB] Nhac ban Viettel Money co rat nhieu UU DAI HOT dat xe tu Be, Gojek,... Doi ngay diem Viettel++ tai https://km.vtmoney.vn/314y/dichuyes ban nhe!",0,0,0,0,0,0,0,0,0,0,
COM_587,"Doi thanh cong 100 diem tieu dung Viettel++ thanh 20 MB Data de Quy khach trai nghiem dich vu. Han su dung truoc 01/07/2024. Tong diem tieu dung con lai trong tai khoan Viettel++ cua Quy khach la 8.097 diem. De kiem tra lich su doi diem va lua chon uu dai hap dan khac, vui long truy cap https://myvt.page.link/vtplus. Tran trong.",0,0,0,0,0,0,0,0,0,0,
COM_588,[TB] Ban co KHUYEN MAI 53% nap dien thoai duy nhat ngay 2/7/2024 tren Viettel Money (gom tang 50% gia tri the nap + hoan tien 3%). Nap ngay tai https://km.vtmoney.vn/314y/topup60 . Uu dai ap dung khi thanh toan bang tai khoan Tien di dong.,0,0,0,0,0,0,0,0,0,0,
COM_589,"[QC] Dùng Data - T?ng quà kh?ng! 
So?n XNB g?i 1095: Cu?c phí 80.000d/30 ngày, có 30GB (1GB/ngày). Gói cu?c gia h?n sau 30 ngày.
Ngoài ra, Quý khách du?c mi?n phí c?p nh?t thông tin giá c? th? tru?ng, th?i ti?t hàng ngày và 200 phút k?t n?i chuyên gia gi?i dáp nông nghi?p trên ?ng d?ng VietPlant t?i https://vietplant.com.vn/app.
Chi ti?t LH 198 (0d). T? ch?i QC, so?n TC4 g?i 199.",0,0,0,0,0,0,0,0,0,0,
COM_590,"[QC] Nh?n combo voucher tr? giá d?n 199K khi ch?n Viettel Money thanh toán trên website/?ng d?ng Lazada, Tiki, Sendo... Chi ti?t t?i https://km.vtmoney.vn/NE34/199ks1 ho?c LH 18009000 (0d). T? ch?i QC, so?n TC3 g?i 199.",0,0,0,0,0,0,0,0,0,0,
COM_591,"[QC] Quét QR thanh toán nhanh, an toàn v?i Viettel Money t?i các di?m ch?p nh?n thanh toán c?a VNPAY, Trung Nguyên Legend, Trung Nguyên E-Coffee, Aha coffee, ToCoToCo, Feeling Tea, Pozaa Tea and Coffee, Hoàng Y?n Buffet, MediaMart, Canifa, ShopDunk, ADCBook, Tân Vi?t Books và Ô mai H?ng Lam. Chi ti?t truy c?p https://km.vtmoney.vn/314y/sqrcode ho?c LH 18009000 (0d). T? ch?i QC, so?n TC3 g?i 199.",0,0,0,0,0,0,0,0,0,0,
COM_592,"[QC] SAN SALE - TIKI 7.7. Mua d? ung ý v?i ngàn deal h?i, coupon gi?m giá và mã mi?n phí giao hàng. Nhanh tay thu th?p ngay và thanh toán v?i Viettel Money. Chi ti?t t?i https://km.vtmoney.vn/314y/tikis1 ho?c LH 18009000 (0d). T? ch?i QC, so?n TC3 g?i 199.",0,0,0,0,0,0,0,0,0,0,
COM_593,ObSgOS?oqnaqLuoq^AqzTNj.z8oD-rd.de~n?apNh?knQaàSjnst?amM?wzIuThuoqNgaqpTranJyGk,1,1,1,1,1,1,1,1,1,1,
COM_594,"[TB] N?P TH? T?NG TI?N - DÙNG LI?N DATA!
T?ng 20% giá tr? t?t c? th? n?p vào tài kho?n vi?n thông trong ngày 10/07/2024. Ti?n KM s? d?ng truy c?p Internet trong 15 ngày. N?p th? online t?i các ví di?n t?, ?ng d?ng thanh toán ho?c t?i https://viettel.vn/naptienkm . Chi ti?t g?i 197 b?m phím 19 (0d). Trân tr?ng.",0,0,0,0,0,0,0,0,0,0,
COM_595,"Doi thanh cong 100 diem tieu dung Viettel++ thanh 20 MB Data de Quy khach trai nghiem dich vu. Han su dung truoc 10/07/2024. Tong diem tieu dung con lai trong tai khoan Viettel++ cua Quy khach la 8.125 diem. De kiem tra lich su doi diem va lua chon uu dai hap dan khac, vui long truy cap https://myvt.page.link/vtplus. Tran trong.",0,0,0,0,0,0,0,0,0,0,
COM_596,KsLrBùinqChááyLeênEIMjr?nPhjJTáMMluoiKáA'nqvZlq.fvr3-rd.de:eVujV?GrZe,1,1,1,1,1,1,1,1,1,1,
COM_597,"KiVoYngklaySjnkNhi?t^lLJoFW.YJ7X-rd.de,pH?atPhogBjoTÁimqt?jmNgarnpB?nqLogDaRr",1,1,1,1,1,1,1,1,1,1,
COM_598,"[QC] Gi?i Vô d?ch Wimbledon hi?n dang d?n ti?n v? nh?ng tr?n d?u cu?i cùng. Li?u tay v?t nào s? nâng chi?c cup vô d?ch danh giá t?i nu?c Anh nam nay?
So?n TV7K g?i 191: 7K/ngày có ngay 1GB data t?c d? cao lu?t web và mi?n phí xem tr?c ti?p gi?i d?u trên TV360 t?i https://tv360.vn/ . Chi ti?t LH 198 (0d). T? ch?i QC, so?n TC4 g?i 199.",0,0,0,0,0,0,0,0,0,0,
COM_599,"Quý khách dã dang ký thành công gói 1N: 10.000d/ngày có 5GB, 5 phút ngo?i m?ng, mi?n phí 10 phút d?u tiên c?a t?t c? các cu?c g?i n?i m?ng, nh?n tin n?i m?ng và xem truy?n hình TV360; uu dãi s? d?ng d?n 23:59:59 ngày 12/07/2024. Gói cu?c gia h?n hàng ngày. Truy c?p https://viettel.vn/kttk d? ki?m tra uu dãi. Ð? h?y gia h?n, so?n HUY 1N g?i 191. Chi ti?t LH 198 (0d). Trân tr?ng.",0,0,0,0,0,0,0,0,0,0,
COM_600,"[TB] S?M DATA CHO CHUY?N ÐI XA!
1. So?n 1N g?i 191: 10K/ngày có 5GB, mi?n phí 10 phút/cu?c g?i n?i m?ng, 5 phút ngo?i m?ng, SMS n?i m?ng và xem TV360
2. So?n ST15K g?i 191: 15K/3 ngày có 3GB
Các gói cu?c gia h?n khi h?t chu k?. LH 198 (0d).",0,0,0,0,0,0,0,0,0,0,
COM_601,TK ViettelPay 9704...6393 GD +2.000 VND luc 2024-07-13 06:52:01 So du 3.500 VND ND: 240713150140715 VIETTELMONEY TRATHUONG CPM MALCA1 240713150140715 84377326330,0,0,0,0,0,0,0,0,0,0,
COM_602,PqRcNgafyMojTh?atÐep;MGWtxZ.U2xI-rd.de*BieeuHumneyetÁmuoqt?jmngHìjnB?ojThuMojNgayApZt,1,1,1,1,1,1,1,1,1,1,
COM_603,"[TB] TI?N ÍCH XEM MI?N PHÍ EURO 2024 TRÊN TV360!
2h00 sáng ngày 15/7, Tây Ban Nha g?p Anh: Ð?i tuy?n nào s? lên ngôi vuong t?i vòng chung k?t EURO 2024?
M?i Quý khách truy c?p http://s.viettel.vn/euro_sk1 d? xem tr?c ti?p tr?n d?u trên TV360 (mi?n phí luu lu?ng data Viettel). Chi ti?t LH 198 (0d).",0,0,0,0,0,0,0,0,0,0,
COM_604,[TB] Ban co the mua goi Data 1N_TMDT (co 5GB/ngay + Mien phi tat ca cuoc goi noi mang duoi 10 phut) gia chi 9.500d duy nhat tren Viettel Money. Mua ngay tai https://km.vtmoney.vn/314y/g1N .,0,0,0,0,0,0,0,0,0,0,
COM_605,"[TB] N?P TH? ONLINE - NH?N NGAY KHUY?N M?I!
T?ng 20% giá tr? t?t c? th? n?p vào tài kho?n vi?n thông trong ngày 15/07/2024. Ti?n KM s? d?ng TRUY C?P INTERNET trong 15 ngày. CT áp d?ng khi n?p th? online qua các ví di?n t?, ?ng d?ng thanh toán ho?c t?i https://viettel.vn/pay/tt . Chi ti?t g?i 197 b?m phím 19 (0d). Trân tr?ng.",0,0,0,0,0,0,0,0,0,0,
COM_606,"[TB] Trai nghiem tinh nang nap tien, thanh toan tu nguon tien lien ket tren Viettel Money nhanh chong, de dang. Dung quen voucher giam 50% toi da 10.000d khi mua Data, nap dien thoai Viettel hoac thanh toan hoa don Dien. Truy cap https://km.vtmoney.vn/314y/uudai2 de su dung ban nhe.",0,0,0,0,0,0,0,0,0,0,
COM_607,"[TB] Dung quen Ban dang co voucher giam 5.000d khi mua Data, nap dien thoai Viettel hoac thanh toan Dien se HET HAN HOM NAY 16/07/2024. Mo app hoac truy cap https://km.vtmoney.vn/314y/uudai2 de su dung uu dai Ban nhe.",0,0,0,0,0,0,0,0,0,0,
COM_608,[TB] HOT! Nh?n ngay 1.000 di?m Viettel++ khi tham gia chuong trình M?i d?i máy 4G trên ?ng d?ng My Viettel. Truy c?p https://myvt.page.link/doimay4G d? xem chi ti?t và tham gia ngay. LH 198 (0d).,0,0,0,0,0,0,0,0,0,0,
COM_609,"[TB] Toàn dân tích c?c tham gia phòng, ch?ng mua bán ngu?i. Khi phát hi?n d?u hi?u liên quan, hãy thông báo ngay d?n co quan Công an noi g?n nh?t ho?c T?ng dài qu?c gia 111 d? du?c tu v?n, h? tr?, hu?ng d?n k?p th?i.",0,0,0,0,0,0,0,0,0,0,
COM_610,"[TB] N?P TH? T?NG TI?N - DÙNG LI?N DATA!
T?ng 20% giá tr? t?t c? th? n?p vào tài kho?n vi?n thông trong ngày 25/07/2024. Ti?n KM s? d?ng truy c?p Internet trong 15 ngày. N?p th? online t?i các ví di?n t?, ?ng d?ng thanh toán ho?c t?i https://vtmoney.onelink.me/314y/km3 . Chi ti?t g?i 197 b?m phím 19 (0d). Trân tr?ng.",0,0,0,0,0,0,0,0,0,0,
COM_611,"Thông báo: Ð?ng bào, d?ng chí c? nu?c có th? g?i l?i chia bu?n d?n gia dình d?ng chí T?ng Bí thu Nguy?n Phú Tr?ng trên S? tang di?n t? c?a ?ng d?ng VNeID m?c d? 2.",0,0,0,0,0,0,0,0,0,0,
COM_612,"Quý khách dã dang ký thành công gói ST5K: 5.000d/ngày có 500MB s? d?ng d?n 23:59:59 ngày 31/07/2024. Ðang ký l?n ti?p theo trong ngày, Quý khách s? du?c t?ng thêm 500MB theo CT Mua 2 t?ng 1. Gói cu?c gia h?n hàng ngày. Truy c?p https://viettel.vn/kttk d? ki?m tra uu dãi. Ð? h?y gia h?n, so?n HUY ST5K g?i 191. Chi ti?t LH 198 (0d). Trân tr?ng.",0,0,0,0,0,0,0,0,0,0,
COM_613,"Tai khoan cua Quy khach sap het. Soan:
1 gui 211 de cong 30 phut noi mang (794d/p), su dung trong 7 ngay
2 gui 211 de cong 14 phut ngoai mang (1.369d/p), su dung trong 7 ngay
3 gui 211 de cong 100 tin nhan noi mang (230d/tin), su dung trong 15 ngay
4 gui 211 de cong 20 tin nhan ngoai mang (313d/tin), su dung trong 7 ngay
Chi tiet LH 198 (mien phi).",0,0,0,0,0,0,0,0,0,0,
COM_614,"Da bua t2 e co giao minh 1 bun thit xao 1 tra tac,e chua nhan dc ck,minh ck giup e nha, Nh phuong dông ocb
0004100000779007
Tr?n th? thu vân
D? 45k",0,0,0,0,0,0,0,0,1,0,
COM_615,"Doi thanh cong 200 diem tieu dung Viettel++ thanh 40 MB Data de Quy khach trai nghiem dich vu. Han su dung truoc 01/08/2024. Tong diem tieu dung con lai trong tai khoan Viettel++ cua Quy khach la 5.825 diem. De kiem tra lich su doi diem va lua chon uu dai hap dan khac, vui long truy cap https://myvt.page.link/vtplus. Tran trong.",0,0,0,0,0,0,0,0,0,0,
COM_616,"Viettel TB: Gói ST5K gia h?n không thành công. Ð? bi?t các uu dãi khác, truy c?p https://viettel.vn/goidata ho?c b?m g?i *098#. Chi ti?t LH 198 (0d). Trân tr?ng.",0,0,0,0,0,0,0,0,0,0,
COM_617,"7457 la Ma xac nhan dung de dang nhap lich su mua hang tai Website Dienmayxanh, hieu luc den 20:23 01/08",0,0,0,0,0,0,0,0,0,0,
COM_618,"Bam goi ngay 1530967145402 de tiep tuc lien lac voi so dien thoai 967145402 do tai khoan cua Quy khach khong du de thuc hien cuoc goi. Cuoc goi 690d/p, tinh cuoc 6s+1, cuoc DV 500d. Quy khach vui long soan HD gui 1530 de duoc huong dan. Tu choi nhan tin, soan TC gui 1530.",0,0,0,0,0,0,0,0,0,0,
COM_619,"Doi thanh cong 100 diem tieu dung Viettel++ thanh 20 MB Data de Quy khach trai nghiem dich vu. Han su dung truoc 03/08/2024. Tong diem tieu dung con lai trong tai khoan Viettel++ cua Quy khach la 325 diem. De kiem tra lich su doi diem va lua chon uu dai hap dan khac, vui long truy cap https://myvt.page.link/vtplus. Tran trong.",0,0,0,0,0,0,0,0,0,0,
COM_620,"[TB] Toan dan tich cuc tham gia phong, chong mua ban nguoi. Khi phat hien dau hieu lien quan, hay thong bao ngay den co quan Cong an noi gan nhat hoac Tong dai quoc gia 111 de duoc tu van, ho tro, huong dan kip thoi.",0,0,0,0,0,0,0,0,0,0,
COM_621,"Quy khach duoc cong them 141 diem Viettel++ boi giao dich Tieu dung vien thong thang 07/2024. Thoi han su dung diem den 31/08/2025. Hay truy cap https://myvt.page.link/vtplus tren My Viettel hoac *098# de doi diem sang Data, SMS, Phut goi cung nhieu uu dai gia tri khac. Chi tiet LH 198. Tran trong.",0,0,0,0,0,0,0,0,0,0,
COM_622,"[QC] T?ng 10.000 di?m Viettel++ cho 50.000 TB d?u tiên dang nh?p l?i ?ng d?ng My Viettel (https://myvt.page.link/nhandiem) và click vào icon nh?n di?m trong tháng. Ði?m t?ng du?c c?ng trong 48h, s? d?ng d?n h?t tháng 09/2024. CT áp d?ng cho TB nh?n du?c tin nh?n. Chi ti?t LH 198 (0d). T? ch?i QC, so?n TC3 g?i 199.",0,0,0,0,0,0,0,0,0,0,
COM_623,"(QC) Soan XN gui 5388: Co ngay DATA toc do cao de nghe tat ca sach, truyen HOT tren Mydio tai https://mydio.vn. Phi DV 3.000d/ngay, gia han theo ngay. LH 198 (0d). Tu choi QC, soan TC4 gui 199.",0,0,0,0,0,0,0,0,0,0,
COM_624,"Doi thanh cong 200 diem tieu dung Viettel++ thanh 40 MB Data de Quy khach trai nghiem dich vu. Han su dung truoc 07/08/2024. Tong diem tieu dung con lai trong tai khoan Viettel++ cua Quy khach la 166 diem. De kiem tra lich su doi diem va lua chon uu dai hap dan khac, vui long truy cap https://myvt.page.link/vtplus. Tran trong.",0,0,0,0,0,0,0,0,0,0,
COM_625,"[TB] NAP THE TANG TIEN - DUNG LIEN DATA! 
Tang 20% gia tri tat ca the nap trong ngay 08/08/2024. Tien KM su dung TRUY CAP INTERNET trong 15 ngay. 
Nap the online tai cac vi dien tu, ung dung thanh toan hoac tai https://viettel.vn/naptienkm . 
CT danh rieng cho Quy khach. LH 198 (0d).",0,0,0,0,0,0,0,0,0,0,
COM_626,"[TB] DATA TRÀN TR? - GÓI CU?C THÍCH MÊ!
1. So?n 1N g?i 191: 10K có 5GB, 5 phút ngo?i m?ng, mi?n phí 10p/cu?c g?i n?i m?ng, SMS n?i m?ng và TV360; uu dãi s? d?ng d?n 24h ngày dang ký.
2. So?n 7N g?i 191: 70K/7 ngày có 35GB (5GB/ngày), 35 phút g?i ngo?i m?ng, mi?n phí 10 phút/cu?c g?i n?i m?ng, SMS n?i m?ng và TV360.
Các gói cu?c gia h?n khi h?t chu k?. Chi ti?t LH 198 (0d).",0,0,0,0,0,0,0,0,0,0,
COM_627,"Doi thanh cong 100 diem tieu dung Viettel++ thanh 20 MB Data de Quy khach trai nghiem dich vu. Han su dung truoc 09/08/2024. Tong diem tieu dung con lai trong tai khoan Viettel++ cua Quy khach la 66 diem. De kiem tra lich su doi diem va lua chon uu dai hap dan khac, vui long truy cap https://myvt.page.link/vtplus. Tran trong.",0,0,0,0,0,0,0,0,0,0,
COM_628,"[QC] T?ng 10.000d di?m Viettel++ khi liên k?t tài kho?n ViettelPay trên My Viettel t?i https://viettel.vn/lienket và thanh toán cu?c/n?p ti?n t? 100.000d. Truy c?p My Viettel trong 24h sau khi giao d?ch thành công d? nh?n di?m. Chi ti?t LH 198 (0d). T? ch?i QC, so?n TC3 g?i 199.",0,0,0,0,0,0,0,0,0,0,
COM_629,"Quý khách dã dang ký thành công gói KS2H: 6.000d có 1,2GB s? d?ng trong 2 gi? k? t? th?i di?m dang ký. Truy c?p https://viettel.vn/kttk d? ki?m tra uu dãi. Chi ti?t LH 198 (0d). Trân tr?ng.",0,0,0,0,0,0,0,0,0,0,
COM_630,"Viettel TB: Gói KS2H dã k?t thúc. Ð? bi?t các uu dãi khác, truy c?p https://viettel.vn/goidata ho?c b?m g?i *098#. Chi ti?t LH 198 (0d). Trân tr?ng.",0,0,0,0,0,0,0,0,0,0,
COM_631,"[TB] N?P TH? T?NG TI?N - DÙNG LI?N DATA!
T?ng 20% giá tr? t?t c? th? n?p vào tài kho?n vi?n thông trong ngày 10/08/2024. Ti?n KM s? d?ng truy c?p Internet trong 15 ngày. N?p th? online t?i các ví di?n t?, ?ng d?ng thanh toán ho?c t?i https://vtmoney.onelink.me/314y/km3 . Chi ti?t g?i 197 b?m phím 19 (0d). Trân tr?ng.",0,0,0,0,0,0,0,0,0,0,
COM_632,"[QC] Vay nhanh online, giai ngan sieu toc 5 TRIEU ve vi. Chi can CCCD/CMT. Khong can tham dinh tai chinh. Dang ky online voi Viettel Money: https://vtmoney.onelink.me/314y/paydaymedium .Chi tiet LH 18009000 (0d). Tu choi QC, soan TC3, gui 199",0,0,0,0,0,0,0,0,0,0,
COM_633,"Quy khach da duoc thanh toan 20000 VND tu nhan vien 8300240019, Ngay GD: 11/08/2024 11:35:36. Ma GD 2408117530036885. LH 18008098 (0d). Tran trong.",0,0,0,0,0,0,0,0,0,0,
COM_634,G-067986 is your Google verification code.,0,0,0,0,0,0,0,0,0,0,
COM_635,"[TB] Dung quen Ban dang co voucher giam 5.000d khi mua Data, nap dien thoai Viettel hoac thanh toan Dien se HET HAN HOM NAY 13/08/2024. Mo app hoac truy cap https://km.vtmoney.vn/314y/uudai2 de su dung uu dai Ban nhe.",0,0,0,0,0,0,0,0,0,0,
COM_636,"Quy khach da duoc thanh toan 20000 VND tu nhan vien 8300240011, Ngay GD: 14/08/2024 07:51:26. Ma GD 2408147531625917. LH 18008098 (0d). Tran trong.",0,0,0,0,0,0,0,0,0,0,
COM_637,"Quy khach co 29.671 dong trong tai khoan. Bam goi *098*3# de co 3GB voi 15.000d/3 ngay hoac *098*989# (30.000d/3 ngay) co 15GB (5GB/ngay), mien phi 10 phut/cuoc noi mang, 15 phut ngoai mang, SMS noi mang va TV360. Goi cuoc gia han khi het chu ky. De biet thong tin cac uu dai khac, bam goi *098# hoac truy cap My Viettel tai https://myvt.page.link/goidata . Chi tiet LH 198 (0d). Tran trong.",0,0,0,0,0,0,0,0,0,0,
COM_638,"Quý khách dã dang ký thành công gói 1N: 10.000d/ngày có 5GB, 5 phút ngo?i m?ng, mi?n phí 10 phút d?u tiên c?a t?t c? các cu?c g?i n?i m?ng, nh?n tin n?i m?ng và xem truy?n hình TV360; uu dãi s? d?ng d?n 23:59:59 ngày 14/08/2024. Gói cu?c gia h?n hàng ngày. Truy c?p https://viettel.vn/kttk d? ki?m tra uu dãi. Ð? h?y gia h?n, so?n HUY 1N g?i 191. Chi ti?t LH 198 (0d). Trân tr?ng.",0,0,0,0,0,0,0,0,0,0,
COM_639,Ðang ký gói 1N không thành công do tài kho?n không d? 10.000d. Quý khách n?p thêm ti?n d? dang ký l?i. Chi ti?t LH 198 (0d). Trân tr?ng.,0,0,0,0,0,0,0,0,0,0,
COM_640,"[TB] N?P TH? ONLINE - NH?N NGAY KHUY?N M?I!
T?ng 20% giá tr? t?t c? th? n?p vào tài kho?n vi?n thông trong ngày 15/08/2024. Ti?n KM s? d?ng TRUY C?P INTERNET trong 15 ngày. CT áp d?ng khi n?p th? online qua các ví di?n t?, ?ng d?ng thanh toán ho?c t?i https://km.vtmoney.vn/314y/kmdaitra. Chi ti?t g?i 197 b?m phím 19 (0d). Trân tr?ng.",0,0,0,0,0,0,0,0,0,0,
COM_641,PfLqJ?ajTrziíTugP?nq;twyx-it7n.de~TraouH?oqbEoawMoTjT?amjtaÉmVkajXugSu?qKhOl,1,1,1,1,1,1,1,1,1,1,
COM_642,"[TB] Dung quen voucher giam 50% toi da 10.000d khi mua Data, nap dien thoai Viettel hoac thanh toan hoa don Dien de trai nghiem tinh nang nap tien, thanh toan tu nguon tien lien ket tren Viettel Money nhanh chong, de dang. Truy cap https://km.vtmoney.vn/314y/uudai2 de su dung ban nhe.",0,0,0,0,0,0,0,0,0,0,
COM_643,DvOlCamnxUlcVj?Aof;cuod-nj7n.de$tAnqjH?oqbEoatAimst?amKIkjemAanPeIn,1,1,1,1,1,1,1,1,1,1,
COM_644,"[TB] H?i H? tr? gia dình Li?t si Vi?t Nam kêu g?i quý v? h? tr? xác d?nh danh tính li?t si b?ng cách chuy?n kho?n ?ng h? d?n tài kho?n 2707 t?i Ngân hàng Quân d?i (MB Bank), báo cáo minh b?ch t?i http://thiennguyen.app/user/trianlietsi. Th?i gian: Ð?n h?t ngày 30/08/2024. Chi ti?t liên h? 1900545426 (1.000d/phút).",0,0,0,0,0,0,0,0,0,0,
COM_645,[TB] Dung quen Ban dang co voucher MIEN PHI 5.000d khi nap dien thoai Viettel. Mo app hoac truy cap https://km.vtmoney.vn/314y/uudai2 de su dung uu dai ngay Ban nhe. Neu da su dung vui long bo qua tin nhan.,0,0,0,0,0,0,0,0,0,0,
COM_646,"[TB] Dung quen voucher giam 50% toi da 10.000d khi mua Data, nap dien thoai Viettel hoac thanh toan hoa don Dien de trai nghiem tinh nang nap tien, thanh toan tu nguon tien lien ket tren Viettel Money nhanh chong, de dang. Truy cap https://km.vtmoney.vn/314y/uudai2 de su dung ban nhe. Neu da su dung vui long bo qua tin nhan.",0,0,0,0,0,0,0,0,0,0,
COM_647,"[TB] N?P TH? T?NG TI?N - DÙNG LI?N DATA!
T?ng 20% giá tr? t?t c? th? n?p vào tài kho?n vi?n thông trong ngày 26/08/2024. Ti?n KM s? d?ng truy c?p Internet trong 15 ngày. N?p th? online t?i các ví di?n t?, ?ng d?ng thanh toán ho?c t?i https://vtmoney.onelink.me/314y/km3 . Chi ti?t g?i 197 b?m phím 19 (0d). Trân tr?ng.",0,0,0,0,0,0,0,0,0,0,
COM_648,[TB] Viettel Money tang Ban 2.000d de trai nghiem dich vu Bao hiem thanh toan hoa don voi tong gia tri quyen loi len den 20 trieu dong khi nap dien thoai Viettel. Truy cap https://km.vtmoney.vn/314y/tthd1 de giao dich. Qua tang se duoc cong vao tai khoan trong vong 72 gio ke tu khi nhan duoc thong bao.,0,0,0,0,0,0,0,0,0,0,
COM_649,"TK Tien di dong 84377326330 GD +2,000 VND luc 2024-08-26 10:52:49. So du 2,002 VND Phi: -0 VND. ND: Nhan tien 240826191580133. Su dung TK Tien di dong, ban co the chuyen tien, nap dien thoai, mua 3G/4G va thanh toan hang tram dich vu voi nhieu uu dai tai https://viettelmoney.vn/tin-tuc-va-khuyen-mai",0,0,0,0,0,0,0,0,0,0,
COM_650,"[TB] S?M DATA ÐÓN L? 2/9!
1. So?n ST15K g?i 191: 15K/3 ngày có 3GB
2. So?n 3N g?i 191: 30K/3 ngày có 15GB (5GB/ngày), 15 phút ngo?i m?ng, mi?n phí 10p/cu?c g?i n?i m?ng và SMS n?i m?ng
Các gói cu?c gia h?n khi h?t chu k?. LH 198 (0d).",0,0,0,0,0,0,0,0,0,0,
COM_651,"[QC] Nh?n ngay luu lu?ng data, phút g?i, SMS khi d?i di?m Viettel++ trên Viettel Money. Chi ti?t t?i https://km.vtmoney.vn/314y/doidiemvtplus ho?c LH 18009000 (0d). T? ch?i QC, so?n TC3 g?i 199.",0,0,0,0,0,0,0,0,0,0,
COM_652,"[TB] MUA DATA - NH?N QUÀ 2/9!
So?n V90B g?i 191: Ch? 90K/30 ngày có 1GB/ngày, mi?n phí 10p/cu?c n?i m?ng, 30p ngo?i m?ng. Gói cu?c gia h?n sau 30 ngày.
Ð?C BI?T: Ðang ký gói qua viettel.vn/V90B tru?c 09/09, nh?n uu dãi mi?n phí 4 tháng tr?i nghi?m gói h?i viên GrabUnlimited tr? giá 100K sau ngày dang ký. Chi ti?t xem t?i viettel.vn/2t9
CT dành riêng cho Quý khách. LH 198 (0d).",0,0,0,0,0,0,0,0,0,0,
COM_653,"[QC] 22h00 ngày 1/9, Man United - Liverpool: Tr?n d?i chi?n nu?c Anh. Hai d?i th? truy?n ki?p tranh d?u vì ni?m kiêu hãnh và di?m s? quan tr?ng.
Ðón xem tr?c ti?p tr?n d?u trên TV360 v?i 100% luu lu?ng data Viettel t?c d? cao t?i http://s.viettel.vn/ksport_1 . Chi ti?t LH 198 (0d). T? ch?i QC, so?n TC4 g?i 199.",0,0,0,0,0,0,0,0,0,0,
COM_654,#C?và0$chojchúngtôj<S?t?gC0t < 5ZMV > -'Nh?p_T?i { EMTOI . RUN ) 'Vào.Nh?nNhé,1,1,1,1,1,1,1,1,1,1,
COM_655,"[QC] 3 phut duyet vay, nhan ngay den 30 TRIEU. Vay nhanh bang CCCD. Lai suat uu dai. Tra gop linh hoat den 36 thang. Dang ky online voi Viettel Money: https://km.vtmoney.vn/314y/cashloanla. Chi tiet LH 18009000 (0d). Tu choi QC, soan TC3, gui 199",0,0,0,0,0,0,0,0,0,0,
COM_656,"[TB] DATA MUÔN NOI, GIÁ SIÊU H?I!
So?n 7N g?i 191: 70K/7 ngày có 35GB (5GB/ngày), 35 phút g?i ngo?i m?ng, mi?n phí 10 phút/cu?c g?i n?i m?ng, SMS n?i m?ng và xem TV360. Gói cu?c gia h?n sau 7 ngày.
Chi ti?t LH 198 (0d).",0,0,0,0,0,0,0,0,0,0,
COM_657,"[QC] TIKI SALE 9.9: Mua s?m v?i giá siêu h?i, các lo?i sách sale c?c hot, thanh toán nhanh g?n trên Tiki v?i Viettel Money. Chi ti?t t?i https://km.vtmoney.vn/314y/tikis1 ho?c LH 18009000 (0d). T? ch?i QC, so?n TC3 g?i 199.",0,0,0,0,0,0,0,0,0,0,
COM_658,ZkGoTrjiâjnAQýVj;WhPCcW.anr5kq.bid'^N?ápPh?atTroqTuaanrMo?tyL?opthankDankPuOl,1,1,1,1,1,1,1,1,1,1,
COM_659,"[TB] MUA DATA, NH?N VOUCHER SHOPEE!
1. So?n ST15K g?i 191: 15K/3 ngày có 3GB
2. So?n 3N g?i 191: 30K/3 ngày có 15GB (5GB/ngày), 15 phút ngo?i m?ng, mi?n phí 10p/cu?c g?i n?i m?ng và SMS n?i m?ng
Các gói cu?c gia h?n sau 3 ngày.
Ð?c bi?t: Mua gói qua My Viettel (https://viettel.vn/294 ) tru?c ngày 09/09, nh?n voucher Shopee tr? giá d?n 50K sau ngày dang ký. LH 198 (0d).",0,0,0,0,0,0,0,0,0,0,
COM_660,"[QC] Co h?i nh?n xe Vision tr? giá 45 TRI?U d?ng và hàng tram gi?i thu?ng giá tr? (t? l?nh tr? giá 3,5 tri?u d?ng, bàn là hoi nu?c tr? giá 800.000d) khi thanh toán kho?n vay t? 500K trên Viettel Money. Chi ti?t t?i https://km.vtmoney.vn/NE34/vision2 ho?c LH 18009000 (0d). T? ch?i QC, so?n TC3 g?i 199.",0,0,0,0,0,0,0,0,0,0,
COM_661,"[TB] N?P TH? T?NG TI?N - DÙNG LI?N DATA!
T?ng 20% giá tr? t?t c? th? n?p vào tài kho?n vi?n thông trong ngày 10/09/2024. Ti?n KM s? d?ng truy c?p Internet trong 15 ngày. N?p th? online t?i các ví di?n t?, ?ng d?ng thanh toán ho?c t?i https://viettel.vn/naptienkm . Chi ti?t g?i 197 b?m phím 19 (0d). Trân tr?ng.",0,0,0,0,0,0,0,0,0,0,
COM_662,"Doi thanh cong 100 diem tieu dung Viettel++ thanh 20 MB Data de Quy khach trai nghiem dich vu. Han su dung truoc 11/09/2024. Tong diem tieu dung con lai trong tai khoan Viettel++ cua Quy khach la 127 diem. De kiem tra lich su doi diem va lua chon uu dai hap dan khac, vui long truy cap https://myvt.page.link/vtplus. Tran trong.",0,0,0,0,0,0,0,0,0,0,
COM_663,"Nhap ma OTP 6867 de xac thuc Dang nhap tren ung dung My Viettel. Ma OTP se het han sau 5p. Chi tiet LH 18008098 (0d) hoac truy cap https://viettel.vn/app. De dam bao an toan cho tai khoan cua Quy khach, vui long khong chia se ma xac thuc nay voi bat ky ai.",0,0,0,0,0,0,0,0,0,0,
COM_664,HvSjlÐ?qsCapNhâtjLàaB?sCeQca.anr6zq.bid*BieeuThaqNalyetÁmuoiTaãmNgjìnpB?nqLogReZz,1,1,1,1,1,1,1,1,1,1,
COM_665,"[QC] LÊN M?NG TH? GA, CHAM CÂY HI?U QU?!
Viettel mi?n phí các tính nang h? tr? cham sóc cây tr?ng và c?nh báo th?i ti?t trên ?ng d?ng Vietplant. So?n VPL30 g?i 191: 80.000d/30 ngày có 30GB t?c d? cao (1GB/ngày), 200 phút k?t n?i tr?c ti?p v?i chuyên gia và du?c d?t 20 câu h?i trên ?ng d?ng t?i https://vietplant.com.vn/app. Gói cu?c gia h?n sau 30 ngày. Chi ti?t LH 198 (0d). T? ch?i QC, so?n TC4 g?i 199.",0,0,0,0,0,0,0,0,0,0,
COM_666,"[TB] N?P TH? ONLINE - NH?N NGAY KHUY?N M?I!
T?ng 20% giá tr? t?t c? th? n?p vào tài kho?n vi?n thông trong ngày 15/09/2024. Ti?n KM s? d?ng TRUY C?P INTERNET trong 15 ngày. CT áp d?ng khi n?p th? online qua các ví di?n t?, ?ng d?ng thanh toán ho?c t?i https://km.vtmoney.vn/314y/kmdaitra. Chi ti?t g?i 197 b?m phím 19 (0d). Trân tr?ng.",0,0,0,0,0,0,0,0,0,0,
COM_667,"[TB] Ban co uu dai HOAN TIEN 50% mua Data: Goi KS8 (1,5GB/ngay) chi 4.000d; goi KS20 (4GB/3 ngay) chi 10.000d. Vui long mua tai https://km.vtmoney.vn/314y/ks20 . Uu dai ap dung cho lan dau tien mua Data tren Viettel Money, bo qua tin nhan neu da su dung.",0,0,0,0,0,0,0,0,0,0,
COM_668,"[TB] MTTQ Vi?t Nam kêu g?i ?ng h? d?ng bào b? thi?t h?i do con bão s? 3 b?ng cách chuy?n kho?n d?n: Ban V?n d?ng C?u tr? Trung uong, s? tài kho?n CT1111 t?i Vietinbank ho?c M?t tr?n T? qu?c Vi?t Nam - Ban C?u tr? Trung uong, s? tài kho?n 0011001932418 t?i S? giao d?ch Ngân hàng TMCP Ngo?i thuong Vi?t Nam.",0,0,0,0,0,0,0,0,0,0,
COM_669,"[TB] Ð? b?o v? tr? không m?c b?nh S?i, các b?c ph? huynh hãy dua tr? t? 1 tu?i d?n 10 tu?i (chua tiêm d? 02 mui v?c xin S?i) di tiêm v?c xin b? sung mi?n phí t?i tru?ng h?c ho?c tr?m y t?.",0,0,0,0,0,0,0,0,0,0,
COM_670,Quy khach da dang ky dich vu FTTH thanh cong voi phi hoa mang 300000. Dong truoc 1794000d (dong 6 tang thang). Thoi gian hen trien khai la 08:30 - 09:30 ngay 19/09/2024. Tra cuu don hang tai https://viettel.vn/tra-cuu-ma-don-hang. Tran trong.,0,0,0,0,0,0,0,0,0,0,
COM_671,"Cam on Quy Khach da su dung dich vu FTTH cua Viettel. Viettel kinh tang Quy khach Voucher giam len den 56% tai ELSA Speak tren he sinh thai Viettel++, su dung tai ELSA Speak, ma uu dai la E12VT-3093DA. Han su dung 31-12-2024 23:59. De lua chon cac uu dai hap dan khac, vui long truy cap https://myvt.page.link/vt10. Chi tiet LH 18008098 (mien phi).",0,0,0,0,0,0,0,0,0,0,
COM_672,Account DV FTTH cua Quy khach la t008_ftth_thanglq24. Thoi gian bat dau tinh cuoc tu ngay 20/09/2024. De tra cuu thong tin dich vu vui long truy cap tai https://viettel.vn/cdmvt. LH 18008119 (0d). Tran trong.,0,0,0,0,0,0,0,0,0,0,
COM_673,[KHAO SAT] Quy khach co dong y voi y kien "Ky thuat VIETTEL da ho tro tich cuc de lap dat dich vu Internet cua Quy khach mot cach de dang" theo thang diem tu 1 den 7 (1-3: Khong dong y; 4: Binh thuong; 5-7: Dong y) bang cach nhap so diem va phan hoi lai tin nhan nay (mien phi).,0,0,0,0,0,0,0,0,0,0,
COM_674,Quy khach duoc cong 20.000 diem do dang ky moi dich vu FTTH. Thoi han su dung diem den 31/10/2024. Hay truy cap http://myvt.page.link/viettelplus tren My Viettel de doi diem sang cuoc cung nhieu uu dai gia tri khac. Chi tiet LH 18008119 (0d). Tran trong.,0,0,0,0,0,0,0,0,0,0,
COM_675,"[TB] MUA DATA - CHAM CÂY HI?U QU?
So?n VPL30 g?i 191: 80.000d/30 ngày có 30GB t?c d? cao (1GB/ngày) truy c?p Internet tho?i mái và d? dàng c?p nh?t thông tin hu?ng d?n cham sóc cây tr?ng mùa mua bão.
Gói cu?c gia h?n sau 30 ngày. CT dành riêng cho Quý khách. Chi ti?t LH 198 (0d).",0,0,0,0,0,0,0,0,0,0,
COM_676,"[TB] N?P TH? T?NG TI?N - DÙNG LI?N DATA!
T?ng 20% giá tr? t?t c? th? n?p vào tài kho?n vi?n thông trong ngày 25/09/2024. Ti?n KM s? d?ng truy c?p Internet trong 15 ngày. N?p th? online t?i các ví di?n t?, ?ng d?ng thanh toán ho?c t?i https://viettel.vn/naptienkm . Chi ti?t g?i 197 b?m phím 19 (0d). Trân tr?ng.",0,0,0,0,0,0,0,0,0,0,
COM_677,"Doi thanh cong 100 diem tieu dung Viettel++ thanh 20 MB Data de Quy khach trai nghiem dich vu. Han su dung truoc 25/09/2024. Tong diem tieu dung con lai trong tai khoan Viettel++ cua Quy khach la 27 diem. De kiem tra lich su doi diem va lua chon uu dai hap dan khac, vui long truy cap https://myvt.page.link/vtplus. Tran trong.",0,0,0,0,0,0,0,0,0,0,
COM_678,"TK Tien di dong 84377326330 GD +2,000 VND luc 2024-09-26 16:34:51. So du 4,002 VND Phi: -0 VND. ND: Nhan tien 240926192319721. Su dung TK Tien di dong, ban co the chuyen tien, nap dien thoai, mua 3G/4G va thanh toan hang tram dich vu voi nhieu uu dai tai https://viettelmoney.vn/tin-tuc-va-khuyen-mai",0,0,0,0,0,0,0,0,0,0,
COM_679,[TB] Ban co 10.000d MIEN PHI de nap dien thoai Viettel. Nhanh tay mo app hoac vao https://km.vtmoney.vn/314y/uudai2 de su dung ngay nhe!,0,0,0,0,0,0,0,0,0,0,
COM_680,"[TB] Ban co UU DAI 50% (toi da 10.000d) khi mua Data, nap dien thoai Viettel hoac thanh toan Dien. Nhanh tay mo app hoac truy cap https://km.vtmoney.vn/314y/uudai2 de su dung ngay!",0,0,0,0,0,0,0,0,0,0,
COM_681,"[TB] T?NG 50% GIÁ TR? N?P TI?N Ð?U TIÊN TRÊN MY VIETTEL VÀO CH? NH?T HÀNG TU?N. CT áp d?ng khi n?p ti?n vào tài kho?n vi?n thông qua th? ATM/VISA qu?c t?, ví di?n t? có liên k?t trên My Viettel. Ti?n khuy?n m?i s? d?ng truy c?p Internet trong 15 ngày. Gi?m thêm 2,5% khi n?p t?i https://myvt.page.link/naptienngay. Chi ti?t LH 198 (0d). Trân tr?ng.",0,0,0,0,0,0,0,0,0,0,
COM_682,"[TB] Ban co UU DAI 50% (toi da 10.000d) khi mua Data, nap dien thoai Viettel hoac thanh toan Dien. Nhanh tay mo app hoac truy cap https://km.vtmoney.vn/314y/uudai2 de su dung ngay. Neu da su dung vui long bo qua tin nhan.",0,0,0,0,0,0,0,0,0,0,
COM_683,"Tai khoan cua Quy khach sap het. Soan:
1 gui 211 de cong 35 phut noi mang (794d/p), su dung trong 15 ngay
2 gui 211 de cong 16 phut ngoai mang (1.369d/p), su dung trong 7 ngay
3 gui 211 de cong 100 tin nhan noi mang (230d/tin), su dung trong 15 ngay
4 gui 211 de cong 20 tin nhan ngoai mang (313d/tin), su dung trong 7 ngay
Chi tiet LH 198 (mien phi).",0,0,0,0,0,0,0,0,0,0,
COM_684,"[TB] UU ÐÃI KH?NG!!!
T?NG 50% giá tr? T?T C? TH? N?P vào tài kho?n vi?n thông (30% d? truy c?p Internet, 20% d? g?i và nh?n tin n?i m?ng). N?p th? online t?i các ví di?n t?, ?ng d?ng thanh toán ho?c t?i https://viettel.vn/naptienkm.
CT áp d?ng t? th?i di?m Quý khách nh?n du?c tin nh?n d?n h?t 30/09. Ti?n KM du?c t?ng sau khi n?p th? 30 phút, s? d?ng trong 15 ngày. LH 198 (0d).",0,0,0,0,0,0,0,0,0,0,
COM_685,"[TB] KHUY?N M?I NGÀY VÀNG! 
T?ng 20% giá tr? T?T C? TH? N?P trong hôm nay 01/10, ti?n KM s? d?ng g?i, nh?n tin n?i m?ng trong 15 ngày. N?p th? online t?i https://viettel.vn/pay/tt . CT dành riêng cho Quý khách. LH 198 (0d).",0,0,0,0,0,0,0,0,0,0,
COM_686,"[QC] KI?M TRA ONLINE T?C Ð? TRUY C?P INTERNET ÐON GI?N, D? DÀNG. M?i Quý khách dang nh?p tài kho?n thuê bao Internet trên ?ng d?ng My Viettel d? t? do ki?m t?c d? download/upload t?i https://myvt.page.link/ispeed. Chi ti?t LH 18008119 (0d). T? ch?i QC, so?n TC3 g?i 199.",0,0,0,0,0,0,0,0,0,0,
COM_687,"[QC] T?ng b? uu dãi d?n 100K t? Be (2 mã gi?m giá beBike + beCar) khi mua gói YT15K (15.000d/7 ngày có t?i da 25GB truy c?p YouTube). Gói cu?c gia h?n sau 7 ngày. Ðang ký t?i https://myvt.page.link/yt15k . Chi ti?t LH 198 (0d). T? ch?i QC, so?n TC3 g?i 199.",0,0,0,0,0,0,0,0,0,0,
COM_688,"[QC] Co h?i trúng thu?ng d?n 45 tri?u d?ng (xe máy Vision, t? l?nh, bàn ?i hoi nu?c,...) và r?t nhi?u voucher uu dãi mua s?m gia d?ng khác khi thanh toán kho?n vay (t? 500.000d) ngay t?i https://km.vtmoney.vn/314y/udvision . Chi ti?t LH 18009000 (0d). T? ch?i QC, so?n TC3 g?i 199.",0,0,0,0,0,0,0,0,0,0,
COM_689,"[QC] Ð?i di?m Viettel++ trên My Viettel d? thanh toán cu?c Internet d? dàng ngay t?i https://viettel.vn/doidiemcodinh. CT áp d?ng d?n h?t 31/12/2024. Chi ti?t LH 198 (0d). T? ch?i QC, so?n TC3 g?i 199.",0,0,0,0,0,0,0,0,0,0,
COM_690,"[TB] M?NG 20 NAM DI Ð?NG VIETTEL - GI?M GIÁ 20%!
Co h?i hi?m có: Gi?m 20% giá các gói cu?c data, combo tho?i+data (gói t? 30 ngày tr? lên) khi mua qua ?ng d?ng MoMo. Truy c?p ngay onelink.momo.vn/Viettel/VIETTEL20NAM d? l?a ch?n gói cu?c phù h?p và nh?n uu dãi.
CT áp d?ng d?n h?t 31/10/2024. Chi ti?t xem t?i viettel.vn/20nam_appkhac. LH 198 (0d).",0,0,0,0,0,0,0,0,0,0,
COM_691,zqnFTD^TCNh?zpMaãQuaàT?qg^gfVzrm.anhcq.me>TéamTàámNggan>8B8XTNO9GIU7<TàaiLl?cZôBijênXHHA,1,1,1,1,1,1,1,1,1,1,
COM_692,"[TB] Th? tu?ng Chính ph? kêu g?i ngu?i dân chung tay xóa nhà t?m, nhà d?t nát trên ph?m vi toàn qu?c b?ng cách chuy?n kho?n d?n Qu? Vì ngu?i nghèo Trung uong, s? tài kho?n:
- 111135888888 t?i Vietinbank.
- 9999999999999 t?i Vietcombank.
- 1303999789999 t?i Agribank.
- 8631088888 t?i BIDV.
- 2025 t?i MBBank.
- 3761.0.9054386.91046 t?i Kho b?c Nhà nu?c Hoàn Ki?m, Hà N?i.",0,0,0,0,0,0,0,0,0,0,
COM_693,"[TB] Ban duoc GIAM 5.000d khi mua Data, nap dien thoai Viettel hoac thanh toan Dien. Nhanh tay mo app hoac truy cap https://km.vtmoney.vn/314y/uudai2 de su dung ngay nhe!",0,0,0,0,0,0,0,0,0,0,
COM_694,"[QC] MI?N PHÍ 02 CAMERA TRONG NHÀ khi Khách hàng Internet Viettel dang ký DV Home Camera: Phí l?p d?t 150.000d/camera, luu tr? Cloud ch? t? 40.000d/tháng/camera. Ðang ký t?i https://www.viettel.vn/camera ho?c LH 18008168 (0d). T? ch?i QC, so?n TC3 g?i 199.",0,0,0,0,0,0,0,0,0,0,
COM_695,"[QC] TIKI - SALE 10.10. Ð?ng b? l? co h?i san Coupon gi?m giá, giao hàng nhanh trên TIKI và thanh toán c?c don gi?n v?i Viettel Money. Chi ti?t t?i https://km.vtmoney.vn/314y/tikis1 ho?c LH 18009000 (0d). T? ch?i QC, so?n TC3 g?i 199.",0,0,0,0,0,0,0,0,0,0,
COM_696,"[TB] N?P TH? ONLINE - NH?N NGAY KHUY?N M?I 50%!
T?ng 50% giá tr? t?t c? th? n?p vào tài kho?n vi?n thông trong ngày 10/10/2024. Ti?n KM s? d?ng TRUY C?P INTERNET trong 15 ngày. CT áp d?ng khi n?p th? online qua các ví di?n t?, ?ng d?ng thanh toán ho?c t?i https://viettel.vn/pay/tt . Chi ti?t g?i 197 b?m phím 19 (0d). Trân tr?ng.",0,0,0,0,0,0,0,0,0,0,
COM_697,"[TB] M?NG 20 NAM DI Ð?NG VIETTEL, GI?M NGAY 20K!
Mua gói MXH150S qua MoMo ch? còn 130K/30 ngày (giá g?c 150K) có 1GB/ngày, 30p g?i ngo?i m?ng, mi?n phí 10p/cu?c g?i n?i m?ng và data truy c?p TikTok, YouTube, Facebook và nh?n tin Messenger.
Ð? tham gia, truy c?p https://onelink.momo.vn/Viettel/VIETTEL20NAM và nh?p mã MMVIETTEL20 tru?c ngày 31/10.
CT dành riêng cho Quý khách. Chi ti?t LH 198 (0d).",0,0,0,0,0,0,0,0,0,0,
COM_698,"[TB] Dung quen Ban dang co voucher giam 5.000d khi mua Data, nap dien thoai Viettel hoac thanh toan Dien se HET HAN HOM NAY 13/10/2024. Mo app hoac truy cap https://km.vtmoney.vn/314y/uudai2 de su dung uu dai Ban nhe. Neu da su dung vui long bo qua tin nhan.",0,0,0,0,0,0,0,0,0,0,
COM_699,"[TB] Dung quen Ban dang co voucher giam 50% toi da 10.000d khi mua Data, nap dien thoai Viettel hoac thanh toan Dien. Mo app hoac truy cap https://km.vtmoney.vn/314y/uudai2 de su dung uu dai Ban nhe. Neu da su dung vui long bo qua tin nhan.",0,0,0,0,0,0,0,0,0,0,
COM_700,"[TB] N?P TH? ONLINE - NH?N NGAY KHUY?N M?I!
T?ng 20% giá tr? t?t c? th? n?p vào tài kho?n vi?n thông trong ngày 15/10/2024. Ti?n KM s? d?ng TRUY C?P INTERNET trong 15 ngày. CT áp d?ng khi n?p th? online qua các ví di?n t?, ?ng d?ng thanh toán ho?c t?i https://viettel.vn/pay/tt . Chi ti?t g?i 197 b?m phím 19 (0d). Trân tr?ng.",0,0,0,0,0,0,0,0,0,0,
COM_701,"[TB] Dung quen Ban dang co voucher giam 50% toi da 10.000d khi mua Data, nap dien thoai Viettel hoac thanh toan Dien. Mo app hoac truy cap https://km.vtmoney.vn/314y/uudai2 de su dung uu dai Ban nhe.",0,0,0,0,0,0,0,0,0,0,
COM_702,"Quy khach da duoc thanh toan 10000 VND tu nhan vien 8300240041, Ngay GD: 16/10/2024 18:33:42. Ma GD 2410167576132968. LH 18008098 (0d). Tran trong.",0,0,0,0,0,0,0,0,0,0,
COM_703,"Quy khach co 10.000 dong trong tai khoan. Bam goi *098*3# de co 3GB voi 15.000d/3 ngay hoac *098*989# (30.000d/3 ngay) co 15GB (5GB/ngay), mien phi 10 phut/cuoc noi mang, 15 phut ngoai mang, SMS noi mang va TV360. Goi cuoc gia han khi het chu ky. De biet thong tin cac uu dai khac, bam goi *098# hoac truy cap My Viettel tai https://myvt.page.link/goidata . Chi tiet LH 198 (0d). Tran trong.",0,0,0,0,0,0,0,0,0,0,
COM_704,"Quý khách dã dang ký thành công gói ST5K: 5.000d/ngày có 500MB s? d?ng d?n 23:59:59 ngày 16/10/2024. Ðang ký l?n ti?p theo trong ngày, Quý khách s? du?c t?ng thêm 500MB theo CT Mua 2 t?ng 1. Gói cu?c gia h?n hàng ngày. Truy c?p https://viettel.vn/kttk d? ki?m tra uu dãi. Ð? h?y gia h?n, so?n HUY ST5K g?i 191. Chi ti?t LH 198 (0d). Trân tr?ng.",0,0,0,0,0,0,0,0,0,0,
COM_705,"Sau khi h?y gia h?n gói ST5K, uu dãi còn l?i s? du?c s? d?ng d?n h?t chu k?. Ð? xác nh?n h?y, so?n Y g?i 191. Ð? t? ch?i h?y gia h?n và du?c t?ng thêm 100MB khi gói cu?c gia h?n thành công chu k? ti?p theo, so?n N g?i 191. Chi ti?t LH 198 (0d). Trân tr?ng.",0,0,0,0,0,0,0,0,0,0,
COM_706,JiFbMjr?nPhjANquòiicIhoiiTHóTDChi"nC-hínNqqànR'GQbhEk.anqzu.me;pVùiVèNuHt,1,1,1,1,1,1,1,1,1,1,
COM_707,"[TB] Nhân d?p k? ni?m ""20 nam m?ng di d?ng Viettel"", kính m?i Quý khách so?n 20NAM g?i 191 ho?c truy c?p https://viettel.vn/20namdidong d? nh?n di?m Viettel++. Trân tr?ng c?m on Quý khách dã d?ng hành cùng Viettel và r?t mong du?c ti?p t?c ph?c v? Quý khách trong ch?ng du?ng t?i. Chi ti?t LH 198 (0d).",0,0,0,0,0,0,0,0,0,0,
COM_708,?dZ? N?_p179Ng_?nT?*ngNg?y179Ng"?nMi?nPh-?)18corl.Kx5N.me fVon,1,1,1,1,1,1,1,1,1,1,
COM_709,[TB] Dung quen Ban dang co voucher MIEN PHI 5.000d khi nap dien thoai Viettel se HET HAN HOM NAY 22/10/2024. Mo app hoac truy cap https://km.vtmoney.vn/314y/uudai2 de su dung uu dai ngay Ban nhe.,0,0,0,0,0,0,0,0,0,0,
COM_710,"[TB] Uu dãi data dành riêng cho Quý khách:
So?n TV7K g?i 191: 7.000d/ngày có 1GB s? d?ng d?n 24h ngày dang ký. Gói cu?c gia h?n theo ngày.
LH 198 (0d).",0,0,0,0,0,0,0,0,0,0,
COM_711,"[TB] N?P TH? T?NG TI?N - DÙNG LI?N DATA!
T?ng 20% giá tr? t?t c? th? n?p vào tài kho?n vi?n thông trong ngày 25/10/2024. Ti?n KM s? d?ng truy c?p Internet trong 15 ngày. N?p th? online t?i các ví di?n t?, ?ng d?ng thanh toán ho?c t?i https://vtmoney.onelink.me/314y/km3 . Chi ti?t g?i 197 b?m phím 19 (0d). Trân tr?ng.",0,0,0,0,0,0,0,0,0,0,
COM_712,"Tai khoan cua Quy khach sap het. Soan:
1 gui 211 de cong 15 phut noi mang (794d/p), su dung trong 7 ngay
2 gui 211 de cong 4 phut ngoai mang (1.400d/p), su dung trong 7 ngay
3 gui 211 de cong 50 tin nhan noi mang (240d/tin), su dung trong 7 ngay
4 gui 211 de cong 5 tin nhan ngoai mang (313d/tin), su dung trong 7 ngay
Chi tiet LH 198 (mien phi).",0,0,0,0,0,0,0,0,0,0,
COM_713,"[TB] Chuong trình nh?n quà Chào m?ng 20 nam m?ng di d?ng Viettel s?p k?t thúc, so?n 20NAM g?i 191 ho?c truy c?p https://viettel.vn/20namdidong tru?c ngày 31/10/2024 d? nh?n quà ngay. Chi ti?t LH 198 (0d). Trân tr?ng.",0,0,0,0,0,0,0,0,0,0,
COM_714,LinkedIn is updating its User Agreement and providing you more information in its Privacy Policy. Click here for more details: https://lnkd.in/tos-24,0,0,0,0,0,0,0,0,0,0,
COM_715,[TB] HOAN 100% cho giao dich CHUYEN TIEN dau tien trong HOM NAY 29/10/2024 tren Viettel Money (so tien chuyen toi thieu 5.000d). Tien hoan se duoc cong trong 72h (hoan toi da 5.000d). Mo app hoac truy cap https://km.vtmoney.vn/314y/vtmchuyentiensdt de thuc hien ngay ban nhe.,0,0,0,0,0,0,0,0,0,0,
COM_716,???F ?K3_65Ð?ngK-?Nh?*nNg?y88K?Ph?R*?)qcfs9j.nfiw0t.me ??VM,1,1,1,1,1,1,1,1,1,1,
COM_717,"[TB] Dung quen Ban dang co voucher giam 50% toi da 10.000d khi mua Data, nap dien thoai Viettel hoac thanh toan Dien se HET HAN HOM NAY 31/10/2024. Mo app vao muc ""Uu dai cua toi"" hoac truy cap https://km.vtmoney.vn/314y/uudai2 de su dung uu dai Ban nhe.",0,0,0,0,0,0,0,0,0,0,
COM_718,"[QC] 21h00 ngày 03/11: Chung k?t ATP 1000 Rolex Paris Master. Ngôi vuong s? v? tay ai?
Ðón xem tr?c ti?p tr?n d?u trên TV360 v?i 100% luu lu?ng data 4G/5G Viettel t?c d? cao t?i https://tv360.vn/ . Chi ti?t LH 198 (0d). T? ch?i QC, so?n TC4 g?i 199.",0,0,0,0,0,0,0,0,0,0,
COM_719,"[TB] Tien ich Loi nhan thoai cua Viettel: Quy khach co cuoc goi nho tu TB 02873049352 vao luc 15:29 03/11/2024. De nghe loi nhan thoai, vui long bam goi 16225 (mien phi).",0,0,0,0,0,0,0,0,0,0,
COM_720,"[QC] T?ng voucher di chuy?n và d?t d? an t? Grab khi mua gói SD30S. Phí gói 30.000d/7 ngày có t?i da 2GB/ngày. CT áp d?ng d?n 30/11 cho khách hàng nh?n tin và dang ký t?i https://myvt.page.link/SD30S. Chi ti?t LH 198 (0d). T? ch?i QC, so?n TC3 g?i 199.",0,0,0,0,0,0,0,0,0,0,
COM_721,"[QC] Không lo b? l? các d?p khuy?n m?i n?p th? v?i tính nang n?p ti?n t? d?ng trên ?ng d?ng My Viettel. Hãy ch? d?ng d?t l?ch n?p ti?n theo chu k? khuy?n m?i ch? v?i vài thao tác don gi?n t?i https://myvt.page.link/autopay. Chi ti?t LH 198 (0d). T? ch?i QC, so?n TC3 g?i 199.",0,0,0,0,0,0,0,0,0,0,
COM_722,"(TPBank) Hoa don Vi Tra Sau Momo T10 cua QK co du no 50,000VND. QK co the TT toan bo du no hoac TT toi thieu truoc ngay 5/11/2024. Vui long bo qua neu da TT",0,0,0,0,0,0,0,0,0,0,
COM_723,"[TB] DATA MUÔN NOI, GIÁ SIÊU H?I!
So?n ST30K g?i 191: 30K/7 ngày có 7GB. Gói cu?c gia h?n sau 7 ngày. Chi ti?t LH 198 (0d).",0,0,0,0,0,0,0,0,0,0,
COM_724,"[TB] Tien ich Loi nhan thoai cua Viettel: Quy khach co loi nhan tu TB 02473027750 vao luc 14:40 05/11/2024. Voi noi dung: D?. Mình có cái kho?n vay áp momo c?a mình tr? h?n dóng ti?n tri?u hai tám muoi m?t á n?u mà có tài chính r?i mình h? tr? thanh toán tru?c 5h chi?u hôm nay d? bên em g?ch n? m?t Momo l?i. Ha tri?u hai tám m?t.. De nghe loi nhan thoai, vui long bam goi 16226 (mien phi).",0,0,0,0,0,0,0,0,0,0,
COM_725,"[TB] Dung quen Ban dang co voucher giam 5.000d khi mua Data, nap dien thoai Viettel hoac thanh toan Dien. Mo app vao muc ""Uu dai cua toi"" hoac truy cap https://km.vtmoney.vn/314y/uudai2 de su dung uu dai Ban nhe.",0,0,0,0,0,0,0,0,0,0,
COM_726,KrSo TD-TCNh?_nC?-Z?[XPZUTKY9B2D0]88Ngh~?nPh?R"?)MeWI.tpae.online ?T?j,1,1,1,1,1,1,1,1,1,1,
COM_727,DaZneDjnkout#rRbOxu.tpqw9c.cc^ljXyQáaHoitoTÁimiTaãmVkaH?qThuT?anCuqVpDd,1,1,1,1,1,1,1,1,1,1,
COM_728,[TB] Dung quen Ban dang co voucher MIEN PHI 5.000d khi nap dien thoai Viettel. Mo app vao muc "Uu dai cua toi" hoac truy cap https://km.vtmoney.vn/314y/uudai2 de su dung uu dai ngay Ban nhe.,0,0,0,0,0,0,0,0,0,0,
COM_729,"[TB] Thu?ng tôn Hi?n pháp và Pháp lu?t, t?o d?ng l?c dua d?t nu?c bu?c vào k? nguyên vuon mình c?a dân t?c.",0,0,0,0,0,0,0,0,0,0,
COM_730,"TK Tien di dong 84377326330 GD +1,000 VND luc 2024-11-07 16:41:19. So du 2,701 VND Phi: -0 VND. ND: Nhan tien 241107163616859. Su dung TK Tien di dong, ban co the chuyen tien, nap dien thoai, mua 3G/4G va thanh toan hang tram dich vu voi nhieu uu dai tai https://viettelmoney.vn/tin-tuc-va-khuyen-mai",0,0,0,0,0,0,0,0,0,0,
COM_731,GaRgZôgdaYMafHúlp:OiAoup.tpqr2c.cc~ti?qTkuoqnAimChujctngkjnpB?nqLogPxBh,1,1,1,1,1,1,1,1,1,1,
COM_732,"[TB] L? Ð?C THÂN, TRAO DATA - NH?N VOUCHER GRAB
T?ng gói 1N cho ngu?i thân yêu c?a b?n, nh?n ngay voucher gi?m d?n 40% giá d?ch v? Grab.
Truy c?p https://myvt.page.link/tang1n d? t?ng ngay (10K/l?n có 5GB, 5p ngo?i m?ng, mi?n phí 10p/cu?c n?i m?ng, SMS n?i m?ng và TV360, uu dãi s? d?ng d?n 24h ngày t?ng).
CT áp d?ng v?i l?n t?ng d?u tiên d?n 12/11, dành riêng cho Quý khách. LH 198 (0d).",0,0,0,0,0,0,0,0,0,0,
COM_733,[TB] Dung quen Ban dang co voucher MIEN PHI 5.000d khi nap dien thoai Viettel. Mo app vao muc "Uu dai cua toi" hoac truy cap https://km.vtmoney.vn/314y/uudai2 de su dung uu dai ngay Ban nhe. Neu da su dung vui long bo qua tin nhan.,0,0,0,0,0,0,0,0,0,0,
COM_734,"[TB] N?P TH? T?NG TI?N - DÙNG LI?N DATA!
T?ng 20% giá tr? t?t c? th? n?p vào tài kho?n vi?n thông trong ngày 11/11/2024. Ti?n KM s? d?ng truy c?p Internet trong 15 ngày. N?p th? online t?i các ví di?n t?, ?ng d?ng thanh toán ho?c t?i https://viettel.vn/naptienkm . Chi ti?t g?i 197 b?m phím 19 (0d). Trân tr?ng.",0,0,0,0,0,0,0,0,0,0,
COM_735,vhsy>ijpyjg.tpzse.cc~ljxjsàlhdiejutásmsnqìnntj?l?kd?lmìnkcwjc,1,1,1,1,1,1,1,1,1,1,
COM_736,"[QC] Vay nhanh online, giai ngan sieu toc den 5 TRIEU dong, chi can CCCD. Tra gop tu 30-45 ngay. Dang ky online voi Viettel Money: https://vtmoney.onelink.me/314y/paydaymedium Chi tiet LH 18009000 (0d). Tu choi QC, soan TC3, gui 199",0,0,0,0,0,0,0,0,0,0,
COM_737,"[TB] Ð? phát hi?n s?m b?nh tang huy?t áp, dái tháo du?ng và d?u hi?u nguy co m?c b?nh không lây khác ? ngu?i t? 60 tu?i, hãy d?n tr?m y t? d? du?c khám s?c kh?e mi?n phí.",0,0,0,0,0,0,0,0,0,0,
COM_738,ufnr#fviojk.tpgrd.cc?n?qmôjtckínchisnnqànnhuu?gtkêmmoojttrlamph?ltraamtiêfntafinhuwmôogdhy,1,1,1,1,1,1,1,1,1,1,
COM_739,"[TB] Theo Lu?t Vi?n thông, t? ngày 01/07/2024, các thuê bao s? ph?i ch?u trách nhi?m tru?c pháp lu?t v? các s? di?n tho?i mình dã dang ký s? d?ng v?i nhà m?ng. Ð? ngh? liên h? t?ng dài CSKH d? rà soát, b?o d?m SIM c?a mình là chính ch? và không có SIM nào khác dang b? dang ký b?ng thông tin c?a mình mà b?n thân không s? d?ng.",0,0,0,0,0,0,0,0,0,0,
COM_740,"mhpb,iohafr.tphrd.cc]nkalhtajdz?koódu?klixximj?tnqànntj?kaákiêsmnkj?utj?nowqd",1,1,1,1,1,1,1,1,1,1,
COM_741,"[TB] N?P TH? ONLINE - NH?N NGAY KHUY?N M?I!
T?ng 20% giá tr? t?t c? th? n?p vào tài kho?n vi?n thông trong ngày 15/11/2024. Ti?n KM s? d?ng TRUY C?P INTERNET trong 15 ngày. CT áp d?ng khi n?p th? online qua các ví di?n t?, ?ng d?ng thanh toán ho?c t?i https://km.vtmoney.vn/314y/kmdaitra. Chi ti?t g?i 197 b?m phím 19 (0d). Trân tr?ng.",0,0,0,0,0,0,0,0,0,0,
COM_742,kkblvâàogejmnhâjnlieentàamtàamnqgin?hdbpkc.tpqaz.de]tàâilôjcdôfjdafordxp,1,1,1,1,1,1,1,1,1,1,
COM_743,wmfjnhâjnquaflosnhajnngantj?:qCVfRT.bdilm.cc]xiêfntafilhumôojotv,1,1,1,1,1,1,1,1,1,1,
COM_744,odvh$eblar.bdukm.cc;djêfntêxnvaanhh?ntaamtasmkplutjâituy?hvw?jntlh,1,1,1,1,1,1,1,1,1,1,
COM_745,[TB] Dung quen Ban dang co voucher MIEN PHI 5.000d khi nap dien thoai Viettel se HET HAN HOM NAY 19/11/2024. Mo app vao muc "Uu dai cua toi" hoac truy cap https://km.vtmoney.vn/314y/uudai2 de su dung uu dai ngay Ban nhe.,0,0,0,0,0,0,0,0,0,0,
COM_746,utdjtafilooczôbjeen~ffacxq.bdtxj.me^khuyêsnm?âiwaltaamc??tasmmxoyf,1,1,1,1,1,1,1,1,1,1,
COM_747,gvkj>svtd.bdlkj.me?ph?anthu?qtaamtaamnqginkwidalgkystafilôjcvoobieenwzgf,1,1,1,1,1,1,1,1,1,1,
COM_748,"Tai khoan cua Quy khach khong du de thuc hien cuoc goi, bam goi ngay 1498967145402 de tiep tuc lien lac voi so dien thoai 967145402. Cuoc goi 690d/p, tinh cuoc 6s+1, cuoc DV 500d. Quy khach vui long soan HD gui 1498 de duoc huong dan. Tu choi nhan tin, soan TC gui 1498.",0,0,0,0,0,0,0,0,0,0,
COM_749,PaJjOS?oqnaqLuoq"smiejk.ddqw4c.me'PhastL?ocCujcSagzTAamhTafmNqàanpH?qThuT?anCuqFhBk,1,1,1,1,1,1,1,1,1,1,
COM_750,"Quy khach da duoc thanh toan 20000 VND tu nhan vien 8300240020, Ngay GD: 23/11/2024 14:38:42. Ma GD 2411237603607281. LH 18008098 (0d). Tran trong.",0,0,0,0,0,0,0,0,0,0,
COM_751,"Quý khách dã dang ký thành công gói ST5K: 5.000d/ngày có 500MB s? d?ng d?n 23:59:59 ngày 23/11/2024. Ðang ký l?n ti?p theo trong ngày, Quý khách s? du?c t?ng thêm 500MB theo CT Mua 2 t?ng 1. Gói cu?c gia h?n hàng ngày. Truy c?p https://viettel.vn/kttk d? ki?m tra uu dãi. Ð? h?y gia h?n, so?n HUY ST5K g?i 191. Chi ti?t LH 198 (0d). Trân tr?ng.",0,0,0,0,0,0,0,0,0,0,
COM_752,"[TB] N?P TH? T?NG TI?N - DÙNG LI?N DATA!
T?ng 20% giá tr? t?t c? th? n?p vào tài kho?n vi?n thông trong ngày 25/11/2024. Ti?n KM s? d?ng truy c?p Internet trong 15 ngày. N?p th? online t?i các ví di?n t?, ?ng d?ng thanh toán ho?c t?i https://vtmoney.onelink.me/314y/km3 . Chi ti?t g?i 197 b?m phím 19 (0d). Trân tr?ng.",0,0,0,0,0,0,0,0,0,0,
COM_753,LiaaNk?nDuojcMoojtTrâamPh?lTrâamKhjChuyêlMo?tChjnChílnqaL*qUUim.ddutcj.me*VujV?iHôomNjaycBGZ,1,1,1,1,1,1,1,1,1,1,
COM_754,UpP4EV?lnMaayHôqmNayC?aP?nT?pgNqqayAeNaatmM?ojKãN??pDd?UNkânÐôjiLun:c97qvs.ddhac.de^b0YwE,1,1,1,1,1,1,1,1,1,1,
COM_755,"[TB] Tien ich Loi nhan thoai cua Viettel: Quy khach co loi nhan tu TB 0941740554 vao luc 14:16 26/11/2024. Voi noi dung: d? ngân hàng tê bê ban hi?n dang có gói uu dãi lên d?n 1200000 d?ng và các co h?i nh?n ngay kho?n vay t? 10 tri?u d?ng dành t?n thiên ch? quý khách nh?n du?c cu?c g?i này quý khách thay t?i nh?c app tê bê banh mobile v? máy d? dang ký và nh?n ngay gói uu dãi ho?c b?m phím bu?c d? bên em có th? du?i v?n t?i app ? n?u c?n h? tr? quý khách vui lòng liên h? d?n s? hotline 1900633863 d? du?c g?p nhân viên tu v?n tru?c quý khách m?t ngày vui v?. De nghe loi nhan thoai, vui long bam goi 16228 (mien phi).",0,0,0,0,0,0,0,0,0,0,
COM_756,"Quý khách dã dang ký thành công gói 1N: 10.000d/ngày có 5GB, 5 phút ngo?i m?ng, mi?n phí 10 phút d?u tiên c?a t?t c? các cu?c g?i n?i m?ng, nh?n tin n?i m?ng và xem truy?n hình TV360; uu dãi s? d?ng d?n 23:59:59 ngày 30/11/2024. Gói cu?c gia h?n hàng ngày. Truy c?p https://viettel.vn/kttk d? ki?m tra uu dãi. Ð? h?y gia h?n, so?n HUY 1N g?i 191. Chi ti?t LH 198 (0d). Trân tr?ng.",0,0,0,0,0,0,0,0,0,0,
COM_757,"[TB] Nh?m kích c?u tiêu dùng trong nu?c, B? Công thuong phát d?ng Chuong trình Khuy?n m?i t?p trung qu?c gia 2024 t? ngày 02/12/2024 - 31/12/2024, doanh nghi?p s? th?c hi?n khuy?n m?i v?i h?n m?c có th? lên d?n 100%.",0,0,0,0,0,0,0,0,0,0,
COM_758,"Sau khi h?y gia h?n gói 1N, uu dãi còn l?i s? du?c s? d?ng d?n h?t chu k?. Ð? xác nh?n h?y, so?n Y g?i 191. Ð? t? ch?i h?y gia h?n và du?c t?ng thêm 1GB khi gói cu?c gia h?n thành công chu k? ti?p theo, so?n N g?i 191. Chi ti?t LH 198 (0d). Trân tr?ng.",0,0,0,0,0,0,0,0,0,0,
COM_759,"[QC] M?i Quý khách tr?i nghi?m các ti?n ích trên My Viettel: Qu?n lý tài kho?n Internet và Truy?n hình, chuy?n d?i gói cu?c, qu?n lý thi?t b? modem wifi t? xa t?i https://myvt.page.link/myviettel. Chi ti?t LH 198 (0d). T? ch?i QC, so?n TC3 g?i 199.",0,0,0,0,0,0,0,0,0,0,
COM_760,"[QC] T?O TÀI KHO?N VÀ ÐANG NH?P MY VIETTEL - NH?N NGAY 10.000 ÐI?M VIETTEL++. CT áp d?ng cho thuê bao Internet, truy?n hình t?o tài kho?n và dang nh?p ?ng d?ng My Viettel thành công t?i https://myvt.page.link/tkmyvt. Ði?m Viettel++ du?c c?ng trong 48h. Chi ti?t LH 18008119 (0d). T? ch?i QC, so?n TC3 g?i 199",0,0,0,0,0,0,0,0,0,0,
COM_761,JtSkKzobaUsÐaayR?vi]kGvsOt.mcygz.me~XànkÐiejuNk?lMo?tnqaLTircvjB,1,1,1,1,1,1,1,1,1,1,
COM_762,[TB] Tien ich Loi nhan thoai cua Viettel: Quy khach co cuoc goi nho tu TB 02473017463 vao luc 13:58 03/12/24.,0,0,0,0,0,0,0,0,0,0,
COM_763,"[TB] DATA TRÀN TR? - GÓI CU?C THÍCH MÊ!
1. So?n 1N g?i 191: 10K/ngày có 5GB, 5 phút ngo?i m?ng, mi?n phí 10p/cu?c g?i n?i m?ng, SMS n?i m?ng và TV360; uu dãi s? d?ng d?n 24h ngày dang ký.
2. So?n 7N g?i 191: 70K/7 ngày có 35GB (5GB/ngày), 35 phút g?i ngo?i m?ng, mi?n phí 10 phút/cu?c g?i n?i m?ng, SMS n?i m?ng và TV360.
Các gói cu?c gia h?n khi h?t chu k?. Chi ti?t LH 198 (0d).",0,0,0,0,0,0,0,0,0,0,
COM_764,A oi e có chút vi?c nên t?m 12 ho?c hon 1 chút du?c không ?,0,0,0,0,0,0,0,0,0,0,
COM_765,A oi a x? lý nhanh giúp e du?c không ?,0,0,0,0,0,0,0,0,0,0,
COM_766,[TB] Tang 20% gia tri tat ca the nap trong ngay 07/12/2024. Tien KM su dung TRUY CAP INTERNET trong 15 ngay. CT danh rieng cho TB cua Quy khach. LH 198 (0d).,0,0,0,0,0,0,0,0,0,0,
COM_767,"Tai khoan cua Quy khach sap het. Soan:
1 gui 211 de cong 25 phut noi mang (794d/p), su dung trong 7 ngay
2 gui 211 de cong 11 phut ngoai mang (1.369d/p), su dung trong 7 ngay
3 gui 211 de cong 85 tin nhan noi mang (230d/tin), su dung trong 15 ngay
4 gui 211 de cong 15 tin nhan ngoai mang (313d/tin), su dung trong 7 ngay
Chi tiet LH 198 (mien phi).",0,0,0,0,0,0,0,0,0,0,
COM_768,"Doi thanh cong 100 diem tieu dung Viettel++ thanh 20 MB Data. Han su dung truoc 09/12/2024. Tong diem tieu dung con lai trong tai khoan Viettel++ cua Quy khach la 118 diem. De kiem tra lich su doi diem va lua chon uu dai hap dan khac, vui long truy cap https://myvt.page.link/vtplus. Tran trong.",0,0,0,0,0,0,0,0,0,0,
COM_769,"TK Tien di dong 84377326330 GD +100 VND luc 2024-12-09 07:18:09. So du 104 VND Phi: -0 VND. ND: Nhan tien 241209152503178. Su dung TK Tien di dong, ban co the chuyen tien, nap dien thoai, mua 3G/4G va thanh toan hang tram dich vu voi nhieu uu dai tai https://viettelmoney.vn/tin-tuc-va-khuyen-mai",0,0,0,0,0,0,0,0,0,0,
COM_770,"(QC) TB 0377326330! Soan XN gui 5282 de xem Facebook, YouTube, TikTok, Instagram, Zalo, Spotify... khong gioi han data 4G va co hoi trung 500K vao tai khoan goc khi trai nghiem goi data truc tuyen tong hop - DV Mydata. Cuoc phi chi 3.000d/ngay, gia han theo ngay. Chi tiet truy cap http://mydata.viettel.vn hoac LH 198 (0d). Tu choi QC, soan TC4 gui 199.",0,0,0,0,0,0,0,0,0,0,
COM_771,"[TB] N?P TH? T?NG TI?N - DÙNG LI?N DATA!
T?ng 20% giá tr? t?t c? th? n?p vào tài kho?n vi?n thông trong ngày 10/12/2024. Ti?n KM s? d?ng truy c?p Internet trong 15 ngày. N?p th? online t?i các ví di?n t?, ?ng d?ng thanh toán ho?c t?i https://viettel.vn/naptienkm . Chi ti?t g?i 197 b?m phím 19 (0d). Trân tr?ng.",0,0,0,0,0,0,0,0,0,0,
COM_772,"[TB] N?P TH? LI?N TAY - NH?N NGAY KHUY?N M?I
T?ng 20% giá tr? th? n?p d?u tiên vào tài kho?n vi?n thông trong ngày 09/12, ti?n KM s? d?ng g?i và nh?n tin n?i m?ng trong 15 ngày. 
N?p th? online t?i https://vtmoney.onelink.me/314y/km3 . CT dành riêng cho Quý khách. LH 198 (0d).",0,0,0,0,0,0,0,0,0,0,
COM_773,"[QC] 17h ngày 11/12: Tr?c ti?p vòng chung k?t gi?i Bóng r? sinh viên toàn qu?c 2024. Li?u tru?ng d?i h?c nào s? giành t?m vé vào tr?n chung k?t? 
Ðón xem tr?c ti?p tr?n d?u trên TV360 t?i https://tv360.vn/. Chi ti?t LH 198 (0d). T? ch?i QC, so?n TC4 g?i 199.",0,0,0,0,0,0,0,0,0,0,
COM_774,"[QC] Chi?t kh?u 10% (t?i da 100K) khi dóng tru?c cu?c Internet cho chính mình t?i https://myvt.page.link/ttinternet. CT áp d?ng cho TB dóng cu?c tru?c l?n d?u trên My Viettel. Chi ti?t LH 198 (0d). T? ch?i QC, so?n TC3 g?i 199.",0,0,0,0,0,0,0,0,0,0,
COM_775,"Quy khach dang thuc hien
Doi mat khau
Ma OTP: 187698 hieu luc 1 phut
Quy khach se MAT TIEN va THONG TIN neu cung cap Ma OTP cho bat ky ai",0,0,0,0,0,0,0,0,0,0,
COM_776,"Vi ly do BAO MAT, tuyet doi KHONG CUNG CAP cho bat ky ai thong tin kich hoat SACOMBANK SMART OTP, ma kich hoat la 86898209",0,0,0,0,0,0,0,0,0,0,
COM_777,"[TB] N?P TH? T?NG TI?N - DÙNG LI?N DATA!
T?ng 20% giá tr? t?t c? th? n?p vào tài kho?n vi?n thông trong ngày 11/12. Ti?n KM s? d?ng TRUY C?P INTERNET trong 15 ngày.
N?p th? online t?i các ví di?n t?, ?ng d?ng thanh toán ho?c t?i https://viettel.vn/naptienkm .
CT dành riêng cho Quý khách. LH 198 (0d).",0,0,0,0,0,0,0,0,0,0,
COM_778,"Quy khach da duoc thanh toan 20000 VND tu nhan vien 4300240030, Ngay GD: 14/12/2024 06:34:25. Ma GD 241214667571870. LH 18008098 (0d). Tran trong.",0,0,0,0,0,0,0,0,0,0,
COM_779,"Nhap ma OTP 1148 de xac thuc Dang nhap tren ung dung My Viettel. Ma OTP se het han sau 5p. Chi tiet LH 18008098 (0d) hoac truy cap https://viettel.vn/app. De dam bao an toan cho tai khoan cua Quy khach, vui long khong chia se ma xac thuc nay voi bat ky ai.",0,0,0,0,0,0,0,0,0,0,
COM_780,"Quy khach da dang ky thanh cong goi ST5KM. Phi 5.000d/ngay co 1GB su dung den 24h, het luu luong truy cap theo goi Mobile Internet dang su dung (neu co). DV Khong gia han theo ngay. Soan KTTK de kiem tra luu luong tin nhan gui 191 hoac truy cap https://myvt.page.link/kttk1. LH 198 (0d). Tran trong.",0,0,0,0,0,0,0,0,0,0,
COM_781,"[TB] N?P TH? ONLINE - NH?N NGAY KHUY?N M?I!
T?ng 20% giá tr? t?t c? th? n?p vào tài kho?n vi?n thông trong ngày 15/12/2024. Ti?n KM s? d?ng TRUY C?P INTERNET trong 15 ngày. CT áp d?ng khi n?p th? online qua các ví di?n t?, ?ng d?ng thanh toán ho?c t?i https://viettel.vn/pay/tt . Chi ti?t g?i 197 b?m phím 19 (0d). Trân tr?ng.",0,0,0,0,0,0,0,0,0,0,
COM_782,"De xac nhan yeu cau huy goi ST5KM, soan Y gui 191 trong vong 10 phut. De huy bo yeu cau, soan N gui 191. Yeu cau cua Quy khach se tu dong huy neu khong duoc xac nhan lai sau 10 phut. Sau khi huy, uu dai con lai cua goi ST5KM se khong duoc bao luu. Chi tiet LH 198 (0d). Tran trong.",0,0,0,0,0,0,0,0,0,0,
COM_783,"Quy khach da huy goi ST5KM. Quy khach tiep tuc truy cap theo goi Mobile Internet dang su dung (neu co). De biet them thong tin ve cac goi khac, vui long bam goi *098# hoac truy cap My Viettel tai https://myvt.page.link/6 . Chi tiet LH 198 (0d). Tran trong.",0,0,0,0,0,0,0,0,0,0,
COM_784,"[TB] Chi con 18 ngay de cap nhat sinh trac hoc theo quy dinh cua Ngan hang Nha nuoc. Sau khi cap nhat thanh cong, ban se nhan duoc phan qua den 8.686.868d tai: https://km.vtmoney.vn/314y/sinhtrachoc2 . Vui long bo qua tin nhan neu da cap nhat thong tin.",0,0,0,0,0,0,0,0,0,0,
COM_785,Quy khach da dat hang thanh cong! Ma don hang 410793. Nhan vien tu van cua HACOM se goi dien xac nhan don hang va giao hang som.,0,0,0,0,0,0,0,0,0,0,
COM_786,"[TB] Chuc mung Quy khach da dang ky thanh cong goi ST5KM tren ung dung My Viettel ngay 15/12/2024 va duoc tang 04 ma uu dai de su dung dich vu GrabBike, GrabCar va GrabFood. Quy khach truy cap link https://grb.to/VIETTEL_SV_24 de nhan uu dai. Chuong trinh co the ket thuc som hon du kien do so luong uu dai co han. Chi tiet LH 198 (0d). Tran trong!",0,0,0,0,0,0,0,0,0,0,
COM_787,"Yêu c?u h?y không thành công, Quý khách không s? d?ng gói ST5KM. Chi ti?t LH 198 (0d). Trân tr?ng.",0,0,0,0,0,0,0,0,0,0,
COM_788,"[TB] Tien ich Loi nhan thoai cua Viettel: Quy khach co loi nhan tu TB 02888885555 vao luc 13:54 20/12/2024. Voi noi dung: Thông báo quan tr?ng v? vi?c th?c hi?n xin các h?c sinh, quý khách d?ng v?i t?t máy t? ngày m?t tháng m?t nam hai không hai muoi nam n?u quý khách không xác th?c can cu?c công dân b?ng xin các h?c MoMo c?a quý khách s? không th?c hi?n du?c giao d?ch thanh toán hoá don ho?c thanh toán du n?. Ði?u này s? làm ?nh hu?ng x?u d?n l?ch s? tín d?ng c?a quý khách. Hãy truy c?p ngay vào App MoMo v?n chuy?n, c?p nh?t sinh tr?c h?c theo hu?ng d?n, vui lòng b? qua n?u nhu mình khách dã th?c hi?n sinh tr?c h?c xin c?m on!. De nghe loi nhan thoai, vui long bam goi 106230 (mien phi).",0,0,0,0,0,0,0,0,0,0,
COM_789,"[TB] Ð?i m?i y t? s?, hãy s? d?ng S? s?c kh?e di?n t? tích h?p trên VNeID c?p d? 2 d? ti?n l?i qu?n lý thông tin s?c kh?e cá nhân, tra c?u h? so khám b?nh và ti?t ki?m th?i gian khi di khám b?nh.",0,0,0,0,0,0,0,0,0,0,
COM_790,"Viettel TB: Goi ST5KM da het thoi gian su dung. De tiep tuc su dung goi ST5KM, Quy khach vui long dang ky tai https://myvt.page.link/ST5KM. Chi tiet LH 198 (0d). Tran trong",0,0,0,0,0,0,0,0,0,0,
COM_791,"[TB] MY VIETTEL chúc B?n Giáng sinh an lành. T?NG NGAY 50% GIÁ TR? CHO L?N N?P TH? Ð?U TIÊN VÀO CH? NH?T NGÀY 22/12/2024. CT áp d?ng khi n?p ti?n vào tài kho?n vi?n thông qua tài kho?n ngân hàng, ví di?n t? có liên k?t trên My Viettel. Ti?n khuy?n m?i s? d?ng truy c?p data trong 15 ngày. Gi?m thêm 2,5% khi n?p t?i https://viettel.vn/naptiencn. LH 198 (0d). Trân tr?ng.",0,0,0,0,0,0,0,0,0,0,
COM_792,"acxQ_IddEk/RRtDvb!cOcXrevqm.thsume.de>zalo.me<rorCtcQ&DigCT-r,i,n;h;DBje;t^D:an-h^R;ien,g^Q,uyKh'a:chxMjcUFTh-u;og-Xe;nCbJN:o!TQdkfdR",1,1,1,1,1,1,1,1,1,1,
COM_793,"Sai cu phap nhan tin. De lay thong tin dich vu Mobile Internet va Dcom, vui long bam goi *098# hoac lien he 198 (mien phi). Tran trong.",0,0,0,0,0,0,0,0,0,0,
COM_794,"Quy khach da duoc thanh toan 20000 VND tu nhan vien 4500540010, Ngay GD: 22/12/2024 16:20:26. Ma GD 241222611155573. LH 18008098 (0d). Tran trong.",0,0,0,0,0,0,0,0,0,0,
COM_795,"Quy khach co 23.329 dong trong tai khoan. Bam goi *098*3# de co 3GB voi 15.000d/3 ngay hoac *098*989# (30.000d/3 ngay) co 15GB (5GB/ngay), mien phi 10 phut/cuoc noi mang, 15 phut ngoai mang, SMS noi mang va TV360. Goi cuoc gia han khi het chu ky. De biet thong tin cac uu dai khac, bam goi *098# hoac truy cap My Viettel tai https://myvt.page.link/goidata . Chi tiet LH 198 (0d). Tran trong.",0,0,0,0,0,0,0,0,0,0,
COM_796,"[TB] Tien ich Loi nhan thoai cua Viettel: Quy khach co loi nhan tu TB 02888885555 vao luc 09:17 23/12/2024. Voi noi dung: máy t? ngày m?t tháng m?t nam hai không hai muoi nam n?u quý khách không c?t du?c can cu?c công dân b?ng sinh ch?c h?c ví momo c?a quý khách không th?c hi?n du?c giao d?ch thanh toán hóa don ho?c thanh toán du n? ki?u này s? làm ?nh hu?ng x?u d?n l?ch s? tín d?ng c?a quý khách hãy truy c?p ngay vào app momo và th?c hi?n c?p nh?t sinh ch?c h?c theo hu?ng d?n vui lòng b? qua gi? khách dã th?c hi?n sinh ch?c h?c xin c?m on. De nghe loi nhan thoai, vui long bam goi 106231 (mien phi).",0,0,0,0,0,0,0,0,0,0,
COM_797,"Doi thanh cong 100 diem tieu dung Viettel++ thanh 20 MB Data. Han su dung truoc 25/12/2024. Tong diem tieu dung con lai trong tai khoan Viettel++ cua Quy khach la 18 diem. De kiem tra lich su doi diem va lua chon uu dai hap dan khac, vui long truy cap https://myvt.page.link/vtplus. Tran trong.",0,0,0,0,0,0,0,0,0,0,
COM_798,Nh?p 933658 trên Facebook d? xác minh tài kho?n.,0,0,0,0,0,0,0,0,0,0,
COM_799,"[TB] ÐÓN GIÁNG SINH, RINH QUÀ X?N
So?n 5G135 g?i 191: 135K/30 ngày có 120GB (4GB/ngày), mi?n phí xem TV360 4K, 20GB luu tr? trên MyBox (chi ti?t xem t?i https://viettel.vn/5G135).
Ð?c bi?t, dang ký gói tru?c 31/12/2024 d? nh?n ngay Voucher gi?m 20% h?c phí Khóa h?c AI - Prompt Engineer t? Perico Talent tr? giá 120K (Voucher nh?n sau khi dang ký 30 phút).
CT dành riêng cho Quý khách. LH 198 (0d).",0,0,0,0,0,0,0,0,0,0,
COM_800,"G:iaoD'jch;H:UB:E-TTa:ng:2O:0_O:To:y~Xe,ngMatol)xLQhekW.dmfv.tech))zalo.me(x",1,1,1,1,1,1,1,1,1,1,
COM_801,"[TB] CO H?I CU?I SAN UU ÐÃI GI?M 25%
T?ng 25% giá gói SD70: Ch? còn 52.500d/30 ngày có 30GB (1GB/ngày). Gói cu?c gia h?n sau 30 ngày v?i giá g?c 70.000d.
CT dành riêng cho Quý khách khi mua gói trên ?ng d?ng My Viettel ho?c t?i https://vietteltelecom.vn/Noel/SD70 tru?c ngày 31/12/2024. LH 198 (0d).",0,0,0,0,0,0,0,0,0,0,
COM_802,"[TB] Tien ich Loi nhan thoai cua Viettel: Quy khach co cuoc goi nho tu TB 02888885555 vao luc 13:45 30/12/2024. De nghe loi nhan thoai, vui long bam goi 106232 (mien phi).",0,0,0,0,0,0,0,0,0,0,
COM_803,"Tin nhan sai cu phap. De tra cuu thong tin, soan TTTB SoGiayTo gui 1414 (SoGiayTo la so dung de dang ky thong tin thue bao). Chi tiet LH 198 (0d). Tran trong!",0,0,0,0,0,0,0,0,0,0,
COM_804,"Cam on Quy Khach da su dung dich vu Mobile cua Viettel. Viettel kinh tang Quy khach Voucher giam 20% tren tong hoa don mua hang tren he sinh thai Viettel++, su dung tai Gau bong Bemori, ma uu dai la 7PKWU2. Han su dung 30-09-2025 23:59. De lua chon cac uu dai hap dan khac, vui long truy cap https://myvt.page.link/vt10. Chi tiet LH 18008098 (mien phi).",0,0,0,0,0,0,0,0,0,0,
COM_805,Viettel TB: Quy khach duoc mien phi xem phim va cac kenh truyen hinh tren TV360 theo chuong trinh khuyen mai khi dang ky/ gia han thanh cong goi cuoc Mobile Internet. Quy khach vui long truy cap https://tv360.vn/ de su dung dich vu. Chi tiet LH 18008119 (0d). Tran trong.,0,0,0,0,0,0,0,0,0,0,
COM_806,"Viettel thong bao: De bao mat thong tin khach hang trong qua trinh su dung. Viettel se quan ly thong tin thue bao bang ma ca nhan. Ma ca nhan cua Quy khach la UT3H6J. Quy khach luu lai ma ca nhan de thuc hien cac giao dich voi Viettel: chan 01 chieu, tra cuoc, thay doi thong tin, chuyen nhuong hop dong... De xem huong dan, soan HD gui 143. Chi tiet L/H 198. Tran trong.",0,0,0,0,0,0,0,0,0,0,
COM_807,"Quý khách dã h?y gia h?n gói 3TV95K, uu dãi còn l?i c?a gói 3TV95K v?n du?c s? d?ng d?n h?t chu k?. Ð? bi?t thông tin các uu dãi khác, vui lòng b?m g?i *098#. Chi ti?t LH 198 (0d). Trân tr?ng.",0,0,0,0,0,0,0,0,0,0,
COM_808,"Quy khach duoc tham gia trai nghiem mien phi 30 ngay su dung DV Imuzik. Het chuong trinh trai nghiem, DV se tu huy. De tai bai hat, soan BH TenBaiHat hoac BH MaBaiHat gui 1221 (cuoc tai 0d). De huy DV, soan HUY gui 1221. De nghe thu bai hat, truy cap: http://imuzik.vn (mien cuoc luu luong Data) hoac goi 1221 (300d/p). Chi tiet soan HD gui 1221 hoac LH 198 (mien phi). Tran trong.",0,0,0,0,0,0,0,0,0,0,
COM_809,"De nghe nhac hoan toan MIEN PHI DATA va cap nhat nhung bai hat nhac cho hot nhat, moi Quy khach tai Ung dung Imuzik tai: http://s.viettel.vn/tai-app-imuzik. Chi tiet 198 (0d). Tu choi nhan tin, soan TC5 gui 1221. Tran trong.",0,0,0,0,0,0,0,0,0,0,
COM_810,[TB] Dung quen Ban dang co voucher MIEN PHI 5.000d khi nap dien thoai Viettel se HET HAN HOM NAY 31/12/2024. Mo app vao muc "Uu dai cua toi" hoac truy cap https://km.vtmoney.vn/314y/uudai2 de su dung uu dai ngay Ban nhe.,0,0,0,0,0,0,0,0,0,0,
COM_811,"[TB] Tài kho?n d? d?y - Ðón 2025 tài l?c
T?ng 25% giá tr? t?t c? th? n?p vào tài kho?n vi?n thông trong ngày 31/12/2024 và 01/01/2025. Ti?n KM s? d?ng TRUY C?P INTERNET trong 15 ngày. CT áp d?ng khi n?p th? online qua các ví di?n t?, ?ng d?ng thanh toán ho?c t?i https://km.vtmoney.vn/314y/kmdaitra. Chi ti?t g?i 197 b?m phím 19 (0d). Trân tr?ng.",0,0,0,0,0,0,0,0,0,0,
COM_812,"Viettel thong bao: Quy khach da duoc lap hoa don so K24TVA3506248, ngay lap 30/12/2024, so tien 50000 VND. Quy khach co the tra cuu hoa don dien tu tai http://www.vietteltelecom.vn/hdbh theo ma so bi mat DBKPA3F5HL.",0,0,0,0,0,0,0,0,0,0,
COM_813,"[TB] G?I ÐI?N TH? GA, GI?I TRÍ C?C ÐÃ!
1. So?n V90B: 90K/30 ngày có 30GB (1GB/ngày), mi?n phí g?i di?n
2. So?n MXH120 g?i 191: 120K/30 ngày có uu dãi gói V90B, thêm mi?n phí data truy c?p TikTok, YouTube, Facebook, nh?n tin Messenger
CT dành riêng cho Quý khách. Chi ti?t gói truy c?p https://viettel.vn/s/gt1 . LH 198 (0d).",0,0,0,0,0,0,0,0,0,0,
COM_814,"[TB] Theo Lu?t Vi?n thông, t? ngày 01/07/2024, các thuê bao s? ph?i ch?u trách nhi?m tru?c pháp lu?t v? các s? di?n tho?i mình dã dang ký s? d?ng v?i nhà m?ng. Khuy?n cáo thuê bao không chuy?n SIM c?a mình cho ngu?i l? s? d?ng d? tránh b? liên d?i trách nhi?m.",0,0,0,0,0,0,0,0,0,0,
COM_815,[TB] Viettel kinh moi Quy khach trai nghiem dich vu goi dien chat luong cao tren ha tang 4G - HD Call (cuoc goi tinh theo goi cuoc Quy khach dang su dung). Chi tiet truy cap ung dung My Viettel tai https://myvt.page.link/volte hoac LH 198 (0d). Tran trong.,0,0,0,0,0,0,0,0,0,0,
COM_816,"T,DTCef[UZviSevgd.buoh.tech)ZALO.ME(eT:ha;n,Chu;c_A,CE;T-aiL'ocL'ii;X-i,Ma;C:O,Z^To,i,88,Ca{18aub94vi6hw}",1,1,1,1,1,1,1,1,1,1,
COM_817,"[TB] C?m on Quý khách dã d?ng hành cùng Viettel trong nam qua. So?n 2025 g?i 191 (0d) d? cùng Viettel nhìn l?i 2024, chào 2025, g?i l?i chúc nam m?i t?i ngu?i thân, b?n bè và nh?n co h?i trúng nhi?u ph?n quà h?p d?n. Trân tr?ng.",0,0,0,0,0,0,0,0,0,0,
COM_818,"[QC] ASEAN CUP 2024: Vi?t Nam - Thái Lan. Chúng ta dã s?n sàng cho tr?n chung k?t t?i sân v?n d?ng Vi?t Trì - Phú Th?!
Ðón xem tr?n chung k?t lu?t di tr?c ti?p trên TV360 t?i https://tv360.vn/ vào 20h ngày 02/01/2025. Chi ti?t LH 198 (0d). T? ch?i QC, so?n TC4 g?i 199.",0,0,0,0,0,0,0,0,0,0,
COM_819,"[TB] KHUY?N M?I C?C ÐÃ, KHÔNG TH? B? QUA!
T?ng 20% giá tr? 3 th? n?p d?u tiên vào tài kho?n vi?n thông, ti?n KM s? d?ng d? g?i và nh?n tin n?i m?ng trong 15 ngày.
CT dành riêng cho Quý khách d?n ngày 01/02. LH 198 (0d).",0,0,0,0,0,0,0,0,0,0,
COM_820,"Chao Nam Moi 2025 !

Tang Lop Hoc 2 Ngay,
Hoc Qua Zoom

""DONG TIEN HANH PHUC""

Vao nhom Zalo
https://zalo.me/g/wsqcpu908

Hoc Mien Phi
Tang Them Qua Gia Tri",1,1,1,1,1,1,1,1,0,1,
COM_821,"[TB] CHÀO 2025!
Quý khách có co h?i nh?n quà h?p d?n và g?i l?i chúc nam m?i d?n ngu?i thân khi truy c?p viettel.vn/review2024.
Tr?i nghi?m 5G siêu t?c, so?n 5G135 g?i 191: 135K/30 ngày có 120GB (4GB/ngày), mi?n phí xem TV360 ch?t lu?ng 4K, 20GB luu d? li?u trên MyBox (chi ti?t gói t?i https://viettel.vn/5G135). Gói cu?c gia h?n sau 30 ngày.
CT dành riêng cho Quý khách. LH 198 (0d).",0,0,0,0,0,0,0,0,0,0,
COM_822,"Quy khach duoc cong them 182 diem Viettel++ boi giao dich Tieu dung vien thong thang 12/2024. Thoi han su dung diem den 31/01/2026. Hay truy cap https://myvt.page.link/vtplus tren My Viettel hoac *098# de doi diem sang Data, SMS, Phut goi cung nhieu uu dai gia tri khac. Chi tiet LH 198. Tran trong.",0,0,0,0,0,0,0,0,0,0,
COM_823,"SDTK 1018775106 den 19:00:46 ngay 04/01/2025 la 81,802 VND. GD moi nhat: -8,800 VND: THU PHI THUONG NIEN THE MC DEBIT 01/2025 SO THE 536892XXXXXX3168, TK 10187",0,0,0,0,0,0,0,0,0,0,
COM_824,Có don tiktok nha th?ng,0,0,0,0,0,0,0,0,0,0,
COM_825,"DagN;h,ap~De^Ri-n:hL;ie'nCha,o_Co;Du;oc,L;i-Xj~N:ga,u:Nhj'e;nw<xdnhdB.vmbj.bid)ZALO.ME>fw",1,1,1,1,1,1,1,1,1,1,
COM_826,"SDTK 1018775106 den 19:04:14 ngay 06/01/2025 la 66,802 VND. GD moi nhat: -15,000 VND: SHB THU PHI DICH VU SMS THONG BAO SO DU TK 1018775106 THANG 12/2024.",0,0,0,0,0,0,0,0,0,0,
COM_827,"[TB] LÊN M?NG SIÊU R?, SIÊU T?C Ð?!
1. So?n ST30K g?i 191: Ch? 30K/7 ngày có 7GB, gia h?n sau 7 ngày
2. So?n ST15K g?i 191: Ch? 15K/3 ngày có 3GB, gia h?n sau 3 ngày
Chi ti?t truy c?p https://viettel.vn/dt2 . LH 198 (0d).",0,0,0,0,0,0,0,0,0,0,
COM_828,"[TB] MUA GÓI DATA - LÊN M?NG TH? GA
So?n VM80 g?i 191: 80.000d/30 ngày có 30GB t?c d? cao (1GB/ngày), tho?i mái truy c?p Internet. Gói cu?c gia h?n sau 30 ngày. Chi ti?t LH 198 (0d).",0,0,0,0,0,0,0,0,0,0,
COM_829,CellphoneS: Ma OTP cua ban la 4060. Ma co hieu luc trong 3 phut. Vui long khong chia se ma nay voi bat ky ai.,0,0,0,0,0,0,0,0,0,0,
COM_830,CellphoneS se goi dien hoac SMS xac nhan don dat hang WN0302510732 vao buoi sang (8h-10h). LH 18002097 (Mien phi). Cam on Anh/Chi da lua chon CellphoneS.,0,0,0,0,0,0,0,0,0,0,
COM_831,Tiki: Ma xac minh dang ky tai khoan cua ban la 067381. Ma co hieu luc trong vong 15 phut. Khong chia se ma nay voi nguoi khac.,0,0,0,0,0,0,0,0,0,0,
COM_832,"[TB] N?P TH? T?NG TI?N - DÙNG LI?N DATA!
T?ng 20% giá tr? t?t c? th? n?p vào tài kho?n vi?n thông trong ngày 10/01/2025. Ti?n KM s? d?ng truy c?p Internet trong 15 ngày. N?p th? online t?i các ví di?n t?, ?ng d?ng thanh toán ho?c t?i https://viettel.vn/naptienkm . Chi ti?t g?i 197 b?m phím 19 (0d). Trân tr?ng.",0,0,0,0,0,0,0,0,0,0,
COM_833,"Cam on QK da mua hang tai CellphoneS. Diem Smember cua QK:840,000. DH cua QK tri gia 840,000 Hoa don VAT https://cps.onl/ymajtwftyg. Danh gia DV https://cps.onl/vc7je5wgun. Cam on QK",0,0,0,0,0,0,0,0,0,0,
COM_834,"[TB] Th?c hi?n th? t?c c?p Phi?u lý l?ch tu pháp trên ?ng d?ng VNeID - Nhanh chóng, ti?t ki?m, hi?u qu?.",0,0,0,0,0,0,0,0,0,0,
COM_835,"(QC) TB 0962361423! Soan XNL gui 5282 de xem Facebook, YouTube, TikTok, Instagram, Zalo, Spotify... khong gioi han data 4G va co hoi trung 500K vao tai khoan goc khi trai nghiem goi data truc tuyen tong hop - DV Mydata. Cuoc phi chi 3.000d/ngay, gia han theo ngay. Chi tiet truy cap http://mydata.viettel.vn hoac LH 198 (0d). Tu choi QC, soan TC4 gui 199.",0,0,0,0,0,0,0,0,0,0,
COM_836,"[QC] T?ng voucher di chuy?n và d?t d? an t? Grab khi mua gói SD30S. Phí gói 30.000d/7 ngày có t?i da 2GB/ngày. CT áp d?ng d?n 15/02/2025 cho Khách hàng nh?n tin nh?n và dang ký t?i https://myvt.page.link/SD30S. Chi ti?t LH 198 (0d). T? ch?i QC, so?n TC3 g?i 199.",0,0,0,0,0,0,0,0,0,0,
COM_837,"(QC) Tha ga choi game Free Fire voi 30GB DATA TOC DO CAO (1GB/ngay) va GIFTCODE VAT PHAM TIEP TE khi dang ky DV Data Free Fire. Soan FF30 gui 9748 (40.000d/30 ngay, gia han sau 30 ngay). Chi tiet tai https://freedataviettel.ff.garena.vn/ hoac LH 198 (0d). Tu choi QC, soan TC4 gui 199.",0,0,0,0,0,0,0,0,0,0,
COM_838,"(QC) TB 0962361423! Soan XNM gui 5282 de xem Facebook, YouTube, TikTok, Instagram, Zalo, Spotify... khong gioi han data 4G va co hoi trung 500K vao tai khoan goc khi trai nghiem goi data truc tuyen tong hop - DV Mydata. Cuoc phi chi 3.000d/ngay, gia han theo ngay. Chi tiet truy cap http://mydata.viettel.vn hoac LH 198 (0d). Tu choi QC, soan TC4 gui 199.",0,0,0,0,0,0,0,0,0,0,
COM_839,"[QC] Mua gói data - t?ng voucher Grab (di chuy?n và d?t d? an). CT áp d?ng d?n 15/02/2025 cho Khách hàng nh?n tin nh?n và dang ký thành công gói data < 100.000d trên ?ng d?ng My Viettel. Chi ti?t truy c?p https://viettel.vn/grab99 ho?c LH 198 (0d). T? ch?i QC, so?n TC3 g?i 199.",0,0,0,0,0,0,0,0,0,0,
COM_840,"[QC] SIM kèm gói data - Gi?i pháp ti?t ki?m cho Khách hàng s? d?ng nhi?u luu lu?ng data. Giá SIM 50.000d, gói cu?c di kèm SIM ch? t? 70K/tháng:
1. SD70: 70.000d/30 ngày có 30GB (1GB/ngày)
2. 6SD120: 720.000d/180 ngày có 360GB (2GB/ngày)
3. 12SD135: 1.620.000d/360 ngày có 1.800GB (5GB/ngày)
Gói cu?c gia h?n khi h?t chu k?. Ðang ký t?i https://viettel.vn/simdata. LH 198 (0d). T? ch?i QC, so?n TC3 g?i 199.",0,0,0,0,0,0,0,0,0,0,
COM_841,"[QC] MY VIETTEL H? TR? X? LÝ, BÁO L?I don gi?n, ti?n l?i v?i tính nang t? d?ng phân tích thi?t b? và có th? g?i ph?n ánh, báo l?i cho nhân viên cham sóc khách hàng. Tr?i nghi?m ngay t?i http://viettel.vn/hotrodv. Chi ti?t LH 18008119 (0d). T? ch?i QC, so?n TC3 g?i 199.",0,0,0,0,0,0,0,0,0,0,
COM_842,"[TB] LÊN M?NG SIÊU T?C!
1. So?n ST15K g?i 191: 15.000d/3 ngày có 3GB.
2. So?n ST30K g?i 191: 30.000d/7 ngày có 7GB.
Gói cu?c gia h?n khi h?t chu k?. LH 198 (0d).",0,0,0,0,0,0,0,0,0,0,
COM_843,"[TB] N?P TH? ONLINE - NH?N NGAY KHUY?N M?I!
T?ng 20% giá tr? t?t c? th? n?p vào tài kho?n vi?n thông trong ngày 15/01/2025. Ti?n KM s? d?ng TRUY C?P INTERNET trong 15 ngày. CT áp d?ng khi n?p th? online qua các ví di?n t?, ?ng d?ng thanh toán ho?c t?i https://km.vtmoney.vn/314y/kmdaitra. Chi ti?t g?i 197 b?m phím 19 (0d). Trân tr?ng.",0,0,0,0,0,0,0,0,0,0,
COM_844,"[QC] Khám phá Hành trình s? My Viettel ngay hôm nay và san gi?i d?c bi?t tr? giá 50 tri?u d?ng cùng co h?i rinh hàng lo?t voucher t? các thuong hi?u Shopee, Grab, Golden Gate… Tham gia t?i https://viettel.vn/Hanhtrinhso . Chi ti?t LH 198 (0d). T? ch?i QC, so?n TC3 g?i 199.",0,0,0,0,0,0,0,0,0,0,
COM_845,"Ban co the qua NAP DIEN THOAI MIEN PHI 10.000D trong MoMo, het han 31/1. Mo Vi > UU DAI > QUA CUA TOI dung ngay!",0,0,0,0,0,0,0,0,0,0,
COM_846,"[TB] T?T 5G - N?P TH? Ð? Ð?Y - DATA XÀI NGAY!
T?ng 20% giá tr? t?t c? th? n?p vào tài kho?n vi?n thông trong ngày 25/01/2025. Ti?n KM s? d?ng truy c?p Internet trong 15 ngày. N?p th? online t?i các ví di?n t?, ?ng d?ng thanh toán ho?c t?i https://viettel.vn/naptienkm . Chi ti?t g?i 197 b?m phím 19 (0d). Trân tr?ng.",0,0,0,0,0,0,0,0,0,0,
COM_847,"[TB] Tien ich Loi nhan thoai cua Viettel: Quy khach co cuoc goi nho tu TB 02888885555 vao luc 11:15 24/01/2025. De nghe loi nhan thoai, vui long bam goi 106233 (mien phi).",0,0,0,0,0,0,0,0,0,0,
COM_848,SBamthamGjaNkangua:jthusm.wvbidv.link:nkieuNiemvuiiibdOV,1,1,0,1,1,1,1,1,1,1,
COM_849,"Ban co 10.000D qua Nap Dien Thoai & 140.000D qua khac trong MoMo, het han 31/1. Mo Vi > UU DAI > QUA CUA TOI dung ngay!",0,0,0,0,0,0,0,0,0,0,
COM_850,"[TB] CHU?N B? DATA ÐÓN T?T!
1. So?n TET5G g?i 191: Ch? 50K/5 ngày có 25GB (5GB/ngày), mi?n phí g?i di?n, SMS n?i m?ng, xem truy?n hình, gi?i trí T?t ch?t lu?ng 4K trên TV360
2. So?n ST15K g?i 191: Ch? 15K/3 ngày có 3GB
Chi ti?t gói xem t?i https://viettel.vn/tst1 . LH 198 (0d).",0,0,0,0,0,0,0,0,0,0,
COM_851,"SDTK 1018775106 den 19:04:13 ngay 26/01/2025 la 55,802 VND. GD moi nhat: -11,000 VND: THU PHI QUAN LY TAI KHOAN KHONG HOAT DONG THANG 1 NAM 2025.",0,0,0,0,0,0,0,0,0,0,
COM_852,"[TB] Tien ich Loi nhan thoai cua Viettel: Quy khach co cuoc goi nho tu TB 02888885555 vao luc 14:19 27/01/2025. De nghe loi nhan thoai, vui long bam goi 106234 (mien phi).",0,0,0,0,0,0,0,0,0,0,
COM_853,"<#> 93211 là mã Facebook c?a b?n
Laz+nxCarLW",0,0,0,0,0,0,0,0,0,0,
COM_854,"DV Nhac cho Imuzik da huy do het CTKM trai nghiem mien phi 30 ngay. Quy khach duoc giam 50% cuoc thue bao thang dau va tai khong gioi han nhac cho. Moi quy khach soan GC5 gui 1221 de dang ky lai DV (chi 7.500d/thang dau tien, sau KM, phi DV 15.000d/thang), DV gia han hang thang. De cap nhat cac ban nhac cho moi nhat, truy cap https://imuzik.vn (mien cuoc data) hoac goi 1221 (300d/p). Chi tiet soan HD gui 1221 hoac lien he 198 (mien phi). Tran trong.",0,0,0,0,0,0,0,0,0,0,
COM_855,"Quy khach duoc tham gia trai nghiem mien phi 30 ngay DV Thong bao cuoc goi nho MCA. DV giup Quy khach biet duoc cac cuoc goi den so thue bao cua minh trong luc tat may, het pin. DV se tu huy sau khi ket thuc chuong trinh. Neu khong co nhu cau su dung, soan HUY gui 193. Chi tiet LH 198 (mien phi)",0,0,0,0,0,0,0,0,0,0,
COM_856,"[TB] Nhân d?p Xuân ?t T? 2025, Viettel kính chúc Quý khách V?n s? nhu ý, An khang th?nh vu?ng. Trân tr?ng c?m on Quý khách dã luôn d?ng hành cùng Viettel và r?t mong du?c ti?p t?c ph?c v? trong th?i gian t?i.",0,0,0,0,0,0,0,0,0,0,
COM_857,"[TB] Tien ich Loi nhan thoai cua Viettel: Quy khach co loi nhan tu TB 0395735726 vao luc 20:04 30/01/2025. Voi noi dung: Có.. De nghe loi nhan thoai, vui long bam goi 106201 (mien phi).",0,0,0,0,0,0,0,0,0,0,
COM_858,"[QC] Ð?I M?T KH?U WIFI VÀ KH?I Ð?NG L?I MODEM don gi?n, d? dàng v?i tính nang qu?n lý modem wifi trên MY VIETTEL. M?i Quý khách tr?i nghi?m t?i http://viettel.vn/doimatkhauwifi . Chi ti?t LH 18008119 (0d). T? ch?i QC, so?n TC3 g?i 199.",0,0,0,0,0,0,0,0,0,0,
COM_859,"u#pmeFuycoY.dhka.tech)goo.gl<dT-h'amGi-a->->-Ma:C'o-d-e^Le;nD,e;n""2_O0~Ng'jn<MQMPGQPX>",1,1,1,1,1,1,1,1,1,1,
COM_860,foIVdankkinkaNgua^cmrcuo.trc2br2.me"quaDangcaPzTnk,1,1,1,1,1,1,1,1,1,1,
COM_861,"[QC] Vay ngan ngay - giai ngan sieu toc den 5 TRIEU dong chi can CCCD. Tra gop 30-45 ngay. Dang ky online voi Viettel Money: https://viettelmoney.go.link/8EWu8 .Chi tiet LH 18009000 (0d). Tu choi QC, soan TC3, gui 199.",0,0,0,0,0,0,0,0,0,0,
COM_862,"[TB] N?P TH? Ð? Ð?Y - DATA XÀI NGAY!
T?ng 20% giá tr? t?t c? th? n?p vào tài kho?n vi?n thông trong ngày 10/02/2025. Ti?n KM s? d?ng truy c?p Internet trong 15 ngày. N?p th? online t?i các ví di?n t?, ?ng d?ng thanh toán ho?c t?i https://vtmoney.onelink.me/314y/km3 . Chi ti?t g?i 197 b?m phím 19 (0d). Trân tr?ng.",0,0,0,0,0,0,0,0,0,0,
COM_863,ZaloPay: 718440 la ma OTP dang nhap Zalopay. OTP het han trong 5 phut. KHONG CHIA SE MA OTP VOI BAT KI AI. Lien he 1900545436 neu ban KHONG YEU CAU,0,0,0,0,0,0,0,0,0,0,
COM_864,"Không có n?i dung gì h?t n?a ch?, hú h?n m?",0,0,0,0,0,0,0,0,0,0,
COM_865,À H?i b?o chuy?n á gi? t m?i nh? =)))),0,0,0,0,0,0,0,0,0,0,
COM_866,"Th?c cho l?m, mu?n s?ng d?n nam nhiêu tu?i nói luôn t chu?n b? ti?n phúng di?u, ng? di",0,0,0,0,0,0,0,0,0,0,
COM_867,SNVtanqcot(wozxhkbmifdz)ckOingay^lgzfug.bdhxm.de~ZALO.ME^GiatrjcaoOMZ,1,1,1,1,1,1,1,1,1,1,
COM_868,"[QC] Gói cu?c m?i, tính nang m?i! Khách hàng t? thi?t k? gói cu?c v?i uu dãi phút g?i, data và các d?ch v? ti?n ích ch? v?i 35.000d/7 ngày. Tr?i nghi?m ngay trên ?ng d?ng My Viettel t?i https://viettel.vn/diy. Chi ti?t LH 198 (0d). T? ch?i QC, so?n TC3 g?i 199.",0,0,0,0,0,0,0,0,0,0,
COM_869,"[TB] LU?T M?NG TH? GA - XEM TV MI?N PHÍ
So?n TV95K g?i 191: Ch? 95K/30 ngày có 45GB (1,5GB/ngày) và mi?n phí xem TV360.
Gói cu?c gia h?n sau 30 ngày. LH 198 (0d).",0,0,0,0,0,0,0,0,0,0,
COM_870,"[QC] 3h00 ngày 13/2, d?i chi?n gi?a AS Monaco và Benfica: Ai s? giành du?c chi?n th?ng?
Ðón xem tr?n d?c quy?n vòng lo?i tr?c ti?p gi?i C1 trên TV360 t?i https://tv360.vn/ . Chi ti?t LH 198 (0d). T? ch?i QC, so?n TC4 g?i 199.",0,0,0,0,0,0,0,0,0,0,
COM_871,"Viettel TB: Quý khách dã s? d?ng h?t luu lu?ng data trong ngày c?a gói 3TV95K. Ð? mua thêm, truy c?p https://viettel.vn/goidata ho?c b?m g?i *098#. Chi ti?t LH 198 (0d). Trân tr?ng.",0,0,0,0,0,0,0,0,0,0,
COM_872,"[TB] H?T GÌ THÌ H?T - Ð?NG H?T DATA!
1. So?n ST5K g?i 191: 5K/ngày có 500MB
2. So?n ST10K g?i 191: 10K/ngày có 2GB
Chi ti?t gói cu?c t?i https://viettel.vn/s/dt2. 
Ð?c bi?t: Truy c?p https://myvt.page.link/ST5KM d? mua gói uu dãi 1GB v?i giá 5K. LH 198 (0d).",0,0,0,0,0,0,0,0,0,0,
COM_873,"[TB] N?P TH? ONLINE - DATA XÀI NGAY!
T?ng 20% giá tr? t?t c? th? n?p vào tài kho?n vi?n thông trong ngày 15/02/2025. Ti?n KM s? d?ng TRUY C?P INTERNET trong 15 ngày. CT áp d?ng khi n?p th? online qua các ví di?n t?, ?ng d?ng thanh toán ho?c t?i https://km.vtmoney.vn/314y/kmdaitra. Chi ti?t g?i 197 b?m phím 19 (0d). Trân tr?ng.",0,0,0,0,0,0,0,0,0,0,
COM_874,"[QC] CHÀO 2025! Viettel g?i t?ng Quý khách 30 ngày tr?i nghi?m mi?n phí DV iSign Plus - cho phép thi?t l?p m?i cu?c g?i kèm m?t tin nh?n hi?n th? t? d?ng giúp NH?N DI?N CU?C G?I D? DÀNG, NHANH CHÓNG!
So?n DK8 g?i 9002 d? dang ký ngay, DV không t? d?ng gia h?n.
Chi ti?t truy c?p https://isignplus.vn ho?c LH 198 (0d). T? ch?i QC, so?n TC4 g?i 199.",0,0,0,0,0,0,0,0,0,0,
COM_875,.DbPHnNhaáànkTaàáy;Tld0koEBq.yqszalo.me]kKhuyê??nnMaã?iiTuuyy?tVv??ii.Acol,1,1,1,1,1,1,1,1,1,1,
COM_876,"[QC] 3h00 ngày 19/2, Bayern Munich - Celtic: Li?u Celtic có th? t?o lên phép màu ? sân khách?
Ðón xem tr?n d?u d?c quy?n t?i vòng lo?i tr?c ti?p lu?t v? gi?i C1 trên TV360 t?i https://tv360.vn/ . Chi ti?t LH 198 (0d). T? ch?i QC, so?n TC4 g?i 199.",0,0,0,0,0,0,0,0,0,0,
COM_877,"[TB] B? Công an c?nh báo: Xu?t hi?n tình tr?ng t?i ph?m l?i d?ng các hình ?nh, video c?a ngu?i dân du?c công khai trên không gian m?ng d? ch?nh s?a, c?t, ghép t?o n?i dung nh?y c?m nh?m de do?, t?ng ti?n. Khuy?n cáo ngu?i dân: C?nh giác khi nh?n du?c các tin nh?n, cu?c g?i có n?i dung nhu trên; Không chuy?n ti?n khi b? de d?a; Khi phát hi?n d?u hi?u b? l?a d?o, cu?ng do?t tài s?n c?n nhanh chóng trình báo Co quan Công an noi g?n nh?t và ph?n ánh qua ?ng d?ng VNeID.",0,0,0,0,0,0,0,0,0,0,
COM_878,"Ðang ký nh?n 100k, choi game ng?m gái d?p, website: https://338955.vip",0,0,0,0,0,0,0,0,0,0,
COM_879,"[TB] Viettel kính m?i Quý khách b?t ch? d? VoLTE trên máy di?n tho?i d? s? d?ng d?ch v? tho?i ch?t lu?ng cao trên h? t?ng 4G - tho?i Volte (cu?c nhu cu?c g?i thông thu?ng, xem hu?ng d?n t?i https://viettel.vn/volte). Chi ti?t LH 198 (0d). Trân tr?ng.",0,0,0,0,0,0,0,0,0,0,
COM_880,"Quy khach co don hang NVS502309034 (tien COD: 350.000 d) gui tu Kho Online Non Son - TONG KHO 0931319816 da duoc phan cong cho nhan vien Le Tan Phat 84966583733 di giao. So dien thoai lien he den quy khach de giao hang la so tong dai VIETTELPOST 0862526888. Quy khach vui long nhan cuoc goi va truy cap vao yk.vtp.vn/S/82wn43aBftEsBuwlfJyarA de xac nhan dia chi nhan hang.
Hotline: 1900.8095",0,0,0,0,0,0,0,0,0,0,
COM_881,"Quy khach co don hang NVS502309034 (tien COD: 350.000 d) gui tu Kho Online Non Son - TONG KHO 0931319816 da duoc nhan vien VIETTELPOST Le Tan Phat 84966583733/ 0862526888 giao thanh cong. Quy khach vui long danh gia chat luong dich vu cua Viettel Post tai yk.vtp.vn/S/lf4lOiuORhiW90JgoF_SmA
Hotline: 19008095",0,0,0,0,0,0,0,0,0,0,
COM_882,"[TB] N?P TH? Ð? Ð?Y - DATA XÀI NGAY!
T?ng 20% giá tr? t?t c? th? n?p vào tài kho?n vi?n thông trong ngày 25/02/2025. Ti?n KM s? d?ng truy c?p Internet trong 15 ngày. N?p th? online t?i các ví di?n t?, ?ng d?ng thanh toán ho?c t?i https://viettel.vn/naptienkm . Chi ti?t g?i 197 b?m phím 19 (0d). Trân tr?ng.",0,0,0,0,0,0,0,0,0,0,
COM_883,*VjgOLLì?iXx?ìSsi?ê?u?HhóottTaáamChjjínnNghhijìnn<auZ0gVZHX.njzalo.me)Nnhh??nnQq?u?àHh??ppÐda?nnTt??i?YnLQYf,1,1,1,1,1,1,1,1,1,1,
COM_884,"SDTK 1018775106 den 19:03:35 ngay 26/02/2025 la 50,000 VND. GD moi nhat: -5,802 VND: THU PHI QUAN LY TAI KHOAN KHONG HOAT DONG THANG 2 NAM 2025.",0,0,0,0,0,0,0,0,0,0,
COM_885,"Chuong trinh trai nghiem mien phi 30 ngay DV Thong bao cuoc goi nho MCA da ket thuc. He thong da huy DV MCA cho Quy khach. De tiep tuc su dung DV, Quy khach vui long soan KM5 gui 193 (giam 50% cuoc dang ky chi con 2.750d/30 ngay dau tien, cac thang tiep theo cuoc DV 5.500d/30 ngay, gia han sau 30 ngay). Chi tiet LH 198 (mien phi).",0,0,0,0,0,0,0,0,0,0,
COM_886,"[QC] T?ng voucher di chuy?n t? Be khi mua gói SD30S. Phí gói 30.000d/7 ngày có t?i da 2GB/ngày. CT áp d?ng d?n 15/03/2025 cho Khách hàng mua gói t?i https://myvt.page.link/SD30S. Chi ti?t LH 198 (0d). T? ch?i QC, so?n TC3 g?i 199.",0,0,0,0,0,0,0,0,0,0,
COM_887,"[QC] Vay ngan ngay - giai ngan sieu toc den 5 TRIEU dong chi can CCCD. Tra gop 30-45 ngay. Dang ky online voi Viettel Money: https://viettelmoney.go.link/bY18O .Chi tiet LH 18009000 (0d). Tu choi QC, soan TC3, gui 199.",0,0,0,0,0,0,0,0,0,0,
COM_888,"[QC] Ð?c quy?n trên TV360: Siêu d?i chi?n vòng 16 gi?i bóng dá cúp C1. Ð?ng b? l? các tr?n d?u d?nh cao lúc 3h00 ngày 05/03: Real Madrid - Atletico Madrid; Dortmund - LOSC Lille.
So?n DK SP g?i 1331 (30.000d/30 ngày) ho?c DK VIP g?i 1331 (80.000d/30 ngày) d? xem các tr?n d?u C1 d?c quy?n, phim bom t?n và chuong trình gi?i trí khác trên TV360 v?i Data 4G/5G t?c d? cao t? Viettel t?i https://tv360.vn/ . Gói cu?c gia h?n sau 30 ngày. LH 198 (0d). T? ch?i QC so?n TC4 g?i 199.",0,0,0,0,0,0,0,0,0,0,
COM_889,"[QC] 3h00 ngày 5/3: N?i chi?n máu l?a t?i Champions League - Madrid ch? có m?t ông vua!
Ðón xem tr?n d?c quy?n vòng 1/8 gi?i bóng dá cúp C1 gi?a Real Madrid và Aletico Madrid trên TV360 t?i https://tv360.vn/ . Chi ti?t LH 198 (0d). T? ch?i QC, so?n TC4 g?i 199.",0,0,0,0,0,0,0,0,0,0,
COM_890,^xRqiTthh?u??nnggPph??nnggBbaao?TttámmChhínnNnghHìjjnN<ldknZ1qzv.djzalo.me<Tth??nntT?ài?dÐ??nnXEYeCg,1,1,1,1,1,1,1,1,1,1,
COM_891,"Quy khach duoc cong them 74 diem Viettel++ boi giao dich Tieu dung vien thong thang 02/2025. Thoi han su dung diem den 31/03/2026. Hay truy cap https://myvt.page.link/vtplus tren My Viettel hoac *098# de doi diem sang Data, SMS, Phut goi cung nhieu uu dai gia tri khac. Chi tiet LH 198. Tran trong.",0,0,0,0,0,0,0,0,0,0,
COM_892,So tien Quy khach thanh toan truoc cho account t008_ftth_thanglq24 DV Ftth Viettel se het vao thang nay. De tiep tuc dong cuoc truoc huong chiet khau ngay 2.5% truy cap https://viettel.vn/ttcd. Vui long bo qua tin nhan nay neu quy khach da dong cuoc. LH 18008119 (0d).,0,0,0,0,0,0,0,0,0,0,
COM_893,"[TB] GÓI CU?C M?I, GIÁ SIÊU H?I!
1. So?n ST7K g?i 191: 7K/ngày có 1GB
2. So?n 5G10 g?i 191: 10K/ngày có 6GB
Uu dãi s? d?ng d?n 24h ngày dang ký. Các gói cu?c gia h?n theo ngày. Chi ti?t LH 198 (0d).",0,0,0,0,0,0,0,0,0,0,
COM_894,"[TB] DATA TH? GA, CH? T? 7K!
1. So?n ST7K g?i 191: 7K/ngày có 1GB
2. So?n 5G10 g?i 191: 10K/ngày có 6GB
Uu dãi s? d?ng d?n 24h ngày dang ký. Các gói cu?c gia h?n theo ngày. Chi ti?t LH 198 (0d).",0,0,0,0,0,0,0,0,0,0,
COM_895,"[TB] MUA DATA SIÊU T?C - MI?N PHÍ G?I ÐI?N
So?n SD70 g?i 191: Ch? 70.000d/30 ngày có 30GB data (1GB/ngày). Gói cu?c gia h?n sau 30 ngày. Ð?c bi?t, MI?N PHÍ 50 phút g?i n?i m?ng khi Quý khách tham gia gói tru?c ngày 01/04.
CT dành riêng cho Quý khách. LH 198 (0d).",0,0,0,0,0,0,0,0,0,0,
COM_896,"[TB] N?P TH? Ð? Ð?Y - DATA XÀI NGAY!
T?ng 20% giá tr? t?t c? th? n?p vào tài kho?n vi?n thông trong ngày 10/03/2025. Ti?n KM s? d?ng truy c?p Internet trong 15 ngày. N?p th? online t?i các ví di?n t?, ?ng d?ng thanh toán ho?c t?i https://viettel.vn/naptienkm . Chi ti?t g?i 197 b?m phím 19 (0d). Trân tr?ng.",0,0,0,0,0,0,0,0,0,0,
COM_897,Quy khach (639615776): Dong truoc 1794000d (dong 6 tang thang). Phi DV 0d. Tra cuu tai https://myvt.page.link/myviettel. Tran trong.,0,0,0,0,0,0,0,0,0,0,
COM_898,"[TB] N?P TH? ONLINE - DATA XÀI NGAY!
T?ng 20% giá tr? t?t c? th? n?p vào tài kho?n vi?n thông trong ngày 15/03/2025. Ti?n KM s? d?ng TRUY C?P INTERNET trong 15 ngày. CT áp d?ng khi n?p th? online qua các ví di?n t?, ?ng d?ng thanh toán ho?c t?i https://viettel.vn/pay/tt . Chi ti?t g?i 197 b?m phím 19 (0d). Trân tr?ng.",0,0,0,0,0,0,0,0,0,0,
COM_899,"[KHAO SAT] VIETTEL kinh moi Quy khach danh gia chat luong dich vu: Quy khach co san sang gioi thieu dich vu INTERNET WIFI cua VIETTEL voi nguoi than va ban be? Vui long nhap so diem tu 0 den 10 (1-6: khong gioi thieu, 7-8: co kha nang gioi thieu, 9-10: san sang gioi thieu) va phan hoi lai tin nhan nay (mien phi).",0,0,0,0,0,0,0,0,0,0,
COM_900,^UwXcÐd??nnNnggaayy[dYLpIZ.jwzalo.me]Tt??nnggPph??nnggBbaao?Ttá?mmMmu?oo?i?NngghhjjìnnCsGeYr,1,1,1,1,1,1,1,1,1,1,
COM_901,?LnGoTthh?âmmGgiiaaCchh?oi?<xlDEdl.xwzalo.me<Kkhhu?yy??nnMm?ã?iCc??ccHhóottCclhhí?nBb??yYCcáaVcWkHs,1,1,1,1,1,1,1,1,1,1,
COM_902,"[TB] N?P TH? Ð? Ð?Y - DATA XÀI NGAY!
T?ng 20% giá tr? t?t c? th? n?p vào tài kho?n vi?n thông trong ngày 25/03/2025. Ti?n KM s? d?ng truy c?p Internet trong 15 ngày. N?p th? online t?i các ví di?n t?, ?ng d?ng thanh toán ho?c t?i https://viettel.vn/naptienkm . Chi ti?t g?i 197 b?m phím 19 (0d). Trân tr?ng.",0,0,0,0,0,0,0,0,0,0,
COM_903,"[QC] Dành t?ng Quý khách uu dãi tháng 3! iPhone 16 Pro Max 256GB ch? còn 30.490.000d; Samsung Galaxy S25 Ultra ch? t? 26.990.000d; Redmi Note 14 Series ch? t? 4.490.000d; Oppo Reno13 F ch? 8.990.000d và gi?m thêm d?n 200.000d; Tecno camon 30s ch? 4.790.000d; HONOR X5b (4+64GB) ch? 2.190.000d; TCL 505 (4+128GB) ch? 2.690.000d. CT áp d?ng d?n 31/3 t?i Viettel Store. Chi ti?t truy c?p https://m.viettelstore.vn ho?c LH 18008123 (0d). T? ch?i QC, so?n TC3 g?i 199.",0,0,0,0,0,0,0,0,0,0,
COM_904,"Viettel TB: T? ngày 30/03/2025, gói 3TV95K s? k?t thúc. Ð? bi?t các uu dãi dành riêng cho Quý khách, truy c?p https://viettel.vn/goidata ho?c b?m g?i *098#. Chi ti?t LH 198 (0d). Trân tr?ng.",0,0,0,0,0,0,0,0,0,0,
COM_905,"Viettel TB: Gói 3TV95K dã k?t thúc. Ð? bi?t uu dãi dành riêng cho Quý khách, truy c?p https://viettel.vn/goidata ho?c b?m g?i *098#. Chi ti?t LH 198 (0d). Trân tr?ng.",0,0,0,0,0,0,0,0,0,0,
COM_906,"Nhap ma OTP 3425 de xac thuc Dang nhap tren ung dung My Viettel. Ma OTP se het han sau 5p. Chi tiet LH 18008098 (0d) hoac truy cap https://viettel.vn/app. De dam bao an toan cho tai khoan cua Quy khach, vui long khong chia se ma xac thuc nay voi bat ky ai.",0,0,0,0,0,0,0,0,0,0,
COM_907,"Quy khach la hoi vien Tiem nang chuong trinh Viettel++ chu ky tu 01/04/2025 den 01/04/2026. Hien tai Quy khach co 1.885 diem xet hang va 1.200 diem tieu dung. De biet chi tiet, vui long truy cap https://vietteltelecom.vn/vtplus hoac LH 198 (0d). Tran trong.",0,0,0,0,0,0,0,0,0,0,
COM_908,"Luu luong con lai cua Quy khach la:
1024 MB (ST5KM) truy cap Internet den 00h00 ngay 02-04-2025.
Xin Quy khach luu y: Ngat ket noi internet truoc khi thuc hien tra cuu. LH 198 (0d). Tran trong.",0,0,0,0,0,0,0,0,0,0,
COM_909,G-280834 is your Google verification code. Don't share your code with anyone.,0,0,0,0,0,0,0,0,0,0,
COM_910,"[TB] TIKTOK, YOUTUBE, FACEBOOK TH? GA!
So?n MXH120 g?i 191: 120K/30 ngày có 30GB (1GB/ngày), mi?n phí g?i di?n, data truy c?p TikTok, YouTube, Facebook và nh?n tin Messenger (t?i da 50GB/hu?ng s? d?ng).
Chi ti?t truy c?p https://viettel.vn/s/MXH120 . Gói cu?c gia h?n sau 30 ngày.
CT dành riêng cho Quý khách. LH 198 (0d).",0,0,0,0,0,0,0,0,0,0,
COM_911,[TB] M?i Quý khách c?p nh?t thông tin thuê bao chính ch? theo Can cu?c công dân m?i d? dàng và nhanh chóng trên My Viettel t?i http://viettel.vn/thaydoigiayto. Chi ti?t LH 198 (0d). Trân tr?ng.,0,0,0,0,0,0,0,0,0,0,
COM_912,"[QC] T?ng voucher di chuy?n t? Be tr? giá d?n 100.000d khi mua gói SD30S. Phí gói 30.000d/7 ngày có t?i da 2GB/ngày. CT áp d?ng d?n 15/05/2025 cho khách hàng mua gói t?i https://myviettel.go.link/8PinC. Chi ti?t LH 198 (0d). T? ch?i QC, so?n TC3 g?i 199.",0,0,0,0,0,0,0,0,0,0,
COM_913,"[QC] TNEX cung c?p d?ch v? cho vay nhanh d?n 25 tri?u d?ng, lãi su?t uu dãi, k? h?n linh ho?t. Ðang ký ngay t?i https://viettel.vn/s/TNEXSMS1 . S?n ph?m du?c cung c?p b?i công ty Tài chính trách nhi?m h?u h?n m?t thành viên TNEX. Chi ti?t LH 1800599982 (0d). T? ch?i QC, so?n TC7 VT_MALL g?i 197.",0,0,0,0,0,0,0,0,0,0,
COM_914,^ZqcWCCCù?ÙnNggCChoiiGGêmM?atva.zoomzalo.me·NNh?nLL?O?cc>qprdhtyajwno…ChHHoOiINNgggayyYCyUToZ,1,1,1,1,1,1,1,1,1,1,
COM_915,"[QC] M? th? tín d?ng VIB h?n m?c d?n 50 tri?u d?ng, dang ký 100% online. Mi?n phí thu?ng niên và phí rút ti?n m?t. T?n hu?ng uu dãi d?n 40% t? h? sinh thái Privileges c?a VIB t?i các thuong hi?u hàng d?u Vi?t Nam. Ðang ký t?i https://viettel.vn/vibsms4 ho?c LH 19002200 (1.000d/p) d? du?c tu v?n. T? ch?i QC, so?n TC7 VT_MALL g?i 197.",0,0,0,0,0,0,0,0,0,0,
COM_916,"Tai khoan cua Quy khach sap het. Soan:
1 gui 211 de cong 5 phut noi mang (800d/p), su dung trong 7 ngay
2 gui 211 de cong 1 phut ngoai mang (1.400d/p), su dung trong 7 ngay
3 gui 211 de cong 15 tin nhan noi mang (250d/tin), su dung trong 7 ngay
Chi tiet LH 198 (mien phi).",0,0,0,0,0,0,0,0,0,0,
COM_917,PhNUiChA<Sakxfc.qpzalo.me<LiXiChynClhInNghjnUpOgroupsgooglecom!N,1,1,1,1,1,1,1,1,1,1,
COM_918,"[TB] NAP THE ONLINE - CO THEM UU DAI 
Tang 35% gia tri tat ca the nap vao tai khoan vien thong trong ngay 08/04/2025 (20% de truy cap Internet, 15% de goi va nhan tin noi mang). Tien KM su dung trong 15 ngay. 
CT ap dung cho thue bao nhan duoc tin nhan va nap the online qua cac vi dien tu, ung dung thanh toan hoac tai https://viettel.vn/naptienkm . LH 198 (0d).",0,0,0,0,0,0,0,0,0,0,
COM_919,"[QC] TR?C TI?P VÀ Ð?C QUY?N phát trên TV360 vào 02h00 ngày 9/4: Arsenal - Real Madrid!
Ðón xem tr?n c?u tâm di?m nh?t c?a vòng t? k?t lu?t di gi?i C1 t?i https://tv360.vn/ . Chi ti?t LH 18008119 (0d) ho?c quan tâm Zalo OA TV360 t?i https://zalo.me/tv360official . T? ch?i QC, so?n TC4 g?i 199.",0,0,0,0,0,0,0,0,0,0,
COM_920,"[TB] N?P TH? Ð? Ð?Y - DATA XÀI NGAY!
T?ng 20% giá tr? t?t c? th? n?p vào tài kho?n vi?n thông trong ngày 10/04/2025. Ti?n KM s? d?ng truy c?p Internet trong 15 ngày. N?p th? online t?i các ví di?n t?, ?ng d?ng thanh toán ho?c t?i https://viettel.vn/naptienkm . Chi ti?t g?i 197 b?m phím 19 (0d). Trân tr?ng.",0,0,0,0,0,0,0,0,0,0,
COM_921,"[QC] Tr? lý cu?c g?i VCall ID - C?nh báo cu?c g?i làm phi?n dã chính th?c ra m?t trên My Viettel, giúp B?n ki?m soát cu?c g?i, nói không v?i qu?ng cáo. Cài d?t và c?p nh?t tính nang ngay t?i https://vietteltelecom.vn/vcall. Chi ti?t LH 198 (0d). T? ch?i QC, so?n TC3 g?i 199.",0,0,0,0,0,0,0,0,0,0,
COM_922,"[TB] N?P TH? ONLINE - CÓ THÊM UU ÐÃI
T?ng 35% giá tr? t?t c? th? n?p (20% d? truy c?p Internet, 15% d? g?i và nh?n tin n?i m?ng) khi n?p ti?n vào tài kho?n vi?n thông trong ngày 11/04. Ti?n KM s? d?ng trong 15 ngày. 
CT áp d?ng khi n?p th? ONLINE qua các ví di?n t?, ?ng d?ng thanh toán ho?c t?i https://viettel.vn/naptienkm cho thuê bao nh?n du?c tin nh?n. LH 198 (0d).",0,0,0,0,0,0,0,0,0,0,
COM_923,"[TB] N?P TH? ONLINE - DATA XÀI NGAY!
T?ng 20% giá tr? t?t c? th? n?p vào tài kho?n vi?n thông trong ngày 15/04/2025. Ti?n KM s? d?ng TRUY C?P INTERNET trong 15 ngày. CT áp d?ng khi n?p th? online qua các ví di?n t?, ?ng d?ng thanh toán ho?c t?i https://viettel.vn/pay/tt . Chi ti?t g?i 197 b?m phím 19 (0d). Trân tr?ng.",0,0,0,0,0,0,0,0,0,0,
COM_924,"[TB] GÓI 5G M?I, UU ÐÃI C?C H?I!
1. So?n ST7K g?i 191: 7K có 1GB
2. So?n 5G10 g?i 191: 10K có 6GB
Uu dãi s? d?ng d?n 24h ngày dang ký. Các gói cu?c gia h?n theo ngày. Chi ti?t LH 198 (0d).",0,0,0,0,0,0,0,0,0,0,
COM_925,"[TB] UU ÐÃI DÀNH CHO KHÁCH HÀNG M?I!
So?n 3N g?i 191: 3.000d/3 ngày (giá g?c 30.000d) có 15GB (5GB/ngày), 15p g?i ngo?i m?ng, mi?n phí 10p/cu?c g?i n?i m?ng, SMS n?i m?ng và TV360. Gói cu?c gia h?n v?i giá g?c sau 3 ngày.
CT áp d?ng d?n h?t 30/04 cho l?n dang ký d?u tiên c?a Quý khách. LH 198 (0d).",0,0,0,0,0,0,0,0,0,0,
COM_926,"[TB] Nhân d?p Ngày Sách và Van hoá d?c Vi?t Nam l?n IV (21/4/2025), B? VHTTDL kêu g?i các t? ch?c, doanh nghi?p và b?n d?c c? nu?c cùng nhau lan to? tình yêu sách, d? m?i ngu?i dân là m?t d?i s? van hoá d?c, m?i gia dình, c?ng d?ng là m?t không gian van hoá d?c, d? cùng sách bu?c vào k? nguyên m?i, k? nguyên vuon mình c?a dân t?c.",0,0,0,0,0,0,0,0,0,0,
COM_927,Tai khoan cua Quy khach khong du 5.000d de dang ky goi ST5KM. Quy khach vui long nap them tien de dang ky lai. Chi tiet LH 198 (0d). Tran trong.,0,0,0,0,0,0,0,0,0,0,
COM_928,"Quy khach da duoc thanh toan 10000 VND tu nhan vien 8300240046, Ngay GD: 20/04/2025 19:36:05. Ma GD 2504207702210863. LH 18008098 (0d). Tran trong.",0,0,0,0,0,0,0,0,0,0,
COM_929,Quy khach vua nap the thanh cong va duoc khuyen mai 20% gia tri the nap. Bam *102# de kiem tra tai khoan khuyen mai. Tran trong.,0,0,0,0,0,0,0,0,0,0,
COM_930,"Quy khach co 12.404 dong trong tai khoan. Bam goi *098*3# de co 3GB voi 15.000d/3 ngay hoac *098*989# (30.000d/3 ngay) co 15GB (5GB/ngay), mien phi 10 phut/cuoc noi mang, 15 phut ngoai mang, SMS noi mang va TV360. Goi cuoc gia han khi het chu ky. De biet thong tin cac uu dai khac, bam goi *098# hoac truy cap https://vietteltelecom.vn/goidata. Chi tiet LH 198 (0d). Tran trong.",0,0,0,0,0,0,0,0,0,0,
COM_931,Tin nhan khong hop le. Quy khach vui long goi 18008098 (mien phi) hoac truy cap www.vietteltelecom.vn de duoc tro giup. Xin cam on!,0,0,0,0,0,0,0,0,0,0,
COM_932,Tai khoan goc cua ban con duoi 5.000d! Ban duoc MIEN PHI 100% LUU LUONG DATA khi truy cap App Viettel Money + HOAN TIEN 1.500d khi nap dien thoai 50.000d tren Viettel Money. Mo App nap ngay tai https://km.vtmoney.vn/314y/mm1 . Vui long duy tri ket noi mang de dam bao qua trinh truy cap App Viettel Money khong bi gian doan.,0,0,0,0,0,0,0,0,0,0,
COM_933,"[TB] M?NG Ð?I L?, NHÂN 3 LUU LU?NG!
So?n HCM50 g?i 191: 50K/5 ngày có 25GB (5GB/ngày). Ð?c bi?t, t?ng thêm 50GB (10GB/ngày) s? d?ng t?i TP. H? Chí Minh nhân d?p 50 nam gi?i phóng mi?n Nam, th?ng nh?t d?t nu?c.
Gói cu?c du?c mi?n phí g?i di?n, SMS n?i m?ng và xem TV360 (chi ti?t t?i https://viettel.vn/HCM50).
CT áp d?ng d?n ngày 30/04/2025. LH 198 (0d).",0,0,0,0,0,0,0,0,0,0,
COM_934,"[TB] Ð?I L? 50 NAM - VIETTEL T?NG 50%!
Khuy?n m?i 50% giá tr? t?t c? th? n?p trong ngày 25/04/2025: 20% s? d?ng truy c?p Internet trong 15 ngày, 30% s? d?ng g?i và nh?n tin n?i m?ng trong 5 ngày. N?p th? online t?i https://viettel.vn/naptienkm . Chi ti?t g?i 197 b?m phím 19 (0d). Trân tr?ng.",0,0,0,0,0,0,0,0,0,0,
COM_935,"Ban co 10.000D qua Nap Dien Thoai & 140.000D qua khac trong MoMo, het han 30/4. Mo Vi > UU DAI > QUA CUA TOI dung ngay!",0,0,0,0,0,0,0,0,0,0,
COM_936,"[TB] N?P TH? T?NG TI?N - DÙNG LI?N DATA!
T?ng 20% giá tr? t?t c? th? n?p vào tài kho?n vi?n thông trong ngày 26/04. Ti?n KM s? d?ng TRUY C?P INTERNET trong 15 ngày.
N?p th? online t?i các ví di?n t?, ?ng d?ng thanh toán ho?c t?i https://viettel.vn/naptienkm .
CT dành riêng cho Quý khách. LH 198 (0d).",0,0,0,0,0,0,0,0,0,0,
COM_937,"Ban co the qua NAP DIEN THOAI MIEN PHI 10.000D trong MoMo, het han 30/4. Mo Vi > UU DAI > QUA CUA TOI dung ngay!",0,0,0,0,0,0,0,0,0,0,
COM_938,"[TB] 5G: MUA 2 T?NG 1 - M?NG 50 NAM Ð?I TH?NG!
So?n 5G70 g?i 191: 70K/7 ngày có 8GB/ngày.
Ð?c bi?t: T? 28/4 - 5/5, mua 2 l?n gói 5G70 s? du?c t?ng 1 l?n dang ký mi?n phí. Quà t?ng du?c áp d?ng sau khi Quý khách nh?n thông báo t? Viettel.
Gói cu?c gia h?n sau 7 ngày. Chi ti?t LH 198 (0d).",0,0,0,0,0,0,0,0,0,0,
COM_939,[TB] Tang 20% gia tri tat ca the nap trong ngay 29/04/2025. Tien KM su dung TRUY CAP INTERNET trong 15 ngay. CT danh rieng cho TB cua Quy khach. LH 198 (0d).,0,0,0,0,0,0,0,0,0,0,
COM_940,"[TB] 5G SIÊU T?C - TH?N T?C B?T PHÁ
M?ng Ð?i L?, Viettel t?ng 30K khi dang ký gói:
1. So?n 5GLQ190 g?i 191: 190K/30 ngày có 180GB (6GB/ngày)
2. So?n 5GLQ210 g?i 191: 210K/30 ngày có 180GB (6GB/ngày), mi?n phí g?i di?n
Gói cu?c gia h?n sau 30 ngày. Chi ti?t gói xem t?i https://viettel.vn/5glq.
Ti?n KM c?ng trong 24h, dùng d? truy c?p Internet trong 5 ngày. CT dành riêng cho Quý khách d?n h?t 5/5/2025. LH 198 (0d).",0,0,0,0,0,0,0,0,0,0,
COM_941,"Quy khach da duoc thanh toan 10000 VND tu nhan vien 4300240030, Ngay GD: 30/04/2025 05:14:51. Ma GD 250430660416739. LH 18008098 (0d). Tran trong.",0,0,0,0,0,0,0,0,0,0,
COM_942,Mang mu b?o hi?m cho am,0,0,0,0,0,0,0,0,0,0,
COM_943,"Quy khach da duoc thanh toan 10000 VND tu nhan vien 4300240030, Ngay GD: 01/05/2025 08:27:17. Ma GD 250501673740371. LH 18008098 (0d). Tran trong.",0,0,0,0,0,0,0,0,0,0,
COM_944,Quý khách dã dang ký thành công gói ST15K: 15.000d/3 ngày có 3GB. Gói cu?c gia h?n sau 3 ngày. Truy c?p https://viettel.vn/kttk d? ki?m tra uu dãi. Chi ti?t LH 198 (0d). Trân tr?ng.,0,0,0,0,0,0,0,0,0,0,
COM_945,"Quy khach co 17.404 dong trong tai khoan. Bam goi *098*3# de co 3GB voi 15.000d/3 ngay hoac *098*989# (30.000d/3 ngay) co 15GB (5GB/ngay), mien phi 10 phut/cuoc noi mang, 15 phut ngoai mang, SMS noi mang va TV360. Goi cuoc gia han khi het chu ky. De biet thong tin cac uu dai khac, bam goi *098# hoac truy cap https://vietteltelecom.vn/goidata. Chi tiet LH 198 (0d). Tran trong.",0,0,0,0,0,0,0,0,0,0,
COM_946,"Tai khoan cua Quy khach sap het. Soan:
1 gui 211 de cong 5 phut noi mang (800d/p), su dung trong 7 ngay
2 gui 211 de cong 1 phut ngoai mang (1.400d/p), su dung trong 7 ngay
3 gui 211 de cong 15 tin nhan noi mang (250d/tin), su dung trong 7 ngay
Chi tiet LH 18008098 (mien phi).",0,0,0,0,0,0,0,0,0,0,
COM_947,"[TB] Tien ich Loi nhan thoai cua Viettel: Quy khach co loi nhan tu TB 0335232108 vao luc 20:36 01/05/2025. Voi noi dung: alo. De nghe loi nhan thoai, vui long bam goi 106202 (mien phi).",0,0,0,0,0,0,0,0,0,0,
COM_948,"Viettel TB: T? 0h-5h ngày 04/05/2025, gói ST15K s? gia h?n. Cu?c phí 15.000d/3 ngày có 3GB. Quý khách d?m b?o thuê bao ho?t d?ng 2 chi?u và d? ti?n d? gói cu?c gia h?n thành công. Ð? h?y gia h?n, so?n HUY ST15K g?i 191. Ð?c bi?t: C?p nh?t nhi?u uu dãi HOT khi N?p th?/Mua data qua Viettel Money t?i https://viettelmoney.go.link/eiCbh. LH 198 (0d). Trân tr?ng.",0,0,0,0,0,0,0,0,0,0,
COM_949,"Viettel TB: Gói ST15K gia h?n không thành công. Ð? bi?t các uu dãi khác, truy c?p https://viettel.vn/goidata ho?c b?m g?i *098#. Chi ti?t LH 198 (0d). Trân tr?ng.",0,0,0,0,0,0,0,0,0,0,
COM_950,[TB] Tien ich Loi nhan thoai cua Viettel: Quy khach co cuoc goi nho tu TB 0327396277 vao luc 13:20 04/05/2025.,0,0,0,0,0,0,0,0,0,0,
COM_951,"Nhap ma OTP 6286 de xac thuc Dang nhap tren ung dung My Viettel. Ma OTP se het han sau 5p. Chi tiet LH 18008098 (0d) hoac truy cap https://viettel.vn/app. De dam bao an toan cho tai khoan cua Quy khach, vui long khong chia se ma xac thuc nay voi bat ky ai.",0,0,0,0,0,0,0,0,0,0,
COM_952,"Quy khach da duoc thanh toan 10000 VND tu nhan vien 4300240030, Ngay GD: 04/05/2025 14:42:33. Ma GD 250504619134935. LH 18008098 (0d). Tran trong.",0,0,0,0,0,0,0,0,0,0,
COM_953,"Quý khách dã dang ký thành công gói ST7K: 7.000d/ngày có 1GB s? d?ng d?n 23:59:59 ngày 04/05/2025. Truy c?p https://viettel.vn/kttk d? ki?m tra uu dãi. Gói cu?c gia h?n theo ngày. Ð? h?y gia h?n, so?n HUY ST7K g?i 191. Chi ti?t LH 198 (0d). Trân tr?ng.",0,0,0,0,0,0,0,0,0,0,
COM_954,"[TB] KHUY?N M?I 5G - M?NG Ð?I L?!
1. So?n 5G30 g?i 191: 30K/3 ngày có 7GB/ngày
2. So?n ST7K g?i 191: 7K có 1GB dùng d?n 24h ngày dang ký
Ð?c bi?t: T? 28/4 - 5/5, mua 2 l?n gói 5G30 s? du?c t?ng 1 l?n dang ký mi?n phí. Quà t?ng du?c áp d?ng sau khi Quý khách nh?n thông báo t? Viettel.
Các gói cu?c gia h?n khi h?t chu k?. Chi ti?t LH 198 (0d).",0,0,0,0,0,0,0,0,0,0,
COM_955,"Moi Quy khach soan tin de tham gia DV Data Plus:
1 gui 9598 de cong 1024MB (cuoc 9144d, su dung trong vong 24h sau khi cong).
2 gui 9598 de cong 500MB (cuoc 6000d, su dung trong vong 24h sau khi cong).
Tin nhan co hieu luc trong 24h. Chi tiet LH 18008098 (mien phi).",0,0,0,0,0,0,0,0,0,0,
COM_956,"Viettel TB: Gói ST7K gia h?n không thành công. Ð? bi?t các uu dãi khác, truy c?p https://viettel.vn/goidata ho?c b?m g?i *098#. Chi ti?t LH 198 (0d). Trân tr?ng.",0,0,0,0,0,0,0,0,0,0,
COM_957,"[TB] Quy khach da dang ky thanh cong goi ST7K tren ung dung My Viettel ngay 04/05/2025 va duoc tang 01 ma uu dai giam 25% toi da 50k cho beBike, 01 ma uu dai giam 15% toi da 50k cho beCar. Quy khach truy cap link https://begroup.onelink.me/ZOqn/Viettel100k, bam chon DANG KY NGAY. Ma uu dai se duoc cap nhat tai muc Uu dai cua toi tren ung dung BE trong vong 48h. Chi tiet LH 198 (0d). Tran trong!",0,0,0,0,0,0,0,0,0,0,
COM_958,"[TB] Thành ph? khuy?n ngh? co quan, t? ch?c kh?n truong th?c hi?n vi?c dang ký tài kho?n d?nh danh di?n t? cho don v? d? s?m hu?ng nh?ng ti?n ích, k?t n?i du?c v?i các thông tin h?u ích c?a d?nh danh di?n t? dem l?i.",0,0,0,0,0,0,0,0,0,0,
COM_959,"[C?NH BÁO] Xu?t hi?n tình tr?ng t?i ph?m t?o l?p các website, facebook gi? m?o tru?ng d?i h?c, trung tâm dào t?o, qu?ng cáo khóa hu?n luy?n, h?c k?/tr?i hè quân d?i, công an... cho tr? em nh?m ti?p c?n ph? huynh có nhu c?u và d? d? n?p ti?n tham gia d? chi?m do?t tài s?n. Khuy?n cáo ngu?i dân: Nâng cao c?nh giác, ch? dang ký tham gia và chuy?n ti?n khi dã tìm hi?u rõ thông tin c?a don v? t? ch?c. Khi phát hi?n d?u hi?u b? l?a d?o chi?m do?t tài s?n, c?n nhanh chóng trình báo Co quan Công an noi g?n nh?t và ph?n ánh qua ?ng d?ng VNeID.",0,0,0,0,0,0,0,0,0,0,
COM_960,"VNeID: Ma OTP 208193 co hieu luc trong 3 phut, su dung de xac thuc cho yeu cau dang ky tai khoan. Vi ly do bao mat, tuyet doi khong duoc cung cap ma OTP nay cho bat ky ai. Tran trong!",0,0,0,0,0,0,0,0,0,0,
COM_961,"[QC] TRANG B? MI?N PHÍ 04 CAMERA TRONG NHÀ khi Khách hàng Internet Viettel dang ký DV Home Camera: Phí l?p d?t ch? t? 100.000d/camera, luu tr? Cloud ch? t? 40.000d/tháng/camera. Truy c?p https://www.viettel.vn/camera ho?c LH 18008168 (0d) d? bi?t chi ti?t và dang ký DV. T? ch?i QC, so?n TC3 g?i 199.",0,0,0,0,0,0,0,0,0,0,
COM_962,LiTTingTing]CYMfYw.lxzalo.me]DcLunClhinMuojNgginYugroupsgooglecom?Z,1,1,1,1,1,1,1,1,1,1,
COM_963,"Quy khach da duoc thanh toan 10000 VND tu nhan vien 4300240030, Ngay GD: 07/05/2025 17:32:14. Ma GD 250507670385927. LH 18008098 (0d). Tran trong.",0,0,0,0,0,0,0,0,0,0,
COM_964,"Quy khach co 10.046 dong trong tai khoan. Bam goi *098*3# de co 3GB voi 15.000d/3 ngay hoac *098*989# (30.000d/3 ngay) co 15GB (5GB/ngay), mien phi 10 phut/cuoc noi mang, 15 phut ngoai mang, SMS noi mang va TV360. Goi cuoc gia han khi het chu ky. De biet thong tin cac uu dai khac, bam goi *098# hoac truy cap https://vietteltelecom.vn/goidata. Chi tiet LH 198 (0d). Tran trong.",0,0,0,0,0,0,0,0,0,0,
COM_965,"[QC] T?ng 5.000 di?m Viettel++ khi tr?i nghi?m các tính nang dành riêng cho THUÊ BAO INTERNET: Nâng c?p bang thông, d?i gói cu?c, h? tr?/báo l?i d?ch v?, qu?n lý modem wifi t? xa, thay d?i thông tin (s? di?n tho?i, d?a ch?) trên My Viettel t?i http://viettel.vn/tienichcodinh. Chi ti?t LH 18008119 (0d). T? ch?i QC, so?n TC3 g?i 199.",0,0,0,0,0,0,0,0,0,0,
COM_966,"[QC] T?NG 20.000 ÐI?M VIETTEL++ KHI Ð?I GÓI CU?C INTERNET TRÊN MY VIETTEL. Thao tác nhanh chóng, d? dàng d? nâng cao t?c d? du?ng truy?n t?i http://viettel.vn/doigoicodinh. Chi ti?t LH 18008119 (0d). T? ch?i QC, so?n TC3 g?i 199.",0,0,0,0,0,0,0,0,0,0,
COM_967,"[QC] Uu dãi Truy?n hình Viettel TV360: T?ng 1 tháng cu?c DV khi dóng tru?c cu?c 12 tháng, khám phá hon 100 kênh Truy?n hình (VTV, SCTV, THVL, HTV,...) ch? t? 20.000d/tháng. Ðang ký ngay t?i https://vietteltelecom.vn/TV360. Chi ti?t LH 18008168 (0d). T? ch?i QC, so?n TC3 g?i 199.",0,0,0,0,0,0,0,0,0,0,
COM_968,"Doi thanh cong 200 diem tieu dung Viettel++ thanh 40 MB Data. Han su dung truoc 09/05/2025. Tong diem tieu dung con lai trong tai khoan Viettel++ cua Quy khach la 1.355 diem. De kiem tra lich su doi diem va lua chon uu dai hap dan khac, vui long truy cap https://vietteltelecom.vn/vtplus. Tran trong.",0,0,0,0,0,0,0,0,0,0,
COM_969,"Tai khoan cua Quy khach sap het. Soan:
1 gui 211 de cong 25 phut noi mang (794d/p), su dung trong 7 ngay
2 gui 211 de cong 11 phut ngoai mang (1.369d/p), su dung trong 7 ngay
3 gui 211 de cong 85 tin nhan noi mang (230d/tin), su dung trong 15 ngay
4 gui 211 de cong 15 tin nhan ngoai mang (313d/tin), su dung trong 7 ngay
Chi tiet LH 18008098 (mien phi).",0,0,0,0,0,0,0,0,0,0,
COM_970,"Doi thanh cong 200 diem tieu dung Viettel++ thanh 40 MB Data. Han su dung truoc 10/05/2025. Tong diem tieu dung con lai trong tai khoan Viettel++ cua Quy khach la 1.155 diem. De kiem tra lich su doi diem va lua chon uu dai hap dan khac, vui long truy cap https://vietteltelecom.vn/vtplus. Tran trong.",0,0,0,0,0,0,0,0,0,0,
COM_971,Cuc Canh sat QLHC ve TTXH thong bao: Ho so dang ky tai khoan dinh danh dien tu cua cong dan Nguyen Van Thang da duoc phe duyet. De nghi truy cap ung dung VNeID hoac dia chi https://vneid.gov.vn de kich hoat tai khoan.,0,0,0,0,0,0,0,0,0,0,
COM_972,"[TB] N?P TH? Ð? Ð?Y - DATA XÀI NGAY!
T?ng 20% giá tr? t?t c? th? n?p vào tài kho?n vi?n thông trong ngày 10/05/2025. Ti?n KM s? d?ng truy c?p Internet trong 15 ngày. N?p th? online t?i các ví di?n t?, ?ng d?ng thanh toán ho?c t?i https://viettel.vn/naptienkm . Chi ti?t g?i 197 b?m phím 19 (0d). Trân tr?ng.",0,0,0,0,0,0,0,0,0,0,
COM_973,BbAThuongTammTammCa)CbaqRy.rmzalo.me<gpuzdehmoirl]NguoiAEMwgroupsgooglecom*S,1,1,1,1,1,1,1,1,1,1,
COM_974,"C?u vu?t sóng th?n ? An Bình, Di An dúng ko ba",0,0,0,0,0,0,0,0,0,0,
COM_975,"[TB] Combo tr? sau giá h?i V120K: 120.000d/tháng có 1,5GB/ngày, mi?n phí 20p/cu?c n?i m?ng, 50p ngo?i m?ng. Gói cu?c gia h?n theo tháng. Ð?c bi?t: Ðóng tru?c cu?c 6 tháng - t?ng 1 tháng, 12 tháng - t?ng 2 tháng. LH 18008168 (0d) d? du?c h? tr? dang ký.",0,0,0,0,0,0,0,0,0,0,
COM_976,Ngu?i ta nói g?n b?n xe m?i mi?n dông,0,0,0,0,0,0,0,0,0,0,
COM_977,"Quy khach da duoc thanh toan 10000 VND tu nhan vien 8300240017, Ngay GD: 12/05/2025 04:15:16. Ma GD 2505127717736315. LH 18008098 (0d). Tran trong.",0,0,0,0,0,0,0,0,0,0,
COM_978,"Quy khach co 13.048 dong trong tai khoan. Bam goi *098*3# de co 3GB voi 15.000d/3 ngay hoac *098*989# (30.000d/3 ngay) co 15GB (5GB/ngay), mien phi 10 phut/cuoc noi mang, 15 phut ngoai mang, SMS noi mang va TV360. Goi cuoc gia han khi het chu ky. De biet thong tin cac uu dai khac, bam goi *098# hoac truy cap https://vietteltelecom.vn/goidata. Chi tiet LH 198 (0d). Tran trong.",0,0,0,0,0,0,0,0,0,0,
COM_979,"[QC] Vay nhanh 3 PHUT - 30 TRIEU dong ve tay. Chi can CCCD, tra gop den 24 thang. Lai suat uu dai. Dang ky online voi Viettel Money: https://viettelmoney.go.link/Ngdub .Chi tiet LH 18009000 (0d). Tu choi QC, soan TC3 gui 199.",0,0,0,0,0,0,0,0,0,0,
COM_980,"[TB] DATA CHO M?I CHUY?N ÐI!
1. So?n ST7K g?i 191: 7K có 1GB
2. So?n 5G10 g?i 191: 10K có 6GB
Uu dãi s? d?ng d?n 24h ngày dang ký. Các gói cu?c gia h?n theo ngày. Chi ti?t LH 198 (0d).",0,0,0,0,0,0,0,0,0,0,
COM_981,"[TB] Tien ich Loi nhan thoai cua Viettel: Quy khach co loi nhan tu TB 0996649573 vao luc 09:00 13/05/2025. Voi noi dung: 123 bê phát mua lì xì ti?n t? m?i ngày liên h? cham sóc khách hàng tham gia trang nhu?n ngay ti?n hu?ng lên t?i 8888000 truy c?p ngay 12312379 ch?m com. De nghe loi nhan thoai, vui long bam goi 106204 (mien phi).",0,0,0,0,0,0,0,0,0,0,
COM_982,"[QC] MUA DATA - NGHE SÁCH NÓI KHÔNG GI?I H?N
So?n VM80 g?i 191 (80.000d/30 ngày) có 30GB data t?c d? cao (1GB/ngày), mi?n phí nghe toàn b? n?i dung sách nói, truy?n k? trên ?ng d?ng Mydio t?i http://mydio.vn. DV gia h?n sau 30 ngày.
Chi ti?t LH 198 (0d). T? ch?i QC, so?n TC4 g?i 199.",0,0,0,0,0,0,0,0,0,0,
COM_983,HUYDATA ST15K g?i 191 dây nè ba,0,0,0,0,0,0,0,0,0,0,
COM_984,"[TB] N?P TH? ONLINE - DATA XÀI NGAY!
T?ng 20% giá tr? t?t c? th? n?p vào tài kho?n vi?n thông trong ngày 15/05/2025. Ti?n KM s? d?ng TRUY C?P INTERNET trong 15 ngày. CT áp d?ng khi n?p th? online qua các ví di?n t?, ?ng d?ng thanh toán ho?c t?i https://viettel.vn/pay/tt . Chi ti?t g?i 197 b?m phím 19 (0d). Trân tr?ng.",0,0,0,0,0,0,0,0,0,0,
COM_985,"VNeID: Ma OTP 143861 co hieu luc trong 3 phut, su dung de xac thuc cho yeu cau lay lai mat khau. Vi ly do bao mat, tuyet doi khong duoc cung cap ma OTP nay cho bat ky ai. Tran trong!",0,0,0,0,0,0,0,0,0,0,
COM_986,"Quy khach da duoc thanh toan 10000 VND tu nhan vien 8300240011, Ngay GD: 19/05/2025 06:47:59. Ma GD 2505197724403335. LH 18008098 (0d). Tran trong.",0,0,0,0,0,0,0,0,0,0,
COM_987,"Nhap ma OTP 7567 de xac thuc Dang nhap tren ung dung My Viettel. Ma OTP se het han sau 5p. Chi tiet LH 18008098 (0d) hoac truy cap https://viettel.vn/app. De dam bao an toan cho tai khoan cua Quy khach, vui long khong chia se ma xac thuc nay voi bat ky ai.",0,0,0,0,0,0,0,0,0,0,
COM_988,"Quy khach co 12.570 dong trong tai khoan. Bam goi *098*3# de co 3GB voi 15.000d/3 ngay hoac *098*989# (30.000d/3 ngay) co 15GB (5GB/ngay), mien phi 10 phut/cuoc noi mang, 15 phut ngoai mang, SMS noi mang va TV360. Goi cuoc gia han khi het chu ky. De biet thong tin cac uu dai khac, bam goi *098# hoac truy cap https://vietteltelecom.vn/goidata. Chi tiet LH 198 (0d). Tran trong.",0,0,0,0,0,0,0,0,0,0,
COM_989,"Nhap ma OTP 0254 de xac thuc Dang nhap tren ung dung My Viettel. Ma OTP se het han sau 5p. Chi tiet LH 18008098 (0d) hoac truy cap https://viettel.vn/app. De dam bao an toan cho tai khoan cua Quy khach, vui long khong chia se ma xac thuc nay voi bat ky ai.",0,0,0,0,0,0,0,0,0,0,
COM_990,"<#> Mã WhatsApp c?a b?n: 672-500
Ð?ng cho ai bi?t mã này
4sgLq1p5sV6",0,0,0,0,0,0,0,0,0,0,
COM_991,Tu?n này hôm nào con r?i,0,0,0,0,0,0,0,0,0,0,
COM_992,"Quy khach da duoc thanh toan 10000 VND tu nhan vien 4300240030, Ngay GD: 25/05/2025 02:54:38. Ma GD 250525661647899. LH 18008098 (0d). Tran trong.",0,0,0,0,0,0,0,0,0,0,
COM_993,"Quy khach co 11.944 dong trong tai khoan. Bam goi *098*3# de co 3GB voi 15.000d/3 ngay hoac *098*989# (30.000d/3 ngay) co 15GB (5GB/ngay), mien phi 10 phut/cuoc noi mang, 15 phut ngoai mang, SMS noi mang va TV360. Goi cuoc gia han khi het chu ky. De biet thong tin cac uu dai khac, bam goi *098# hoac truy cap https://vietteltelecom.vn/goidata. Chi tiet LH 198 (0d). Tran trong.",0,0,0,0,0,0,0,0,0,0,
COM_994,"[TB] N?P TH? Ð? Ð?Y - DATA XÀI NGAY!
T?ng 20% giá tr? t?t c? th? n?p vào tài kho?n vi?n thông trong ngày 26/05/2025. Ti?n KM s? d?ng truy c?p Internet trong 15 ngày. N?p th? online t?i các ví di?n t?, ?ng d?ng thanh toán ho?c t?i https://viettel.vn/naptienkm . Chi ti?t g?i 197 b?m phím 19 (0d). Trân tr?ng.",0,0,0,0,0,0,0,0,0,0,
COM_995,"Quy khach co 26.944 dong trong tai khoan. Bam goi *098*3# de co 3GB voi 15.000d/3 ngay hoac *098*989# (30.000d/3 ngay) co 15GB (5GB/ngay), mien phi 10 phut/cuoc noi mang, 15 phut ngoai mang, SMS noi mang va TV360. Goi cuoc gia han khi het chu ky. De biet thong tin cac uu dai khac, bam goi *098# hoac truy cap https://vietteltelecom.vn/goidata. Chi tiet LH 198 (0d). Tran trong.",0,0,0,0,0,0,0,0,0,0,
COM_996,"Quy khach da duoc thanh toan 20000 VND tu nhan vien 4300240030, Ngay GD: 27/05/2025 05:16:52. Ma GD 250527690772464. LH 18008098 (0d). Tran trong.",0,0,0,0,0,0,0,0,0,0,
COM_997,"Viettel TB: T? 0h-5h ngày 30/05/2025, gói ST15K s? gia h?n. Cu?c phí 15.000d/3 ngày có 3GB. Quý khách d?m b?o thuê bao ho?t d?ng 2 chi?u và d? ti?n d? gói cu?c gia h?n thành công. Ð? h?y gia h?n, so?n HUY ST15K g?i 191. Ð?c bi?t: C?p nh?t nhi?u uu dãi HOT khi N?p th?/Mua data qua Viettel Money t?i https://viettelmoney.go.link/eiCbh. LH 198 (0d). Trân tr?ng.",0,0,0,0,0,0,0,0,0,0,
COM_998,"Doi thanh cong 200 diem tieu dung Viettel++ thanh 40 MB Data. Han su dung truoc 31/05/2025. Tong diem tieu dung con lai trong tai khoan Viettel++ cua Quy khach la 955 diem. De kiem tra lich su doi diem va lua chon uu dai hap dan khac, vui long truy cap https://vietteltelecom.vn/vtplus. Tran trong.",0,0,0,0,0,0,0,0,0,0,
COM_999,"[TB] B? Van hóa, Th? thao và Du l?ch khuy?n cáo: Trong th?i gian g?n dây, tình tr?ng m?t s? t? ch?c, cá nhân, ngu?i chuy?n t?i s?n ph?m qu?ng cáo có ?nh hu?ng tham gia ho?t d?ng qu?ng cáo trên m?ng xã h?i sai s? th?t, làm ?nh hu?ng d?n quy?n l?i c?a ngu?i tiêu dùng. Ngu?i dân c?n nâng cao c?nh giác d?i v?i các thông tin qu?ng cáo, d?c bi?t là qu?ng cáo v? s?a, thu?c, th?c ph?m ch?c nang, m? ph?m... d? ch?n l?c, dánh giá, ki?m tra ch?t lu?ng hàng hóa tru?c khi quy?t d?nh l?a ch?n s?n ph?m, hàng hóa, d?ch v?.",0,0,0,0,0,0,0,0,0,0,
COM_1000,"Doi thanh cong 300 diem tieu dung Viettel++ thanh 60 MB Data. Han su dung truoc 31/05/2025. Tong diem tieu dung con lai trong tai khoan Viettel++ cua Quy khach la 555 diem. De kiem tra lich su doi diem va lua chon uu dai hap dan khac, vui long truy cap https://vietteltelecom.vn/vtplus. Tran trong.",0,0,0,0,0,0,0,0,0,0,
COM_1001,CgDOiXoiOi<mmmQqM.uszalo.me(TriAnMootTRaamNghjnYggroupsgooglecom?O,1,1,1,1,1,1,1,1,1,1,
COM_1002,"Doi thanh cong 200 diem tieu dung Viettel++ thanh 40 MB Data. Han su dung truoc 02/06/2025. Tong diem tieu dung con lai trong tai khoan Viettel++ cua Quy khach la 55 diem. De kiem tra lich su doi diem va lua chon uu dai hap dan khac, vui long truy cap https://vietteltelecom.vn/vtplus. Tran trong.",0,0,0,0,0,0,0,0,0,0,
COM_1003,[PUBG] mã: 489880. có hi?u l?c cho 3 phút.,0,0,0,0,0,0,0,0,0,0,
COM_1004,"[QC] T?O TÀI KHO?N VÀ ÐANG NH?P MY VIETTEL - NH?N 10.000 ÐI?M VIETTEL++. CT áp d?ng cho thuê bao Internet, Truy?n hình t?o tài kho?n và dang nh?p ?ng d?ng My Viettel thành công t?i https://viettel.vn/dangkytaikhoancd. Chi ti?t LH 18008119 (0d). T? ch?i QC, so?n TC3 g?i 199.",0,0,0,0,0,0,0,0,0,0,
COM_1005,"[QC] Tham gia chuong trình San kho báu cùng Viettel trên Zalo t?i https://viettel.vn/zalo/sankhobau và nh?n ngay hàng ngàn quà t?ng h?p d?n (data, uu dãi gi?m giá…) v?i t?ng giá tr? d?n 75 t? d?ng. Chi ti?t LH 198 (0d). T? ch?i QC so?n TC3 g?i 199.",0,0,0,0,0,0,0,0,0,0,
COM_1006,,1,1,1,1,1,1,1,1,1,1,
COM_1007,"Quy khach duoc cong them 1.495 diem Viettel++ boi giao dich Tieu dung vien thong thang 05/2025. Thoi han su dung diem den 30/06/2026. Hay truy cap https://vietteltelecom.vn/vtplus tren My Viettel hoac *098# de doi diem sang Data, SMS, Phut goi cung nhieu uu dai gia tri khac. Chi tiet LH 198. Tran trong.",0,0,0,0,0,0,0,0,0,0,
COM_1008,"Quy khach da duoc thanh toan 50000 VND tu nhan vien 4500540010, Ngay GD: 06/06/2025 13:59:11. Ma GD 250606639203713. LH 18008098 (0d). Tran trong.",0,0,0,0,0,0,0,0,0,0,
COM_1009,"Quy khach co 61.944 dong trong tai khoan. Bam goi *098*3# de co 3GB voi 15.000d/3 ngay hoac *098*989# (30.000d/3 ngay) co 15GB (5GB/ngay), mien phi 10 phut/cuoc noi mang, 15 phut ngoai mang, SMS noi mang va TV360. Goi cuoc gia han khi het chu ky. De biet thong tin cac uu dai khac, bam goi *098# hoac truy cap https://vietteltelecom.vn/goidata. Chi tiet LH 198 (0d). Tran trong.",0,0,0,0,0,0,0,0,0,0,
COM_1010,Quy khach da dang ky thanh cong goi ST60N: 60.000d/30 ngay co 60GB (2GB/ngay). Goi cuoc gia han sau 30 ngay. Truy cap https://viettel.vn/kttk de kiem tra uu dai. Chi tiet LH 198 (0d). Tran trong.,0,0,0,0,0,0,0,0,0,0,
COM_1011,"Tai khoan cua Quy khach sap het. Soan UT hoac Y gui 9118 de xac nhan cong 15000d vao tai khoan (cuoc DV 2250d). De cong muc thap hon, soan UTx gui 9118 (x la boi so cua 5) hoac bam 1588sodienthoai de yeu cau nguoi nghe la thue bao Viettel tra phi cuoc goi. Chi tiet soan HD gui 9118 hoac LH 18008098 (0d). Xin cam on.",0,0,0,0,0,0,0,0,0,0,
COM_1012,Tai khoan goc cua ban con duoi 5.000d! Ban duoc MIEN PHI 100% LUU LUONG DATA khi truy cap App Viettel Money + HOAN TIEN 1.500d khi nap dien thoai 50.000d tren Viettel Money. Mo App nap ngay tai https://viettelmoney.go.link/7gQxR . Vui long duy tri ket noi mang de dam bao qua trinh truy cap App Viettel Money khong bi gian doan.,0,0,0,0,0,0,0,0,0,0,
COM_1013,",?i_FNThuo:n'g""T;ag~A,n'hE,mokTKlNnns{wzsyhr.yxcv.link""eCXKPpNRyU,uD'ai,Tu,Cod:e_28_N'gan""D-en_88;Ca(rywuamnilqag)?qq:JJmq|,grQYNaV",1,1,1,1,1,1,1,1,1,1,
COM_1014,"Tai khoan cua Quy khach sap het. Soan:
1 gui 211 de cong 60 phut noi mang (794d/p), su dung trong 15 ngay
2 gui 211 de cong 40 phut ngoai mang (1.369d/p), su dung trong 15 ngay
3 gui 211 de cong 100 tin nhan noi mang (230d/tin), su dung trong 15 ngay
4 gui 211 de cong 20 tin nhan ngoai mang (313d/tin), su dung trong 7 ngay
5 gui 211 de cong 3.072 MB data voi gia 23.400d, su dung trong 7 ngay
Chi tiet LH 18008098 (mien phi).",0,0,0,0,0,0,0,0,0,0,
COM_1015,"[QC] 20h00 ngày 10/6: Vi?t Nam quy?t d?u v?i Malaysia vì t?m vé Asian Cup.
Nh?ng chi?n binh Sao Vàng s? ra sân v?i tinh th?n quy?t tâm cao nh?t, c?ng hi?n h?t mình vì màu c? s?c áo. Hãy cùng nhau ti?p l?a, c? vu cho d?i tuy?n Vi?t Nam trên hành trình chinh ph?c m?c tiêu l?n! Ðón xem tr?n d?u trên TV360 t?i https://tv360.vn/ . Chi ti?t LH 18008119 (0d). T? ch?i QC, so?n TC4 g?i 199.",0,0,0,0,0,0,0,0,0,0,
COM_1016,"[QC] T?NG 10.000 ÐI?M VIETTEL++ KHI ÐANG KÝ TÀI KHO?N MY VIETTEL. CT áp d?ng cho thuê bao di d?ng t?o tài kho?n l?n d?u và dang nh?p ?ng d?ng My Viettel thành công t?i https://viettel.vn/dangkytaikhoan. Chi ti?t LH 198 (0d). T? ch?i QC, so?n TC3 g?i 199.",0,0,0,0,0,0,0,0,0,0,
COM_1017,"[TB] N?P TH? Ð? Ð?Y - DATA XÀI NGAY!
T?ng 20% giá tr? t?t c? th? n?p vào tài kho?n vi?n thông trong ngày 10/06/2025. Ti?n KM s? d?ng truy c?p Internet trong 15 ngày. N?p th? online t?i các ví di?n t?, ?ng d?ng thanh toán ho?c t?i https://viettel.vn/naptienkm . Chi ti?t g?i 197 b?m phím 19 (0d). Trân tr?ng.",0,0,0,0,0,0,0,0,0,0,
COM_1018,"[TB] Tien ich Loi nhan thoai cua Viettel: Quy khach co cuoc goi nho tu TB 0946855470 vao luc 13:28 09/06/2025. De nghe loi nhan thoai, vui long bam goi 106205 (mien phi).",0,0,0,0,0,0,0,0,0,0,
COM_1019,"[TB] CH? 120K/tháng - g?i di?n, lu?t m?ng th? ga v?i V120K: Có 1,5GB/ngày, 50p ngo?i m?ng, mi?n phí 20p/cu?c n?i m?ng. Gói cu?c gia h?n theo tháng.
CT áp d?ng cho thuê bao chuy?n tr? sau qua ?ng d?ng My Viettel t?i https://myvt.page.link/chuyentrasau . LH 198 (0d).",0,0,0,0,0,0,0,0,0,0,
COM_1020,"[TB] Toàn dân tích c?c hu?ng ?ng Tháng hành d?ng phòng, ch?ng ma túy (tháng 6), Ngày qu?c t? phòng, ch?ng ma túy và Ngày toàn dân phòng, ch?ng ma túy (ngày 26/6).",0,0,0,0,0,0,0,0,0,0,
COM_1021,"[QC] Thu?ng th?c các siêu ph?m di?n ?nh: Na Tra (Ma Ð?ng Giáng Th?, H? Cánh C?t Và Bi?t Ð?i R?ng Xanh 2), Bé Tr?ng (Náo Lo?n Châu Phi) cùng hàng lo?t phim bom t?n c?a Galaxy Play trên TV360 t?i https://tv360.vn/page/galaxy - Không m?t phí data 5G/4G. So?n DK GA1 d? dang ký gói Galaxy Mobile (59.000d/30 ngày). DV gia h?n sau 30 ngày. LH 18008119 (0d). T? ch?i QC, so?n TC4 g?i 199.",0,0,0,0,0,0,0,0,0,0,
COM_1022,"[QC] Thang nay het tien? VAY NGAN NGAY den 5 TRIEU dong sau 1 phut, chi can CCCD. Tra gop 30-45 ngay. Dang ky online voi Viettel Money: https://viettelmoney.go.link/bY18O .Chi tiet LH 18009000 (0d). Tu choi QC, soan TC3 gui 199.",0,0,0,0,0,0,0,0,0,0,
COM_1023,"Tai khoan cua Quy khach sap het, soan UT hoac Y gui 9778 (trong vong 48h) de duoc cong 10.000d, su dung trong 96 gio tu DV Fast Airtime. Tai khoan cong se duoc tru khi Quy khach nap the. Tai khoan cong chua su dung het se bi huy khi het thoi gian su dung (Tai khoan cong chi su dung goi, nhan tin noi mang va ngoai mang). Tu choi nhan tin nhan, soan TC gui 9778. Chi tiet LH 18008098 (mien phi).",0,0,0,0,0,0,0,0,0,0,
COM_1024,YQMOgCC?CChHooiii|samzalo.me?Ðuu?0cTT??ngThHu??õngMM??tTTrRraammNNNghìÌnNnCCChHHoiITThoo????iMMMáaiIwVxfSo,1,1,1,1,1,1,1,1,1,1,
COM_1025,"Tai khoan cua Quy khach sap het, soan UT gui 9778 (trong vong 48h) de duoc cong 10.000d, su dung trong 96 gio tu DV Fast Airtime. Tai khoan cong se duoc tru khi Quy khach nap the. Tai khoan cong chua su dung het se bi huy khi het thoi gian su dung (Tai khoan cong chi su dung goi, nhan tin noi mang va ngoai mang). Tu choi nhan tin nhan, soan TC gui 9778. Chi tiet LH 18008098 (mien phi).",0,0,0,0,0,0,0,0,0,0,
COM_1026,"[QC] XEM PHIM C? THÁNG V?I GÓI V CINE TRÊN TV360. So?n DK PH g?i 1331 d? xem toàn b? kho phim h?p d?n, các phim b? m?i nh?t và g?n 160 kênh truy?n hình t?i https://tv360.vn/ v?i 100% data t?c d? cao. Cu?c phí 20.000d/30 ngày, gia h?n sau 30 ngày. Chi ti?t LH 198 (0d). T? ch?i QC, so?n TC4 g?i 199.",0,0,0,0,0,0,0,0,0,0,
COM_1027,"[QC] Vay nhanh 3 PHUT - 30 TRIEU dong ve tay. Chi can CCCD, tra gop den 24 thang. Lai suat uu dai. Dang ky online voi Viettel Money: https://viettelmoney.go.link/5UxXz .Chi tiet LH 18009000 (0d). Tu choi QC, soan TC3 gui 199.",0,0,0,0,0,0,0,0,0,0,
COM_1028,[TB] Chung m?t quy?t tâm - Hãy hành d?ng vì c?ng d?ng không ma tuý.,0,0,0,0,0,0,0,0,0,0,
COM_1029,"Ban co the qua NAP DIEN THOAI MIEN PHI 10.000D trong MoMo, het han 30/6. Mo Vi > UU DAI > QUA CUA TOI dung ngay!",0,0,0,0,0,0,0,0,0,0,
COM_1030,"[TB] N?P TH? Ð? Ð?Y - DATA XÀI NGAY!
T?ng 20% giá tr? t?t c? th? n?p vào tài kho?n vi?n thông trong ngày 25/06/2025. Ti?n KM s? d?ng truy c?p Internet trong 15 ngày. N?p th? online t?i các ví di?n t?, ?ng d?ng thanh toán ho?c t?i https://viettel.vn/naptienkm . Chi ti?t g?i 197 b?m phím 19 (0d). Trân tr?ng.",0,0,0,0,0,0,0,0,0,0,
COM_1031,"[TB] Tham gia phòng, ch?ng ma túy là b?o v? chính b?n, gia dình và xã h?i - Vì tuong lai t?t d?p.",0,0,0,0,0,0,0,0,0,0,
COM_1032,"GzOAlo(qBXPqk.kczalo.me]CoNgayMiot8TAmNganFtgroupsgooglecom,Q",1,1,1,1,1,1,1,1,1,1,
COM_1033,"Ban co 10.000D qua Nap Dien Thoai & 140.000D qua khac trong MoMo, het han 30/6. Mo Vi > UU DAI > QUA CUA TOI dung ngay!",0,0,0,0,0,0,0,0,0,0,
COM_1034,DaPNgafydep]rqefkj.vzzalo.me[tAnqjMoatLjtingenxJegroupsgooglecom?T,1,1,1,1,1,1,1,1,1,1,
COM_1035,"[QC] Gi?i trí v?i chuong trình truy?n hình th?c t? Vu Tr? Ð?ng Ti?n - d?c quy?n phát sóng vòng so lo?i trên TV360 t?i http://s.viettel.vn/s3hOgZ . Chi ti?t LH 18008119 (0d). T? ch?i QC, so?n TC4 g?i 199.",0,0,0,0,0,0,0,0,0,0,
COM_1036,"Viettel TB: T? 0h-5h ngày 06/07/2025, gói ST60N s? gia h?n. Cu?c phí 60.000d/30 ngày có 60GB (2GB/ngày). Quý khách d?m b?o thuê bao ho?t d?ng 2 chi?u và d? ti?n d? gói cu?c gia h?n thành công. N?u tài kho?n không d?, gói cu?c s? gia h?n tuong ?ng v?i s? ti?n còn l?i, t?i thi?u 5.000d (không áp d?ng v?i thuê bao không gia h?n d? 100% cu?c phí gói trong 60 ngày). Chi?t kh?u 2,5% khi n?p th? t?i https://viettel.vn/nt. Ð? h?y gia h?n, so?n HUY g?i 191. LH 198 (0d). Trân tr?ng.",0,0,0,0,0,0,0,0,0,0,
COM_1037,"Viettel TB: Quý khách dã s? d?ng h?t luu lu?ng data trong ngày c?a gói ST60N. Ð? mua thêm, truy c?p https://viettel.vn/goidata ho?c b?m g?i *098#. Chi ti?t LH 198 (0d). Trân tr?ng.",0,0,0,0,0,0,0,0,0,0,
COM_1038,"Viettel TB: Gói ST60N gia h?n không thành công. Gói cu?c s? du?c khôi ph?c khi thuê bao ho?t d?ng 2 chi?u và có d? 60.000d. Th?i gian ch? khôi ph?c tru?c ngày 18/08/2025. N?u tài kho?n g?c không d?, gói cu?c s? du?c khôi ph?c tuong ?ng v?i s? ti?n còn l?i, t?i thi?u 5.000d (không áp d?ng v?i thuê bao không gia h?n d? 100% cu?c phí gói trong 60 ngày g?n dây). Ð? h?y khôi ph?c, so?n HUY g?i 191. Chi ti?t LH 198 (0d). Trân tr?ng.",0,0,0,0,0,0,0,0,0,0,
COM_1039,"Moi Quy khach soan tin de tham gia cong MB data. Soan:
5 gui 211 de cong 3.072 MB data voi gia 23.400d, su dung trong 7 ngay
De cong tai nguyen khac, soan:
1 gui 211 de cong 60 phut noi mang (794d/p), su dung trong 15 ngay
2 gui 211 de cong 40 phut ngoai mang (1.369d/p), su dung trong 15 ngay
3 gui 211 de cong 100 tin nhan noi mang (230d/tin), su dung trong 15 ngay
4 gui 211 de cong 20 tin nhan ngoai mang (313d/tin), su dung trong 7 ngay
Chi tiet LH 18008098 (mien phi).",0,0,0,0,0,0,0,0,0,0,
COM_1040,"Nhap ma xac thuc OTP 9021 de Dang nhap tren ung dung My Viettel. Chi tiet LH 18008098 (0d) hoac truy cap https://viettel.vn/app. De dam bao an toan cho tai khoan cua Quy khach, vui long khong chia se ma xac thuc nay voi bat ky ai.",0,0,0,0,0,0,0,0,0,0,
COM_1041,"Quy khach da duoc thanh toan 50000 VND tu nhan vien 4300240030, Ngay GD: 06/07/2025 14:28:13. Ma GD 250706644620068. LH 18008098 (0d). Tran trong.",0,0,0,0,0,0,0,0,0,0,
COM_1042,"Quy khach co 51.168 dong trong tai khoan. Bam goi *098*3# de co 3GB voi 15.000d/3 ngay hoac *098*989# (30.000d/3 ngay) co 15GB (5GB/ngay), mien phi 10 phut/cuoc noi mang, 15 phut ngoai mang, SMS noi mang va TV360. Goi cuoc gia han khi het chu ky. De biet thong tin cac uu dai khac, bam goi *098# hoac truy cap https://vietteltelecom.vn/goidata. Chi tiet LH 198 (0d). Tran trong.",0,0,0,0,0,0,0,0,0,0,
COM_1043,"Quy khach da duoc thanh toan 10000 VND tu nhan vien 4300240030, Ngay GD: 06/07/2025 14:28:27. Ma GD 250706643916506. LH 18008098 (0d). Tran trong.",0,0,0,0,0,0,0,0,0,0,
COM_1044,"Quy khach co 11.168 dong trong tai khoan. Bam goi *098*3# de co 3GB voi 15.000d/3 ngay hoac *098*989# (30.000d/3 ngay) co 15GB (5GB/ngay), mien phi 10 phut/cuoc noi mang, 15 phut ngoai mang, SMS noi mang va TV360. Goi cuoc gia han khi het chu ky. De biet thong tin cac uu dai khac, bam goi *098# hoac truy cap https://vietteltelecom.vn/goidata. Chi tiet LH 198 (0d). Tran trong.",0,0,0,0,0,0,0,0,0,0,
COM_1045,"Tai khoan cua Quy khach sap het. Soan UT hoac Y gui 9118 de xac nhan cong 40000d vao tai khoan (cuoc DV 6000d). De cong muc thap hon, soan UTx gui 9118 (x la boi so cua 5) hoac bam 1588sodienthoai de yeu cau nguoi nghe la thue bao Viettel tra phi cuoc goi. Chi tiet soan HD gui 9118 hoac LH 18008098 (0d). Xin cam on.",0,0,0,0,0,0,0,0,0,0,
COM_1046,"[TB] DATA TH? GA CH? V?I 10K!
1. So?n 5G10 g?i 191: 10K/ngày có 6GB
2. So?n 1N g?i 191: 10K/ngày có 5GB, 5 phút g?i ngo?i m?ng, mi?n phí 10p/cu?c g?i n?i m?ng, SMS n?i m?ng và xem TV360
Gói cu?c gia h?n khi h?t chu k?. Chi ti?t LH 198 (0d).",0,0,0,0,0,0,0,0,0,0,
COM_1047,Tai khoan cua Quy khach sap het. Soan UT gui 9118 de xac nhan cong 5000d vao tai khoan (cuoc DV 750d). Chi tiet LH 18008098 (mien phi).,0,0,0,0,0,0,0,0,0,0,
COM_1048,"Moi Quy khach soan tin de tham gia cong MB data. Soan
5 gui 211 de cong 3.072 MB data voi gia 23.400d, su dung trong 7 ngay
De cong tai nguyen khac, soan:
1 gui 211 de cong 60 phut noi mang (794d/p), su dung trong 15 ngay
2 gui 211 de cong 40 phut ngoai mang (1.369d/p), su dung trong 15 ngay
3 gui 211 de cong 100 tin nhan noi mang (230d/tin), su dung trong 15 ngay
4 gui 211 de cong 20 tin nhan ngoai mang (313d/tin), su dung trong 7 ngay
Chi tiet LH 18008098 (mien phi).",0,0,0,0,0,0,0,0,0,0,
COM_1049,"[QC] Vay nhanh den 40 TRIEU dong voi TIN VAY tren Viettel Money. Chi can CCCD, thu tuc online 100%. Dang ky ngay: https://viettelmoney.go.link/1bPTU .Chi tiet LH 18009000 (0d). Tu choi QC, soan TC3 gui 199.",0,0,0,0,0,0,0,0,0,0,
COM_1050,"[C?NH BÁO] C?c An ninh m?ng và Phòng, ch?ng t?i ph?m s? d?ng công ngh? cao c?nh báo: Xu?t hi?n tình tr?ng l?a d?o, gi? m?o l?c lu?ng ch?c nang xã/phu?ng... thông báo v? vi?c s?p x?p don v? hành chính m?i trên c? nu?c. Các d?i tu?ng yêu c?u ngu?i dân truy c?p du?ng d?n ho?c cài ?ng d?ng VNeID gi? m?o ch?a mã d?c, d? d? ngu?i dân d? l?y mã OTP tài kho?n ngân hàng ho?c d? li?u sinh tr?c h?c nh?m chi?m do?t tài s?n. Ngu?i dân c?n c?nh giác, không làm theo các yêu c?u qua di?n tho?i, ch? th?c hi?n c?p nh?t thông tin tr?c ti?p t?i Công an xã/phu?ng noi sinh s?ng; trình báo d?n co quan Công an noi g?n nh?t d? du?c hu?ng d?n.",0,0,0,0,0,0,0,0,0,0,
COM_1051,"[TB] N?P TH? Ð? Ð?Y - DATA XÀI NGAY!
T?ng 20% giá tr? t?t c? th? n?p vào tài kho?n vi?n thông trong ngày 10/07/2025. Ti?n KM s? d?ng truy c?p Internet trong 15 ngày. N?p th? online t?i các ví di?n t?, ?ng d?ng thanh toán ho?c t?i https://viettel.vn/naptienkm . Chi ti?t g?i 197 b?m phím 19 (0d). Trân tr?ng.",0,0,0,0,0,0,0,0,0,0,
COM_1052,"[TB] QUÀ Ð?M SÂU, KHÔNG ÐÂU CÓ!
So?n SD70 g?i 191: 70K/30 ngày có 30GB (1GB/ngày). Gói cu?c gia h?n sau 30 ngày.
T?ng thêm 7 ngày mi?n phí data truy c?p TikTok (t?i da 25GB) cho l?n dang ký d?u tiên tru?c ngày 31/07 c?a Quý khách. LH 198 (0d).",0,0,0,0,0,0,0,0,0,0,
COM_1053,"(QC) Ban yeu thich kinh doanh? Ban muon san pham, DV duoc quang cao den Khach hang don gian nhat, hieu qua nhat, tiet kiem nhat? DV Nhac cho doanh nghiep chinh la ban dong hanh cua Ban - giai phap toi uu dua san pham, DV den gan Khach hang. Soan DN gui 1221 (0d) hoac truy cap http://doanhnghiep.imuzik.vn de nhan vien Viettel lien he tu van tao ban nhac cho hap dan nhat. Cuoc DV tu 14.000d/30 ngay/thue bao, phi khoi tao 550.000d. LH 18008098 (0d). Tu choi QC, soan TC4 gui 199.",0,0,0,0,0,0,1,0,0,0,
COM_1054,"Moi Quy khach soan tin de tham gia DV Data Plus:
1 gui 9598 de cong 2048MB (cuoc 15870d, su dung trong 5 ngay).
2 gui 9598 de cong 1024MB (cuoc 9144d, su dung trong vong 24h sau khi cong).
Tin nhan co hieu luc trong 24h. Chi tiet LH 18008098 (mien phi).",0,0,0,0,0,0,0,0,0,0,
COM_1055,"[TB] Ð?NG Ð? GIÁN ÐO?N DATA
1. So?n ST7K g?i 191: 7K có 1GB
2. So?n 5G10 g?i 191: 10K có 6GB
Uu dãi s? d?ng d?n 24h ngày dang ký. Các gói cu?c gia h?n theo ngày. Chi ti?t LH 198 (0d).",0,0,0,0,0,0,0,0,0,0,
COM_1056,"Moi Quy khach soan tin de tham gia cong MB data. Soan:
5 gui 211 de cong 2.048 MB data voi gia 15.870d, su dung trong 5 ngay
De cong tai nguyen khac, soan:
1 gui 211 de cong 53 phut noi mang (794d/p), su dung trong 15 ngay
2 gui 211 de cong 30 phut ngoai mang (1.369d/p), su dung trong 7 ngay
3 gui 211 de cong 100 tin nhan noi mang (230d/tin), su dung trong 15 ngay
4 gui 211 de cong 20 tin nhan ngoai mang (313d/tin), su dung trong 7 ngay
Chi tiet LH 18008098 (mien phi).",0,0,0,0,0,0,0,0,0,0,
COM_1057,"q}CunpyvR.cndgz.link)yTh:uong-G-ui_HVT:ag""Tu:M:aC:OZ^28~N-g,in~To;i_88,N'gh:j-n<duikadjsdlxi>ZALO.Megoogle",1,1,1,1,1,1,1,1,1,1,
COM_1058,"Doi thanh cong 300 diem tieu dung Viettel++ thanh 60 MB Data. Han su dung truoc 11/07/2025. Tong diem tieu dung con lai trong tai khoan Viettel++ cua Quy khach la 436 diem. De kiem tra lich su doi diem va lua chon uu dai hap dan khac, vui long truy cap https://vietteltelecom.vn/vtplus. Tran trong.",0,0,0,0,0,0,0,0,0,0,
COM_1059,"[QC] Vay nhanh 3 PHUT - 30 TRIEU dong ve tay. Chi can CCCD, tra gop den 24 thang. Lai suat uu dai. Dang ky online voi Viettel Money: https://viettelmoney.go.link/Ngdub.Chi tiet LH 18009000 (0d). Tu choi QC, soan TC3 gui 199.",0,0,0,0,0,0,0,0,0,0,
COM_1060,VNG: Activation code 136242 is used for VNGGames authentication,0,0,0,0,0,0,0,0,0,0,
COM_1061,"[QC] SALE 20%: Gói x?n, Giá h?i.
So?n 3N g?i 191: 24.000d/3 ngày (giá g?c 30.000d) có 15GB (5GB/ngày), 15p g?i ngo?i m?ng, mi?n phí 10p/cu?c g?i n?i m?ng, nh?n tin n?i m?ng, xem TV360.
Gói cu?c gia h?n v?i giá g?c sau 3 ngày. CT áp d?ng v?i l?n dang ký d?u tiên tru?c 16/07 cho TB nh?n du?c tin nh?n. LH 198 (0d). T? ch?i QC, so?n TC4 g?i 199.",0,0,0,0,0,0,0,0,0,0,
COM_1062,"[TB] N?P TH? ONLINE - DATA XÀI NGAY!
T?ng 20% giá tr? t?t c? th? n?p vào tài kho?n vi?n thông trong ngày 15/07/2025. Ti?n KM s? d?ng TRUY C?P INTERNET trong 15 ngày. CT áp d?ng khi n?p th? online qua các ví di?n t?, ?ng d?ng thanh toán ho?c t?i https://viettel.vn/pay/tt . Chi ti?t g?i 197 b?m phím 19 (0d). Trân tr?ng.",0,0,0,0,0,0,0,0,0,0,
COM_1063,"""?",1,1,1,1,1,1,1,1,1,1,
COM_1064,"[TB] N?P TH? ONLINE - DATA XÀI NGAY!
T?ng 20% giá tr? t?t c? th? n?p vào tài kho?n vi?n thông trong ngày 15/07/2025. Ti?n KM s? d?ng TRUY C?P INTERNET trong 15 ngày. CT áp d?ng khi n?p th? online qua các ví di?n t?, ?ng d?ng thanh toán ho?c t?i https://km.vtmoney.vn/314y/kmdaitra. Chi ti?t g?i 197 b?m phím 19 (0d). Trân tr?ng.",0,0,0,0,0,0,0,0,0,0,
COM_1065,"[C?NH BÁO] C?c An ninh m?ng và Phòng, ch?ng t?i ph?m s? d?ng công ngh? cao c?nh báo: Xu?t hi?n tình tr?ng l?a d?o, gi? m?o doanh nghi?p l? hành, co s? luu trú, khách s?n, khu ngh? du?ng... qu?ng cáo thông tin v? các chuong trình du l?ch. Ngu?i dân khi có nhu c?u tìm ki?m tour du l?ch, d?t phòng khách s?n… thông qua m?ng xã h?i c?n ki?m tra k? tính minh b?ch c?a trang, l?ch s? d?i tên, qu?c gia c?a qu?n tr? viên. N?u th?y tài kho?n m?i du?c t?o l?p ho?c m?i d?i tên c?n c?nh giác, ki?m tra k? thông tin t? nhi?u ngu?n khác nhau.",0,0,0,0,0,0,0,0,0,0,
COM_1066,"[KHAO SAT] VIETTEL kinh moi Quy khach danh gia chat luong dich vu: Quy khach co san sang gioi thieu UNG DUNG TV360 voi nguoi than va ban be? Vui long nhap so diem tu 0 den 10 (0-6: khong gioi thieu, 7-8: co kha nang gioi thieu, 9-10: san sang gioi thieu) va phan hoi lai tin nhan nay (mien phi).",0,0,0,0,1,1,0,1,1,0,
COM_1067,"[QC] Lào - Vi?t Nam: 17h ngày 19/7.
U23 Vi?t Nam chính th?c ra quân.
So?n 5GVS12 g?i 191: 12K/ngày có:
- 6GB data
- Xem th? thao và truy?n hình trên TV360 không t?n data t?i https://tv360.vn .
Uu dãi s? d?ng d?n 24h ngày dang ký, gia h?n theo ngày. LH 18008119 (0d). T? ch?i QC, so?n TC4 g?i 199.",0,0,0,0,0,0,0,0,0,0,
COM_1068,"Tai khoan cua Quy khach sap het, soan UT hoac Y gui 9778 (trong vong 48h) de duoc cong 20.000d, su dung trong 96 gio tu DV Fast Airtime. Tai khoan cong se duoc tru khi Quy khach nap the. Tai khoan cong chua su dung het se bi huy khi het thoi gian su dung (Tai khoan cong chi su dung goi, nhan tin noi mang va ngoai mang). Tu choi nhan tin nhan, soan TC gui 9778. Chi tiet LH 18008098 (mien phi).",0,0,0,0,0,0,0,0,0,0,
COM_1069,"[TB] N?P TH? Ð? Ð?Y - DATA XÀI NGAY!
T?ng 20% giá tr? t?t c? th? n?p vào tài kho?n vi?n thông trong ngày 25/07/2025. Ti?n KM s? d?ng truy c?p Internet trong 15 ngày. N?p th? online t?i các ví di?n t?, ?ng d?ng thanh toán ho?c t?i https://viettel.vn/naptienkm . Chi ti?t g?i 198 b?m phím 8 (0d). Trân tr?ng.",0,0,0,0,0,0,0,0,0,0,
COM_1070,EmGHestMik]fujhlu.ltzalo.me(TraourMotLitrQfgroupsgooglecom:O,1,1,1,1,1,1,1,1,1,1,
COM_1071,"[QC] Ch? v?i 3K - C?n chi wifi!
So?n 1N g?i 191: Ch? 3K (giá g?c 10K), có 5GB, 5 phút g?i ngo?i m?ng, mi?n phí 10p/cu?c g?i n?i m?ng, SMS n?i m?ng, xem TV360. Uu dãi s? d?ng d?n 24h ngày dang ký, gói cu?c gia h?n theo ngày v?i giá g?c. CT áp d?ng v?i l?n dang ký d?u tiên tru?c 31/07 cho TB nh?n du?c tin nh?n. LH 198 (0d). T? ch?i QC, so?n TC4 g?i 199.",0,0,0,0,0,0,0,0,0,0,
COM_1072,"[TB] Tien ich Loi nhan thoai cua Viettel: Quy khach co loi nhan tu TB 0936137922 vao luc 13:30 26/07/2025. Voi noi dung: alo. De nghe loi nhan thoai, vui long bam goi 106206 (mien phi).",0,0,0,0,0,0,0,0,0,0,
COM_1073,"[TB] Toàn dân tích c?c tham gia phòng, ch?ng mua bán ngu?i. Khi phát hi?n d?u hi?u liên quan d?n mua bán ngu?i, hãy thông báo ngay cho co quan Công an g?n nh?t ho?c T?ng dài qu?c gia 111 d? du?c tu v?n, h? tr?, hu?ng d?n k?p th?i.",0,0,0,0,0,0,0,0,0,0,
COM_1074,[TB] Tien ich Loi nhan thoai cua Viettel: Quy khach co cuoc goi nho tu TB 0762218747 vao luc 11:06 01/08/25.,0,0,0,0,0,0,0,0,0,0,
COM_1075,"[QC] T?O TÀI KHO?N VÀ ÐANG NH?P MY VIETTEL - NH?N 10.000 ÐI?M VIETTEL++. CT áp d?ng cho thuê bao Internet, Truy?n hình t?o tài kho?n và dang nh?p ?ng d?ng My Viettel thành công t?i https://myviettel.go.link/fVdKW. Ði?m t?ng s? du?c luu trong ví voucher trên ?ng d?ng My Viettel. Chi ti?t LH 18008119 (0d). T? ch?i QC, so?n TC3 g?i 199.",0,0,0,0,0,0,0,0,0,0,
COM_1076,"[TB] LÊN M?NG, G?I ÐI?N TH? GA!
1. So?n V90B g?i 191: 90K/30 ngày có 30GB (1GB/ngày), 30p g?i ngo?i m?ng, mi?n phí 10p/cu?c g?i n?i m?ng
2. So?n SD70 g?i 191: 70K/30 ngày có 30GB (1GB/ngày)
Gói cu?c gia h?n sau 30 ngày. CT dành riêng cho Quý khách. LH 198 (0d).",0,0,0,0,0,0,0,0,0,0,
COM_1077,"[QC] Thay d?i d?a ch? l?p d?t c?a thuê bao Internet, Truy?n hình trên My Viettel don gi?n, d? dàng, không m?t th?i gian ra c?a hàng. Truy c?p https://myviettel.go.link/ibhUf d? tr?i nghi?m d?ch v?. Chi ti?t LH 18008119 (0d). T? ch?i QC, so?n TC3 g?i 199.",0,0,0,0,0,0,0,0,0,0,
COM_1078,"Viettel TB: T? 0h-5h ngày 05/08/2025, gói ST60N s? gia h?n. Cu?c phí 60.000d/30 ngày có 60GB (2GB/ngày). Quý khách d?m b?o thuê bao ho?t d?ng 2 chi?u và d? ti?n d? gói cu?c gia h?n thành công. N?u tài kho?n không d?, gói cu?c s? gia h?n tuong ?ng v?i s? ti?n còn l?i, t?i thi?u 5.000d (không áp d?ng v?i thuê bao không gia h?n d? 100% cu?c phí gói trong 60 ngày). Chi?t kh?u 2,5% khi n?p th? t?i https://viettel.vn/nt. Ð? h?y gia h?n, so?n HUY g?i 191. LH 198 (0d). Trân tr?ng.",0,0,0,0,0,0,0,0,0,0,
COM_1079,"Quy khach da duoc thanh toan 50000 VND tu nhan vien 4300240030, Ngay GD: 05/08/2025 06:25:15. Ma GD 250805646239050. LH 18008098 (0d). Tran trong.",0,0,0,0,0,0,0,0,0,0,
COM_1080,Viettel TB: Gói ST60N dã khôi ph?c thành công. Cu?c phí 50.000d có 2GB/ngày; uu dãi s? d?ng d?n 29/08/2025. Quý khách n?p thêm 10.000d tru?c 24h ngày 29/08/2025 d? ti?p t?c s? d?ng uu dãi gói cu?c. Truy c?p https://viettel.vn/kttk d? ki?m tra uu dãi. Chi ti?t LH 198 (0d). Trân tr?ng.,0,0,0,0,0,0,0,0,0,0,
COM_1081,"Quy khach da duoc thanh toan 10000 VND tu nhan vien 4300240030, Ngay GD: 05/08/2025 06:26:10. Ma GD 250805647054476. LH 18008098 (0d). Tran trong.",0,0,0,0,0,0,0,0,0,0,
COM_1082,Viettel TB: Gói ST60N dã du?c gia h?n s? d?ng d?n ngày 03/09/2025 v?i cu?c phí 10.000d. Truy c?p https://viettel.vn/kttk d? ki?m tra uu dãi. Chi ti?t LH 198 (0d). Trân tr?ng.,0,0,0,0,0,0,0,0,0,0,
COM_1083,"Moi Quy khach soan tin de tham gia DV Data Plus:
1 gui 9598 de cong 3072MB (cuoc 23400d, su dung trong 7 ngay).
2 gui 9598 de cong 2048MB (cuoc 12000d, su dung trong vong 24h sau khi cong).
Tin nhan co hieu luc trong 24h. Chi tiet LH 18008098 (mien phi).",0,0,0,0,0,0,0,0,0,0,
COM_1084,"Dz)CkTYIqnky.wnyl.bid)YGS""K:h_Ma,i_M:a-K,m;T:u_2:8;K-D,en:8;8,<hjgqueagpnms>-N:ghin_googlecomvn",1,1,1,1,1,1,1,1,1,1,
COM_1085,"Moi Quy khach soan tin de tham gia cong MB data. Soan
5 gui 211 de cong 2.048 MB data voi gia 15.870d, su dung trong 5 ngay
De cong tai nguyen khac, soan:
1 gui 211 de cong 53 phut noi mang (794d/p), su dung trong 15 ngay
2 gui 211 de cong 30 phut ngoai mang (1.369d/p), su dung trong 7 ngay
3 gui 211 de cong 100 tin nhan noi mang (230d/tin), su dung trong 15 ngay
4 gui 211 de cong 20 tin nhan ngoai mang (313d/tin), su dung trong 7 ngay
Chi tiet LH 18008098 (mien phi).",0,0,0,0,0,0,0,0,0,0,
COM_1086,"[QC] Vay nhanh 3 PHUT - 40 TRIEU dong ve tay. Chi can CCCD, tra gop den 24 thang. Lai suat uu dai. Dang ky online voi Viettel Money: https://viettelmoney.go.link/Ngdub .Chi tiet LH 18009000 (0d). Tu choi QC, soan TC3 gui 199.",0,0,0,0,0,0,0,0,1,0,
COM_1087,"[QC] GI?I TRÍ MI?N PHÍ DATA! Chuy?n t? thuê bao tr? tru?c sang tr? sau và tr?i nghi?m gói MXH120: 120K/tháng có 1GB/ngày, gói TV360 basic, mi?n phí: 10 phút/cu?c g?i n?i m?ng, 30 phút ngo?i m?ng, 30 SMS, data truy c?p TikTok + YouTube + Facebook + nh?n tin Messenger. Chuy?n sang tr? sau t?i https://vietteltelecom.vn/tsmxh . CT dành riêng cho Quý khách. LH 198 (0d). T? ch?i QC, so?n TC3 g?i 199.",0,0,0,0,0,0,0,0,0,0,
COM_1088,"Tai khoan vien thong cua Quy khach hien con duoi 1.000d. Moi Quy khach nap them tien vao tai khoan vien thong hoac goi *911# de duoc cong truoc 20.000d (phi: 3.000d). Neu tai khoan vien thong het tien, cuoc phat sinh tiep theo se duoc tru vao tai khoan Tien di dong (neu co). DAC BIET khuyen mai 50% GIA TRI NAP TIEN vao chu nhat hang tuan tren My Viettel (https://vietteltelecom.vn/naptienkm). LH 18008098 (0d). Tran trong.",0,0,0,0,0,0,0,0,0,0,
COM_1089,Ma OTP Vinhomes cua Quy khach la: 340115,0,0,0,0,0,0,0,0,0,0,
COM_1090,"[QC] Duy nh?t t?i TV360, bình ch?n thí sinh vào vòng Chung k?t Vu Tr? Ð?ng Ti?n. Mua ngay gói V Cine ch? t? 10.000d t?i https://tv360.vn/packages d? có 20 lu?t bình ch?n. Gói cu?c gia h?n sau 30 ngày v?i giá t? 20.000d. Chi ti?t LH 18008119 (0d). T? ch?i QC, so?n TC4 g?i 199.",0,0,0,0,0,0,0,0,0,0,
COM_1091,"Doi thanh cong 200 diem tieu dung Viettel++ thanh 40 MB Data. Han su dung truoc 14/08/2025. Tong diem tieu dung con lai trong tai khoan Viettel++ cua Quy khach la 536 diem. De kiem tra lich su doi diem va lua chon uu dai hap dan khac, vui long truy cap https://vietteltelecom.vn/vtplus. Tran trong.",0,0,0,0,0,0,0,0,0,0,
COM_1092,"[TB] N?P TH? ONLINE - DATA XÀI NGAY!
T?ng 20% giá tr? t?t c? th? n?p vào tài kho?n vi?n thông trong ngày 15/08/2025. Ti?n KM s? d?ng TRUY C?P INTERNET trong 15 ngày. CT áp d?ng khi n?p th? online qua các ví di?n t?, ?ng d?ng thanh toán ho?c t?i https://viettel.vn/pay/tt . Chi ti?t g?i 198, b?m phím 8 (0d). Trân tr?ng.",0,0,0,0,0,0,0,0,0,0,
COM_1093,"[TB] Tien ich Loi nhan thoai cua Viettel: Quy khach co loi nhan tu TB 03133 vao luc 17:11 14/08/2025. Voi noi dung: kính chào quý khách viettel xin du?c gi?i thi?u chuong trình siêu khuy?n m?i quý khách có th? d?i 20000 d?ng trong tài kho?n g?c thành 100000 d?ng ti?n khuy?n m?i d? g?i n?i m?ng nh?n tin n?i m?ng và truy c?p internet trong 15 ngày d? tham gia chuong trình quý khách vui lòng nói tôi d?ng ý ho?c nói t? ch?i n?u không d?ng ý tham gia kính chào quý khách viettel xin du?c gi?i thi?u chuong trình siêu khuy?n m?i quý khách có th? d?i 20000 d?ng trong tài kho?n g?c thành 100000 d?ng ti?n khuy?n m?i d? g?i n?i m?ng nh?n tin n?i m?ng và truy c?p internet trong 15 ngày d? tham gia chuong trình quý khách vui lòng nói tôi d?ng ý ho?c nói t? ch?i n?u không d?ng ý tham gia xin l?i quý khách viettel xin phép g?i l?i sau ?. De nghe loi nhan thoai, vui long bam goi 106208 (mien phi).",0,0,0,0,1,0,0,0,0,0,
COM_1094,"M,o-T:k-T,an-T:u:1:00""K,a:De'n_5'99;Qs$gKvtwbX.fgbtr.online>kxG-N'gan~googlecomvn",1,1,0,1,1,1,1,1,1,1,
COM_1095,"Tai khoan cua Quy khach sap het, soan UT hoac Y gui 9778 (trong vong 48h) de duoc cong 25.000d, su dung trong 96 gio tu DV Fast Airtime. Tai khoan cong se duoc tru khi Quy khach nap the. Tai khoan cong chua su dung het se bi huy khi het thoi gian su dung (Tai khoan cong chi su dung goi, nhan tin noi mang va ngoai mang). Tu choi nhan tin nhan, soan TC gui 9778. Chi tiet LH 18008098 (mien phi).",0,0,0,0,0,0,0,0,0,0,
COM_1096,"[QC] Vay nhanh 3 PHUT - 40 TRIEU dong ve tay. Chi can CCCD, tra gop den 24 thang. Lai suat uu dai. Dang ky online voi Viettel Money: https://viettelmoney.go.link/fLcIg .Chi tiet LH 18009000 (0d). Tu choi QC, soan TC3 gui 199.",0,0,0,0,0,0,0,0,0,0,
COM_1097,"[QC] Ð?c quy?n phát sóng gi?i Siêu cúp Ð?c trên TV360: Stuttgart - Bayern Munich vào 1h30 ngày 17/8.
So?n 5GVS12 g?i 191 ch? 12.000d/ngày có:
- 6GB data
- Xem th? thao và truy?n hình trên TV360 không t?n data t?i https://tv360.vn .
Gói cu?c gia h?n theo ngày. LH 18008119 (0d). T? ch?i QC, so?n TC4 g?i 199.",0,0,0,0,0,0,0,0,0,0,
COM_1098,"Tai khoan cua Quy khach sap het, soan UT gui 9778 (trong vong 48h) de duoc cong 25.000d, su dung trong 96 gio tu DV Fast Airtime. Tai khoan cong se duoc tru khi Quy khach nap the. Tai khoan cong chua su dung het se bi huy khi het thoi gian su dung (Tai khoan cong chi su dung goi, nhan tin noi mang va ngoai mang). Tu choi nhan tin nhan, soan TC gui 9778. Chi tiet LH 18008098 (mien phi).",0,0,0,0,0,0,0,0,0,0,
COM_1099,"[QC] Vay nhanh den 40 TRIEU dong voi TIN VAY tren Viettel Money. Chi can CCCD, thu tuc online 100%. Dang ky ngay: https://viettelmoney.go.link/6ecY2 .Chi tiet LH 18009000 (0d). Tu choi QC, soan TC3 gui 199.",0,0,0,0,0,0,0,0,0,0,
COM_1100,"[TB] Nhân d?p k? ni?m 80 nam Qu?c Khánh Vi?t Nam, Viettel g?i t?ng Quý khách 80.000 di?m Viettel++. Truy c?p https://ketnoitronniemvui.tv360.vn , làm theo hu?ng d?n d? nh?n di?m và d?i l?y nhi?u uu dãi h?p d?n trên ?ng d?ng My Viettel. Chi ti?t LH 198 (0d). Trân tr?ng.",0,0,0,0,0,0,0,0,0,0,
COM_1101,"[TB] M?NG 2/9 - K?t n?i tr?n ni?m vui!
1. So?n 1 g?i 191 d? xác nh?n tham gia gói 5G29: 29K/3 ngày có 8GB/ngày (dã bao g?m 4GB du?c t?ng khi dang ký/gia h?n t? 19/8-2/9), xem kho phim l?ch s? trên TV360, 80 phút g?i di?n, 80SMS n?i m?ng. Chi ti?t gói t?i viettel.vn/5G29. 
2. So?n 2 g?i 191 d? nh?n thông tin chu?i s? ki?n chào m?ng 2/9 và khuy?n m?i HOT t? Viettel.
CT áp d?ng d?n h?t 2/9/2025. LH 198 (0d).",0,0,0,0,0,0,0,0,0,0,
COM_1102,"[TB] N?P TH? Ð? Ð?Y - DATA XÀI NGAY!
T?ng 20% giá tr? t?t c? th? n?p vào tài kho?n vi?n thông trong ngày 25/08/2025. Ti?n KM s? d?ng truy c?p Internet trong 15 ngày. N?p th? online t?i các ví di?n t?, ?ng d?ng thanh toán ho?c t?i https://viettel.vn/naptienkm . Chi ti?t g?i 198 b?m phím 8 (0d). Trân tr?ng.",0,0,0,0,0,0,0,0,0,0,
COM_1103,"[QC] M? th? tín d?ng VPBank mi?n phí thu?ng niên, h?n m?c d?n 100 tri?u, tr? góp 0d cùng hoàn ti?n t?i 15%. Ð? dang ký nh?n link m? th? và d?ng ý cung c?p s? di?n tho?i c?a QK cho VPBank (qua d?i tác Viettel, CTCP Th?nh Phát) d? nh?n hu?ng d?n m? th?, so?n VP g?i 1798 (MP). T? ch?i QC, so?n TC g?i 1313.",0,0,0,0,0,0,0,0,0,0,
COM_1104,"[QC] T?NG 10.000 ÐI?M VIETTEL++ KHI ÐANG KÝ TÀI KHO?N MY VIETTEL. CT áp d?ng cho thuê bao di d?ng t?o tài kho?n l?n d?u và dang nh?p ?ng d?ng My Viettel thành công t?i https://myviettel.go.link/ikQMm. Ði?m t?ng s? du?c luu trong ví voucher trên ?ng d?ng My Viettel. Chi ti?t LH 198 (0d). T? ch?i QC, so?n TC3 g?i 199.",0,0,0,0,0,0,0,0,1,1,
COM_1105,"[TB] Tu 30/08/2025 00:00:00 den 30/08/2025 05:00:00, Viettel thuc hien nang cap he thong de phuc vu Khach hang tot hon. Viec nay co the lam gian doan Dich vu co dinh (Internet, Truyen hinh, Dien thoai co dinh) cua mot so Khach hang. Mong Quy khach thong cam. Khi can ho tro vui long goi 18008119 (0d).",0,0,0,0,0,0,0,0,0,0,
COM_1106,"[QC] Chào m?ng k? ni?m 80 nam Qu?c Khánh 2/9. Quý khách liên k?t Viettel Money v?i VNeID d? nh?n ti?n an sinh xã h?i t? Chính ph? (xem hu?ng d?n t?i https://viettelmoney.go.link/lienketVNeID ). N?u dã th?c hi?n, vui lòng b? qua tin nh?n. Chi ti?t LH 18009000 (0d). T? ch?i QC, so?n TC3 g?i 199.",0,0,0,0,0,0,0,0,0,0,
COM_1107,"[TB] 2/9 - K?T N?I TR?N NI?M VUI. T?ng 29% giá tr? t?t c? th? n?p trong ngày 2/9 vào tài kho?n vi?n thông. Ti?n KM s? d?ng truy c?p Internet trong 15 ngày. N?p th? online t?i các ví di?n t?, ?ng d?ng thanh toán ho?c t?i https://viettel.vn/naptienkm . Chi ti?t g?i 198 b?m phím 2 (0d). Trân tr?ng.",0,0,0,0,0,0,0,0,0,0,
COM_1108,"[TB] Mung ngay Quoc khanh Viet Nam 2/9, lien ket Viettel Money voi VNeID ngay hom nay de nhan tien An sinh xa hoi tu Chinh Phu vao tai khoan. Neu da lien ket vui long bo qua. Chi tiet xem tai https://viettelmoney.go.link/lienketVNeID . Lien he 18009000 (0d). Tran trong!",0,0,0,0,0,0,0,0,0,0,
COM_1109,"Viettel TB: T? 0h-5h ngày 04/09/2025, gói ST60N s? gia h?n. Cu?c phí 60.000d/30 ngày có 60GB (2GB/ngày). Quý khách d?m b?o thuê bao ho?t d?ng 2 chi?u và d? ti?n d? gói cu?c gia h?n thành công. N?u tài kho?n không d?, gói cu?c s? gia h?n tuong ?ng v?i s? ti?n còn l?i, t?i thi?u 5.000d (không áp d?ng v?i thuê bao không gia h?n d? 100% cu?c phí gói trong 60 ngày). Chi?t kh?u 2,5% khi n?p th? t?i https://viettel.vn/nt. Ð? h?y gia h?n, so?n HUY g?i 191. LH 198 (0d). Trân tr?ng.",0,0,0,0,0,0,0,0,0,0,
COM_1110,"[QC] Tr?i nghi?m các tính nang dành riêng cho THUÊ BAO C? Ð?NH TRÊN MY VIETTEL: Nâng c?p bang thông, d?i gói cu?c, h? tr?/báo l?i d?ch v?, qu?n lý modem wifi t? xa, thay d?i thông tin (s? di?n tho?i, d?a ch?) ch? v?i thao tác don gi?n, d? dàng t?i https://myviettel.go.link/3maKg. Chi ti?t LH 18008119 (0d). T? ch?i QC, so?n TC3 g?i 199.",0,0,0,0,0,0,0,0,0,0,
COM_1111,"Viettel TB: Gói ST60N dã k?t thúc. Ð? bi?t các uu dãi khác, truy c?p https://viettel.vn/goidata ho?c b?m g?i *098#. Chi ti?t LH 198 (0d). Trân tr?ng.",0,0,0,0,0,0,0,0,0,0,
COM_1112,"Quy khach da duoc thanh toan 10000 VND tu nhan vien 4500240001, Ngay GD: 05/09/2025 13:12:03. Ma GD 250905657548285. LH 18008098 (0d). Tran trong.",0,0,0,0,0,0,0,0,0,0,
COM_1113,"Quy khach co 60.005 dong trong tai khoan. Bam goi *098*3# de co 3GB voi 15.000d/3 ngay hoac *098*989# (30.000d/3 ngay) co 15GB (5GB/ngay), mien phi 10 phut/cuoc noi mang, 15 phut ngoai mang, SMS noi mang va TV360. Goi cuoc gia han khi het chu ky. De biet thong tin cac uu dai khac, bam goi *098# hoac truy cap https://vietteltelecom.vn/goidata. Chi tiet LH 198 (0d). Tran trong.",0,0,0,0,0,0,0,0,0,0,
COM_1114,"Quy khach da duoc thanh toan 50000 VND tu nhan vien 4500240001, Ngay GD: 05/09/2025 13:11:50. Ma GD 250905656558183. LH 18008098 (0d). Tran trong.",0,0,0,0,0,0,0,0,0,0,
COM_1115,"Nhap ma xac thuc OTP 8051 de Dang nhap tren ung dung My Viettel. Chi tiet LH 18008098 (0d) hoac truy cap https://viettel.vn/app. De dam bao an toan cho tai khoan cua Quy khach, vui long khong chia se ma xac thuc nay voi bat ky ai.",0,0,0,0,0,0,0,0,0,0,
COM_1116,Thue bao 84377326330 vua tra cuu chi tiet cuoc tren MyViettel. Tran trong,0,0,0,0,0,0,0,0,0,0,
COM_1117,"Dang ky khong thanh cong do chuong trinh khong ap dung cho thue bao. De biet cac uu dai khac, truy cap https://viettel.vn/goidata hoac bam goi *098#. Chi tiet LH 198 (0d). Tran trong.",0,0,0,0,0,0,0,0,0,0,
COM_1118,"Doi thanh cong 100 diem tieu dung Viettel++ thanh 20 MB Data. Han su dung truoc 06/09/2025. Tong diem tieu dung con lai trong tai khoan Viettel++ cua Quy khach la 442 diem. De kiem tra lich su doi diem va lua chon uu dai hap dan khac, vui long truy cap https://vietteltelecom.vn/vtplus. Tran trong.",0,0,0,0,0,0,0,0,0,0,
COM_1119,"[QC] Xem ngay Singapore - Vi?t Nam t?i Vòng lo?i U23 Châu Á 2026, 19h ngày 6/9.
So?n 5GVS12 g?i 191 ch? 12.000d/ngày có:
- 6GB data
- Xem th? thao và truy?n hình trên TV360 không t?n data t?i https://tv360.vn/page/sport
Uu dãi s? d?ng d?n 24h ngày dang ký. Gói cu?c gia h?n theo ngày. LH 18008119 (0d). T? ch?i QC, so?n TC4 g?i 199.",0,0,0,0,0,0,0,0,0,0,
COM_1120,"Doi thanh cong 100 diem tieu dung Viettel++ thanh 20 MB Data. Han su dung truoc 07/09/2025. Tong diem tieu dung con lai trong tai khoan Viettel++ cua Quy khach la 342 diem. De kiem tra lich su doi diem va lua chon uu dai hap dan khac, vui long truy cap https://vietteltelecom.vn/vtplus. Tran trong.",0,0,0,0,0,0,0,0,0,0,
COM_1121,"[QC] T?ng 5.000 di?m Viettel++ khi tr?i nghi?m các tính nang dành riêng cho THUÊ BAO INTERNET: Nâng c?p bang thông, d?i gói cu?c, báo l?i d?ch v?, qu?n lý modem wifi t? xa, thay d?i thông tin thuê bao (s? di?n tho?i, d?a ch?) trên My Viettel t?i https://myviettel.go.link/3maKg. 
Ði?m t?ng s? du?c luu trong ví voucher trên ?ng d?ng My Viettel. Chi ti?t LH 18008119 (0d). T? ch?i QC, so?n TC3 g?i 199.",0,0,0,0,0,0,0,0,0,0,
COM_1122,"[TB] Tr? sau giá h?i - Data, g?i th? ga
Gói V120K - Giá 120K/tháng có:
- 1,5GB/ngày.
- 50p ngo?i m?ng, mi?n phí 20p/cu?c n?i m?ng. 
Gói cu?c gia h?n theo tháng. CT dành riêng cho Quý khách. LH 18008168 (0d) d? dang ký.",0,0,0,0,0,0,0,0,0,0,
COM_1123,"Moi Quy khach LO QUANG THANG, co ma hop dong 639615776/HKD_TVH_TPTV_TRUONGT/18092024B truy cap https://viettel.vn/qrpay/41EE847616A9A3DA718FC11F858D0739EF77EBC1D3812DDDDF302725C3365406 de lay ma QR code va thuc hien thanh toan tren
ung dung ngan hang/vi dien tu de duoc huong uu dai. LH 198 (0d) hoac nhan vien tu van Tran Thi Sinh -B SDT 868623059. Tran trong!",0,0,0,0,0,0,0,0,0,0,
COM_1124,"[QC] Thang nay het tien? VAY NGAN NGAY den 7 TRIEU dong chi can CCCD. Tra gop 30-45 ngay. Dang ky online voi Viettel Money: https://viettelmoney.go.link/bY18O .Chi tiet LH 18009000 (0d). Tu choi QC, soan TC3 gui 199.",0,0,0,0,0,0,0,0,0,1,
COM_1125,"[QC] Trang b? Camera khi dang ký DV Home Camera Viettel: Phí hòa m?ng ch? t? 180.000d/Camera, cu?c luu tr? Cloud t? 20.000d/tháng/Camera. Truy c?p https://viettel.vn/camera9 ho?c LH 18008168 (0d) d? tìm hi?u và dang ký d?ch v?. T? ch?i QC, so?n TC3 g?i 199.",0,0,0,0,0,0,0,0,0,0,
COM_1126,"[TB] Tien ich Loi nhan thoai cua Viettel: Quy khach co cuoc goi nho tu TB 0327673754 vao luc 17:45 19/09/2025. De nghe loi nhan thoai, vui long bam goi 106210 (mien phi).",0,0,0,0,0,0,0,0,0,0,
COM_1127,"So tien cuoc Quy khach da thanh toan truoc cho account t008_ftth_thanglq24 DV Ftth Viettel se het vao thang nay. De tiep tuc tham gia chuong trinh dong cuoc truoc voi uu dai hap dan, moi Quy khach nhan ma QR thanh toan Online 
tren ung dung Ngan hang, truy cap https://viettel.vn/vx/internetqrcode/BADB0FCEC821CDDCD7ED599E2EA22307. LH 18008119 (0d). Tran trong.",0,0,0,0,0,0,0,0,0,0,
COM_1128,"[QC] Ð?c quy?n trên TV360: Barcelona - PSG lúc 2h00 ngày 2/10. PSG hành quân d?n ch?o l?a Camp Nou.
So?n DK SP g?i 1331 (30.000d/30 ngày, gia h?n sau 30 ngày) d? xem các tr?n d?u cúp C1 và Bundesliga d?c quy?n không t?n data t?i https://tv360.vn/. LH 18008119 (0d). T? ch?i QC, so?n TC4 g?i 199.",0,0,0,0,0,0,0,0,0,0,
COM_1129,(VIB) Ma xac thuc: 097538 (hieu luc trong 03 phut) de xac thuc khach hang dang ky moi. Lien he 19002200 (1.000 dong/phut) de duoc ho tro.,0,0,0,0,0,0,0,0,0,0,
COM_1130,"(VIB) Ma OTP: 431120 (hieu luc trong 03 phut) de dang ky tai khoan thanh toan Digi, MyVIB. Lien he 19002200 (1.000 dong/phut) de duoc ho tro.",0,0,0,0,0,0,0,0,0,0,
COM_1131,Ma kich hoat: 574949 co hieu luc trong 2 phut de dang ky su dung Smart OTP. Chi tiet vui long lien he or 19002200 (1.000 dong/phut),0,0,0,0,0,0,0,0,0,0,
COM_1132,[TrustCA] Ma OTP: 780460 cho giao dich xac thuc ky so cua Quy khach voi MyVIB. Khong chia se ma OTP nay voi bat ky ai. OTP hieu luc trong 5 phut.,0,0,0,0,0,0,0,0,0,0,
COM_1133,[TB] M?i Quý khách c?p nh?t thông tin thuê bao chính ch? theo Can cu?c công dân m?i d? dàng và nhanh chóng trên My Viettel t?i https://myviettel.go.link/3H3AL. Chi ti?t LH 198 (0d). Trân tr?ng.,0,0,0,0,0,0,0,0,0,0,
COM_1134,UsRNgafydep)hkfhzo.cnrapple.com>BjiuNalmLopTajmgroupsgooglecomIbW,1,1,1,1,1,1,1,1,1,1,
COM_1135,"Tong cuoc DV internet cua Quy khach LO QUANG THANG ma hop dong 639615776 thang 09/2025 la 109.633d. Quy khach vui long thanh toan truoc ngay 15/10. De nhan ma QR thanh toan Online tren ung dung ngan hang, truy cap https://viettel.vn/qrpay/7ED76F16FE3EE64AFA9F5A0FD77D855E .
Neu da thanh toan, vui long bo qua tin nhan nay. LH 18008119 (0d). Tran trong.",0,0,0,0,0,0,0,0,0,0,
COM_1136,"Viettel TB: T? 0h-5h ngày 08/10/2025, gói ST60N s? gia h?n. Cu?c phí 60.000d/30 ngày có 60GB (2GB/ngày). Quý khách d?m b?o thuê bao ho?t d?ng 2 chi?u và d? ti?n d? gói cu?c gia h?n thành công. N?u tài kho?n không d?, gói cu?c s? gia h?n tuong ?ng v?i s? ti?n còn l?i, 
t?i thi?u 5.000d (không áp d?ng v?i thuê bao không gia h?n d? 100% cu?c phí gói trong 60 ngày). Chi?t kh?u 2,5% khi n?p th? t?i https://viettel.vn/nt. Ð? h?y gia h?n, so?n HUY g?i 191. LH 198 (0d). Trân tr?ng.",0,0,0,0,0,0,0,0,0,0,
COM_1137,"[QC] DATA LU?T M?NG C? NGÀY.
So?n GIC70N g?i 191: Ch? 70K/30 ngày, có 1GB/ngày, nghe toàn b? n?i dung sách nói Mydio. DV gia h?n sau 30 ngày. 
Luu ý: CT dành riêng cho thuê bao t? 6-22 tu?i dang s? d?ng gói cu?c GIC c?a Viettel. Ð? chuy?n d?i sang gói cu?c GIC, so?n GIC g?i 195. LH 198 (0d). T? ch?i QC, so?n TC4 g?i 199.",0,0,0,0,0,0,0,0,0,0,
COM_1138,"[TB] GÓI THO?I CHO CON, CHA M? AN TÂM.
Ch? 30K/30 ngày, con b?n nh?n du?c 10 phút g?i ngo?i m?ng, mi?n phí 10 phút/cu?c n?i m?ng (t?i da 200 phút); DV gia h?n sau 30 ngày. Ð? dang ký, so?n GIC30N g?i 191 trên SIM c?a con. 
Luu ý: CT dành riêng cho thuê bao t? 6-22 tu?i dang s? d?ng gói cu?c GIC c?a Viettel. Ðang ký ngay SIM GIC cho con t?i gic.viettel.vn ho?c so?n GIC g?i 195 d? chuy?n d?i sang gói cu?c GIC. LH 198 (0d).",0,0,0,0,0,0,0,0,0,0,
COM_1139,"[QC] Vay nhanh linh hoat 3 PHUT - 50 TRIEU dong ve tay. Chi can CCCD, tra gop den 48 thang. Lai suat uu dai. Dang ky online voi Viettel Money: https://viettelmoney.go.link/fLcIg .Chi tiet LH 18009000 (0d). Tu choi QC, soan TC3 gui 199.",0,0,0,0,0,0,0,0,0,0,
COM_1140,"Quy khach da duoc thanh toan 50000 VND tu nhan vien 4500240001, Ngay GD: 08/10/2025 06:05:25. Ma GD 251008621470918. LH 18008098 (0d). Tran trong.",0,0,0,0,0,0,0,0,0,0,
COM_1141,Viettel TB: Gói ST60N dã khôi ph?c thành công. Cu?c phí 50.000d có 2GB/ngày; uu dãi s? d?ng d?n 01/11/2025. Quý khách n?p thêm 10.000d tru?c 24h ngày 01/11/2025 d? ti?p t?c s? d?ng uu dãi gói cu?c. Truy c?p https://viettel.vn/kttk d? ki?m tra uu dãi. Chi ti?t LH 198 (0d). Trân tr?ng.,0,0,0,0,0,0,0,0,0,0,
COM_1142,"Quy khach co 10.005 dong trong tai khoan. Bam goi *098*3# de co 3GB voi 15.000d/3 ngay hoac *098*989# (30.000d/3 ngay) co 15GB (5GB/ngay), mien phi 10 phut/cuoc noi mang, 15 phut ngoai mang, SMS noi mang va TV360. Goi cuoc gia han khi het chu ky.
De biet thong tin cac uu dai khac, bam goi *098# hoac truy cap https://vietteltelecom.vn/goidata. Chi tiet LH 198 (0d). Tran trong.",0,0,0,0,0,0,0,0,0,0,
COM_1143,"Quy khach da duoc thanh toan 10000 VND tu nhan vien 4500240001, Ngay GD: 08/10/2025 06:05:59. Ma GD 251008621510865. LH 18008098 (0d). Tran trong.",0,0,0,0,0,0,0,0,0,0,
COM_1144,Viettel TB: Gói ST60N dã du?c gia h?n s? d?ng d?n ngày 06/11/2025 v?i cu?c phí 10.000d. Truy c?p https://viettel.vn/kttk d? ki?m tra uu dãi. Chi ti?t LH 198 (0d). Trân tr?ng.,0,0,0,0,0,0,0,0,0,0,
COM_1145,"[QC] T?NG 20.000 ÐI?M VIETTEL++ KHI Ð?I GÓI CU?C INTERNET TRÊN MY VIETTEL. Thao tác nhanh chóng, d? dàng d? nâng cao t?c d? du?ng truy?n t?i https://myviettel.go.link/1sXhJ. Ði?m t?ng s? du?c luu trong ví voucher trên ?ng d?ng My Viettel. Chi ti?t LH 18008119 (0d). T? ch?i QC, so?n TC3 g?i 199.",0,0,0,0,0,0,0,0,0,0,
COM_1146,"[TB] RINH IPHONE 17 LI?N TAY!
T? ngày 18/09/2025 - 31/12/2025, khi Quý khách mua gói cu?c 5G chu k? 30 ngày tr? lên s? du?c nh?n 01 mã d? thu?ng d? tham gia chuong trình quay s? ""Lu?t 5G - Rinh quà b?t ng?"" trúng di?n tho?i iPhone 17 và Samsung Galaxy A06 5G. Chi ti?t th? l? chuong trình xem t?i http://viettel.vn/luot5g.
LH 198 (0d).",0,0,0,0,0,0,0,0,0,0,
COM_1147,"[TB] N?P TH? Ð? Ð?Y - DATA XÀI NGAY!
T?ng 20% giá tr? t?t c? th? n?p vào tài kho?n vi?n thông trong ngày 10/10/2025. Ti?n KM s? d?ng truy c?p Internet trong 15 ngày. N?p th? online t?i các ví di?n t?, ?ng d?ng thanh toán ho?c t?i https://viettel.vn/naptienkm . Chi ti?t g?i 197 b?m phím 19 (0d). Trân tr?ng.",0,0,0,0,0,0,0,0,0,0,
COM_1148,Ma OTP Vinhomes cua Quy khach la: 019267,0,0,0,0,0,0,0,0,0,0,
COM_1149,"[QC] Mua s?m t?i Viettel Store s? 245 Nguy?n Th? Ð?nh, phu?ng Bình Trung, TP. H? Chí Minh v?i uu dãi kh?ng: iPhone 17 ch? t? 24.990.000d, ph? ki?n ch? t? 39.000d, combo SIM s? d?p kèm gói cu?c ch? 180.000d có 300GB. CT áp d?ng d?n 31/10/2025. Chi ti?t truy c?p https://tinyurl.com/ymrbznzp ho?c LH 18008123 (0d). T? ch?i QC, so?n TC3 g?i 199.",0,0,0,0,0,0,0,0,0,0,
COM_1150,"[QC] XEM BUNDESLIGA - SAN VÉ ÐI Ð?C CÙNG TV360! So?n DK SP g?i 1331 (30.000d/30 ngày, gia h?n sau 30 ngày) d? xem các gi?i th? thao h?p d?n trên TV360 và có co h?i trúng 1 c?p vé bay th?ng d?n Ð?c xem tr?c ti?p Bundesliga, di?n tho?i Oppo Reno 14 F 5G ho?c áo d?u có ch? ký c?a các c?u th? tham gia gi?i Bundesliga. Chuong trình áp d?ng t? 12/8 - 12/11/2025. Chi ti?t LH 18008119 (0d)). T? ch?i QC, so?n TC4 g?i 199.",0,0,0,0,0,0,0,0,0,0,
COM_1151,"[TB] M?ng 25 nam Viettel Telecom - C?m on Quý khách dã l?a ch?n và d?ng hành!
Ð? nh?n uu dãi di?m Viettel++ tuong ?ng v?i s? nam Quý khách dã g?n bó cùng Viettel, truy c?p https://vietteltelecom25.tv360.vn . CT áp d?ng t? 15-25/10/2025. Chi ti?t LH 198 (0d). Trân tr?ng!",0,0,0,0,0,0,0,0,0,0,
COM_1152,"Viettel TB: Quy khach LO QUANG THANG ma hop dong 639615776 con 109633d cuoc dich vu internet chua duoc thanh toan. Vui long thanh toan truoc ngay 25/10/2025. De nhan ma QR thanh toan Online tren ung dung ngan hang, 
truy cap https://viettel.vn/qrpay/7ED76F16FE3EE64AFA9F5A0FD77D855E . Quy khach da thanh toan vui long bo qua tin nhan nay. LH 18008119 (0d). Tran trong.",0,0,0,0,0,0,0,0,0,0,
COM_1153,[TB] MTTQ Vi?t Nam kêu g?i chung tay ?ng h? d?ng bào b? thi?t h?i do bão lu gây ra. Các tài kho?n ti?p nh?n: 55102025 t?i Vietinbank; 8639699999 t?i BIDV; 1400666102025 t?i Agribank; 8888881010 t?i Vietcombank; 0606 t?i MBbank.,0,0,0,0,0,0,0,0,0,0,
COM_1154,MxIDangKi[KGTLTE.birapple.com]CoQuaNamTamNghinBgroupsgooglecomaM,1,1,1,1,1,1,1,1,1,1,
COM_1155,"[QC] Co h?i TRÚNG XE MÁY HONDA SH 125i PHIÊN B?N TH? THAO khi hòa m?ng Internet Viettel và dóng tru?c cu?c t? 6 tháng tr? lên, cu?c thuê bao ch? t? 220.000d/tháng. LH 18008168 (0d) d? du?c tu v?n gói cu?c và phí hòa m?ng. CT áp d?ng t? 1/10 - 31/12/2025 t?i TP. H? Chí Minh. T? ch?i QC, so?n TC3 g?i 199.",0,0,0,0,0,0,0,0,0,0,
COM_1156,"[QC] T? ngày 24-26/10/2025, Viettel m?i b?n ghé Ti?m trà s?a công ngh? GIC t?i Ch? B?n Thành, tham gia tr?i nghi?m nh?n quà li?n tay: mua SIM, dang ký gói cu?c GIC - nh?n ngay trà s?a cùng hàng ngàn ph?n quà h?p d?n. Ð?c bi?t, d?ng b? l? chuong trình g?p g?, 
giao luu cùng anh trai JSOL và co h?i nh?n vé YFest Viettel t?i TP. H? Chí Minh. Xem thông tin chi ti?t s? ki?n t?i https://viettel.vn/tiemtrasuaGIC. LH 198 (d). T? ch?i QC, so?n TC3 g?i 199.",0,0,0,0,0,0,0,0,0,0,
COM_1157,"[TB] N?P TH? Ð? Ð?Y - DATA XÀI NGAY!
T?ng 20% giá tr? t?t c? th? n?p vào tài kho?n vi?n thông trong ngày 25/10/2025. Ti?n KM s? d?ng truy c?p Internet trong 15 ngày. N?p th? online t?i các ví di?n t?, ?ng d?ng thanh toán ho?c t?i https://viettel.vn/naptienkm . Chi ti?t g?i 197 b?m phím 19 (0d). Trân tr?ng.",0,0,0,0,0,0,0,0,0,0,
COM_1158,"Quy khach da thanh toan 109.633d cuoc DV Ftth account t008_ftth_thanglq24. De tra cuu cuoc su dung va hoa don dien tu, vui long truy cap ung dung My Viettel tai https://vietteltelecom.vn/tc hoac bam goi *098#. LH 198 (0d).",0,0,0,0,0,0,0,0,0,0,
COM_1159,"Nhap ma xac thuc OTP 7502 de Dang nhap tren ung dung My Viettel. Chi tiet LH 18008098 (0d) hoac truy cap https://viettel.vn/app. De dam bao an toan cho tai khoan cua Quy khach, vui long khong chia se ma xac thuc nay voi bat ky ai.",0,0,0,0,0,0,0,0,0,0,
COM_1160,Thue bao 84377326330 cua Quy khach vua dang nhap tren http://viettel.vn. Xin cam on!,0,0,0,0,0,0,0,0,0,0,
COM_1161,Nhap ma OTP 6919 de xac thuc lien ket thue bao 84377326330. Vui long khong chia se ma xac thuc nay voi bat ki ai. Tran trong.,0,0,0,0,0,0,0,0,0,0,
COM_1162,Viettel da tiep nhan yeu cau Thu cuoc dong truoc cua Quy khach voi ma don hang 6258618059. Nhan vien Viettel se lien he Quy khach trong thoi gian som nhat. Cam on Quy khach da dong hanh cung Viettel. Chi tiet lien he 18008168 (mien phi). Tran trong.,0,0,0,0,0,0,0,0,0,0,
COM_1163,Thong bao: Don hang 6258618062 cua Quy khach da duoc hen lai tu 11:30:00 27/10/2025 den 12:00:00 27/10/2025 tai dia chi S107-0402 Vinhome Grand Park Cau Xay P.Long Thanh My Tp.Thu Duc TPHCM Cau Xay-P.Long Thanh My Phuong Tang Nhon Phu Thanh pho Ho Chi Minh. Nhan vien Viettel se lien he voi Quy khach de ho tro. Chi tiet lien he 18008168 (mien phi). Tran trong.,0,0,0,0,0,0,0,0,0,0,
COM_1164,Quy khach (639615776): Dong truoc 1794000d (dong 6 thang). Phi DV 0d. Tra cuu tai https://vietteltelecom.vn/dccd. Tran trong.,0,0,0,0,0,0,0,0,0,0,
COM_1165,"[QC] GIA NH?P GIC, Ð?M DATA, Ð?M CÁ TÍNH!
Th?ng d?i 1-0 khi tr? thành thành viên GIC:
- Gói cu?c r? mà data ""kh?ng long"" m?i ngày.
- Ð?c quy?n ""sít r?t"": S? h?u kho Topping data truy c?p TikTok, Facebook, YouTube... không gi?i h?n dung lu?ng, d?ng giá 10K.
- Ng?p tràn voucher uu dãi ""d? wow"".
Nhanh tay so?n GIC g?i 195 d? gia nh?p Vu tr? s? GIC - chân ái cho gi?i tr?! LH 198 (0d). T? ch?i QC, so?n TC4 g?i 199.",0,0,0,0,0,0,0,0,0,0,
COM_1166,"[QC] L?P Ð?T INTERNET VIETTEL CHO DOANH NGHI?P v?i gói cu?c PRO2: T?c d? t?i da 1.000Mbps (t?i thi?u 500Mbps), modem công ngh? WIFI 6 m?i nh?t, cam k?t bang thông qu?c t?. Giá cu?c ch? 500.000d/tháng, t?ng thêm 1-2 tháng s? d?ng khi dóng tru?c cu?c 6-12 tháng. Phí hòa m?ng 300.000d. Chi ti?t LH 18008168 (0d). T? ch?i QC, so?n TC3 g?i 199.",0,0,0,0,0,0,0,0,0,0,
COM_1167,"[QC] Kính m?i Quý khách tr?i nghi?m mi?n phí b?o tàng s?, h? sinh thái s?n ph?m Viettel t? 01-02/11/2025 và tham d? s? ki?n âm nh?c Viettel Y-Fest vào 19h30 ngày 02/11/2025 cùng các ngh? si: SON TÙNG MTP, SOOBIN, TRÚC NHÂN, VU CÁT TU?NG... t?i Ph? Ði B? Nguy?n Hu?, TP. H? Chí Minh. Chi ti?t LH 198 (0d). T? ch?i QC, so?n TC3 g?i 199.",0,0,0,0,0,0,0,0,0,0,
COM_1168,[Viettel TB]: Phan anh cua Quy khach ve dich vu INTERNET tai dia chi S107-0402 Vinhome Grand Park Cau Xay P.Long Thanh My Tp.Thu Duc TPHCM da duoc tiep nhan. Nhan vien ky thuat: Duong Tan Duc So dien thoai: 0969590414 se lien he ho tro xu ly truoc 10:38 05/11/2025. Tran trong!,0,0,0,0,0,0,0,0,0,0,
COM_1169,"[QC] Ð?c quy?n trên TV360: Liverpool - Real Madrid lúc 3h00 ngày 5/11. 
So?n DK SP g?i 1331 (30.000d/30 ngày, gia h?n sau 30 ngày) d? xem các tr?n d?u cúp C1 và Bundesliga d?c quy?n không t?n data t?i https://tv360.vn/. LH 18008119 (0d). T? ch?i QC, so?n TC4 g?i 199.",0,0,0,0,0,0,0,0,0,0,
COM_1170,"Viettel TB: T? 0h-5h ngày 07/11/2025, gói ST60N s? gia h?n. Cu?c phí 60.000d/30 ngày có 60GB (2GB/ngày). Quý khách d?m b?o thuê bao ho?t d?ng 2 chi?u và d? ti?n d? gói cu?c gia h?n thành công. N?u tài kho?n không d?, gói cu?c s? gia h?n tuong ?ng v?i s? ti?n còn l?i, t?i thi?u 5.000d (không áp d?ng v?i thuê bao không gia h?n d? 100% cu?c phí gói trong 60 ngày). Chi?t kh?u 2,5% khi n?p th? t?i https://viettel.vn/nt. Ð? h?y gia h?n, so?n HUY g?i 191. LH 198 (0d). Trân tr?ng.",0,0,0,0,0,0,0,0,0,0,
COM_1171,"Quy khach da dung het luu luong Data toc do cao. De tiep tuc su dung DV va lua chon goi Mobile Internet phu hop danh rieng cho TB cua Quy khach, vui long bam goi *098#. LH 198 (mien phi). Tran trong.",0,0,0,0,0,0,0,0,0,0,
COM_1172,"Viettel TB: Gói ST60N gia h?n không thành công. Gói cu?c s? du?c khôi ph?c khi thuê bao ho?t d?ng 2 chi?u và có d? 60.000d. Th?i gian ch? khôi ph?c tru?c ngày 06/05/2026. N?u tài kho?n g?c không d?, gói cu?c s? du?c khôi ph?c tuong ?ng v?i s? ti?n còn l?i, t?i thi?u 5.000d (không áp d?ng v?i thuê bao không gia h?n d? 100% cu?c phí gói trong 60 ngày g?n dây). Ð? h?y khôi ph?c, so?n HUY g?i 191. Chi ti?t LH 198 (0d). Trân tr?ng.",0,0,0,0,0,0,0,0,0,0,
COM_1173,"Quy khach da duoc thanh toan 50000 VND tu nhan vien 8300240041, Ngay GD: 07/11/2025 07:15:52. Ma GD 2511077855759672. LH 18008098 (0d). Tran trong.",0,0,0,0,0,0,0,0,0,0,
COM_1174,"Doi thanh cong 100 diem tieu dung Viettel++ thanh 20 MB Data. Han su dung truoc 08/11/2025. Tong diem tieu dung con lai trong tai khoan Viettel++ cua Quy khach la 742 diem. De kiem tra lich su doi diem va lua chon uu dai hap dan khac, vui long truy cap https://vietteltelecom.vn/vtplus. Tran trong.",0,0,0,0,0,0,0,0,0,0,
COM_1175,Viettel TB: Gói ST60N dã khôi ph?c thành công. Cu?c phí 50.000d có 2GB/ngày; uu dãi s? d?ng d?n 01/12/2025. Quý khách n?p thêm 10.000d tru?c 24h ngày 01/12/2025 d? ti?p t?c s? d?ng uu dãi gói cu?c. Truy c?p https://viettel.vn/kttk d? ki?m tra uu dãi. Chi ti?t LH 198 (0d). Trân tr?ng.,0,0,0,0,0,0,0,0,0,0,
COM_1176,ROnGiaNhap<EUJTWH.xoapple.com]LiXiTazmTamNganhATHgroupsgooglecomT,1,1,1,1,1,1,1,1,1,1,
COM_1177,"[QC] CHOI MINI GAME - 100% TRÚNG QUÀ
Viettel g?i B?n kho quà ""c?c cháy"" t?i https://viettel.vn/zalo/sankhobau v?i hàng ngàn quà t?ng h?p d?n (t?ng giá tr? d?n 75 t? d?ng). Chi ti?t liên h? 198 (0d). T? ch?i QC, so?n TC3 g?i 199.",0,0,0,0,0,0,0,0,0,0,
COM_1178,TVlMoTKTagNgayMotTrazmNgan(tjrzaf.xoapple.com[oeWygroupsgooglecomp,1,1,1,1,1,1,1,1,1,1,
COM_1179,"[TB] N?P TH? Ð? Ð?Y - DATA XÀI NGAY!
T?ng 20% giá tr? t?t c? th? n?p vào tài kho?n vi?n thông trong ngày 10/11/2025. Ti?n KM s? d?ng truy c?p Internet trong 15 ngày. N?p th? online t?i các ví di?n t?, ?ng d?ng thanh toán ho?c t?i https://viettel.vn/naptienkm . Chi ti?t g?i 197 b?m phím 19 (0d). Trân tr?ng.",0,0,0,0,0,0,0,0,0,0,
COM_1180,"[QC] Vay nhanh den 40 TRIEU dong voi TIN VAY tren Viettel Money. Chi can CCCD, thu tuc online 100%. Dang ky ngay:https://viettelmoney.go.link/1bPTU . Chi tiet LH 18009000 (0d). Tu choi QC, soan TC3 gui 199.",0,0,0,0,0,0,0,0,0,0,
COM_1181,"[QC] Tham gia ngay chuong trình Chi?n binh dua top Cúp TV360 t?i https://tv360.vn/game/st d? có co h?i nh?n các ph?n quà h?p d?n: Ði?n tho?i iPhone 17 Promax, Airpods, iPad Air M3… Chi ti?t LH 18008119 (0d). T? ch?i QC, so?n TC4 g?i 199.",0,0,0,0,0,0,0,0,0,0,
COM_1182,"[QC] Vay nhanh linh hoat 3 PHUT - 50 TRIEU dong ve tay. Chi can CCCD, tra gop den 48 thang. Lai suat uu dai. Dang ky online voi Viettel Money: https://viettelmoney.go.link/4WQNv .Chi tiet LH 18009000 (0d). Tu choi QC, soan TC3 gui 199.",0,0,0,0,0,0,0,0,0,0,
COM_1183,"[TB] N?P TH? ONLINE - DATA XÀI NGAY!
T?ng 20% giá tr? t?t c? th? n?p vào tài kho?n vi?n thông trong ngày 15/11/2025. Ti?n KM s? d?ng truy c?p Internet trong 15 ngày. CT áp d?ng khi n?p th? online qua các ví di?n t?, ?ng d?ng thanh toán ho?c t?i https://viettel.vn/pay/tt . Chi ti?t g?i 197, b?m phím 19 (0d). Trân tr?ng.",0,0,0,0,0,0,0,0,0,0,
COM_1184,"[QC] Ð?I TUY?N VI?T NAM XU?T TR?N! Ðón xem tr?n d?u Lào - Vi?t Nam d?y k?ch tính du?c phát sóng lúc 19:00 Th? 4 ngày 19/11 trên TV360 t?i https://tv360.vn/page/sport . Chi ti?t LH 18008119 (0d). T? ch?i QC, so?n TC4 g?i 199.",0,0,0,0,0,0,0,0,0,0,
COM_1185,"(QC) BLACK WEEK - Tuan le Sale lon nhat nam! Co hoi Trung Vang + Ring ngay iPhone 17 Pro Max mien phi. 6666 Voucher doc quyen. Dien thoai giam toi 37%. Mua phu kien tu 6K. Ap dung tu 21-30/11. Mua tai https://hhmb.net/BFD2025 - LH 19002091 (1000d/p). De tu choi QC, Soan TC HoangHaMobi gui 1313",0,0,0,0,0,0,0,0,0,0,
COM_1186,"[TB] NÂNG C?P ÐI?N THO?I - NH?N UU ÐÃI 5G.
T?ng 15GB data tr?i nghi?m trên h? t?ng 5G trong 15 ngày (1GB/ngày) khi Quý khách nâng c?p lên di?n tho?i 5G. Ð? nh?n uu dãi, s? d?ng máy 5G và so?n 5G g?i 191.
Chuong trình áp d?ng 1 l?n d?n h?t ngày 30/11/2025, dành riêng cho Quý khách. Chi ti?t LH 198 (0d).",0,0,0,0,0,0,0,0,0,0,
COM_1187,"[TB] N?P TH? Ð? Ð?Y - DATA XÀI NGAY!
T?ng 20% giá tr? t?t c? th? n?p vào tài kho?n vi?n thông trong ngày 25/11/2025. Ti?n KM s? d?ng truy c?p Internet trong 15 ngày. N?p th? online t?i các ví di?n t?, ?ng d?ng thanh toán ho?c t?i https://viettel.vn/naptienkm . Chi ti?t g?i 197 b?m phím 19 (0d). Trân tr?ng.",0,0,0,0,0,0,0,0,0,0,
COM_1188,"[TB] CMND dang ký thuê bao c?a Quý khách dã h?t hi?u l?c t? 1/1/2025 (theo quy d?nh c?a lu?t Can cu?c). Ð? ti?p t?c s? d?ng d?ch v?, vui lòng c?p nh?t thông tin CC/CCCD m?i nh?t qua ?ng d?ng My Viettel t?i https://viettel.vn/doigiayto . Chi ti?t LH 198 (0d). Trân tr?ng!",0,0,0,0,0,0,0,0,0,0,
COM_1189,"888TO tai app nhan ngay 58k~88K,phat qua khung 8888 ty.combo thuong khung 18.888k,Nhan thuong ngay tai https://ads888to44.com/?cid=5269523",0,0,0,0,0,0,0,0,0,0,
COM_1190,"(TPBank) Hoa don Vi Tra Sau Momo T11.2025 cua QK co du no 2,497,253VND. QK co the TT toan bo du no hoac TT toi thieu truoc ngay 05/12/2025. Vui long bo qua neu da TT",0,0,0,0,0,0,0,0,0,0,
COM_1191,"Quy khach duoc cong them 300 diem Viettel++ boi giao dich Tieu dung vien thong thang 11/2025. Thoi han su dung diem den 31/12/2026. Hay truy cap https://vietteltelecom.vn/vtplus tren My Viettel hoac *098# de doi diem sang Data, SMS, Phut goi cung nhieu uu dai gia tri khac. Chi tiet LH 198. Tran trong.",0,0,0,0,0,0,0,0,0,0,
COM_1192,"[QC] MI?N PHÍ XEM MUA Ð? - Ð?C QUY?N TRÊN TV360!
So?n MXH100 g?i 191 (100K/30 ngày) d? nh?n uu dãi: 
- 30GB (1GB/ngày).
- Mi?n phí data truy c?p TikTok, YouTube và Meta (Facebook, tin Messenger, Threads, Instagram).
Gói cu?c gia h?n sau 30 ngày.
MI?N PHÍ xem phim ch?t lu?ng hình ?nh 4K s?c nét t?i https://tv360.vn/muado.
CT dành riêng cho Quý khách. LH 198 (0d). T? ch?i QC, so?n TC4 g?i 199.",0,0,0,0,0,0,0,0,0,0,
COM_1193,"Quy khach duoc cong them 2 diem Viettel++ boi giao dich Tieu dung vien thong thang 11/2025. Thoi han su dung diem den 31/12/2026. Hay truy cap https://vietteltelecom.vn/vtplus tren My Viettel hoac *098# de doi diem sang Data, SMS, Phut goi cung nhieu uu dai gia tri khac. Chi tiet LH 198. Tran trong.",0,0,0,0,0,0,0,0,0,0,
COM_1194,"Viettel TB: T? 0h-5h ngày 07/12/2025, gói ST60N s? gia h?n. Cu?c phí 60.000d/30 ngày có 60GB (2GB/ngày). Quý khách d?m b?o thuê bao ho?t d?ng 2 chi?u và d? ti?n d? gói cu?c gia h?n thành công. N?u tài kho?n không d?, gói cu?c s? gia h?n tuong ?ng v?i s? ti?n còn l?i, t?i thi?u 5.000d (không áp d?ng v?i thuê bao không gia h?n d? 100% cu?c phí gói trong 60 ngày). Chi?t kh?u 2,5% khi n?p th? t?i https://viettel.vn/nt. Ð? h?y gia h?n, so?n HUY g?i 191. LH 198 (0d). Trân tr?ng.",0,0,0,0,0,0,0,0,0,0,
COM_1195,"Cbr$eWyPXefyl.kjew.bid)TF,Dk_{ccmffywuxojs}""Tk-Gui,Den~8~8:Nghin~",1,1,1,1,0,0,0,0,0,0,
COM_1196,"Viettel TB: Gói ST60N gia h?n không thành công. Gói cu?c s? du?c khôi ph?c khi thuê bao ho?t d?ng 2 chi?u và có d? 60.000d. Th?i gian ch? khôi ph?c tru?c ngày 05/06/2026. N?u tài kho?n g?c không d?, gói cu?c s? du?c khôi ph?c tuong ?ng v?i s? ti?n còn l?i, t?i thi?u 5.000d (không áp d?ng v?i thuê bao không gia h?n d? 100% cu?c phí gói trong 60 ngày g?n dây). Ð? h?y khôi ph?c, so?n HUY g?i 191. Chi ti?t LH 198 (0d). Trân tr?ng.",0,0,0,0,0,0,0,0,0,0,
COM_1197,"Quy khach da duoc thanh toan 50000 VND tu nhan vien 4500540010, Ngay GD: 07/12/2025 08:48:45. Ma GD 251207631660598. LH 18008098 (0d). Tran trong.",0,0,0,0,0,0,0,0,0,0,
COM_1198,"[TB] G?I ÐI?N, LU?T M?NG C? NGÀY.
1. So?n SD70 g?i 191: Ch? 70K/30 ngày có 30GB (1GB/ngày).
2. So?n V90B g?i 191: Ch? 90K/30 ngày có 30GB (1GB/ngày), 30 phút ngo?i m?ng, mi?n phí 10 phút/cu?c n?i m?ng.
Các gói cu?c gia h?n sau 30 ngày. CT dành riêng cho Quý khách. LH 198 (0d).",0,0,0,0,0,0,0,0,0,0,
COM_1199,"[TB] N?P TH? Ð? Ð?Y - DATA XÀI NGAY!
T?ng 20% giá tr? t?t c? th? n?p vào tài kho?n vi?n thông trong ngày 10/12/2025. Ti?n KM s? d?ng truy c?p Internet trong 15 ngày. N?p th? online t?i các ví di?n t?, ?ng d?ng thanh toán ho?c t?i https://viettel.vn/naptienkm . Chi ti?t g?i 197 b?m phím 19 (0d). Trân tr?ng.",0,0,0,0,0,0,0,0,0,0,
COM_1200,"WL)KIPwppvdW.nferw.de(k;Thua-1-Trju~Dua_Lai-1""Trju_Sog,Hanh,Vog:Loai:Cup~Tgioi~Lien~He""Cskh;Dong:Tien""Mo_Dau~Gui,88%,",1,1,1,1,1,1,1,1,1,1,
COM_1201,"[QC] Ð?c quy?n trên TV360: Real Madrid - Man City, 3h00 ngày 11/12. So?n DK SP g?i 1331 (30.000d/30 ngày, gia h?n sau 30 ngày) d? xem các tr?n d?u th? thao d?c s?c t?i http://s.viettel.vn/UEFALPTV1 . LH 18008119 (0d). T? ch?i QC, so?n TC4 g?i 199.",0,0,0,0,0,0,0,0,0,0,
COM_1202,"[TB] N?P TH? ONLINE - DATA XÀI NGAY!
T?ng 20% giá tr? t?t c? th? n?p vào tài kho?n vi?n thông trong ngày 15/12/2025. Ti?n KM s? d?ng truy c?p Internet trong 15 ngày. CT áp d?ng khi n?p th? online qua các ví di?n t?, ?ng d?ng thanh toán ho?c t?i https://viettel.vn/pay/tt . Chi ti?t g?i 197, b?m phím 19 (0d). Trân tr?ng.",0,0,0,0,0,0,0,0,0,0,
COM_1203,[TB] CMND dang ký thuê bao c?a Quý khách dã h?t hi?u l?c t? 1/1/2025 (theo quy d?nh lu?t Can cu?c). Quý khách vui lòng mang CC/CCCD d?n di?m giao d?ch Viettel d? du?c h? tr?. Chi ti?t LH 198 (0d). Trân tr?ng.,0,0,0,0,0,0,0,0,0,0,
COM_1204,MCREDIT T/B Ma OTP xac thuc ky HD1000725120976254 cua QK la 980611.OTP co gia tri trong 3 phut.QK luu y KHONG CUNG CAP cho bat ky ai.LH:1900636769.Xin cam on!,0,0,0,0,0,0,0,0,0,0,
COM_1205,Mcredit T/B: QK da ky HD 1000725120976254 va giai ngan thanh cong 10000000VND. LH 1900636769,0,0,0,0,1,1,1,1,0,0,
COM_1206,G-905151 là mã xác minh Google c?a b?n. Ð?ng chia s? v?i b?t k? ai.,0,0,0,0,0,0,0,0,0,0,
COM_1207,"[TB] C?m on Quý khách dã d?ng hành cùng Viettel trong nam 2025. Truy c?p antuongviettel.tv360.vn d? nhìn l?i các s? ki?n ?n tu?ng và nh?n ph?n quà h?p d?n, t?o nh?ng b?c ?nh AI th?t d?c dáo. LH 198 (0d). Trân tr?ng!",0,0,0,0,0,0,0,0,0,0,
COM_1208,[TB] Giáng sinh an lành - Nam m?i v?n toàn! Viettel kính chúc Quý khách m?t mùa l? ?m áp và nam m?i thành công. Chân thành c?m on Quý khách dã luôn tin tu?ng l?a ch?n d?ch v?.,0,0,0,0,0,0,0,0,0,0,
COM_1209,"Tai ngay app pkwin dang ki tai khoan nhan ngay 58k-nap dau tang 188k cho no hu,ban ca tai https://bit.ly/497zddL",1,1,1,1,1,1,1,1,1,1,
COM_1210,"[TB] N?P TH? Ð? Ð?Y - DATA XÀI NGAY!
T?ng 20% giá tr? t?t c? th? n?p vào tài kho?n vi?n thông trong ngày 25/12/2025. Ti?n KM s? d?ng truy c?p Internet trong 15 ngày. N?p th? online t?i các ví di?n t?, ?ng d?ng thanh toán ho?c t?i https://viettel.vn/naptienkm . Chi ti?t g?i 197 b?m phím 19 (0d). Trân tr?ng.",0,0,0,0,0,0,0,0,0,0,
COM_1211,"[TB] CMND dang ký thuê bao c?a Quý khách dã h?t hi?u l?c t? 1/1/2025 (theo lu?t Can cu?c). Ð? ti?p t?c s? d?ng, vui lòng dùng di?n tho?i thông minh có h? tr? quét CC/CCCD g?n chip, truy c?p https://viettel.vn/doigiayto , t?i/dang nh?p My Viettel và c?p nh?t thông tin m?i nh?t ho?c d?n c?a hàng giao d?ch Viettel d? du?c h? tr?. 
T?ng 50.000d vào tài kho?n khuy?n m?i khi th?c hi?n online qua My Viettel tru?c 1/1/2026, uu dãi c?ng vào ngày hôm sau. LH 198 (0d).",0,0,0,0,0,0,0,0,0,0,
COM_1212,Dang ky 666 K-Tai App nhan 108K-Khuyen mai nap dau 100% Lixi moi ngay 88.888K VIP 108.888K https://pk7989.com/a666,1,1,1,1,1,1,1,1,1,1,
COM_1213,"Viettel thong bao: Tu ngay 30/12/2025 gia cuoc goi trong zone cua Quy khach la 890d/phut (noi mang) va 1190d/phut (ngoai mang), gia cuoc goi ngoai zone (noi mang, ngoai mang) la 1190d/phut. Tran trong.",0,0,0,0,0,0,0,0,0,0,
COM_1214,HD T1.2026 Vi Tra Sau den han trong ky nghi Tet 2026. QK vui long TT truoc 05/01/2026 tai App MoMo de tranh anh huong LSTD. Bo qua neu da TT,0,0,0,0,0,0,0,0,0,0,
COM_1215,"Quy khach duoc cong them 300 diem Viettel++ boi giao dich Tieu dung vien thong thang 12/2025. Thoi han su dung diem den 31/01/2027. Hay truy cap https://vietteltelecom.vn/vtplus tren My Viettel hoac *098# de doi diem sang Data, SMS, Phut goi cung nhieu uu dai gia tri khac. Chi tiet LH 198. Tran trong.",0,0,0,0,0,0,0,0,0,0,
COM_1216,"Viettel TB: T? 0h-5h ngày 06/01/2026, gói ST60N s? gia h?n. Cu?c phí 60.000d/30 ngày có 60GB (2GB/ngày). Quý khách d?m b?o thuê bao ho?t d?ng 2 chi?u và d? ti?n d? gói cu?c gia h?n thành công. N?u tài kho?n không d?, gói cu?c s? gia h?n tuong ?ng v?i s? ti?n còn l?i, t?i thi?u 5.000d (không áp d?ng v?i thuê bao không gia h?n d? 100% cu?c phí gói trong 60 ngày). Chi?t kh?u 2,5% khi n?p th? t?i https://viettel.vn/nt. Ð? h?y gia h?n, so?n HUY g?i 191. LH 198 (0d). Trân tr?ng.",0,0,0,0,0,0,0,0,0,0,
COM_1217,"[QC] U23 Vi?t Nam - U23 Jordan lúc 18h30 ngày 06/01/2026. Ð?ng hành cùng U23 Vi?t Nam thi d?u t?i Vòng Chung k?t U23 Châu Á 2026 trên TV360! So?n DK SP g?i 1331 (30.000d/30 ngày, gia h?n sau 30 ngày) d? xem các tr?n d?u gi?i C1 và Bundelisga d?c quy?n, không t?n data 4G/5G t?i http://s.viettel.vn/tv360.10 . Chi ti?t LH 18008119 (0d). T? ch?i QC, so?n TC4 g?i 199.",0,0,0,0,0,0,0,0,0,0,
COM_1218,"Quy khach duoc cong them 7 diem Viettel++ boi giao dich Tieu dung vien thong thang 12/2025. Thoi han su dung diem den 31/01/2027. Hay truy cap https://vietteltelecom.vn/vtplus tren My Viettel hoac *098# de doi diem sang Data, SMS, Phut goi cung nhieu uu dai gia tri khac. Chi tiet LH 198. Tran trong.",0,0,0,0,0,0,0,0,0,0,
COM_1219,"Viettel TB: Gói ST60N gia h?n không thành công. Gói cu?c s? du?c khôi ph?c khi thuê bao ho?t d?ng 2 chi?u và có d? 60.000d. Th?i gian ch? khôi ph?c tru?c ngày 05/07/2026. N?u tài kho?n g?c không d?, gói cu?c s? du?c khôi ph?c tuong ?ng v?i s? ti?n còn l?i, t?i thi?u 5.000d (không áp d?ng v?i thuê bao không gia h?n d? 100% cu?c phí gói trong 60 ngày g?n dây). Ð? h?y khôi ph?c, so?n HUY g?i 191. Chi ti?t LH 198 (0d). Trân tr?ng.",0,0,0,0,0,0,0,0,0,0,
COM_1220,"[QC] M? LÀ 100% TRÚNG QUÀ.
Viettel t?ng Quý khách uu dãi giá tr? lên d?n 50K khi tham gia m? quà CT San kho báu t?i https://viettel.vn/SanKhobau. M?i khách hàng ch? có m?t lu?t choi duy nh?t. LH 198 (0d). T? ch?i QC, so?n TC4 g?i 199.",0,0,0,0,0,0,0,0,0,0,
COM_1221,"Doi thanh cong 100 diem tieu dung Viettel++ thanh 20 MB Data. Han su dung truoc 08/01/2026. Tong diem tieu dung con lai trong tai khoan Viettel++ cua Quy khach la 1.142 diem. De kiem tra lich su doi diem va lua chon uu dai hap dan khac, vui long truy cap https://vietteltelecom.vn/vtplus. Tran trong.",0,0,0,0,0,0,0,0,0,0,
COM_1222,8qbet tai khoan moi tao theo link duoi nhan code 58k. Nap dau nhan 58.8k. Rut k gioi han 888888k! Tai https://dx3389.8qbet16.com,0,0,0,0,1,1,1,1,1,1,
COM_1223,"Doi thanh cong 100 diem tieu dung Viettel++ thanh 20 MB Data. Han su dung truoc 09/01/2026. Tong diem tieu dung con lai trong tai khoan Viettel++ cua Quy khach la 1.042 diem. De kiem tra lich su doi diem va lua chon uu dai hap dan khac, vui long truy cap https://vietteltelecom.vn/vtplus. Tran trong.",0,0,0,0,0,0,0,0,0,0,
COM_1224,"[QC] B?n là Fan hâm m? c?a Tottenham, Bayern Munich hay Juventus...? Ð?ng b? l? H?i Fan tranh tài trên ?ng d?ng TV360 t?i https://tv360.vn/game/c1 . Cu?c c?nh tranh gi?a các c?ng d?ng yêu bóng dá v?i co h?i nh?n quà h?p d?n: C?p vé xem chung k?t cúp C1 Châu Âu, di?n tho?i Samsung, tivi Samsung... Chi ti?t LH 18008119 (0d). T? ch?i QC, so?n TC4 g?i 199.",0,0,0,0,0,0,0,0,0,0,
COM_1225,"Doi thanh cong 100 diem tieu dung Viettel++ thanh 20 MB Data. Han su dung truoc 09/01/2026. Tong diem tieu dung con lai trong tai khoan Viettel++ cua Quy khach la 942 diem. De kiem tra lich su doi diem va lua chon uu dai hap dan khac, vui long truy cap https://vietteltelecom.vn/vtplus. Tran trong.",0,0,0,0,0,0,0,0,0,0,
COM_1226,"[TB] N?P TH? ONLINE - DATA XÀI NGAY!
T?ng 50% giá tr? t?t c? th? n?p vào tài kho?n vi?n thông trong ngày 10/01/2026. Ti?n KM s? d?ng truy c?p Internet trong 15 ngày. CT áp d?ng khi n?p th? online qua các ví di?n t?, ?ng d?ng thanh toán ho?c t?i https://viettel.vn/pay/tt . Chi ti?t g?i 197, b?m phím 19 (0d). Trân tr?ng.",0,0,0,0,0,0,0,0,0,0,
COM_1227,"[TB] CMND dang ký thuê bao c?a Quý khách dã h?t hi?u l?c t? 1/1/2025 (theo lu?t Can cu?c). Ð? ti?p t?c s? d?ng, vui lòng dùng di?n tho?i thông minh có h? tr? quét CC/CCCD g?n chip, truy c?p https://viettel.vn/doigiayto , t?i/dang nh?p My Viettel và c?p nh?t thông tin m?i nh?t ho?c d?n c?a hàng giao d?ch Viettel d? du?c h? tr?. Chi ti?t LH 198 (0d). Trân tr?ng.",0,0,0,0,0,0,0,0,0,0,
COM_1228,"Dang ky 99K,Tai App nhan 58K,Khuyen mai nap dau 100% Lixi moi ngay 88.888K VIP 108.888K https://m.791179.com/Account/Register?f=739106",0,0,0,0,1,1,1,1,1,1,
COM_1229,"[QC] Vay nhanh linh hoat 3 PHUT - 50 TRIEU dong. Chi can CCCD, tra gop den 48 thang. Lai suat chi tu 2.2%/thang. Dang ky online voi Viettel Money: https://viettelmoney.go.link/fLcIg .Chi tiet LH 18009000 (0d). Tu choi QC, soan TC3 gui 199.",0,0,0,0,0,0,0,0,0,0,
COM_1230,"[QC] Thang nay het tien? VAY NGAN NGAY nhan den 7 TRIEU chi sau 1 phut, chi can CCCD. Tra gop 30-45 ngay. Dang ky online voi Viettel Money: https://viettelmoney.go.link/bY18O .Chi tiet LH 18009000 (0d). Tu choi QC, soan TC3, gui 199.",0,0,0,0,0,0,0,0,0,0,
COM_1231,"Quý khách v?a n?p th? thành công và du?c khuy?n m?i 50% d? truy c?p Internet (0,48d/50KB) trong 15 ngày, b?m g?i *102# d? ki?m tra. Chi ti?t LH 198 (0d). Trân tr?ng.",0,0,0,0,0,0,0,0,0,0,
COM_1232,"Quy khach da duoc thanh toan 50000 VND tu nhan vien 4500240001, Ngay GD: 10/01/2026 16:31:50. Ma GD 260110621672685. LH 18008098 (0d). Tran trong.",0,0,0,0,0,0,0,0,0,0,
COM_1233,Viettel TB: Gói ST60N dã khôi ph?c thành công. Cu?c phí 50.000d có 2GB/ngày; uu dãi s? d?ng d?n 03/02/2026. Quý khách n?p thêm 10.000d tru?c 24h ngày 03/02/2026 d? ti?p t?c s? d?ng uu dãi gói cu?c. Truy c?p https://viettel.vn/kttk d? ki?m tra uu dãi. Chi ti?t LH 198 (0d). Trân tr?ng.,0,0,0,0,0,0,0,0,0,0,
COM_1234,"Quy khach da duoc thanh toan 10000 VND tu nhan vien 4500240001, Ngay GD: 10/01/2026 16:32:03. Ma GD 260110621404662. LH 18008098 (0d). Tran trong.",0,0,0,0,0,0,0,0,0,0,
COM_1235,Viettel TB: Gói ST60N dã du?c gia h?n s? d?ng d?n ngày 08/02/2026 v?i cu?c phí 10.000d. Truy c?p https://viettel.vn/kttk d? ki?m tra uu dãi. Chi ti?t LH 198 (0d). Trân tr?ng.,0,0,0,0,0,0,0,0,0,0,
COM_1236,"[QC] 5G SIÊU T?C - CHÁY CÙNG U23! 
Ðang ký gói MXH100 d? xem truy?n hình tr?c ti?p tr?n U23 Vi?t Nam - U23 ? R?p Saudi ngày 12/1 trên TV360. So?n MXH100 g?i 191: 100K/30 ngày có 30GB (1GB/ngày), mi?n phí data truy c?p TikTok, YouTube, Meta (Facebook, tin Messenger, Threads, Instagram). Gói cu?c gia h?n sau 30 ngày. CT dành riêng cho Quý khách. LH 198 (0d). T? ch?i QC, so?n TC4 g?i 199.",0,0,0,0,0,0,0,0,0,0,
COM_1237,"HD 1000725120976254 ngay 20/01/2026 den han thanh toan 2,071,000d. Nhap ma MC19619593080 vao MoMo de TT. Vui long bo qua neu da TT. LH 1900636769",0,0,0,0,0,0,0,0,0,0,
COM_1238,"[QC] Vay nhanh linh hoat 3 PHUT - 50 TRIEU dong. Chi can CCCD, tra gop den 48 thang. Lai suat chi tu 2.2%/thang. Dang ky online voi Viettel Money: https://viettelmoney.go.link/4WQNv .Chi tiet LH 18009000 (0d). Tu choi QC, soan TC3 gui 199.",0,0,0,0,0,0,0,0,0,0,
COM_1239,"Cam on ban da dang ky, 2251 la ma so kham cua ban",0,0,0,0,0,0,0,0,0,0,
COM_1240,"[QC] ÐÓN XEM T? K?T - 5G SIÊU NÉT! 
Ðang ký gói MXH100 d? xem truy?n hình tr?c ti?p tr?n U23 Vi?t Nam - U23 UAE ngày 16/1 trên TV360. So?n MXH100 g?i 191: 100K/30 ngày có 30GB (1GB/ngày), mi?n phí data truy c?p TikTok, YouTube, Meta (Facebook, tin Messenger, Threads, Instagram). Gói cu?c gia h?n sau 30 ngày. CT dành riêng cho Quý khách. LH 198 (0d). T? ch?i QC, so?n TC4 g?i 199.",0,0,0,0,0,0,0,0,0,0,
COM_1241,"[QC] T? k?t U23 Vi?t Nam - U23 UAE lúc 22:30 ngày 16/01/2026. Ðón xem màn so tài d?nh cao trên TV360! So?n DK SP g?i 1331 (30.000d/30 ngày, gia h?n sau 30 ngày) d? xem các tr?n d?u gi?i C1 và Bundesliga d?c quy?n, không t?n data 4G/5G t?i http://s.viettel.vn/tv360.10 . Chi ti?t LH 18008119 (0d). T? ch?i QC, so?n TC4 g?i 199.",0,0,0,0,0,0,0,0,0,0,
COM_1242,"[TB] CMND dang ký thuê bao c?a Quý khách dã h?t hi?u l?c t? 1/1/2025 (theo lu?t Can cu?c). Ð? ti?p t?c s? d?ng, vui lòng dùng di?n tho?i thông minh có h? tr? quét CC/CCCD g?n chip, truy c?p https://viettel.vn/doigiayto, t?i/dang nh?p My Viettel và c?p nh?t thông tin m?i nh?t ho?c d?n c?a hàng giao d?ch Viettel d? du?c h? tr?. 
T?ng 50.000d vào tài kho?n khuy?n m?i khi th?c hi?n online qua My Viettel tru?c 1/2/2026, uu dãi c?ng vào ngày hôm sau. LH 198 (0d).",0,0,0,0,0,0,0,0,0,0,
COM_1243,"[TB] ?ng d?ng Tuyên giáo và Dân v?n - kênh thông tin chính th?ng c?a Ð?ng; ch? truong, chính sách du?c c?p nh?t nhanh, gi?i thích d? hi?u; thu vi?n s? phong phú; h?i - dáp, tra c?u thu?n ti?n; l?ng nghe, ph?n h?i ý ki?n Nhân dân. 
M?i Nhân dân tham gia s? d?ng: https://tgdv.vtscloud.vn/installation",0,0,0,0,0,0,0,0,0,0,
COM_1244,Tai khoan cua Quy khach sap het. Soan UT gui 9118 de xac nhan cong 20000d vao tai khoan (cuoc DV 3000d). Chi tiet LH 18008098 (mien phi).,0,0,0,0,0,0,0,0,0,0,
COM_1245,NOHU tang CODE 50k mien phi cho khach VIP: <FMN4BMHS>Link: https://nohucode50k.club,1,1,1,0,1,1,1,1,1,1,
COM_1246,"[TB] Chung tay vì m?t c?ng d?ng không ma tuý, toàn dân hãy t? giác t?i ph?m, t? n?n ma tuý d?n s? hotline C?c tru?ng C?c C?nh sát ÐTTP v? ma tuý: 0769040404. B?o m?t tuy?t d?i ngu?i cung c?p tin, thông tin giá tr? s? du?c xem xét khen thu?ng.",0,0,0,0,0,0,0,0,0,0,
COM_1247,"[QC] M? th? tín d?ng VPBank mi?n phí thu?ng niên, h?n m?c d?n 100 tri?u, tr? góp 0d cùng hoàn ti?n t?i 15%. Ð? dang ký nh?n link m? th? và d?ng ý cung c?p s? di?n tho?i c?a QK cho VPBank (qua d?i tác Viettel, CTCP Th?nh Phát) và nh?n hu?ng d?n m? th?, so?n VP g?i 1798 (MP). T? ch?i QC, so?n TC g?i 1313.",0,0,0,0,0,0,0,0,0,0,
COM_1248,"[TB] N?P TH? Ð? Ð?Y - DATA XÀI NGAY!
T?ng 20% giá tr? t?t c? th? n?p vào tài kho?n vi?n thông trong ngày 26/01/2026. Ti?n KM s? d?ng truy c?p Internet trong 15 ngày. N?p th? online t?i các ví di?n t?, ?ng d?ng thanh toán ho?c t?i https://viettel.vn/naptienkm . Chi ti?t g?i 197 b?m phím 19 (0d). Trân tr?ng.",0,0,0,0,0,0,0,0,0,0,
COM_1249,"[TB] CO H?I DUY NH?T!
Gói ST15K ch? còn 3.000d/3 ngày (giá g?c 15.000d) có 3GB. Gói cu?c gia h?n v?i giá g?c sau 3 ngày. CT áp d?ng v?i l?n dang ký d?u tiên d?n 31/01 cho thuê bao nh?n du?c tin nh?n. LH 198 (0d). Ð? dang ký:
So?n 1 g?i 191.",0,0,0,0,0,0,0,0,0,0,
COM_1250,"[TB] CO H?I DUY NH?T!
Gói ST15K ch? còn 3.000d/3 ngày (giá g?c 15.000d) có 3GB. Gói cu?c gia h?n v?i giá g?c sau 3 ngày. CT áp d?ng v?i l?n dang ký d?u tiên d?n 31/01 cho thuê bao nh?n du?c tin nh?n. LH 198 (0d). Ð? dang ký:
So?n ST15K g?i 191.",0,0,0,0,0,0,0,0,0,0,
COM_1251,"[TB] DÙNG DATA - GIÁ CH? 1K!
Ch? 1.000d/ngày có ngay 1GB s? d?ng d?n 24h, gia h?n theo ngày. Uu dãi áp d?ng cho 3 l?n dang ký/gia h?n d?u tiên tru?c 01/02 cho thuê bao nh?n du?c tin nh?n.
Sau KM, gói cu?c gia h?n v?i giá 7.000d. LH 198 (0d). Ð? tham gia:
So?n ST7K g?i 191.",0,0,0,0,0,0,0,0,0,0,
COM_1252,"FPT ID Ma OTP cua QK la 253881, hieu luc 2 phut. FPT ID dung dang nhap cac App FPT, KHONG chia se ma nay voi bat ky ai, ke ca NV FPT.
@accounts.fpt.vn #253881",0,0,0,0,0,1,0,0,0,0,
COM_1253,"Cam on ban da hoan tat kiem tra diem tin dung CIC tren MoMo. De dang nhap ung dung CIC, vui long su dung: Ten dang nhap: 0377326330, Mat khau: x!{qvB=!C+2+",0,0,0,0,0,0,0,0,0,0,
COM_1254,"[QC] Xem các phim Hàn - Trung du?c phát song song trên TV360, không qu?ng cáo: Y?t Hí, Danh D? Cu?i Cùng, Hoa Máu, Thái Bình Niên... t?i https://tv360.vn/movies. So?n DK PH g?i 1331 (20.000d/30 ngày) d? dang ký gói Vcine TV360. Gói cu?c gia h?n sau 30 ngày. Chi ti?t LH 18008119 (0d). T? ch?i QC, so?n TC4 g?i 199.",0,0,0,0,0,0,0,0,0,0,
COM_1255,"[TB] S?m Data cho c? nhà cùng 5G Family.
So?n MXH100 g?i 191: 100K/30 ngày có 1GB/ngày, mi?n phí data truy c?p TikTok, YouTube, các ?ng d?ng c?a Meta (Facebook, Threads, Instagram, nh?n tin Messenger). Gói cu?c gia h?n sau 30 ngày. CT dành riêng cho Quý khách.
Ð?C BI?T: Chi?t kh?u d?n 20% và nh?n 10.000 di?m Viettel++ khi tham gia nhóm gia dình tru?c ngày 1/4/2026 t?i https://vietteltelecom.vn/5gfml.
Chi ti?t LH 198 (0d).",0,0,0,0,0,0,0,0,0,0,
COM_1256,"Quy khach duoc cong them 300 diem Viettel++ boi giao dich Tieu dung vien thong thang 01/2026. Thoi han su dung diem den 28/02/2027. Hay truy cap https://vietteltelecom.vn/vtplus tren My Viettel hoac *098# de doi diem sang Data, SMS, Phut goi cung nhieu uu dai gia tri khac. Chi tiet LH 198. Tran trong.",0,0,0,0,1,0,0,0,0,0,
COM_1257,UaDDangKi)TPSDeI.byrapple.com[LiXiNamMuoiKaTgroupsgooglecomiP,1,1,1,1,1,1,1,1,1,1,
COM_1258,"[TB] G?I ÐI?N, LU?T M?NG C? NGÀY.
1. So?n SD90 g?i 191: Ch? 90K/30 ngày có 45GB (1,5GB/ngày).
2. So?n V120B g?i 191: Ch? 120K/30 ngày có 45GB (1,5GB/ngày), 50 phút ngo?i m?ng, mi?n phí 10 phút/cu?c n?i m?ng.
Gói cu?c gia h?n sau 30 ngày. CT dành riêng cho Quý khách. LH 198 (0d).",0,0,0,0,0,0,0,0,0,0,
COM_1259,"Quy khach duoc cong them 9 diem Viettel++ boi giao dich Tieu dung vien thong thang 01/2026. Thoi han su dung diem den 28/02/2027. Hay truy cap https://vietteltelecom.vn/vtplus tren My Viettel hoac *098# de doi diem sang Data, SMS, Phut goi cung nhieu uu dai gia tri khac. Chi tiet LH 198. Tran trong.",0,0,0,0,0,0,0,0,0,0,
COM_1260,"[TB] S?M GÓI DATA DÀNH RIÊNG CHO T?T!
So?n TET26 g?i 191: 50K/5 ngày có:
- 26GB.
- 260p g?i n?i m?ng.
- Xem hài T?t, phim T?t, show T?t, th? thao, gi?i trí trên TV360.
Gói cu?c gia h?n sau 5 ngày. Chi ti?t gói xem t?i https://vietteltelecom.vn/tet26. LH 198 (0d).",0,0,0,0,0,0,0,0,1,0,
COM_1261,"(QC) Soan XNM gui 5388: 2.000d/ngay co ngay 250MB de nghe hang nghin sach noi, truyen audio chat luong cao tren Mydio tai http://mydio.vn. Goi cuoc gia han theo ngay. Chi tiet LH 18008098 (0d). Tu choi QC, soan TC4 gui 199.",0,0,0,0,0,0,0,0,0,0,
COM_1262,"Doi thanh cong 500 diem tieu dung Viettel++ thanh 100 MB Data. Han su dung truoc 07/02/2026. Tong diem tieu dung con lai trong tai khoan Viettel++ cua Quy khach la 742 diem. De kiem tra lich su doi diem va lua chon uu dai hap dan khac, vui long truy cap https://vietteltelecom.vn/vtplus. Tran trong.",0,0,0,0,0,0,0,0,0,0,
COM_1263,"Viettel TB: T? 0h-5h ngày 09/02/2026, gói ST60N s? gia h?n. Cu?c phí 60.000d/30 ngày có 60GB (2GB/ngày). Quý khách d?m b?o thuê bao ho?t d?ng 2 chi?u và d? ti?n d? gói cu?c gia h?n thành công. N?u tài kho?n không d?, gói cu?c s? gia h?n tuong ?ng v?i s? ti?n còn l?i, t?i thi?u 5.000d (không áp d?ng v?i thuê bao không gia h?n d? 100% cu?c phí gói trong 60 ngày). Chi?t kh?u 2,5% khi n?p th? t?i https://viettel.vn/nt. Ð? h?y gia h?n, so?n HUY g?i 191. LH 198 (0d). Trân tr?ng.",0,0,0,0,0,0,0,0,0,0,
COM_1264,"[QC] R?C L?A BUNDESLIGA: Bayern Munich - Hoffenheim! Ðón xem màn so tài k?ch tính lúc 23:30 Ch? nh?t, ngày 8/2 trên TV360. So?n DK SP g?i 1331 (30.000d/30 ngày, gia h?n sau 30 ngày) d? xem các tr?n d?u d?c quy?n gi?i C1 và Bundesliga, không t?n data 4G/5G t?i https://tv360.vn/ . Chi ti?t g?i 18008119 (0d). T? ch?i qu?ng cáo, so?n TC4 g?i 199.",0,0,0,0,0,0,0,0,1,0,
COM_1265,"[TB] Ð? ngh? ngu?i dân ch?p hành nghiêm các quy d?nh c?a pháp lu?t v? qu?n lý, s? d?ng vu khí, v?t li?u n?, công c? h? tr? và pháo. Khi phát hi?n hành vi vi ph?m, c?n báo ngay cho co quan Công an noi g?n nh?t ho?c g?i t? giác, ki?n ngh?, ph?n ?nh qua ?ng d?ng VNeID.",0,0,0,0,0,0,0,0,0,0,
COM_1266,"[TB] Tien ich Loi nhan thoai cua Viettel: Quy khach co loi nhan tu TB 0345938346 vao luc 20:33 08/02/2026. Voi noi dung: Alo ?a cái này là cái này ch? alo.. De nghe loi nhan thoai, vui long bam goi 106211 (mien phi).",0,0,0,0,0,0,0,0,0,0,
COM_1267,"Viettel TB: Gói ST60N gia h?n không thành công. Gói cu?c s? du?c khôi ph?c khi thuê bao ho?t d?ng 2 chi?u và có d? 60.000d. Th?i gian ch? khôi ph?c tru?c ngày 08/08/2026. N?u tài kho?n g?c không d?, gói cu?c s? du?c khôi ph?c tuong ?ng v?i s? ti?n còn l?i, t?i thi?u 5.000d (không áp d?ng v?i thuê bao không gia h?n d? 100% cu?c phí gói trong 60 ngày g?n dây). Ð? h?y khôi ph?c, so?n HUY g?i 191. Chi ti?t LH 198 (0d). Trân tr?ng.",0,0,0,0,0,0,0,0,0,0,
COM_1268,"[TB] CMND dang ký thuê bao c?a Quý khách dã h?t hi?u l?c t? 1/1/2025 (theo quy d?nh lu?t Can cu?c). Quý khách vui lòng dùng di?n tho?i thông minh có h? tr? quét CC/CCCD g?n chip, truy c?p https://viettel.vn/doigiayto , t?i/dang nh?p My Viettel và c?p nh?t thông tin m?i nh?t ho?c d?n c?a hàng giao d?ch Viettel d? du?c h? tr?. 
T?ng 7GB dùng trong 7 ngày khi th?c hi?n online qua My Viettel tru?c 02/03/2026, uu dãi c?ng vào ngày hôm sau. Chi ti?t LH 198 (0d). Trân tr?ng.",0,0,0,0,0,0,0,0,0,0,
COM_1269,"Doi thanh cong 200 diem tieu dung Viettel++ thanh 40 MB Data. Han su dung truoc 12/02/2026. Tong diem tieu dung con lai trong tai khoan Viettel++ cua Quy khach la 542 diem. De kiem tra lich su doi diem va lua chon uu dai hap dan khac, vui long truy cap https://vietteltelecom.vn/vtplus. Tran trong.",0,0,0,0,0,0,0,0,0,0,
COM_1270,"[TB] S? DU Ð? Ð?Y - ÐÓN T?T SUM V?Y!
T?ng 26% giá tr? t?t c? th? n?p vào tài kho?n vi?n thông trong ngày 13/02/2026. Ti?n khuy?n m?i s? d?ng truy c?p Internet trong 15 ngày. N?p th? online t?i các ví di?n t?, ?ng d?ng thanh toán ho?c t?i https://viettel.vn/naptienkm . Chi ti?t g?i 197 b?m phím 19 (0d). Trân tr?ng.",0,0,0,0,0,0,0,0,0,0,
COM_1271,"HD 1000725120976254 ngay 20/02/2026 den han thanh toan 2,071,000d. Nhap ma MC19619593080 vao MoMo de TT. Vui long bo qua neu da TT. LH 1900636769",0,0,0,0,1,0,0,1,0,0,
COM_1272,"[TB] Nhân d?p Xuân Bính Ng? 2026, Viettel kính chúc Quý khách và Gia dình m?t nam m?i An Khang, Th?nh Vu?ng. Trân quý g?i t?ng Quý khách 12.268 di?m Viettel++ v?i ý nghia 12 tháng trong nam 2026 L?c V?n Toàn. Kính m?i Quý khách truy c?p https://tv360.vn/game/lixi d? nh?n di?m. Viettel trân tr?ng c?m on Quý khách dã tin yêu và d?ng hành.",0,0,0,0,0,0,0,0,0,0,
COM_1273,"[QC] T?T V?N TOÀN - HÂN HOAN K?T N?I
Co h?i trúng 1 ch? vàng, voucher Shopee 100K, ti?n vi?n thông 260K cùng hàng ngàn quà t?ng h?p d?n khi mua gói cu?c 5G, gói Nine t? 30 ngày tr? lên ho?c tham gia nhóm gia dình 5G Family. Chuong trình áp d?ng d?n h?t 18/3/2026, chi ti?t xem t?i https://tv360.vn/game/tet2026. Liên h? 198 (0d). T? ch?i qu?ng cáo, so?n TC4 g?i 199.",0,0,0,0,0,0,0,0,0,0,
COM_1274,"Doi thanh cong 200 diem tieu dung Viettel++ thanh 40 MB Data. Han su dung truoc 16/02/2026. Tong diem tieu dung con lai trong tai khoan Viettel++ cua Quy khach la 342 diem. De kiem tra lich su doi diem va lua chon uu dai hap dan khac, vui long truy cap https://vietteltelecom.vn/vtplus. Tran trong.",0,0,0,0,0,0,0,0,0,0,
COM_1275,"[TB] Ngày 15/3/2026, t?t c? c? tri c? nu?c di b?u c? d?i bi?u Qu?c h?i khóa XVI và d?i bi?u H?i d?ng nhân dân các c?p nhi?m k? 2026 - 2031. Tham gia b?u c? d?i bi?u Qu?c h?i khóa XVI và d?i bi?u H?i d?ng nhân dân các c?p nhi?m k? 2026 - 2031 là quy?n l?i và nghia v? c?a m?i c? tri. Trân tr?ng!",0,0,0,0,0,0,0,0,0,0,
COM_1276,QfGDangKi]zLsuuH.obrapple.com(CoQuaNamTamNganUgroupsgooglecomgP,1,1,1,1,1,1,0,1,1,1,
COM_1277,"Moi Quy khach soan tin de tham gia DV Data Plus:
1 gui 9598 de cong 2048MB (cuoc 15870d, su dung trong 5 ngay).
2 gui 9598 de cong 2048MB (cuoc 12000d, su dung trong vong 24h sau khi cong).
Tin nhan co hieu luc trong 24h. Chi tiet LH 18008098 (mien phi).",0,0,0,0,0,0,0,0,0,0,
COM_1278,Lut ePobG.Pyapple.com VaoTagNgayMotTramNgincLzVgroupsgooglecomr,1,1,1,1,1,1,0,1,1,1,
COM_1279,"[TB] MI?N PHÍ DATA LU?T M?NG XÃ H?I.
So?n MXH100 g?i 191: 100K/30 ngày có 1GB/ngày, mi?n phí data truy c?p TikTok, YouTube, Meta (Facebook, Threads, Instagram, nh?n tin Messenger).
Gói cu?c gia h?n sau 30 ngày. Chuong trình dành riêng cho Quý khách. Liên h? 198 (0d).",0,0,0,0,0,0,0,0,0,0,
COM_1280,"Doi thanh cong 200 diem tieu dung Viettel++ thanh 40 MB Data. Han su dung truoc 21/02/2026. Tong diem tieu dung con lai trong tai khoan Viettel++ cua Quy khach la 42 diem. De kiem tra lich su doi diem va lua chon uu dai hap dan khac, vui long truy cap https://vietteltelecom.vn/vtplus. Tran trong.",0,0,0,0,1,0,0,1,0,0,
COM_1281,"Quy khach da duoc thanh toan 20000 VND tu nhan vien 8300240018, Ngay GD: 20/02/2026 19:10:14. Ma GD 2602207949504088. LH 18008098 (0d). Tran trong.",0,0,0,0,0,1,0,0,1,0,
COM_1282,"Quy khach co 20.005 dong trong tai khoan. Bam goi *098*3# de co 3GB voi 15.000d/3 ngay hoac *098*989# (30.000d/3 ngay) co 15GB (5GB/ngay), mien phi 10 phut/cuoc noi mang, 15 phut ngoai mang, SMS noi mang va TV360. Goi cuoc gia han khi het chu ky. De biet thong tin cac uu dai khac, bam goi *098# hoac truy cap https://vietteltelecom.vn/goidata. Chi tiet LH 198 (0d). Tran trong.",0,0,0,0,0,0,0,0,0,0,
COM_1283,"Nhap ma xac thuc OTP 1101 de Dang nhap tren ung dung My Viettel. Chi tiet LH 18008098 (0d) hoac truy cap https://viettel.vn/app. De dam bao an toan cho tai khoan cua Quy khach, vui long khong chia se ma xac thuc nay voi bat ky ai.",0,0,0,0,0,0,0,0,0,0,
COM_1284,Viettel TB: Gói ST60N dã khôi ph?c thành công. Cu?c phí 20.000d có 2GB/ngày; uu dãi s? d?ng d?n 01/03/2026. Quý khách n?p thêm 40.000d tru?c 24h ngày 01/03/2026 d? ti?p t?c s? d?ng uu dãi gói cu?c. Truy c?p https://viettel.vn/kttk d? ki?m tra uu dãi. Chi ti?t LH 198 (0d). Trân tr?ng.,0,0,0,0,0,0,0,0,0,0,
COM_1285,Ðang ký gói ST15K không thành công do tài kho?n không d? 15.000d. Quý khách n?p thêm ti?n d? dang ký l?i. Ð?c bi?t: C?p nh?t nhi?u uu dãi HOT khi N?p th?/Mua data qua Viettel Money t?i https://viettelmoney.go.link/eiCbh. LH 198 (0d). Trân tr?ng.,0,0,0,0,0,0,0,0,0,0,
COM_1286,"Uu dai tang Quy khach theo chinh sach cua goi cuoc Mobile Internet: xem cac kenh truyen hinh, kho phim da dang, cac giai the thao dinh cao tren TV360 tai https://tv360.vn (chi xem tren dien thoai, may tinh bang, may tinh). Chi tiet LH 18008119 (0d).",0,0,0,0,0,0,0,0,0,0,
COM_1287,"Sau khi h?y gia h?n gói ST15K, uu dãi còn l?i s? du?c s? d?ng d?n h?t chu k?. Ð? xác nh?n h?y, so?n Y g?i 191. Ð? t? ch?i h?y gia h?n và du?c t?ng thêm 614MB khi gói cu?c gia h?n thành công chu k? ti?p theo, so?n N g?i 191. Chi ti?t LH 198 (0d). Trân tr?ng.",0,0,0,0,0,0,0,0,0,0,
COM_1288,"Gói ST15K dã h?y gia h?n thành công. Ð? bi?t các uu dãi khác, truy c?p https://viettel.vn/goidata ho?c b?m g?i *098#. Chi ti?t LH 198 (0d). Trân tr?ng.",0,0,0,0,0,0,0,0,0,0,
COM_1289,"Viettel TB: T? 0h-5h ngày 23/02/2026, gói ST15K s? gia h?n. Cu?c phí 15.000d/3 ngày có 3GB. Quý khách d?m b?o thuê bao ho?t d?ng 2 chi?u và d? ti?n d? gói cu?c gia h?n thành công. Ð? h?y gia h?n, so?n HUY ST15K g?i 191. Ð?c bi?t: C?p nh?t nhi?u uu dãi HOT khi N?p th?/Mua data qua Viettel Money t?i https://viettelmoney.go.link/eiCbh. LH 198 (0d). Trân tr?ng.",0,0,0,0,0,0,0,0,0,0,
COM_1290,"[TB] N?P TH? LI?N TAY - KHAI XUÂN MAY M?N!
T?ng 26% giá tr? t?t c? th? n?p vào tài kho?n vi?n thông trong ngày 23/02/2026. Ti?n khuy?n m?i s? d?ng truy c?p Internet trong 15 ngày. N?p th? online t?i các ví di?n t?, ?ng d?ng thanh toán ho?c t?i https://viettel.vn/naptienkm . Chi ti?t g?i 197 b?m phím 19 (0d). Trân tr?ng.",0,0,0,0,0,0,0,0,0,0,
COM_1291,"Nhap ma xac thuc OTP 1312 de Dang nhap tren ung dung My Viettel. Chi tiet LH 18008098 (0d) hoac truy cap https://viettel.vn/app. De dam bao an toan cho tai khoan cua Quy khach, vui long khong chia se ma xac thuc nay voi bat ky ai.",0,0,0,0,0,0,0,0,0,0,
COM_1292,Thue bao 84962361423 cua Quy khach vua dang nhap ung dung My Viettel - http://viettel.vn/app tren mot thiet bi co ten: CPH2577. Xin cam on!,0,0,0,0,0,0,0,0,0,0,
COM_1293,"Quy khach da duoc thanh toan 50000 VND tu nhan vien 8300240046, Ngay GD: 23/02/2026 06:21:50. Ma GD 2602237951391961. LH 18008098 (0d). Tran trong.",0,0,0,0,0,0,0,0,0,0,
COM_1294,"Quy khach co 67.566 dong trong tai khoan. Bam goi *098*3# de co 3GB voi 15.000d/3 ngay hoac *098*989# (30.000d/3 ngay) co 15GB (5GB/ngay), mien phi 10 phut/cuoc noi mang, 15 phut ngoai mang, SMS noi mang va TV360. Goi cuoc gia han khi het chu ky. De biet thong tin cac uu dai khac, bam goi *098# hoac truy cap https://vietteltelecom.vn/goidata. Chi tiet LH 198 (0d). Tran trong.",0,0,0,0,0,0,0,0,0,0,
COM_1295,"Quý khách v?a n?p th? thành công và du?c khuy?n m?i 26% d? truy c?p Internet (0,48d/50KB) trong 15 ngày, b?m g?i *102# d? ki?m tra. Chi ti?t LH 198 (0d). Trân tr?ng.",0,0,0,0,0,0,0,0,0,0,
COM_1296,"Viettel TB: Gói ST15K dã k?t thúc. Ð? bi?t các uu dãi khác, truy c?p https://viettel.vn/goidata ho?c b?m g?i *098#. Chi ti?t LH 198 (0d). Trân tr?ng.",0,0,0,0,0,0,0,0,0,0,
COM_1297,[PUBG] mã: 606101. có hi?u l?c cho 3 phút.,0,0,0,0,0,0,0,0,1,0,
COM_1298,"Quý khách dã dang ký thành công gói ST7K: 7.000d/ngày có 1GB s? d?ng d?n 23:59:59 ngày 24/02/2026. Truy c?p https://viettel.vn/kttk d? ki?m tra uu dãi. Gói cu?c gia h?n theo ngày. Ð? h?y gia h?n, so?n HUY ST7K g?i 191. Chi ti?t LH 198 (0d). Trân tr?ng.",0,0,0,0,0,0,0,0,0,0,
COM_1299,"Viettel TB: Gói ST7K dã gia h?n thành công. Truy c?p https://viettel.vn/kttk d? ki?m tra uu dãi. Ð? h?y gia h?n, so?n HUY ST7K g?i 191. Chi ti?t LH 198 (0d). Trân tr?ng.",0,0,0,0,0,0,0,0,0,0,
COM_1300,"Viettel TB: Quý khách dã s? d?ng h?t luu lu?ng data c?a gói ST7K. Ð? mua thêm, truy c?p https://viettel.vn/goidata ho?c b?m g?i *098#. Chi ti?t LH 198 (0d). Trân tr?ng.",0,0,0,0,0,0,0,0,0,0,
COM_1301,"Nhap ma OTP 8371 de xac thuc Dang nhap tren ung dung My Viettel. Chi tiet LH 18008098 (0d) hoac truy cap https://viettel.vn/app. De dam bao an toan cho tai khoan cua Quy khach, vui long khong chia se ma xac thuc nay voi bat ky ai.",0,0,0,0,0,0,0,0,0,0,
COM_1302,Viettel TB: Chuong trình gia h?n gói ST60N theo s? du tài kho?n s? h?t h?n vào 0h ngày 02/03/2026. Quý khách n?p thêm 40.000d d? gói cu?c gia h?n thành công. Chi ti?t LH 198 (0d). Trân tr?ng.,0,0,0,0,0,0,0,0,0,0,
COM_1303,"[TB] Th?i gian nh?n di?m Viettel++ lì xì d?u xuân s? h?t h?n vào 03/03/2026. Quý khách truy c?p ngay https://tv360.vn/game/lixi d? nh?n di?m và d?i sang uu dãi: data t?c d? cao, phút g?i, SMS cùng nhi?u voucher h?p d?n. Chi ti?t liên h? 198 (0d). Trân tr?ng.",0,0,0,0,0,0,0,0,0,0,
COM_1304,"[TB] THO?I MÁI DATA LU?T M?NG XÃ H?I.
So?n MXH100 g?i 191: 100K/30 ngày có 1GB/ngày, mi?n phí data truy c?p TikTok, YouTube, Meta (Facebook, Threads, Instagram, nh?n tin Messenger).
Gói cu?c gia h?n sau 30 ngày. Chuong trình dành riêng cho Quý khách. Liên h? 198 (0d).",0,0,0,0,0,0,0,0,0,0,
COM_1305,"Viettel TB: Gói ST60N gia h?n không thành công. Gói cu?c s? khôi ph?c khi thuê bao ho?t d?ng 2 chi?u và có d? 60.000d tru?c ngày 29/08/2026. N?u tài kho?n g?c không d?, gói cu?c s? du?c khôi ph?c tuong ?ng v?i s? ti?n còn l?i, t?i thi?u 5.000d (không áp d?ng v?i thuê bao gia h?n không d? 100% cu?c phí gói trong 60 ngày g?n dây). Ð? h?y khôi ph?c, so?n HUY g?i 191. Chi ti?t LH 198 (0d). Trân tr?ng.",0,0,0,0,0,0,0,0,0,0,
COM_1306,"[TB] T?T V?N TOÀN - FLASH SALE 26%!
Duy nh?t trên My Viettel d?n 03/03, lúc 12h-15h và 19h-22h hàng ngày.
Ch? còn 74K/30 ngày (giá g?c 100K) d? s? h?u gói MXH100:
+ 1GB/ngày.
+ Mi?n phí data truy c?p TikTok, YouTube, Meta (Facebook, Threads, Instagram, nh?n tin Messenger).
Ðang ký ngay t?i https://vietteltelecom.vn/2026_MXH100.
Gói cu?c gia h?n v?i giá g?c sau 30 ngày. Chuong trình dành riêng cho Quý khách. Liên h? 198 (0d).",0,0,0,0,0,0,0,0,0,0,
COM_1307,"[QC] V?t v? mang quà quê lên ph?? 
G?i hàng qua Tomato Box ti?t ki?m, ti?n l?i! T?o don nhanh trong 1 phút, l?y hàng t?n nhà. Truy c?p https://vietteltelecom.vn/donhangvtpost ho?c liên h? 19008095 (200d/p t? thuê bao Viettel) d? t?o don hàng. Nh?p mã TOM26 d? du?c gi?m giá 10% (don hàng trên 2kg). T? ch?i qu?ng cáo, so?n TC7 VT_MALL g?i 197.",0,0,0,0,0,0,0,0,0,0,
COM_1308,"(TPBank) Hoa don Vi Tra Sau Momo T02.2026 cua QK co du no 3,384,717VND. QK co the TT toan bo du no hoac TT toi thieu truoc ngay 05/03/2026. Vui long bo qua neu da TT",0,0,0,0,0,0,0,0,0,0,
COM_1309,[TB] Tien ich Loi nhan thoai cua Viettel: Quy khach co cuoc goi nho tu TB 0707200012 vao luc 16:38 04/03/26.,0,0,0,0,0,0,0,0,0,0,
COM_1310,"Quy khach duoc cong them 100 diem Viettel++ boi giao dich Tieu dung vien thong thang 02/2026. Thoi han su dung diem den 31/03/2027. Hay truy cap https://vietteltelecom.vn/vtplus tren My Viettel hoac *098# de doi diem sang Data, SMS, Phut goi cung nhieu uu dai gia tri khac. Chi tiet LH 198. Tran trong.",0,0,0,0,0,0,0,0,0,0,
COM_1311,"Tai khoan cua Quy khach sap het, soan UT gui 9778 (trong vong 48h) de duoc cong 20.000d, su dung trong 120 gio tu DV Fast Airtime. Tai khoan cong se duoc tru khi Quy khach nap the. Tai khoan cong chua su dung het se bi huy khi het thoi gian su dung (Tai khoan cong chi su dung goi, nhan tin noi mang va ngoai mang). Tu choi nhan tin nhan, soan TC gui 9778. Chi tiet LH 18008098 (mien phi).",0,0,0,0,0,0,0,0,0,0,
COM_1312,"Quy khach duoc cong them 259 diem Viettel++ boi giao dich Tieu dung vien thong thang 02/2026. Thoi han su dung diem den 31/03/2027. Hay truy cap https://vietteltelecom.vn/vtplus tren My Viettel hoac *098# de doi diem sang Data, SMS, Phut goi cung nhieu uu dai gia tri khac. Chi tiet LH 198. Tran trong.",0,0,0,0,0,0,0,0,0,0,
COM_1313,"So tien cuoc Quy khach da thanh toan truoc cho account t008_ftth_thanglq24 DV Ftth Viettel se het vao thang nay. De tiep tuc tham gia chuong trinh dong cuoc truoc voi uu dai hap dan, moi Quy khach nhan ma QR thanh toan Online tren ung dung Ngan hang, truy cap https://viettel.vn/vx/internetqrcode/4740FC88543B8D6926CD324FCCA4C0A5. LH 18008119 (0d). Tran trong.",0,0,0,0,0,0,0,0,0,0,
COM_1314,"[QC] Ðài B?c Trung Hoa - Vi?t Nam lúc 12h00 ngày 07/03. Ð?ng hành cùng d?i tuy?n Vi?t Nam thi d?u t?i Gi?i vô d?ch bóng dá n? Châu Á 2026 v?i TV360. So?n DK30 g?i 1331 (50.000d/30 ngày, gia h?n sau 30 ngày) d? xem các tr?n d?u d?nh cao trong nu?c, qu?c t? và các tr?n d?u d?c quy?n t?i gi?i C1, Bundesliga, phim phát song song m?i nh?t, không t?n data 4G/5G t?i http://s.viettel.vn/tv360.10 . Chi ti?t g?i 18008119 (0d). T? ch?i qu?ng cáo, so?n TC4 g?i 199.",0,0,0,0,0,0,0,0,0,0,
COM_1315,"[TB] CMND dang ký thuê bao c?a Quý khách dã h?t hi?u l?c t? 1/1/2025 (theo quy d?nh lu?t Can cu?c). Quý khách vui lòng dùng di?n tho?i thông minh có h? tr? quét CC/CCCD g?n chip, truy c?p https://viettel.vn/doigiayto, t?i và dang nh?p My Viettel, c?p nh?t thông tin CC/CCCD m?i nh?t ho?c d?n c?a hàng giao d?ch Viettel d? du?c h? tr?. Chi ti?t liên h? 198 (0d). Trân tr?ng.",0,0,0,0,0,0,0,0,0,0,
COM_1316,"[TB] 5G K?T N?I, LAN T?A YÊU THUONG!
Nhân d?p 8/3, cùng Viettel t?ng quà d?n nh?ng ngu?i yêu thuong!
So?n TANG 5G10 SÐT g?i 191 d? t?ng gói 5G10 (10K/l?n, ngu?i nh?n có 6GB s? d?ng d?n 24h, SÐT là s? di?n tho?i c?a ngu?i nh?n).
Chi ti?t liên h? 198 (0d).",0,0,0,0,0,0,0,0,0,0,
COM_1317,"Doi thanh cong 100 diem tieu dung Viettel++ thanh 20 MB Data. Han su dung truoc 09/03/2026. Tong diem tieu dung con lai trong tai khoan Viettel++ cua Quy khach la 42 diem. De kiem tra lich su doi diem va lua chon uu dai hap dan khac, vui long truy cap https://vietteltelecom.vn/vtplus. Tran trong.",0,0,0,0,0,0,0,0,0,0,
COM_1318,"Quy khach co 103.753 dong trong tai khoan. Bam goi *098*3# de co 3GB voi 15.000d/3 ngay hoac *098*989# (30.000d/3 ngay) co 15GB (5GB/ngay), mien phi 10 phut/cuoc noi mang, 15 phut ngoai mang, SMS noi mang va TV360. Goi cuoc gia han khi het chu ky. De biet thong tin cac uu dai khac, bam goi *098# hoac truy cap https://vietteltelecom.vn/goidata. Chi tiet LH 198 (0d). Tran trong.",0,0,0,0,0,0,0,0,0,0,
COM_1319,"Quy khach da duoc thanh toan 100000 VND tu nhan vien 4500240001, Ngay GD: 08/03/2026 16:54:23. Ma GD 260308673761843. LH 18008098 (0d). Tran trong.",0,0,0,0,0,0,0,0,0,0,
COM_1320,"Nhap ma xac thuc OTP 0678 de Dang nhap tren ung dung My Viettel. Chi tiet LH 18008098 (0d) hoac truy cap https://viettel.vn/app. De dam bao an toan cho tai khoan cua Quy khach, vui long khong chia se ma xac thuc nay voi bat ky ai.",0,0,0,0,0,0,0,0,0,0,
COM_1321,"Quý khách dã dang ký thành công gói SD90: 90.000d/30 ngày có 45GB (1,5GB/ngày). Gói cu?c gia h?n sau 30 ngày. Truy c?p https://viettel.vn/kttk d? ki?m tra uu dãi. Chi ti?t LH 198 (0d). Trân tr?ng.",0,0,0,0,0,0,0,0,0,0,
COM_1322,"[TB] THO?I MÁI DATA LU?T M?NG XÃ H?I.
So?n MXH100 g?i 191: 100K/30 ngày có 1GB/ngày, mi?n phí data truy c?p TikTok, YouTube, Meta (Facebook, Threads, Instagram, nh?n tin Messenger).
Gói cu?c gia h?n sau 30 ngày. Chuong trình dành riêng cho Quý khách. Lliên h? 198 (0d).",0,0,0,0,0,0,0,0,0,0,
COM_1323,"[TB] N?P TH? LI?N TAY - DATA XÀI NGAY!
T?ng 20% giá tr? t?t c? th? n?p vào tài kho?n vi?n thông trong ngày 10/03/2026. Ti?n khuy?n m?i s? d?ng truy c?p Internet trong 15 ngày. N?p th? online t?i các ví di?n t?, ?ng d?ng thanh toán ho?c t?i https://viettel.vn/naptienkm . Chi ti?t g?i 197 b?m phím 19 (0d). Trân tr?ng.",0,0,0,0,0,0,0,0,0,0,
COM_1324,"les pJPSek.Wcapple.com VaoDayTangAENamTramK,sPHmgroupsgooglecomY",1,1,1,0,1,1,0,1,1,1,
COM_1325,"[QC] Tr? sau giá h?i - Data, g?i th? ga!
Gói V120K (120K/tháng) có:
- 1,5GB/ngày.
- 50p ngo?i m?ng, mi?n phí 20p/cu?c n?i m?ng. 
Gói cu?c gia h?n theo tháng. CT dành riêng cho Quý khách. LH 18008168 (0d) d? dang ký. T? ch?i QC, so?n TC4 g?i 199.",0,0,0,0,0,0,0,0,0,0,
COM_1326,"(TINVAY) Nh? h? tr?. NGUY?N DUY ÐANG KHOA có sdt 0975931949 dang ch?m n?, nh?y n? nhóm 2 n? x?u trên h? th?ng NHNN. A/C nh?c
NGUY?N DUY ÐANG KHOA vào THANH TOÁN G?P kho?n vay quá h?n s? ti?n 2.456.000 tránh ?nh hu?ng n? x?u và liên quan d?n PHÁP LÝ",1,1,1,1,0,0,1,0,0,1,
COM_1327,[TB] ?y ban B?u c? Thành ph? H? Chí Minh trân tr?ng kính m?i c? tri Thành ph? tham gia b?u c? d?i bi?u Qu?c h?i khóa XVI và d?i bi?u H?i d?ng nhân dân các c?p nhi?m k? 2026 - 2031 vào ngày 15/03/2026.,0,0,0,0,0,0,0,0,0,0,
COM_1328,"HD 1000725120976254 ngay 20/03/2026 den han thanh toan 2,022,000d. Nhap ma MC19619593080 vao MoMo de TT. Vui long bo qua neu da TT. LH 1900636769",0,0,0,0,1,0,0,0,0,1,
COM_1329,"[TB] NGÀY H?I B?U C? - N?P TH? CHUNG VUI!
T?ng 20% giá tr? t?t c? th? n?p vào tài kho?n vi?n thông trong ngày 15/03/2026. Ti?n KM s? d?ng truy c?p Internet trong 15 ngày. Chuong trình áp d?ng khi n?p th? online qua các ví di?n t?, ?ng d?ng thanh toán ho?c t?i https://viettel.vn/pay/tt . Chi ti?t g?i 197, b?m phím 19 (0d). Trân tr?ng.",0,0,0,0,0,0,0,0,0,0,
COM_1330,"[QC] Vay nhanh den 55 TRIEU dong voi TIN VAY tren Viettel Money. Chi can CCCD, thu tuc online 100%, lai suat chi tu 1.8%/thang. Dang ky ngay:https://viettelmoney.go.link/1bPTU . Chi tiet LH 18009000 (0d). Tu choi QC, soan TC3 gui 199.",0,0,0,0,0,0,0,0,0,0,
COM_1331,"[QC] 1 cham giai ngan den 40 TRIEU dong, chi can CCCD, lai suat chi tu 1.9%/thang. Dang ky Vay nhanh Mcredit voi Viettel Money: https://viettelmoney.go.link/6qBN1 .Chi tiet LH 18009000 (0d). Tu choi QC, soan TC3, gui 199.",0,0,0,0,0,0,0,0,0,0,
COM_1332,G-793735 is your Google verification code. Don't share your code with anyone.,0,0,0,0,1,0,0,0,0,0,
COM_1333,"Tai khoan cua Quy khach sap het, soan UT hoac Y gui 9778 (trong vong 48h) de duoc cong 15.000d, su dung trong 96 gio tu DV Fast Airtime. Tai khoan cong se duoc tru khi Quy khach nap the. Tai khoan cong chua su dung het se bi huy khi het thoi gian su dung (Tai khoan cong chi su dung goi, nhan tin noi mang va ngoai mang). Tu choi nhan tin nhan, soan TC gui 9778. Chi tiet LH 18008098 (mien phi).",0,0,0,0,0,0,0,0,0,0,
COM_1334,"[PXLN TIN VAY] Nho Ho Tro KH NGUY?N DUY ÐANG KHOA hop dong VM10078924169. Co Khoan Vay Tin Chap da chuyen NO QUA HAN nhung van CO TINH KHONG Thanh Toan. Nho nhan KH Thanh Toan GAP tien ky T3 2.497.000 de khong anh huong den No Xau Ngan Hang Nha Nuoc va lien quan den phap ly. Nho a/c nhac nho, cam on!",1,1,1,1,0,0,1,0,0,1,
COM_1335,"Tai khoan cua Quy khach sap het, soan UT gui 9778 (trong vong 48h) de duoc cong 15.000d, su dung trong 96 gio tu DV Fast Airtime. Tai khoan cong se duoc tru khi Quy khach nap the. Tai khoan cong chua su dung het se bi huy khi het thoi gian su dung (Tai khoan cong chi su dung goi, nhan tin noi mang va ngoai mang). Tu choi nhan tin nhan, soan TC gui 9778. Chi tiet LH 18008098 (mien phi).",0,0,0,0,0,0,0,0,0,0,
COM_1336,"[TB] Goi data ban dang su dung se het han vao ngay mai! Tiet kiem hon khi su dung cac goi cuoc sau:
1. 5G135N co 180GB/30 ngay chi 128.250d
2. 5G180B co 180GB/30 ngay + mien phi goi chi 171.000d
3. 5GMXH200 co 210GB/30 ngay + mien phi goi chi 190.000d
Mua ngay tai https://viettelmoney.vn/data . Luu y: Danh sach goi cuoc kha dung co the thay doi tuy theo dieu kien thue bao tai thoi diem mua. LH 18009000 (0d).",0,0,0,0,0,0,0,0,0,0,
COM_1337,"[TB] N?P TH? LI?N TAY - DATA XÀI NGAY!
T?ng 20% giá tr? t?t c? th? n?p vào tài kho?n vi?n thông trong ngày 25/03/2026. Ti?n khuy?n m?i s? d?ng truy c?p Internet trong 15 ngày. N?p th? online t?i các ví di?n t?, ?ng d?ng thanh toán ho?c t?i https://viettel.vn/naptienkm . Chi ti?t g?i 197 b?m phím 19 (0d). Trân tr?ng.",0,0,0,0,0,0,0,0,0,0,
COM_1338,"[TB] CMND dang ký thuê bao c?a Quý khách dã h?t hi?u l?c t? 1/1/2025 (theo quy d?nh lu?t Can cu?c). Quý khách vui lòng dùng di?n tho?i thông minh có h? tr? quét CC/CCCD g?n chip, truy c?p https://viettel.vn/doigiayto, t?i/dang nh?p My Viettel và c?p nh?t thông tin CC/CCCD m?i nh?t ho?c d?n c?a hàng giao d?ch Viettel d? du?c h? tr?. T?ng 50.000d vào tài kho?n khuy?n m?i khi th?c hi?n online qua My Viettel tru?c 01/04/2026, uu dãi c?ng vào ngày hôm sau. Chi ti?t liên h? 198 (0d). Trân tr?ng.",0,0,0,0,0,0,0,0,0,0,
COM_1339,"[QC] Co h?i TRÚNG XE MÁY HONDA SH 125i PHIÊN B?N TH? THAO khi hòa m?ng Combo Internet + Truy?n hình ho?c Combo Internet + Camera Viettel và dóng tru?c cu?c t? 6 tháng, giá ch? t? 215.000d/tháng. Chuong trình áp d?ng t?i TP. H? Chí Minh t? 1/4 - 31/12/2026. Chi ti?t g?i 18008168 (0d). T? ch?i qu?ng cáo, so?n TC3 g?i 199.",0,0,0,0,0,0,0,0,0,0,
COM_1340,"(TPBank) Hoa don Vi Tra Sau Momo T03.2026 cua QK co du no 4,563,286VND. QK co the TT toan bo du no hoac TT toi thieu truoc ngay 05/04/2026. Vui long bo qua neu da TT",0,0,0,0,1,1,0,1,0,0,
COM_1341,"HdaKhjQKNapDauDuocLixi:100,Ca uHvUcu.mqobidv.com groupsgooglecomw",1,1,1,1,1,1,1,1,1,1,
COM_1342,"[TB] CMND dang ký thuê bao c?a Quý khách dã h?t hi?u l?c t? 1/1/2025 (theo quy d?nh lu?t Can cu?c). Quý khách vui lòng dùng di?n tho?i thông minh có h? tr? quét CC/CCCD g?n chip, truy c?p https://viettel.vn/doigiayto, t?i/dang nh?p My Viettel và c?p nh?t thông tin CC/CCCD m?i nh?t ho?c d?n c?a hàng giao d?ch Viettel d? du?c h? tr?. T?ng 50.000d vào tài kho?n khuy?n m?i khi th?c hi?n online qua My Viettel tru?c 01/05/2026, uu dãi c?ng vào ngày hôm sau. Chi ti?t liên h? 198 (0d). Trân tr?ng.",0,0,0,0,0,0,0,0,0,0,
COM_1343,"[TB] LU?T NET SIÊU MU?T V?I 5G.
So?n 5G135N g?i 191 d? xác nh?n dang ký gói cu?c: 135K/30 ngày có 180GB (6GB/ngày), xem TV360 gói Tiêu chu?n.
Gói cu?c gia h?n sau 30 ngày. Chuong trình dành riêng cho Quý khách. Liên h? 198 (0d).",0,0,0,0,0,0,0,0,0,0,
COM_1344,"Quy khach duoc cong them 594 diem Viettel++ boi giao dich Tieu dung vien thong thang 03/2026. Thoi han su dung diem den 30/04/2027. Hay truy cap https://vietteltelecom.vn/vtplus tren My Viettel hoac *098# de doi diem sang Data, SMS, Phut goi cung nhieu uu dai gia tri khac. Chi tiet LH 198. Tran trong.",0,0,0,0,0,0,0,0,0,0,
COM_1345,"Viettel TB: T? 0h-5h ngày 07/04/2026, gói SD90 s? gia h?n. Cu?c phí 90.000d/30 ngày có 45GB (1,5GB/ngày). Quý khách d?m b?o thuê bao ho?t d?ng 2 chi?u và d? ti?n d? gói cu?c gia h?n thành công. N?u tài kho?n g?c không d?, gói cu?c s? gia h?n tuong ?ng v?i s? ti?n còn l?i, t?i thi?u 10.000d (không áp d?ng v?i thuê bao không gia h?n d? 100% cu?c phí gói trong 60 ngày). Ð? h?y gia h?n, so?n HUY g?i 191. Chi ti?t LH 198 (0d). Trân tr?ng.",0,0,0,0,0,0,0,0,0,0,
COM_1346,Ma OTP Vinhomes cua Quy khach la: 902879,0,0,0,0,0,1,1,0,0,0,
COM_1347,"Viettel TB: Gói SD90 dã gia h?n d?n ngày 10/04/2026 v?i cu?c phí 10.000d có 1,5GB/ngày. Quý khách n?p thêm 80.000d tru?c 24h ngày 10/04/2026 d? ti?p t?c gia h?n gói cu?c. Truy c?p https://viettel.vn/kttk d? ki?m tra uu dãi. Chi ti?t LH 198 (0d). Trân tr?ng.",0,0,0,0,0,0,0,0,0,0,
COM_1348,"Tai khoan cua Quy khach sap het. Soan UT hoac Y gui 9118 de xac nhan cong 20000d vao tai khoan (cuoc DV 3000d). Muon cong muc thap hon, soan UTx gui 9118 (x la gia tri can cong va la boi so cua 5, 1 don vi cua x tuong ung 1.000d, toi thieu x=10. Vi du: UT10 de cong 10.000d vao tai khoan) hoac bam 1588sodienthoai de yeu cau nguoi nghe la thue bao Viettel tra phi cuoc goi. Chi tiet soan HD gui 9118 hoac LH 18008098 (0d). Xin cam on.",0,0,0,0,0,0,0,0,0,0,
COM_1349,"[QC] U20 Vi?t Nam - U20 Bangladesh lúc 20h00 ngày 07/04.
Ð?ng hành cùng d?i tuy?n Vi?t Nam thi d?u t?i Gi?i vô d?ch bóng dá n? Châu Á 2026 v?i TV360! So?n DK SP g?i 1331 (30.000d/30 ngày, gia h?n sau 30 ngày) d? xem các tr?n d?u d?nh cao trong nu?c, qu?c t? và các tr?n d?u d?c quy?n t?i gi?i C1, Bundesliga, không t?n data 4G/5G t?i http://s.viettel.vn/tv360.9 . Chi ti?t g?i 18008119 (0d). T? ch?i qu?ng cáo, so?n TC4 g?i 199.",0,0,0,0,0,0,0,0,0,0,
COM_1350,"[QC] GIA NH?P GIC, Ð?M DATA, Ð?M CÁ TÍNH!
Tr?i nghi?m khác bi?t khi tr? thành thành viên GIC:
- Gói cu?c r? ch? t? 30K/tháng.
- Data ""kh?ng long"" m?i ngày.
- Ð?c quy?n ""sít r?t"": S? h?u kho Topping data truy c?p TikTok, Facebook, YouTube... không gi?i h?n dung lu?ng, d?ng giá 10K.
- Ng?p tràn uu dãi ch?n d?ng.
Nhanh tay so?n GIC g?i 195 d? gia nh?p Vu tr? s? GIC - chân ái cho gi?i tr?! Liên h? 198 (0d). T? ch?i qu?ng cáo, so?n TC4 g?i 199.",0,0,0,0,0,0,0,0,0,0,
COM_1351,"[QC] Vay nhanh linh hoat 3 PHUT - 60 TRIEU dong. Chi can CCCD, tra gop den 48 thang. Lai suat chi tu 2.2%/thang. Dang ky online voi Viettel Money: https://viettelmoney.go.link/4WQNv .Chi tiet LH 18009000 (0d). Tu choi QC, soan TC3 gui 199.",0,0,0,0,0,0,0,0,0,0,
COM_1352,G-119973 is your Google verification code. Don't share your code with anyone.,0,0,0,0,1,0,0,0,0,1,
COM_1353,Viettel TB: Chuong trình gia h?n gói SD90 theo s? du tài kho?n s? h?t h?n vào 0h ngày 11/04/2026. Quý khách n?p thêm 80.000d d? gói cu?c gia h?n thành công. Chi ti?t LH 198 (0d). Trân tr?ng.,0,0,0,0,0,0,0,0,0,0,
COM_1354,"[TB] N?P TH? LI?N TAY - DATA XÀI NGAY!
T?ng 20% giá tr? t?t c? th? n?p vào tài kho?n vi?n thông trong ngày 10/04/2026. Ti?n khuy?n m?i s? d?ng truy c?p Internet trong 15 ngày. N?p th? online t?i các ví di?n t?, ?ng d?ng thanh toán ho?c t?i https://viettel.vn/naptienkm . Chi ti?t g?i 197 b?m phím 19 (0d). Trân tr?ng.",0,0,0,0,0,0,0,0,0,0,
COM_1355,rwdNeuAENapDau GZheok.ORbidv.com LayLuonHaiTramKagroupsgooglecomq,1,1,1,1,1,1,1,1,1,1,
COM_1356,"Viettel TB: Chuong trình gia h?n gói SD90 theo s? du tài kho?n dã k?t thúc. Gói cu?c s? khôi ph?c khi thuê bao ho?t d?ng 2 chi?u và có d? 90.000d. Th?i gian ch? khôi ph?c tru?c ngày 10/07/2026. N?u tài kho?n g?c không d?, 
gói cu?c s? khôi ph?c tuong ?ng v?i s? ti?n còn l?i, t?i thi?u 10.000d (không áp d?ng v?i thuê bao không gia h?n d? 100% cu?c phí gói trong 60 ngày g?n dây). Ð? h?y khôi ph?c, so?n HUY g?i 191. Chi ti?t LH 198 (0d). Trân tr?ng.",0,0,0,0,0,0,0,0,0,0,
COM_1357,"Quy khach da duoc thanh toan 100000 VND tu nhan vien 4500240001, Ngay GD: 11/04/2026 10:30:21. Ma GD 260411630782582. LH 18008098 (0d). Tran trong.",0,0,0,0,0,0,0,0,0,0,
COM_1358,"Quy khach co 100.005 dong trong tai khoan. Bam goi *098*3# de co 3GB voi 15.000d/3 ngay hoac *098*989# (30.000d/3 ngay) co 15GB (5GB/ngay), mien phi 10 phut/cuoc noi mang, 15 phut ngoai mang, SMS noi mang va TV360. 
Goi cuoc gia han khi het chu ky. De biet thong tin cac uu dai khac, bam goi *098# hoac truy cap https://vietteltelecom.vn/goidata. Chi tiet LH 198 (0d). Tran trong.",0,0,0,0,0,0,0,0,0,0,
COM_1359,Viettel TB: Gói ST60N dã khôi ph?c thành công. Cu?c phí 60.000d/30 ngày có 60GB (2GB/ngày). Truy c?p https://viettel.vn/kttk d? ki?m tra uu dãi. Chi ti?t LH 198 (0d). Trân tr?ng.,0,0,0,0,0,0,0,0,0,0,
COM_1360,"Moi Quy khach soan tin de tham gia cong MB data. Soan:
5 gui 211 de cong 3.072 MB data voi gia 23.400d, su dung trong 7 ngay
De cong tai nguyen khac, soan:
1 gui 211 de cong 60 phut noi mang (794d/p), su dung trong 15 ngay
2 gui 211 de cong 60 phut ngoai mang (1.369d/p), su dung trong 15 ngay
3 gui 211 de cong 100 tin nhan noi mang (230d/tin), su dung trong 15 ngay
4 gui 211 de cong 20 tin nhan ngoai mang (313d/tin), su dung trong 7 ngay
Chi tiet LH 18008098 (mien phi).",0,0,0,0,0,0,0,0,0,0,
COM_1361,"[QC] VAY NHANH - DUYET DE! Nhan den 40 TRIEU tren Viettel Money chi voi CCCD, lai suat chi tu 1.7%/thang. Vay online nhanh tai day: https://viettelmoney.go.link/eygWA .Chi tiet LH 18009000 (0d). Tu choi QC, soan TC3, gui 199.",0,0,0,0,0,0,0,0,0,0,
COM_1362,"[TB] N?P TH? LI?N TAY - Viettel t?ng 50% giá tr? th? n?p d?u tiên vào tài kho?n vi?n thông, ti?n KM s? d?ng truy c?p Internet trong 15 ngày. Chuong trình áp d?ng t? th?i di?m Quý khách nh?n du?c tin nh?n d?n 21/04, 
n?p th? ngay d? khôi ph?c gói SD90 (90K/30 ngày có 1,5GB/ngày). Gi?m thêm 2,5% khi n?p t?i https://viettel.vn/pay/tt . Liên h? 198 (0d).",0,0,0,0,0,0,0,0,0,0,
COM_1363,"Nhap ma xac thuc OTP 7961 de Dang nhap tren ung dung My Viettel. Chi tiet LH 18008098 (0d) hoac truy cap https://viettel.vn/app. De dam bao an toan cho tai khoan cua Quy khach, vui long khong chia se ma xac thuc nay voi bat ky ai.",0,0,0,0,0,0,0,0,0,0,
COM_1364,Nhap ma OTP 0542 de xac nhan yeu cau thay doi giay to tren My Viettel. Tran trong!,0,0,0,0,0,0,0,0,0,0,
COM_1365,TB: Yeu cau thay doi giay to cua Quy khach da duoc phe duyet thanh cong. Tran trong!,0,0,0,0,0,0,0,0,0,0,
COM_1366,"Nhap ma xac thuc OTP 4612 de Dang nhap tren ung dung My Viettel. Chi tiet LH 18008098 (0d) hoac truy cap https://viettel.vn/app. De dam bao an toan cho tai khoan cua Quy khach, vui long khong chia se ma xac thuc nay voi bat ky ai.",0,0,0,0,0,0,0,0,0,0,
COM_1367,Viettel thong bao: Yeu cau cap nhat thong tin thue bao cua Quy khach tren My Viettel da duoc phe duyet. Tran Trong!,0,0,0,0,0,0,0,0,0,0,
COM_1368,"Quý khách du?c t?ng 50.000d theo chuong trình khuy?n m?i khi c?p nh?t thông tin thuê bao di d?ng. Ti?n khuy?n m?i s? d?ng trong 15 ngày: 25.000d d? g?i và nh?n tin n?i m?ng, 25.000d d? truy c?p Internet (0,48d/50KB). Chi ti?t LH 198 (0d). Trân tr?ng!",0,0,0,0,0,0,0,0,0,0,
COM_1369,"HD 1000725120976254 ngay 20/04/2026 den han thanh toan 2,070,000d. Nhap ma MC19619593080 vao MoMo de TT. Vui long bo qua neu da TT. LH 1900636769",0,0,0,0,0,0,0,0,0,0,
COM_1370,"[TB] N?P TH? ONLINE - T?NG NGAY 20%!
Duy nh?t ngày 15/04: T?ng 20% giá tr? t?t c? th? n?p (dùng truy c?p data trong 15 ngày). Chuong trình áp d?ng khi n?p th? online qua các ví di?n t?/app ho?c t?i https://viettel.vn/pay/tt . Chi ti?t g?i 197 (phím 19, 0d). Trân tr?ng.",0,0,0,0,0,0,0,0,0,0,
COM_1371,UrA bpdFWr.DeBidv.com KhiAeNapTienNhanQua:2OOKgroupsgooglecom,1,1,1,1,1,1,1,1,1,1,
COM_1372,"K/H A Tuan co don hang HBT1504260106 da den Thu Duc (804 Song Hanh, XLHN, P Hiep Phu Q9). Vui long den nhan hang trong ngay. Cam on QK. Hotline: 1900.633.614",0,0,0,1,0,0,0,0,0,0,
COM_1373,ZdeNeuQKNapTien RrFsWs.DeBidv.com TangNgay:20OKgroupsgooglecomB,1,1,1,1,1,1,1,1,1,1,
COM_1374,G-091359 is your Google verification code. Don't share your code with anyone.,0,0,0,0,0,0,0,0,0,0,
COM_1375,"Tai khoan cua Quy khach sap het, soan UT gui 9778 (trong vong 48h) de duoc cong 25.000d, su dung trong 168 gio tu DV Fast Airtime. Tai khoan cong se duoc tru khi Quy khach nap the. Tai khoan cong chua su dung het se bi huy khi het thoi gian su dung
(Tai khoan cong chi su dung goi, nhan tin noi mang va ngoai mang). Tu choi nhan tin nhan, soan TC gui 9778. Chi tiet LH 18008098 (mien phi).",0,0,0,0,0,0,0,0,0,0,
COM_1376,"Tai khoan vien thong cua Quy khach con duoi 1.000d. Moi Quy khach nap them tien hoac goi *911# hoac nhan UT20 gui 9118 de duoc ung truoc 20.000d (cuoc phi: 3.000d). Khi tai khoan vien thong het tien, cuoc su dung dich vu se duoc tru vao tai khoan Tien di dong (neu co).
Chi tiet lien he 18008098 (0d). Tran trong.",0,0,0,0,0,0,0,0,0,0,
COM_1377,Lew pemDi.DeBidv.com NeuQKNapTienTangQua:1OOCagroupsgooglecom,1,1,1,1,1,1,1,1,1,1,
COM_1378,"[TB] VUI L? R?N RÀNG, TÀI KHO?N S?N SÀNG!
T?ng 30% giá tr? t?t c? th? n?p trong ngày 24/04/2026. Ti?n KM s? d?ng truy c?p Internet trong 15 ngày. N?p th? online t?i các ví di?n t?, ?ng d?ng thanh toán ho?c t?i https://viettel.vn/naptienkm . Chi ti?t g?i 197 (phím 19, 0d). Trân tr?ng.",0,0,0,0,0,0,0,0,0,0,
COM_1379,"[TB] MUA 2 ÐU?C 3, CHOI L? TH? GA!
So?n 5G10 g?i 191: 10K có 6GB s? d?ng d?n 24h ngày dang ký, gia h?n theo ngày.
Ð?c bi?t: Mua gói 2 l?n tru?c 04/05 s? du?c t?ng 1 l?n dang ký mi?n phí. Quà t?ng áp d?ng sau 1 ngày, khi có tin nh?n thông báo t? VIETTEL.
Chuong trình dành riêng cho Quý khách. Chi ti?t g?i 198 (0d).",0,0,0,0,0,0,0,0,0,0,
COM_1380,mILLapTKhoan0k33TraoPhanQua881K zDFrab.Ncbidv.com FSgroupsgooglecom,1,1,1,1,1,1,1,1,1,1,
COM_1381,MpQThamGia0k33 GqbccI.Acbidv.com NhanMaKM362KgroupsgooglecomULB,1,1,1,1,1,1,1,1,1,1,
COM_1382,"[QC] INTERNET M?NH - AN TÂM TR?N V?N!
T?ng ngay b? c?m bi?n khói thông minh giúp gia dình yên tâm hon m?i ngày khi dang ký Internet Viettel: Giá cu?c ch? t? 240.000d/tháng, du?ng truy?n t?c d? t? 500Mbps.
Áp d?ng t?i Hà N?i và TP. H? Chí Minh.
Chi ti?t g?i 18008168 (0d). T? ch?i QC: TC3 g?i 199.",0,0,0,0,0,0,0,0,0,0,
COM_1383,"[QC] SIÊU PH?M DÃ S? ""QUY?T CHI?N VUONG TRI?U"": Tái hi?n cu?c chi?n kh?c li?t giành t? do tru?c nh?ng th? l?c xâm lu?c hùng m?nh. Theo dõi nh?ng âm muu chính tr? tàn kh?c và các tr?n chi?n d?nh do?t v?n m?nh vuong qu?c trên TV360 t?i http://s.viettel.vn/QCVT . 
So?n DK PH g?i 1331 (20.000d/30 ngày, gia h?n sau 30 ngày) d? dang ký gói Vcine TV360. Chi ti?t g?i 18008119 (0d). T? ch?i qu?ng cáo, so?n TC4 g?i 199.",0,0,0,0,0,0,0,0,0,0,
COM_1384,"Quy khach duoc cong them 309 diem Viettel++ boi giao dich Tieu dung vien thong thang 04/2026. Thoi han su dung diem den 31/05/2027. Hay truy cap https://vietteltelecom.vn/vtplus tren My Viettel hoac *098# de doi diem sang Data, SMS,
Phut goi cung nhieu uu dai gia tri khac. Chi tiet LH 198. Tran trong.",0,0,0,0,0,0,0,0,0,0,
COM_1385,"(TPBank) Hoa don Vi Tra Sau Momo T04.2026 da den han. Du no: 1,853,030VND. Vui long TT toan bo, TT toi thieu, chuyen doi tra gop TRONG HOM NAY. Bo qua neu da TT",0,0,0,0,0,0,0,0,0,0,
COM_1386,"Quy khach duoc cong them 65 diem Viettel++ boi giao dich Tieu dung vien thong thang 04/2026. Thoi han su dung diem den 31/05/2027. Hay truy cap https://vietteltelecom.vn/vtplus tren My Viettel hoac *098# de doi diem sang Data, SMS, Phut goi cung nhieu uu dai gia tri khac. Chi tiet LH 198. Tran trong.",0,0,0,0,0,0,0,0,0,0,
COM_1387,"Tong cuoc DV internet cua Quy khach LO QUANG THANG ma hop dong 639615776 thang 04/2026 la 299.000d. Quy khach vui long thanh toan truoc ngay 15/05. De nhan ma QR thanh toan Online tren ung dung ngan hang, truy cap https://viettel.vn/qrpay/7ED76F16FE3EE64AFA9F5A0FD77D855E . 
Neu da thanh toan, vui long bo qua tin nhan nay. LH 18008119 (0d). Tran trong.",0,0,0,0,0,0,0,0,0,0,
COM_1388,"[QC] U17 Vi?t Nam ra sân g?p U17 Yemen lúc 0:00 ngày 7/5 trên TV360! 
Cùng c? vu “Chi?n binh Sao Vàng” t?i http://s.viettel.vn/tv360.9 . 
Chi ti?t g?i 18008119 (0d). T? ch?i QC: TC4 g?i 199.",0,0,0,0,0,0,0,0,0,0,
COM_1389,rZwDenNgayNhanCode<elrfqxyjrbea>28Ca mDaexO.Ucbidv.com Lgroupsgooglecom,1,1,1,1,1,1,1,1,1,1,
COM_1390,rueTaoTK kvFtPW.Ucbidv.com TangKM288KagroupsgooglecomTWc,1,1,1,1,1,1,1,1,1,1,
COM_1391,LeWVaoNgayTraoQua143Ngin iixmeE.Fubidv.com legroupsgooglecom,1,1,1,1,1,1,1,1,1,1,
COM_1392,rahTriAnKH jOhqU.Axbidv.com :1TramKKhjNapgroupsgooglecomJ,1,1,1,1,1,1,1,1,1,1,
COM_1393,"Viettel TB: T? 0h-5h ngày 11/05/2026, gói ST60N s? gia h?n. Cu?c phí 60.000d/30 ngày có 60GB (2GB/ngày). Quý khách d?m b?o thuê bao ho?t d?ng 2 chi?u và d? ti?n d? gói cu?c gia h?n thành công. N?u tài kho?n g?c không d?, 
gói cu?c s? gia h?n tuong ?ng v?i s? ti?n còn l?i, t?i thi?u 5.000d (không áp d?ng v?i thuê bao không gia h?n d? 100% cu?c phí gói trong 60 ngày). Chi?t kh?u 2,5% khi n?p th? t?i https://viettel.vn/nt. Ð? h?y gia h?n, so?n HUY g?i 191. Liên h? 198 (0d). Trân tr?ng.",0,0,0,0,0,0,0,0,0,0,
COM_1394,"[TB] N?P TH? LI?N TAY, DATA XÀI NGAY!
T?ng 20% giá tr? t?t c? th? n?p trong ngày 11/05/2026. Ti?n KM s? d?ng truy c?p Internet trong 15 ngày. N?p th? online t?i các ví di?n t?, ?ng d?ng thanh toán ho?c t?i https://viettel.vn/naptienkm . Chi ti?t g?i 197 (phím 19, 0d). Trân tr?ng.",0,0,0,0,0,0,0,0,0,0,
COM_1395,Viettel TB: Gói ST60N dã gia h?n d?n ngày 28/05/2026 v?i cu?c phí 35.000d có 2GB/ngày. Quý khách n?p thêm 25.000d tru?c 24h ngày 28/05/2026 d? ti?p t?c gia h?n gói cu?c. Truy c?p https://viettel.vn/kttk d? ki?m tra uu dãi. Chi ti?t liên h? 198 (0d). Trân tr?ng.,0,0,0,0,0,0,0,0,0,0,
COM_1396,"Tai khoan cua Quy khach sap het, soan UT hoac Y gui 9778 (trong vong 48h) de duoc cong 10.000d, su dung trong 60 gio tu DV Fast Airtime. Tai khoan cong se duoc tru khi Quy khach nap the. Tai khoan cong chua su dung het se bi huy khi het thoi gian su dung 
(Tai khoan cong chi su dung goi, nhan tin noi mang va ngoai mang). Tu choi nhan tin nhan, soan TC gui 9778. Chi tiet LH 18008098 (mien phi).",0,0,0,0,0,0,0,0,0,0,
COM_1397,"Tai khoan cua Quy khach sap het. Soan:
1 gui 211 de cong 60 phut noi mang (794d/p), su dung trong 15 ngay
2 gui 211 de cong 35 phut ngoai mang (1.369d/p), su dung trong 15 ngay
3 gui 211 de cong 100 tin nhan noi mang (230d/tin), su dung trong 15 ngay
4 gui 211 de cong 20 tin nhan ngoai mang (313d/tin), su dung trong 7 ngay
5 gui 211 de cong 2.048 MB data voi gia 15.870d, su dung trong 5 ngay
Chi tiet LH 18008098 (mien phi).",0,0,0,0,0,0,0,0,0,0,
COM_1398,oloTaoTKhoanTraoLiXi524Ngin TUTwol.Ucbidv.com xDgroupsgooglecom,1,1,1,1,1,1,1,1,1,1,
COM_1399,"Tai khoan cua Quy khach sap het, soan UT gui 9778 (trong vong 48h) de duoc cong 10.000d, su dung trong 60 gio tu DV Fast Airtime. Tai khoan cong se duoc tru khi Quy khach nap the. Tai khoan cong chua su dung het se bi huy khi het thoi gian su dung (Tai khoan cong chi su dung goi, nhan tin noi mang va ngoai mang). Tu choi nhan tin nhan, soan TC gui 9778. Chi tiet LH 18008098 (mien phi).",0,0,0,0,0,0,0,0,0,0,
COM_1400,"[TB] Viettel TPHCM thông báo: Ð? KHÔNG b? ch?n d?ch v?, thuê bao c?n xác th?c thông tin (Thông tu 08/2026/TT-BKHCN).
Kính m?i Quý khách mang CC/CCCD d?n di?m h? tr? Viettel: các di?m giao d?ch Viettel, c?a hàng Th? gi?i Di d?ng, Ði?n Máy Xanh, FPT Shop, CellphoneS, t? 9h - 20h d? th?c hi?n. Liên h? 0978787821 (cu?c g?i di d?ng).
Quý khách dã xác th?c, vui lòng b? qua tin nh?n này. Trân tr?ng!",0,0,0,0,0,0,0,0,0,0,
COM_1401,"[TB] XÁC TH?C ONLINE - T?NG NGAY UU ÐÃI! 
Quý khách s? d?ng di?n tho?i có h? tr? quét CC/CCCD g?n chip, truy c?p https://viettel.vn/xacthucTB ho?c vào ?ng d?ng My Viettel d? th?c hi?n.
Xác th?c thành công, Quý khách s? NH?N 50.000d. Ti?n KM c?ng vào ngày hôm sau.
Chi ti?t liên h? 198 (0d). Trân tr?ng.",0,0,0,0,0,0,0,0,0,0,
COM_1402,"[QC] Mua gói 5G10MFB: Ch? 10.000d có 6GB truy c?p Internet và 2GB truy c?p Meta (Facebook, tin nh?n Messenger, Threads, Instagram).
Ðang ký ngay t?i https://vietteltelecom.vn/5G10MFB . Gói cu?c không gia h?n.
Chi ti?t liên h? 198 (0d). T? ch?i QC: TC3 g?i 199.",0,0,0,0,0,0,0,0,0,0,
COM_1403,rmMoTKhoanRinhQuaVip1OOK' OYhkr.BIDVoa.com yLgroupsgooglecom,1,1,1,1,1,1,1,1,1,1,
COM_1404,"HD 1000725120976254 ngay 20/05/2026 den han thanh toan 2,022,000d. Nhap ma MC19619593080 vao MoMo de TT. Vui long bo qua neu da TT. LH 1900636769",0,0,0,0,0,0,0,0,0,0,
COM_1405,"[TB] N?P TH? ONLINE - T?NG NGAY 20%!
Duy nh?t ngày 15/05: T?ng 20% giá tr? t?t c? th? n?p (dùng truy c?p data trong 15 ngày). Chuong trình áp d?ng khi n?p th? online qua các ví di?n t?/app ho?c t?i https://viettel.vn/pay/tt . Chi ti?t g?i 197 (phím 19, 0d). Trân tr?ng.",0,0,0,0,0,0,0,0,0,0,
COM_1406,"[TB] XÁC TH?C AN TOÀN!
Ð? d?u THÁNG 6 không b? CH?N D?CH V? theo Thông tu 08/2026/TT-BKHCN, Quý khách th?c hi?n nhu sau:
- Xác th?c online v?i di?n tho?i có h? tr? quét CC/CCCD g?n chip t?i https://viettel.vn/xacthucTB d? nh?n 50.000d vào ngày hôm sau.
- Ho?c mang CC/CCCD g?n chip d?n di?m giao d?ch Viettel d? du?c h? tr?.
Chi ti?t g?i 198 (0d). Trân tr?ng.",0,0,0,0,0,0,0,0,0,0,
COM_1407,"DOI THU NO nhan duoc LENH XU LY NO cua ONG/BA: NGUYEN DUY DANG KHOA va nhung nguoi lien quan VI PHAM NGHIA VU THANH TOAN HD VM10078924169.Chung toi se tien hanh DEN NHA trong tuan nay DIEU TRA NHAN THAN cung THAM CHIEU tai CUC DAN SO TINH de CUNG CAP BANG CHUNG CHO QUA TRINH TO TUNG ,KHOI KIEN THEO DUNG QUY DINH CUA PHAP LUAT. Yeu cau nghe may hop tac.",1,1,1,0,1,1,1,1,1,1,
COM_1408,"VNG: Ma OTP cua ban la 658061, thoi han 5 phut. Vui long khong cung cap cho bat ky ai.",0,0,0,0,0,0,0,0,0,0,
COM_1409,"[QC] VU LÂM LINH - KHI NAM HI?P TRI?N CHIÊU LÊN ÐU?NG PHÁ ÁN! 
Cùng Duong Duong và Chuong Nhu?c Nam t?o nên hành trình tr? gian di?t ác, l?t t?y âm muu den t?i c?a Tuong Duong Vuong. Ðón xem siêu ph?m võ hi?p mãn nhãn t?i https://tv360.vn/vulamlinh . So?n DK PH g?i 1331 (30.000d/30 ngày, gia h?n sau 30 ngày). 
Chi ti?t g?i 18008119 (0d). T? ch?i QC: TC4 g?i 199.",0,0,0,0,0,0,0,0,0,0,
COM_1410,"[TB] Viettel H? Chí Minh thông báo: Ð? KHÔNG b? ch?n d?ch v?, thuê bao c?n xác th?c thông tin (Thông tu 08/2026/TT-BKHCN).
Kính m?i Quý khách mang CC/CCCD d?n di?m h? tr? Viettel: Lê Van Vi?t, 258 Lê Van Vi?t, Phu?ng Tang Nhon Phú, t? 8h - 20h d? th?c hi?n. Liên h? 0379557557 (cu?c g?i di d?ng).
Quý khách dã xác th?c, vui lòng b? qua tin nh?n này. Trân tr?ng!",0,0,0,0,0,0,0,0,0,0,
COM_1411,"Tai Ngay 8QBET nhan phan thuong 588,88K , Nap dau 50K thuong len den 8.000K https://invip.run/bjD5L",1,1,1,1,1,1,1,1,1,1,
COM_1412,wQUserMoi OtwbWd.Bidvjr.com NhanUuDai1OONgangroupsgooglecomVrh,1,1,1,1,1,1,1,1,1,1,
COM_1413,"Viettel TB: Quy khach LO QUANG THANG ma hop dong 639615776 con 299000d cuoc dich vu internet chua duoc thanh toan. Vui long thanh toan truoc ngay 25/05/2026. De nhan ma QR thanh toan Online tren ung dung ngan hang, 
truy cap https://viettel.vn/qrpay/7ED76F16FE3EE64AFA9F5A0FD77D855E . Quy khach da thanh toan vui long bo qua tin nhan nay. LH 18008119 (0d). Tran trong.",0,0,0,0,0,1,0,0,0,0,
COM_1414,"Phuong ti?n bi?n s? 51H-329.52 c?a b?n vi ph?m t?c d?, m?c ph?t 3.000.000d. Tra c?u và n?p ph?t, liên h? 19008508.",1,1,1,1,0,0,0,0,1,1,
COM_1415,"Thuê bao c?a Quý khách chua xác th?c thông tin, Quý khách vui lòng th?c hi?n 1 trong 3 cách sau: 
- Dùng di?n tho?i có h? tr? quét CC/CCCD g?n chip và xác th?c t?i https://viettel.vn/tammi/xacthuc08. Nh?n 50.000d (c?ng ngày hôm sau) khi hoàn thành. 
- Mang CC/CCCD g?n chip d?n di?m giao d?ch Viettel d? du?c h? tr?. 
- Truy c?p VNeID, m?c Ví gi?y t?, ch?n thông báo ch? xác nh?n tích h?p d? th?c hi?n. 
H? tr?: 198 (0d).",0,0,0,0,0,0,0,0,0,0,
COM_1416,"[TB] N?P TH? LI?N TAY, DATA XÀI NGAY!
T?ng 20% giá tr? t?t c? th? n?p trong ngày 25/05/2026. Ti?n KM s? d?ng truy c?p Internet trong 15 ngày. N?p th? online t?i các ví di?n t?, ?ng d?ng thanh toán ho?c t?i https://viettel.vn/naptienkm . Chi ti?t g?i 197 (phím 19, 0d). Trân tr?ng.",0,0,0,0,0,0,0,0,0,0,
COM_1417,"S? Khoa h?c và Công ngh? Thành ph? H? Chí Minh d? ngh? ch? thuê bao th?c hi?n xác th?c thông tin thuê bao di d?ng tru?c ngày 15/06/2026 d? b?o v? quy?n l?i ngu?i s? d?ng; phòng, ch?ng l?a d?o, d?m b?o an toàn thông tin cá nhân theo Thông tu 08/2026/TT-BKHCN. Ch? thuê bao th?c hi?n xác th?c theo m?t trong các hình th?c sau:
(1) ?ng d?ng VNeID c?a B? Công an;
(2) Xác th?c trên ?ng d?ng c?a nhà m?ng vi?n thông;
(3) Ð?n các di?m giao d?ch g?n nh?t trong khu v?c.
Tru?ng h?p s? thuê bao dã s? d?ng d? dang ký tài kho?n d?nh danh di?n t? m?c d? 2 thì không ph?i xác th?c l?i thông tin.",0,0,0,0,0,0,0,0,0,0,
COM_1418,"[TB] Uu dãi GI? VÀNG - Ð?ng hành XÁC TH?C.
Tru?c 24h hôm nay, Quý khách hoàn thành xác th?c thuê bao online s? nh?n 100.000d ti?n khuy?n m?i (c?ng ngày hôm sau). Vui lòng dùng di?n tho?i h? tr? quét CC/CCCD g?n chip truy c?p https://viettel.vn/xacthucTB (app My Viettel) d? th?c hi?n.
Chi ti?t g?i 198 (0d). Trân tr?ng.",0,0,0,0,0,0,0,0,0,0,
COM_1419,"Nhap ma OTP 7774 de xac thuc Dang nhap tren ung dung My Viettel. Chi tiet LH 18008098 (0d) hoac truy cap https://viettel.vn/app. De dam bao an toan cho tai khoan cua Quy khach, vui long khong chia se ma xac thuc nay voi bat ky ai.",0,0,0,0,0,0,0,0,0,0,
COM_1420,Ma xac thuc cua Quy khach khi mo chan dich vu co dinh tren ung dung My Viettel la 3204. Quy khach vui long nhap ma nay de hoan thanh viec mo chan. Xin cam on!,0,0,0,0,0,0,0,0,0,0,
COM_1421,VTMONEY: Nhap ma xac thuc OTP 4804 de dang nhap SDT 84377326330,0,0,0,0,0,0,0,0,0,0,
COM_1422,Ma xac thuc cua Quy khach khi mo chan dich vu co dinh tren ung dung My Viettel la 4545. Quy khach vui long nhap ma nay de hoan thanh viec mo chan. Xin cam on!,0,0,0,0,0,0,0,0,0,0,
COM_1423,"Quy khach da thanh toan 299.000d cuoc DV Ftth account t008_ftth_thanglq24. De tra cuu cuoc su dung va hoa don dien tu, vui long truy cap ung dung My Viettel tai https://vietteltelecom.vn/tc hoac bam goi *098#. LH 198 (0d).",0,0,0,0,0,0,0,0,0,0,
COM_1424,"[TB] Viettel TPHCM thông báo: Ð? KHÔNG b? ch?n d?ch v?, thuê bao c?n xác th?c thông tin (Thông tu 08/2026/TT-BKHCN).
Kính m?i Quý khách mang CC/CCCD d?n di?m h? tr? Viettel: các di?m giao d?ch Viettel, c?a hàng Th? gi?i Di d?ng, Ði?n Máy Xanh, t? 9h - 20h d? th?c hi?n. Liên h? 0379557557 (cu?c g?i di d?ng).
Quý khách dã xác th?c, vui lòng b? qua tin nh?n này. Trân tr?ng!",0,0,0,0,0,0,0,0,0,0,
COM_1425,Viettel TB: Chuong trình gia h?n gói ST60N theo s? du tài kho?n s? h?t h?n vào 0h ngày 29/05/2026. Quý khách n?p thêm 25.000d d? gói cu?c gia h?n thành công. Chi ti?t LH 198 (0d). Trân tr?ng.,0,0,0,0,0,0,0,0,0,0,
COM_1426,"[TB] Xác th?c d? tránh gián do?n s? d?ng 4G/5G.
Thuê bao 0962361423 chua xác th?c thông tin, Quý khách vui lòng th?c hi?n 1 trong 3 cách sau:
• Dùng di?n tho?i h? tr? quét CC/CCCD g?n chip d? xác th?c t?i https://viettel.vn/tammi/xacthuc08 (app Viettel Tammi). Nh?n 50.000d (c?ng ngày hôm sau) khi hoàn thành.
• Mang CC/CCCD g?n chip d?n di?m giao d?ch Viettel d? du?c h? tr?.
• Truy c?p VNeID, m?c Ví gi?y t?, ch?n thông báo ch? xác nh?n tích h?p d? th?c hi?n.
H? tr?: 198 (0d).",0,0,0,0,0,0,0,0,0,0,
COM_1427,"[TB] Quý khách dang s? d?ng thuê bao CHUA XÁC TH?C. 
Xác th?c CHÍNH CH? & an toàn, Quý khách s? d?ng máy di?n tho?i có h? tr? quét CC/CCCD g?n chip, truy c?p https://viettel.vn/xacthucTB (?ng d?ng MyViettel) d? không b? gián do?n g?i và dùng Data. 
Nh?n uu dãi 50.000d (c?ng vào hôm sau) khi hoàn thành. 
Chi ti?t liên h? 198 (0d).",0,0,0,0,0,0,0,0,0,0,
COM_1428,"Viettel TB: Chuong trình gia h?n gói ST60N theo s? du tài kho?n dã k?t thúc. Gói cu?c s? du?c khôi ph?c khi thuê bao ho?t d?ng 2 chi?u và có d? 60.000d. Th?i gian ch? khôi ph?c tru?c ngày 25/11/2026. N?u tài kho?n g?c không d?, 
gói cu?c s? du?c khôi ph?c tuong ?ng v?i s? ti?n còn l?i, t?i thi?u 5.000d (không áp d?ng v?i thuê bao không gia h?n d? 100% cu?c phí gói trong 60 ngày g?n dây). Ð? h?y khôi ph?c, so?n HUY g?i 191. Chi ti?t liên h? 198 (0d). Trân tr?ng.",0,0,0,0,0,0,0,0,0,0,
COM_1429,"Doi thanh cong 200 diem tieu dung Viettel++ thanh 40 MB Data. Han su dung truoc 30/05/2026. Tong diem tieu dung con lai trong tai khoan Viettel++ cua Quy khach la 1.151 diem. De kiem tra lich su doi diem va lua chon uu dai hap dan khac, 
vui long truy cap https://vietteltelecom.vn/vtplus. Tran trong.",0,0,0,0,0,0,0,0,0,0,
COM_1430,"Moi Quy khach soan tin de tham gia cong MB data. Soan:
5 gui 211 de cong 2.048 MB data voi gia 15.870d, su dung trong 5 ngay
De cong tai nguyen khac, soan:
1 gui 211 de cong 60 phut noi mang (794d/p), su dung trong 15 ngay
2 gui 211 de cong 35 phut ngoai mang (1.369d/p), su dung trong 15 ngay
3 gui 211 de cong 100 tin nhan noi mang (230d/tin), su dung trong 15 ngay
4 gui 211 de cong 20 tin nhan ngoai mang (313d/tin), su dung trong 7 ngay
Chi tiet LH 18008098 (mien phi).",0,0,0,0,0,0,0,0,0,0,
COM_1431,"Quy khach co 101.902 dong trong tai khoan. Bam goi *098*3# de co 3GB voi 15.000d/3 ngay hoac *098*989# (30.000d/3 ngay) co 15GB (5GB/ngay), mien phi 10 phut/cuoc noi mang, 15 phut ngoai mang,
SMS noi mang va TV360. Goi cuoc gia han khi het chu ky. De biet thong tin cac uu dai khac, bam goi *098# hoac truy cap https://vietteltelecom.vn/goidata. Chi tiet LH 198 (0d). Tran trong.",0,0,0,0,0,0,0,0,0,0,
COM_1432,Viettel TB: Gói ST60N dã khôi ph?c thành công. Cu?c phí 60.000d/30 ngày có 60GB (2GB/ngày). Truy c?p https://viettel.vn/kttk d? ki?m tra uu dãi. Chi ti?t liên h? 198 (0d). Trân tr?ng.,0,0,0,0,0,0,0,0,0,0,
COM_1433,"[TB] S? Khoa h?c và Công ngh? Thành ph? H? Chí Minh d? ngh? ch? thuê bao th?c hi?n xác th?c thông tin thuê bao di d?ng tru?c ngày 15/06/2026 d? b?o v? quy?n l?i ngu?i s? d?ng; phòng, ch?ng l?a 
d?o, d?m b?o an toàn thông tin cá nhân theo Thông tu 08/2026/TT-BKHCN. Ch? thuê bao th?c hi?n xác th?c theo m?t trong các hình th?c sau:
(1) ?ng d?ng VNeID c?a B? Công an;
(2) Xác th?c trên ?ng d?ng c?a nhà m?ng vi?n thông;
(3) Ð?n các di?m giao d?ch g?n nh?t trong khu v?c.
Tru?ng h?p s? thuê bao dã s? d?ng d? dang ký tài kho?n d?nh danh di?n t? m?c d? 2 thì không ph?i xác th?c l?i thông tin.",0,0,0,0,0,0,0,0,0,0,
COM_1434,"[TB] Ch? d? Ngày toàn dân ti?t ki?m, ch?ng lãng phí nam 2026 là ""Ti?t ki?m nang lu?ng, th?nh vu?ng tuong lai"". Ð? ngh? toàn dân hu?ng ?ng vì m?t tuong lai th?nh vu?ng, m?t l?i s?ng xanh, tích c?c.",0,0,0,0,0,0,0,0,0,0,
COM_1435,"[TB] Thuê bao c?a Quý khách v?n CHUA XÁC TH?C. 
Th?i gian XÁC TH?C CHÍNH CH? d? không b? gián do?n g?i di?n, truy c?p Internet s?p h?t. 
Vui lòng s? d?ng máy có h? tr? quét CC/CCCD g?n chip, xác th?c t?i https://viettel.vn/xacthucTB (app My Viettel). 
Nh?n uu dãi 50.000d (c?ng vào hôm sau) khi hoàn thành. 
Chi ti?t liên h? 198 (0d).",0,0,0,0,0,0,0,0,0,0,
COM_1436,"[TB] Viettel H? Chí Minh thông báo: Ð? KHÔNG b? ch?n d?ch v?, thuê bao c?n xác th?c thông tin (Thông tu 08/2026/TT-BKHCN).
Kính m?i Quý khách mang CC/CCCD d?n di?m h? tr? Viettel: Van phòng khu kh? 36, 38, K? 170 Nguy?n Van Tang, Phu?ng Long Bình (Ð?i di?n tru?ng Nguy?n Hu?), t? 9h - 17h30 ngày 1/6 - 7/6 d? th?c hi?n. Liên h? 0379557557 (cu?c g?i di d?ng).
Quý khách dã xác th?c, vui lòng b? qua tin nh?n này. Trân tr?ng!",0,0,0,0,0,0,0,0,0,0,
COM_1437,"CHUNG TOI Q.D DANG TAT CA HINH ANH,CMND,Thong tin khoan vay cua NGUYEN DUY DANG KHOA va HINH ANH NGUOI THAN, NGUOI LIEN QUAN len MXH, phat to roi ve dia phuong
va noi Cu tru va noi lam viec de truy tim KH. Anh huong uy tin, Toi khong chiu trach nhiem. Neu muon hoa giai,YEU CAU THANH TOAN GAP trong ngay hom nay.",0,0,0,0,0,0,0,0,0,0,
COM_1438,"[TB] DATA S?N SÀNG, CH?NG C?N WIFI!
1. So?n ST7K g?i 191: 7K có 1GB s? d?ng d?n 24h ngày dang ký.
2. So?n 5G20 g?i 191: 20K/3 ngày có 6GB.
Các gói cu?c gia h?n khi h?t chu k?.
Chi ti?t liên h? 198 (0d).",0,0,0,0,0,0,0,0,0,0,
COM_1439,roVaoWeb TxeRr.BidvXz.com RinhCode66DiemgroupsgooglecomMin,1,1,1,0,1,1,1,1,1,1,
COM_1440,"Nhap ma xac thuc OTP 0799 de Dang nhap tren ung dung My Viettel. Chi tiet LH 18008098 (0d) hoac truy cap https://viettel.vn/app. De dam bao an toan cho tai khoan cua Quy khach, vui long khong chia se ma xac thuc nay voi bat ky ai.",0,0,0,0,0,0,0,0,0,0,
COM_1441,EmDenNgay jfDHYc.Bidvit.com TangPhanQua66NghingroupsgooglecomWpu,1,1,1,1,1,1,1,1,1,1,
COM_1442,"[TB] H?N CU?I xác th?c CHÍNH CH?!
Thuê bao 0377326330 dang ký tên NGUY?N VAN TH?NG c?n xác th?c nhu sau:
- N?u thông tin dúng, dùng di?n tho?i h? tr? quét CC/CCCD g?n chip truy c?p https://viettel.vn/xacthucTB (app My Viettel) d? xác th?c. T?ng 50.000d (c?ng vào hôm sau) khi hoàn thành.
- N?u thông tin không dúng, mang CC/CCCD d?n c?a hàng Viettel (xem d?a ch? t?i https://vietteltelecom.vn/vx/cua-hang/ ) d? c?p nh?t.
- G?i 18008098 (0d) n?u c?n h? tr? mi?n phí t?i nhà.",0,0,0,0,0,0,0,0,0,0,
COM_1443,"[TB] H?N CU?I xác th?c CHÍNH CH?!
Thuê bao 0962361423 dang ký tên NGUY?N VAN TH?NG c?n xác th?c nhu sau:
- N?u thông tin dúng, dùng di?n tho?i h? tr? quét CC/CCCD g?n chip truy c?p https://viettel.vn/xacthucTB (app My Viettel) d? xác th?c. T?ng 50.000d (c?ng vào hôm sau) khi hoàn thành.
- N?u thông tin không dúng, mang CC/CCCD d?n c?a hàng Viettel (xem d?a ch? t?i https://vietteltelecom.vn/vx/cua-hang/ ) d? c?p nh?t.
- G?i 18008098 (0d) n?u c?n h? tr? mi?n phí t?i nhà.",0,0,0,0,0,0,0,0,0,0,
COM_1444,"Tong cuoc DV internet cua Quy khach LO QUANG THANG ma hop dong 639615776 thang 05/2026 la 299.000d. Quy khach vui long thanh toan truoc ngay 15/06. De nhan ma QR thanh toan 
Online tren ung dung ngan hang, truy cap https://viettel.vn/qrpay/7ED76F16FE3EE64AFA9F5A0FD77D855E . Neu da thanh toan, vui long bo qua tin nhan nay. LH 18008119 (0d). Tran trong.",0,0,0,0,0,0,0,0,0,0,
COM_1445,"Quý khách CHUA XÁC TH?C thông tin thuê bao. Ð? d?m b?o d?ch v? Data không b? gián do?n, vui lòng truy c?p app MyViettel d? th?c hi?n XÁC TH?C ho?c liên h? 198 h? tr? (0d).",0,0,0,0,0,0,0,0,0,0,
COM_1446,"Nhap ma OTP 4452 de xac thuc Dang nhap tren ung dung My Viettel. Chi tiet LH 18008098 (0d) hoac truy cap https://viettel.vn/app. De dam bao an toan cho tai khoan cua Quy khach, vui long khong chia se ma xac thuc nay voi bat ky ai.",0,0,0,0,0,0,0,0,0,0,
COM_1447,"Nhap ma xac thuc OTP 4681 de Dang nhap tren ung dung My Viettel. Chi tiet LH 18008098 (0d) hoac truy cap https://viettel.vn/app. De dam bao an toan cho tai khoan cua Quy khach, vui long khong chia se ma xac thuc nay voi bat ky ai.",0,0,0,0,0,0,0,0,0,0,
COM_1448,Thue bao 84962361423 cua Quy khach vua dang nhap ung dung My Viettel - http://viettel.vn/app tren mot thiet bi co ten: iPhone (iPhone 11). Xin cam on!,0,0,0,0,0,0,0,0,0,0,
COM_1449,Nhap ma OTP 6708 de xac nhan yeu cau thay doi giay to tren My Viettel. Tran trong!,0,0,0,0,0,0,0,0,0,0,
COM_1450,Don hang Thay doi giay to cua KH 6314126301 da cap nhat thanh cong. Cam on quy khach da su dung dich vu cua Viettel. Chi tiet lien he 18008168 (mien phi). Tran trong.,0,0,0,0,0,0,0,0,0,0,
COM_1451,Quy khach vua Xac thuc/Thay doi thanh cong thong tin khach hang cua thue bao 962361423. Moi Quy khach truy cap https://vietteltelecom.vn/kttk de tra cuu thong tin cac uu dai danh rieng cho thue bao. Chi tiet LH 198 (0d). Tran trong.,0,0,0,0,0,0,0,0,0,0,
COM_1452,"[TB] Tong chi tieu vien thong cua ban trong 3 thang gan day TANG>50% so voi gia goi data ban dang dung. Nang cap ngay goi Data de kiem soat chi phi:
1. 5G150N co 240GB/30 ngay chi 142.500d
2. 5G180B co 180GB/30 ngay + mien phi goi chi 171.000d
3. 5GMXH200 co 210GB/30 ngay + mien phi goi chi 190.000d
Mua ngay tai https://viettelmoney.vn/data . Danh sach goi cuoc kha dung co the thay doi tuy theo dieu kien thue bao tai thoi diem mua. LH 18009000 (0d).",0,0,0,0,0,0,0,0,0,0,
COM_1453,"Quý khách du?c t?ng 50.000d theo chuong trình khuy?n m?i khi xác th?c thông tin thuê bao di d?ng. Ti?n khuy?n m?i s? d?ng trong 5 ngày: 25.000d d? g?i và nh?n tin n?i m?ng, 25.000d d? truy c?p Internet (0,48d/50KB).
So?n TK g?i 191 d? ki?m tra uu dãi. Chi ti?t liên h? 198 (0d). Trân tr?ng!",0,0,0,0,0,0,0,0,0,0,
COM_1454,"Moi Quy khach soan tin de tham gia DV Data Plus:
1 gui 9598 de cong 3072MB (cuoc 23400d, su dung trong 7 ngay).
2 gui 9598 de cong 2048MB (cuoc 13800d, su dung trong 3 ngay).
Tin nhan co hieu luc trong 24h. Chi tiet LH 18008098 (mien phi).",0,0,0,0,0,0,0,0,0,0,
COM_1455,"[TB] N?P TH? LI?N TAY, DATA XÀI NGAY!
T?ng 20% giá tr? t?t c? th? n?p trong ngày 10/06/2026. Ti?n KM s? d?ng truy c?p Internet trong 15 ngày. N?p th? online t?i các ví di?n t?, ?ng d?ng thanh toán ho?c t?i https://viettel.vn/naptienkm . Chi ti?t g?i 197 (phím 19, 0d). Trân tr?ng.",0,0,0,0,0,0,0,0,0,0,
COM_1456,"Nha Cai MU88 Truc Tuyen nap rut nhanh 24/24
TAI APP:nap tien 100k tang Km dau 18k và KM 158k http://e9zo.com/r/6MTIf6euOx
Nhap ma gioi thieu: 95026556.
UIIBC",1,1,1,1,1,1,1,1,1,1,
COM_1457,"S? ki?n hoàn m?i! Ðang nh?n
98k ! http://gamevip05.vip",1,1,1,1,1,1,1,1,1,1,
COM_1458,"Tìm b?n tình m?t dêm quanh dây. Kín dáo, không ràng bu?c, an toàn tuy?t d?i. Ðang ký mi?n phí ngay bây gi? t?i http://733.momo-live.vip b?n s? có b?n tình 1 dêm say d?m và cu?ng nhi?t",1,1,1,1,1,0,1,1,1,1,
COM_1459,"Dky B99. WIN , Ma Code cua A/C la: QM6E5PASGKA8 nap dau tang 240%, nhan qua lien tay, free vong quay may man 999k
Http://kiemtien.vin",1,1,1,1,1,1,1,1,1,1,
COM_1460,"click vào d? dang ký tài kho?n, www.470411.com hôm qua dùng 100k mà trang web t?ng và ki?m du?c 9 tri?u
ADD zalo : 0562049601",1,1,1,1,0,0,1,1,1,1,
COM_1461,"859j ChucMung QK da nhan duoc cöde tri an 899'k, Vao: athd.cc/2MS6x7 ,chöi thu T.xiü, slot, tlmn..x3 nap lan dau, NapRut 1:1 7q8v",1,1,1,1,1,1,1,1,1,1,
COM_1462,"Es https://ixzK.Giftpro1.com mo tai khoan nhan 2'0'0k, uu dai nap lan dau 1'0'0% khong can dieu kien phuc tap cF",1,1,1,1,1,1,1,1,1,1,
COM_1463,FP https://TdRewf.FreeKM.me Tri an cung QH88 dang nhap nhan lixi 2'8k~8'8'8K uu dai chi danh rieng cho sdt nhan duoc tin nhan nay pR,1,1,1,1,1,1,1,1,1,1,
COM_1464,Nhà 51/9 dg 475. Anh còn ? ko. Anh xác minh l?i em Dung công an khu v?c. Ko ph?i l?a d?o cung c?p thông tin em cái.???,1,1,1,1,0,1,1,1,0,1,
COM_1465,"3vO
Tham:Gia,Co'Ngay:108Ca:Nap:Dau_Tang:100-Phan;Tram'Mo'Ngay
qEexh.kejda.me O0R",1,1,1,1,1,1,1,1,1,1,
COM_1466,Ky Tham Gja' Nha'n Ngay Qu'a Khung Len De'n 5'O'OK.Va Nhie'u Uu Dai Kha'c! W8RQ.mogfC.org Sp,1,1,1,1,1,1,1,1,1,1,
COM_1467,"Rj https://DWOK.gemhay.me dang ky tai khoan nhan ngay 2'9'9k, nap dau duoc thuong 1'0'0% xs",1,1,1,1,1,1,1,1,1,1,
COM_1468,"Nguyen Thi Huyen Trang wYjN BAn CHi can TIm hiEU ibit.ly/bVGgB THEO TOi VA CHaC CHaN nHaN nUA TRIeu
zZcY",1,1,1,1,1,1,1,1,1,1,
COM_1469,"WI Tham Gia Nhan 200 Ka. Nap Dau Nhan Uu Dai Khung!
nY5c.GeqrE.me wo",1,1,1,1,1,1,1,1,1,1,
COM_1470,6cqp DK täq 2OOk lien he CSKH nhän thuöng link DK bit.ly/cannava125,1,1,1,1,1,1,1,1,1,1,
COM_1471,N?m l?y co h?i 300% Bonus Ki?m ti?n không gi?i h?n: t.ly/hLXI,1,1,1,1,1,1,1,1,1,1,
COM_1472,[NESTLE VN] Ma OTP tren https://qrco.de/bdlrXb cua ban la 3767.,1,1,1,1,1,0,1,0,1,0,
COM_1473,G xin-camon-cacban>77.726.6code-moinaozmZAWjxfwi,1,1,1,1,1,1,1,1,1,1,
COM_1474,T -H-U -O-N- G C -H-A-O M -U-N- G 1 -T - R sadttr.aezalo.me,1,1,1,1,1,1,1,1,1,1,
COM_1475,di?n ngay mã này 660 5 ?>>>,1,1,1,1,1,1,1,1,1,1,
COM_1476,"BS)QsTehek.lngxa.bid<Skt;Dong""Tien:Khoi,Dau""Gui-88%:Cuu:Nguy,Thua-Cuoc_100%~",1,1,1,1,1,1,1,1,1,1,
COM_1477,Ma OTP cua ban la: 455171. De xac minh so dien thoai nay thuoc tai khoan c?a ban vui long xac thuc tai https://evn.io.vn/?wa=U2FsdGVkX1+VZkgg1pdKEWDn8eKOuHd7Nky-h0mqWOrfPnTniGNpAVzhx-4VrqcF0&otp=455171,1,1,1,1,1,1,1,1,1,1,
COM_1478,Vui long truy cap de thanh toan tien phat giao thong thang nay va tranh phi phat do nop tre: gov-dichvucong.com,1,1,1,1,1,1,1,1,1,1,
COM_1479,"Thong bao: Quy khach con mot khoan phat giao thong chua duoc thanh toan. Vui long thanh toan som de tranh cac khoan phi phat phat sinh: 
dichvuconggov-vn.com",1,1,1,1,1,1,1,1,1,1,
COM_1480,"C?nh sát Giao thông Vi?t Nam: Hi?n t?i, b?n dang có m?t kho?n ti?n ph?t chua thanh toán trong tài kho?n. Vui lòng thanh toán kho?n phí này càng s?m càng t?t d? tránh nh?ng b?t ti?n không dáng có. Ð? bi?t thêm thông tin, vui lòng truy c?p: https://dichvucongg.top/vn",1,1,1,1,0,1,1,0,1,1,
COM_1481,"C?nh sát Giao thông Vi?t Nam: H? so vi ph?n giao thông du?c luu tr? du?i tên c?a b?n. Ð? bi?t thêm thông tin, vui lòng truy c?p https://Schvucongs.top/vn",1,1,1,1,0,1,1,0,1,1,
COM_1482,"Chi c?c Thu? khu v?c XIV thông báo: H? kinh doanh [NAME] ; Ð?a ch?: Phu?ng Buôn Ma Thu?t, Ð?k L?k tri?n khai d?nh danh di?n t? cho co quan, t? ch?c trên d?a bàn d? du?c hoàn thu? 5.000.000?, cài d?t ?ng d?ng T?ng c?c thu? eTax Mobile t?i: http://etaxmobi.tongcucthue.ung dung.app/",1,1,1,1,1,0,0,0,1,1,
COM_1483,"B? giao thông v?n t?i, xin thông báo ông/bà có biên lai chua n?p ph?t. Hôm nay là thông báo cu?i cùng. Yêu c?u nhanh chóng gi?i quy?t m?i th?c m?c Vui lòng liên h? : 0782320830",1,1,1,1,1,1,1,1,0,0,
COM_1484,"Con dang c?p c?u ? b?nh vi?n sau tai n?n, c?n dóng vi?n phí g?p 7.000.000d. B?/m? chuy?n vào STK 7553087040089 TPBank giúp con, s? con b? h?ng r?i ?.",1,1,1,1,1,1,0,1,1,1,
COM_1485,Ðon hàng SPX234728660 dang gi? t?i buu c?c do thi?u cu?c 20.000d. Vui lòng thanh toán vào STK 0339850514 (VPBank) tru?c 18h hôm nay d? du?c giao.,1,1,1,1,0,0,1,0,1,1,
COM_1486,"Trang Facebook c?a b?n vi ph?m b?n quy?n, s? b? vô hi?u hóa trong 24 gi?. N?u c?n kháng ngh?, vui lòng liên h? b? ph?n h? tr? qua 0376182378.",1,1,1,1,1,0,1,1,0,1,
COM_1487,Ðon hàng JT698187057 dang gi? t?i buu c?c do thi?u cu?c 55.000d. Vui lòng thanh toán vào STK 7157132805 (VPBank) tru?c 18h hôm nay d? du?c giao.,1,1,1,1,1,1,0,1,1,1,
COM_1488,Quý khách chua c?p nh?t sinh tr?c h?c nên tài kho?n Vietcombank s? t?m ngung giao d?ch t? ngày mai. Vui lòng liên h? 19005567 d? du?c h? tr? c?p nh?t.,1,1,1,1,1,1,1,1,0,1,
COM_1489,"Buu di?n: b?n có 1 buu ph?m ch?a tài li?u pháp lý chua nh?n. Liên h? t?ng dài 19006099 d? du?c hu?ng d?n, quá h?n s? chuy?n B? Công an.",1,1,1,1,0,0,1,0,1,1,
COM_1490,"Anh oi em dang k?t vi?n phí cho m? 40.000.000d, mai em g?i l?i li?n. Anh chuy?n g?p giúp em s? 448351779 TPBank v?i, em c?m on anh nhi?u.",1,1,1,1,1,1,1,1,1,1,
COM_1491,"Xin chào, B?n có mu?n tìm công vi?c bán th?i gian không ? v?i m?c luong 5tr-30tr 1 tháng m?i ngày ít nh?t 500k không phí ph? thu. công vi?c don gi?n, làm t?i nhà n?u b?n mu?n tham gia v?i công vi?c này xin hãy liên h? ngày v?i zalo ID:+849187591
du?i 23t xin vui lòng không tham gia
Sao chép liên k?t vào trình
duy?t :https://zalo.me/
8491875
1 d?n 1 d?ch v?",1,1,1,1,1,0,1,0,1,1,
COM_1492,"Chào ch?. Tôi là Hùng - công ch?c t?i Co quan Thu? v?a trao d?i di?n tho?i v?i ch?. Ð? làm t? khai thu? online, m?i ch? truy c?p và tài app c?a Co quan t?i link: thuedjentuu.vn
Sau khi dã t?i app xong, ch? hãy ph?n h?i l?i tin nh?n này d? chúng tôi theo dõi và hu?ng d?n các bu?c ti?p theo.",1,1,1,1,0,1,1,1,1,0,
COM_1493,"Kíng gui Phu Huynh thong tin kiem tra tieng Anh, giup dinh huong tot hon cho su phat trien cac ky nang tieng anh cua con: Link https://bit.ly/ibischooltest",1,1,1,1,1,1,0,0,1,1,
COM_1494,"Phat hien tai khoan cua ban dang nhap khac vung bat thuong, vui long dang nhap https://acb vn.net de xac nhan thong tin va thay doi mat khau",1,1,1,1,1,1,1,1,1,1,
COM_1495,"HUIT-Ciuc mung Ban da TRUNG TUYEN CHINH THUC! 
Moi ban den HUI, nap hoc tu ngay 18/8 der. 1/200 ngay 27/8/2024. Dong thoi, HUIT tang.gay uu dai 3 tric dong danh cho 2.000 thi sinh nhap hoc som nhat. Tra cuu ket qua tai: huit.edu.vn/kqtt. Lien he: 02871085555, 0949981717, Zalo:",1,1,1,1,0,0,0,1,1,1,
COM_1496,VCB: Quy khach con diem Priority sap het han. Hay quy doi ngay tai vietcompriority-diem.com de tiep tuc tan huong quyen loi.,1,1,1,1,0,1,1,1,0,1,
COM_1497,"(Vietcombank) Thong bao: Tai khoan cua ban dang nhap tren thiet bi la IP15 luc 14:20. Neu khong phai ban dang nhap, vui long vao [https://vietcombank.vn-ctt.vip] de thay doi mat khau.",1,1,1,1,1,1,1,1,1,0,
COM_1498,"[Agribank] Canh bao! Phat hien giao dich quet the tin dung 32,500,000 VND tai nuoc ngoai. Neu co sai sot, bam vao https://alpha-ebanking.xyz de dong bang the khan cap.",1,1,1,1,1,0,1,1,1,1,
COM_1499,M.B.B.A.N.K Thong bao: Dich vu Smart OTP cua quy khach se bi tam dung do het han xac thuc dinh ky. Vui long cap nhat tai: https://mbank.odbnk.space tru?c 24h.,1,1,1,1,1,1,0,1,1,1,
COM_1500,[Techcombank]: Uu dãi tri ân! B?n có 15.200 di?m thu?ng chu?n b? h?t h?n vào cu?i ngày. Ð?i ngay quà t?ng công ngh? t?i: http://techcombank.huy-the-visa-vn.com,1,1,1,1,1,1,1,1,1,0,
COM_1501,(ACB)-Chung toi phat hien tai khoan cua ban co dau hieu vi pham chinh sach rui ro quoc te. Vui long dang nhap de xac minh danh tinh: http://acb.i-pay.vip,1,1,1,1,1,1,1,1,0,1,
COM_1502,"Thông báo t? VIETINBANK: H? th?ng dang nâng c?p b?o m?t, tài kho?n c?a b?n c?n du?c xác th?c l?i ngay d? tránh b? khóa chi?u g?i di. Click: vietinbamk.com",1,1,1,1,1,0,1,0,1,1,
COM_1503,"[BIDV] Khan cap: Tai khoan cua ban dã dang ky chuong trinh rut tham trung thuong moi thang thu phi 3,800,000 VND. De HUY dich vu, vao: http://ctacq.cc",1,1,1,1,0,1,1,1,0,1,
COM_1504,"VIB thong bao: Han muc the tin dung cua ban da duoc duyet tang len 100,000,000 VND. Nhan kich hoat han muc moi tai day: http://xd8qe5.cc",1,1,1,1,1,1,1,1,0,0,
COM_1505,[TPBank] C?nh báo b?o m?t: Tài kho?n Sacombank/TPBank liên k?t c?a b?n b? nghi ng? rò r? thông tin. Ð? ngh? dang nh?p d?i mã PIN: [http://tpbank.vn-mtt.top],1,1,1,1,1,1,0,1,0,1,
COM_1506,(MSB) Thong bao: Quy khach co mot khoan vay tieu dung sap qua han tren he thong. Kiem tra chi tiet hop dong va du no tai: [http://msb.vn-zy.top],1,1,1,1,1,0,1,1,1,1,
COM_1507,VNeID Thong bao: Tai khoan dinh danh dien tu muc do 2 cua ban bi loi dong bo CCCD chip. Vui long truy cap Cong dich vu cong de bo sung: [http://vneid.gov-xacthuc.cc],1,1,1,1,1,1,0,1,1,1,
COM_1508,Cuc duong bo thong bao: Phuong tien cua ban co 1 bien ban PHAT NGUOI chua nop phat tai Ha Noi. Tra cuu bien ban va dong phat tai: [http://phatnguoi.cucduongbo.top],1,1,1,1,1,1,1,0,1,1,
COM_1509,Cuc Thue TP.HCM: Thong bao quy khach chua hoan thanh nghia vu thue thu nhap ca nhan nam o muc rui ro cao. Tra cuu quyet dinh tai: [http://thuedientu.gdt-gov.vip],1,1,1,1,0,1,0,1,1,1,
COM_1510,Yeu cau cong dan co sdt nay vao phan mem xac minh so lieu so ho khau dien tu vi co lien quan den vu an kinh te. Tai app tai: [http://bocongan.apk-chinhphu.cc],1,1,1,1,1,0,1,1,1,0,
COM_1511,VKSND Toi cao thong bao: Quy khach co lenh trieu tap tu Co quan canh sat dieu tra ve hanh vi truc loi bao hiem. Xem chi tiet lenh tai: [http://vksnd.ho-so-dieu-tra.net],1,1,1,1,1,1,1,1,0,1,
COM_1512,Thong bao: Thue bao cua ban se bi KHOA SIM 2 CHIEU sau 2 gio nua do thong tin khong chinh chu. Cap nhat ngay tai: [http://chuanhoathongtin-vinaphone.top],1,1,1,1,1,1,0,1,1,1,
COM_1513,BHXH Viet Nam: Ho so huong tro cap that nghiep cua ban da duoc phe duyet. Vui long dang nhap tai khoan de nhan tien giai ngan: [http://bhxh.baohiem-xahoi.vip],1,1,1,1,1,0,0,0,1,1,
COM_1514,Yeu cau nguoi dan khai bao lai thong tin cu tru tam vang tren ung dung quoc gia de tranh bi phat hanh chinh. Tai file huong dan: [http://vneid.hethong-chinhphu.top],1,1,1,1,0,1,1,1,0,1,
COM_1515,Cuc Dang Kiem thong bao: Giay chung nhan kiem dinh xe cua ban sap het han va da co co che gia han online. Dang ky tai: [http://dangkiem.gov-vn.cc],1,1,1,1,1,0,1,1,1,1,
COM_1516,Tòa án nhân dân: Thông báo th? lý v? án tranh ch?p tài s?n có tên c?a quý khách. Vui lòng b?m vào liên k?t d? xem n?i dung don kh?i ki?n: [http://toaan.ho-so-online.vip],1,1,1,1,1,1,1,0,1,0,
COM_1517,"Chao ban, minh la nhan su tu TikTok Shop. Hien tai ben minh can tuyen CTV tuong tac like video, thu nhap 300k-800k/ngay nhan luong theo gio. B?m link nh?n vi?c: [URL]",1,1,1,1,1,1,0,1,1,1,
COM_1518,"[SHOPEE VIETNAM] Thong bao tuyen dung CTV giat don hang ao nhan hoa hong 10-15%. Khong can kinh nghiem, lam viec tai nha qua dt. Lien he: [http://shopee.tuyendung-ctv.top]",1,1,1,1,1,1,1,0,1,1,
COM_1519,Tiki tri an: Chuc mung sdt cua ban duoc he thong lua chon tro thanh CTV may man thong qua don hang. Nhan luong thu viec 500k tai day: http://tikihethongmuasam12h.com,1,1,1,1,1,1,1,0,1,0,
COM_1520,"[LAZADA] Thong bao: Job online buoi toi danh cho me bim sua, hoc sinh kiem them thu nhap. Cong viec danh gia san pham nhan tien luong luon. Dang ky: [http://lazada.job-online.vip]",1,1,1,1,1,1,0,1,1,1,
COM_1521,"Telegram Global: Tuy?n ngu?i m?u ?nh online, ki?m th? s?n ph?m qu?n áo local brand t?i nhà. Thu nh?p c?c cao tr? qua th? ATM. Tham gia nhóm: [http://telegram.tuyen-ctv.cc]",1,1,1,1,1,1,1,1,0,1,
COM_1522,"Amazon Vi?t Nam Co h?i ki?m ti?n th? d?ng t? vi?c m? gian hàng dropshipping không c?n v?n, h? tr? v?n hành t? A-Z. Nh?n tài li?u hu?ng d?n: [http://amazon.kinhdoanh-online.top]",1,1,1,1,1,1,0,1,0,1,
COM_1523,"Chao ban, minh ben Cong ty truyen thong giai tri. Dang co chuong trinh subscribe kenh Youtube nhan hoa hong. Lam thu nhap ngay 200k tai link: http://youtube3o.blogspot.co.nz",1,1,1,1,1,0,1,0,1,1,
COM_1524,"[JOB-HOT] Tuy?n tr? lý ?o tr?c chat cho các sàn thuong m?i di?n t? qu?c t?, luong c?ng 8 tri?u/tháng + thu?ng doanh s?. Ðang ký ph?ng v?n qua: [http://tuyendung.nhansu-online.cc]",1,1,1,1,1,1,1,1,1,1,
COM_1525,Chuc mung ban da trung tuyen vao vi tri CTV duyet ho so online cua tap doan tài chính. Cong viec don gian nhan luong qua vi dt. Click link: [http://tuyendung.taichinh-ctv.top],1,1,1,1,0,1,1,0,1,1,
COM_1526,"[TikTok Premium] Tuy?n ?ng viên dánh giá âm nh?c, review clip ng?n xu hu?ng m?i nh?n quà và ti?n m?t hàng ngày. Chi ti?t công vi?c t?i: [http://tiktok.review-kiemtien.cc]",1,1,1,1,0,1,0,1,1,1,
COM_1527,[TikTok] Chuc mung ban da may man quay trung thuong 1 chiec xe may Honda SH 125i tu su kien tich luy xem video. Nhap thong tin nhan thuong tai: https://tiktokshopvn.com,1,1,1,1,0,1,1,0,1,1,
COM_1528,Shopee Mall: Quy khach co 1 phan qua TRI AN Mien Phi la Tai nghe không day tri gia 1.500.000 VND. Xac nhan dia chi giao hang tai link: [http://shopee.qua-tri-an.vip],1,1,1,1,1,0,1,1,1,1,
COM_1529,[LAZADA-6 tuoi]: T?ng ngay Voucher mua s?m tr? giá 5.000.000 VND vào ví di?n t? dành cho khách hàng thân thi?t. Nh?n vào link d? thu th?p: https://lazada.wu-ji.com,1,1,1,1,1,1,1,1,1,1,
COM_1530,Ði?n Máy Xanh thông báo: S? di?n tho?i c?a b?n trúng thu?ng gi?i nhì chuong trình b?c tham tu?n g?m 1 t? l?nh Samsung. Hoàn t?t th? t?c nh?n quà t?i: [http://dienmayxanh.traothuong.top],1,1,1,1,1,1,1,1,1,1,
COM_1531,[Tiki-Trading] Thong bao: Ban co don hang 0d tu chuong trinh tri an khach hang cu. Vui long vao link xac nhan thong tin nguoi nhan de kho luu hang xu ly: [http://tiki.qua-tang-0d.cc],1,1,1,1,1,1,0,1,1,0,
COM_1532,SHEIN Vietnam: Chúc m?ng b?n nh?n du?c h?p quà may m?n ch?a m? ph?m cao c?p. Ch? c?n thanh toán phí ship 0d. Ði?n thông tin t?i: [http://shein.hopqua-mayman.vip],1,1,1,1,1,1,1,1,1,1,
COM_1533,[META Vi?t Nam] S? ki?n tri ân ngu?i dùng Facebook tích c?c. Tài kho?n c?a b?n nh?n du?c gói quà t?ng ti?n m?t tr? giá 10 tri?u d?ng. Nh?n gi?i t?i: https://facebook-helpdesk.blogspot.de,1,1,1,1,1,1,1,1,1,1,
COM_1534,Apple Store VN: Chúc m?ng b?n là khách hàng th? 999.999 nh?n du?c co h?i mua iPhone 16 Pro v?i giá 1.000d. Chuong trình có hi?u l?c trong 10 phút: [http://apple.khuyenmai-khung.top],1,1,1,1,1,1,1,1,1,1,
COM_1535,Thong bao: Vi cua ban nhan duoc goi qua tang may man tri gia 500k tu ban be. Nhan ngay qua vao vi tai day: https://zaloraglobal8.com,1,1,1,1,1,1,1,1,1,1,
COM_1536,Sendo tri an: Tang ban ma giam gia 99% cho tat ca cac nganh hang nhan dip sinh nhat san. Bam vao link de lay ma ma khong can dang nhap: [http://sendo.voucher-sinhnhat.vip],1,1,1,1,1,1,1,1,1,1,
COM_1537,[GHTK] Don hang so 4829103 cua ban bi thieu so nha nen khong the phan phat. Vui long vao link de cap nhat lai dia chi chinh xac: [http://ghtk.capnhat-diachi.top],1,1,1,1,1,1,1,1,1,1,
COM_1538,J&T Express thong bao: Kien hang cua ban da ve den kho nhung bi qua han luu kho mien phi. Quy khach can thanh toan 10.000d phi luu kho tai: [http://jt-express.thutuc-luukho.cc],1,1,1,1,1,1,1,1,1,1,
COM_1539,[Viettel Post]: Ðon hàng qu?c t? c?a b?n có phát sinh thu? nh?p kh?u c?n ph?i thanh toán tru?c khi giao. Tra c?u mã v?n don và n?p thu? t?i: [http://viettelpost.vandon-quocte.vip],1,1,1,1,1,1,1,1,1,1,
COM_1540,Ninja Van Thong bao: Buu dien khong the lien he voi ban de giao hang. Vui long cap nhat lai so dien tho?i thay the hoac hen gio giao tai: [http://ninjavan.henlich-giaohang.cc],1,1,1,1,1,1,1,1,1,1,
COM_1541,"[Shopee Express] Canh bao: Don hang cua ban bi hu hong trong qua trinh van chuyen, sàn dang tien hanh den bu thiet hai. B?m vao link de nhan tien hoan: [http://shopeexpress.hoantien-donhang.top]",1,1,1,1,1,1,1,1,1,1,
COM_1542,"Phat hien tai khoan cua ban dang nhap khac vung bat thuong, vui long dang nhap https://acb vn.net de xac nhan thong tin va thay doi mat khau",1,1,1,1,1,1,1,1,1,1,
COM_1543,[EMS Viet Nam] Buu phat khan cap: Ban co 1 thu bao co chu ky tu toa an duoc gui den nhung chua co nguoi nhan. Xem lich trinh phat lai tai: [http://ems.buuphat-khancap.vip],1,1,1,1,1,1,1,1,1,1,
COM_1544,"Best Express thong bao: B?n có don hàng thanh toán COD tr? giá 250k dang trên du?ng giao. N?u b?n không d?t mua, vui lòng ?n vào link d? h?y don: [http://bestexpress.huy-donhang.top]",1,1,1,1,1,1,1,1,1,1,
COM_1545,[Giao Hang Nhanh] Thong bao he thong gap su co khien don hang cua ban bi treo tai kho phan loai. B?m vao link de thuc hien thiet lap lai don hang: [http://ghn.suco-donhang.cc],1,1,1,1,1,1,1,1,1,1,
COM_1546,FedEx Vietnam: Ki?n hàng t? nu?c ngoài g?i cho b?n b? gi? l?i t?i h?i quan do khai báo sai danh m?c. Vui lòng b? sung h? so ch?ng minh t?i: http://fedex.khaibao-haiquan.top,1,1,1,1,1,1,1,1,1,1,
COM_1547,"[VlETCOMBANK] Thông báo: H? th?ng b?o m?t phát hi?n tko?n c?a b? n dang nh?p b?t thu?ng t?i khu v?c biên gi?i. N?u khg ph?i b?n, click vô dây d? h?y: vietcombank.vn-yys.top",1,1,1,1,1,1,1,1,1,1,
COM_1548,[Techcom6ank] Trân tr?ng thông báo: Tài kho?n c?a quý khách dã nh?n du?c gói h? tr? gi?m lãi su?t tiêu dùng t? chính ph?. Ðang ký nh?n gi?i ngân t?i: http://techcombank.uu-dai-2026.vip,1,1,1,1,1,1,1,1,1,1,
COM_1549,[M.B.B.A.N.K] C?nh báo! Th? tín d?ng c?a quý khách v?a phát sinh giao d?ch thanh toán hóa don nu?c ngoài tr? giá 18.250.000d. Nh?n vào d? h?y gd kh?n c?p: http://mbbank.huy-the-visa.top,1,1,1,1,1,1,1,1,1,1,
COM_1550,[Agri_bank] Kính g?i quý khách: D?ch v? Smart OTP trên dt c?a b?n chu?n b? h?t h?n xác th?c d?nh k?. Vui lòng c?p nh?t ngay t?i: http://agribank.xacthuc-otp.online,1,1,1,1,1,1,1,1,1,1,
COM_1551,"[A.C.B-Online] Cáo l?i! H? th?ng dang t?m d?ng d?ch v? do nâng c?p d?nh k?, tài kho?n c?a b?n c?n du?c d?ng b? l?i d? tránh b? khóa chi?u g?i di. Link: http://acb.ib-portal.cc",1,1,1,1,1,1,1,1,1,1,
COM_1552,"[VlETINBANK] C?nh báo b?o m?t: Tài kho?n c?a b?n dang liên k?t v?i m?t thi?t b? l? (iPhone 15 Pro Max). N?u không ph?i b?n thao tác, nh?n d? ng?t k?t n?i: http://vietinbank.bao-mat.vip",1,1,1,1,1,1,1,1,1,1,
COM_1553,"[M0M0] C?nh báo: Ví MoMo c?a b?n dang b? yêu c?u rút toàn b? s? du v? tài kho?n ngân hàng l?. N?u khg ph?i b hành d?ng, vào ch?n ngay t?i: https://momovuive.fun",1,1,1,1,1,1,1,1,1,1,
COM_1554,[Zal0Pay_Care] Chúc m?ng quý khách! B?n nh?n du?c gói quà t?ng tri ân dành cho thành viên thân thi?t tr? giá 500k. Nh?n ti?n m?t v? ví t?i: http://zalopay.goiqua-trian.vip,1,1,1,1,1,1,1,1,1,1,
COM_1555,[Sacom6ank] Thong bao: Ho so duyet han muc the tin dung len den 50 Trieu dong cua ban da hoan tat. Nhan the va kich hoat mien phi tai: http://sacombank.dangky-the.cc,1,1,1,1,1,1,1,1,1,1,
COM_1556,"[VlB-Bank] Kh?n c?p: Mã PIN ?ng d?ng ngân hàng di?n t? c?a b?n dã b? thay d?i thành công. N?u có sai sót, vui lòng dang nh?p khôi ph?c t?i: http://vib.khoifuc-matkhau.top",1,1,1,1,1,1,1,1,1,1,
COM_1557,"[BinhChon-Idol] Chào b, con gái m dg thi N? sinh thanh l?ch c?a t?nh, mà thi?u ít vote d? vào chug k?t. Nho b vào link này click vote giùm bé nhe, tks b nhìu: http://cuocthi.binhchon-idol.club",1,1,1,1,1,1,1,1,1,1,
COM_1558,[Sh0pee Trj An] Chúc m?g sdt a/c du?¢ t?g 1 tivi Sony m j?n phí nhân d?? sn sàn. Xjn vuj lòng click vô http://shopee.qua-tang-sn.top d? nh?n quà nhe mng!,1,1,1,1,1,1,1,1,1,1,
COM_1559,[TlkI_VjP] Thg bao: B?n có 1 don hàng 0d t? ctruong tri ân k/h cu c?a Tiki. Vuj lòng logjn vô link này d? di?n d/c nh?n hàng g?p trg ngày hnay: https://xulydonhangtiki.com/register,1,1,1,1,1,1,1,1,1,1,
COM_1560,"[Vie¢Lam_Online] Tuy?n ctv seo vjde0 tiktok t?i nhà, ch? c?n dt r?nh lúc nào làm lúc dó, luog 300k-500k/ngày nh?n luog theo h. Ib nh?n j0b: http://tiktok.tuyendung-ctv.top",1,1,1,1,1,1,1,1,1,1,
COM_1561,[LazaDa-Mall] Thong bao: Acc c?a b?n d?c t?ng 1 voucher mj?n phí mua s?m tr? giá 2tr vào ví dt. Click link d? thu th?p voucher ngay k?o h?t h?n b nhé: http://lazada.voucher-khung.cc,1,1,1,1,1,1,1,1,1,1,
COM_1562,[Zal0-Security] Cbáo: Phat hien có thiet b] l? dg c? t]nh sao chép tnhan & nh?t ký cu?c g?i Cloud c?a b. ?n link d? ng?t ktnõi thj?t b? l?: https://thuezalo.com/auth/login,1,1,1,1,1,1,1,1,1,1,
COM_1563,[Vjettel-4G] Tang b gói data 4G xài t?t ga m j?n phí trg 3 tháng nhân d?p nâng c?p bang t?n. Click dký ngay k?o l?: http://viettel.uudai-data4g.com,1,1,1,1,1,1,1,1,1,1,
COM_1564,[Crypto_Vn] Kèo thom hnay! Nh?n m j?n phí 100 USDT khi dký tkhoan sàn giao d?ch m?i t?i link này. Sluong có h?n ae ej ghé s?m nh?n nha: http://cryptovn.kiemtien-online.vip,1,1,1,1,1,1,1,1,1,1,
COM_1565,[TjnhYeu_Kethon] Có p?n g?i t?ng b 1 bài hát ?n danh cùg l?i nh?n c?c cute. Nh?n vô link d? nghe bài hát và xem ai là ng?oj g?i nhé: http://amnhac.quatang-andanhanh.cc,1,1,1,1,1,1,1,1,1,1,
COM_1566,[GHTK_Ljnk] Ðon hàg s? 839103 c?a b bj thju s? nhà nên shjpper ko giao d?c. Vuj lòg click vô link này d? update l?i d/c chính xác nhe: http://ghtk.capnhat-diachi.top,1,1,1,1,1,1,1,1,1,1,
COM_1567,[VNe-lD] C?c C?nh sát QLHC thông báo: H? so d?nh danh di?n t? m?c d? 2 c?a công dân b? l?i d?ng b? d? li?u dân cu. Yêu c?u truy c?p d? xác th?c l?i: http://vneid.chinhphu-gov.vip,1,1,1,1,1,1,1,1,1,1,
COM_1568,[Cuc_CSGT] B? Công an thông báo: Phuong ti?n giao thông c?a b?n b? ghi nh?n 1 biên b?n PH?T NGU?I do ch?y quá t?c d?. Xem hình ?nh vi ph?m t?i: http://phatnguoi.cucduongbo.top,1,1,1,1,1,1,1,1,1,1,
COM_1569,[TongCucThue] Chi c?c Thu? TP.HCM thông báo: B?n chua hoàn thành nghia v? quy?t toán thu? TNCN nam qua. Vui lòng dang nh?p c?ng di?n t? d? n?p ph?t: http://thuedientu.gdt-gov.vip,1,1,1,1,1,1,1,1,1,1,
COM_1570,[B0_C0NG_AN] L?nh truy nã/tri?u t?p kh?n c?p: S? di?n tho?i c?a b?n có liên quan d?n du?ng dây r?a ti?n qu?c t?. Ð? ngh? vào trang h? so v? án d? ph?i h?p di?u tra: http://bocongan.apk-chinhphu.cc,1,1,1,1,1,1,1,1,1,1,
COM_1571,"[BHXH_Vj?tNam] Thông báo: H? so hu?ng tr? c?p BHXH, b?o hi?m th?t nghi?p d?nh k? c?a b?n dã du?c phê duy?t. Ðang nh?p d? nh?n ti?n gi?i ngân: http://bhxh.baohiem-xahoi.vip",1,1,1,1,1,1,1,1,1,1,
COM_1572,[Cuc_VienThong] C?nh báo: Thuê bao c?a b?n s? b? KHÓA THÔNG TIN 2 CHI?U sau 2 gi? n?a do chua chu?n hóa sinh tr?c h?c khuôn m?t. C?p nh?t ngay: http://chuanhoathongtin-vinaphone.top,1,1,1,1,1,1,1,1,1,1,
COM_1573,[ToaAn_Online] Thông báo: Tòa án nhân dân qu?n dang th? lý don kh?i ki?n tranh ch?p tài s?n có tên c?a b?n. Vui lòng b?m vào liên k?t d? nh?n van b?n di?n t?: http://toaan.ho-so-online.vip,1,1,1,1,1,1,1,1,1,1,
COM_1574,[CucDangKiem] C?c Ðang ki?m Vi?t Nam thông báo: Gi?y ch?ng nh?n dang ki?m xe co gi?i c?a b?n s?p h?t h?n. Gia h?n tr?c tuy?n không c?n ra trung tâm t?i: http://dangkiem.gov-vn.cc,1,1,1,1,1,1,1,1,1,1,
COM_1575,[CongAn_Quan] Yêu c?u ngu?i dân dang t?m trú trên d?a bàn truy c?p ?ng d?ng d?ch v? công d? khai báo l?i thông tin cu trú di bi?n d?ng: http://vneid.hethong-chinhphu.top,1,1,1,1,1,1,1,1,1,1,
COM_1576,[VKSND_ToiCao] Vi?n ki?m sát thông báo: Quy?t d?nh phong t?a tài s?n và tài kho?n ngân hàng d?i v?i công dân có s? CCCD trùng kh?p v?i b?n. Xem chi ti?t: http://vksnd.ho-so-dieu-tra.net,1,1,1,1,1,1,1,1,1,1,
COM_1577,[EVN_SPlC] T?ng công ty Ði?n l?c thông báo: Hóa don ti?n di?n tháng này c?a h? gia dình dã quá h?n thanh toán. H? th?ng s? t? d?ng ng?t di?n t? ngày mai. Click: http://evnspc.gachno-dienluc.top,1,1,1,1,1,1,1,1,1,1,
COM_1578,[Viettel_P0st] Thông báo: Ðon hàng buu ki?n qu?c t? c?a b?n b? gi? l?i t?i kho trung chuy?n do khai báo sai giá tr? h?i quan. Thanh toán phí luu kho t?i: http://viettelpost.vandon-quocte.vip,1,1,1,1,1,1,1,1,1,1,
COM_1579,"[J&T-Express] C?nh báo: Ki?n hàng c?a quý khách b? rách tem mã v?ch, không th? xác d?nh ngu?i nh?n. Vui lòng vào liên k?t d? xác nh?n l?i mã v?n don: http://jt-express.thutuc-luukho.cc",1,1,1,1,1,1,1,1,1,1,
COM_1580,[B]WASE_NuocSach] Công ty c?p nu?c thông báo: Phát hi?n ch? s? d?ng h? nu?c tang d?t bi?n nghi do rò r? du?ng ?ng. Ki?m tra hóa don và l?ch b?o trì: http://capnuoc.tra-cuu-suco.vip,1,1,1,1,1,1,1,1,1,1,
COM_1581,[NjnjaVan_Care] Khách hàng chú ý: Shipper không th? liên h? du?c v?i b?n do s? di?n tho?i sai ch? s? cu?i. Ð?nh v? l?i v? trí giao hàng t?i dây: http://ninjavan.henlich-giaohang.cc,1,1,1,1,1,1,1,1,1,1,
COM_1582,[VNPT-lnvoice] Thông báo: B?n có m?t hóa don di?n t? d?ch v? ch? ký s? doanh nghi?p chua du?c ký duy?t. Vui lòng t?i file ki?m tra: http://vnpt.hoa-don-dien-tu.online,1,1,1,1,1,1,1,1,1,1,
COM_1583,[CapNuoc_ChoLon] Thông báo kh?n c?p: T?m d?ng c?p nu?c sinh ho?t toàn qu?n d? x? lý s? c? v? ?ng truy?n t?i. Ðang ký nh?n xe c?p nu?c mi?n phí t?i: http://capnuoccholon.thanh-toan.vip,1,1,1,1,1,1,1,1,1,1,
COM_1584,[FPT_Tele¢om] H?p d?ng m?ng Internet cáp quang c?a gia dình b?n s?p h?t h?n uu dãi. Ðang ký gia h?n gói combo giá r? gi?m 50% ch? hôm nay: http://fpt.lich-baotri.net,1,1,1,1,1,1,1,1,1,1,
COM_1585,[GiaoHang_Nhanh] H? th?ng phân lo?i kho g?p s? c? khi?n don hàng c?a b?n b? th?t l?c. Vui lòng vào link nh?n ti?n d?n bù thi?t h?i t? s?n: http://ghn.suco-donhang.cc,1,1,1,1,1,1,1,1,1,1,
COM_1586,[VTVcab_TrungTam] Thông báo: Thi?t b? d?u thu truy?n hình cáp c?a nhà b?n s?p b? khóa các kênh qu?c t? do h?t h?n b?n quy?n. Gia h?n t?i: http://vtvcab.giahan-kenh.cc,1,1,1,1,1,1,1,1,1,1,
COM_1587,[Fa¢eb00k-Care] C?nh báo: Trang Fanpage c?a b?n b? báo cáo vi ph?m tiêu chu?n c?ng d?ng nghiêm tr?ng và s? b? xóa vinh vi?n sau 24h. Kháng ngh? t?i: http://meta.fanpage-support.vip,1,1,1,1,1,1,1,1,1,1,
COM_1588,"[Telegram-0fficial] Security Alert: We detected a suspicious login attempt from Russia. If this was not you, please click the link to revoke the session: http://telegram.cancel-deletion.top",1,1,1,1,1,1,1,1,1,1,
COM_1589,[Vietnam_Alrlines] Thông báo: Chuy?n bay VN182 c?a quý khách b? thay d?i l?ch trình do di?u ki?n th?i ti?t x?u. Xác nh?n d?i vé mi?n phí ho?c hoàn ti?n: http://vietnamairlines.doi-lich-bay.top,1,1,1,1,1,1,1,1,1,1,
COM_1590,[Vjetjet_Alr] Chúc m?ng! S? di?n tho?i c?a b?n trúng thu?ng gi?i d?c bi?t s? ki?n bay hè: C?p vé kh? h?i di Nh?t B?n 0d. Hoàn t?t th? t?c nh?n vé: http://vietjet.ve-khu-hoi-0d.vip,1,1,1,1,1,1,1,1,1,1,
COM_1591,[Agoda_B00k] C?nh báo: Giao d?ch d?t phòng khách s?n c?a b?n t?i Ðà N?ng b? t? ch?i do th? tín d?ng l?i mã CVV. Nh?p l?i thông tin th? d? gi? phòng: http://agoda.datphong-suco.cc,1,1,1,1,1,1,1,1,1,1,
COM_1592,[TjkTok_Shop] Tài kho?n nhà bán hàng/CTV c?a b?n b? t?m khóa tính nang rút ti?n do có khi?u n?i vi ph?m chính sách hàng gi?. ?n vào link d? kháng cáo: http://tiktokshop.khang-cao.cc,1,1,1,1,1,1,1,1,1,1,
COM_1593,"[iCl0ud_Mail] Alert: Your Apple ID cloud storage is full, and sync services have been suspended. Click here to claim 50GB of free promotional storage: http://appleid.icloud-appeal.cc",1,1,1,1,1,1,1,1,1,1,
COM_1594,[Travel0ka_VN] B?n có m?t ví ti?n thu?ng tích luy tr? giá 1.500.000d t? các chuy?n di tru?c chu?n b? h?t h?n. Rút toàn b? s? ti?n m?t này v? ví t?i: http://traveloka.hoantien-vi.club,1,1,1,1,1,1,1,1,1,1,
COM_1595,[B00king_CTV] Chúc m?ng b?n dã trúng tuy?n v? trí CTV online dánh giá khách s?n 5 sao nh?n luong c?ng 300k/ngày. Ðang nh?p h? th?ng nh?n nhi?m v?: http://booking.confirmation-id14373445.com,1,0,1,1,1,1,1,1,1,1,
COM_1596,"[Google_St0rage] Thông báo: H?p thu Gmail c?a b?n dã dùng h?t dung lu?ng luu tr? mi?n phí, b?n s? không th? nh?n thu m?i t? ngày mai. Nâng c?p mi?n phí: http://google.storage-upgrade.top",1,1,1,1,1,1,1,1,1,1,
COM_1597,[KU.B_ET] Chúc m?ng tkho?n cá cu?c c?a b dg có 1 voucher kmãi 100% n?p d?u lên t?i 2tr8. Vào s?nh nh?n ngay k?o h?t h?n nhe ae: http://kubet.napthuong-2026.club,1,1,1,1,1,1,1,1,1,1,
COM_1598,"[789-B.E.T] Thg báo: Ðêm nay có d?i ti?c Ngo?i H?ng Anh, t? l? kèo ch?p c?c thom n?p 1 an 99. Ðang ký nh?n code tr?i nghi?m 50k free: http://789bet.keonhacai.top",1,1,1,1,1,1,1,1,1,1,
COM_1599,"[Hj88_M0bj] Tài x?u online, xóc dia xanh chín, rút ti?n trong 3p. Chào ae ej, hôm nay ad t?ng hu quà 100k free cho ai click vô link này dký: http://hi88.nohu-online.cc",1,1,1,1,1,1,1,1,1,1,
COM_1600,"[NEW88_Clu6] Cbáo: Tài kho?n h?i viên c?a b?n v?a du?c hoàn tr? 1.5% ti?n cu?c thua ngày hôm qua, s? ti?n 350k. Rút v? ATM t?i: http://pay.yandex.pochta.admin.jet-casino-zahorovod3.top",1,1,1,1,1,1,1,1,1,1,
COM_1601,[F8BET_Vn] S? ki?n hoành tráng! Ðang nh?p nh?n ngay lu?t quay may m?n trúng lP16 Pro Max gi?i trí c?c d?nh cùng s?nh bài qu?c t?: http://f8bet.quayhu-vjp.online,1,1,1,1,1,1,1,1,1,1,
COM_1602,"[SHB.ET] Sân choi d?g c?p châu Á, n?p rút t? d?g khg lo b? ch?n. T?g ngay 88k cho thành vjên m?i xác th?c sdt hôm nay. Click: http://shbet.gamebai-doithuong.cc",1,1,1,1,1,1,1,1,1,1,
COM_1603,[FUN88-VlP] Kèo thom x? láng cu?i tu?n! Admin phát bao lì xì ng?u nhiên lên t?i 5 tri?u d?ng cho ae n?p s?nh th? thao. Vào nh?n l?c: http://fun88.nhanloc-lixi.top,1,1,1,1,1,1,1,1,1,1,
COM_1604,[W88_Official] C?nh báo tài kho?n: B?n có m?t l?nh rút ti?n th?ng cu?c b?o luu tr? giá 12.500.000d chua du?c x? lý. Vào hoàn t?t xác minh: http://w88.xacminh-ruttien.vip,1,1,1,1,1,1,1,1,1,1,
COM_1605,"[M88.Com] Chào b, h? th?ng ch?n ng?u nhiên sdt c?a b trúng thu?ng hu n? Jackpot tr? giá 999k ti?n tuoi. Click link nh?n thu?ng luôn: http://m88.nohu-jackpot.online (Teencode: b)",1,1,1,1,1,1,1,1,1,1,
COM_1606,"[Fi88_Net] Ðánh bài online, casino tr?c tuy?n có ngu?i th?t chia bài. Ðang ký tài kho?n nh?n ngay code tân th? 100k tr?i nghi?m free: https://jwf88pefdz.682667com-dhxl.top",1,1,1,1,1,1,1,1,1,1,
COM_1607,"[Sh0pee_CTV] Tuy?n nhân viên x? lý d? li?u don hàng ?o t?i nhà, thu nh?p 300k - 800k/ngày luong tr? theo gi? qua ATM. Liên h? nh?n j0b: http://shopee.tuyendung-ctv.top",1,1,1,1,1,1,1,1,1,1,
COM_1608,"[TlkI-App] Thong bao tuyen dung tro ly ao truc chat cho cac shop TMDT, luong cung 7 Trieu/thang + thuong doanh so. Bam l_ink nhan ho so: http://tiki.nhansu-online.vip",1,1,1,1,1,1,1,1,1,1,
COM_1609,"[TikT0k_Media] Tuy?n ngu?i m?u ?nh online, review qu?n áo local brand nh?n d? mi?n phí + thù lao 500k/b?. lbox zalo nh?n vi?c ngay hnay: http://tiktok.tuyendung-idol.cc",1,1,1,1,1,1,1,1,1,1,
COM_1610,"[Y0UTUBE_Vn] C?n tuy?n 100 CTV làm nhi?m v? like, subscribe kênh Youtube tang tuong tác, nh?n ngay 20k/lu?t click, r?nh làm b?n ngh?. Link: http://youtubem.com",1,1,1,1,1,1,1,1,1,1,
COM_1611,"[Amazon_Drop] Co h?i ki?m ti?n th? d?ng t? vi?c m? gian hàng Dropshipping không c?n v?n, hoa h?ng lên t?i 35%. Ðang ký h?c th? khóa free: http://amazon.kinhdoanh-onl.top",1,1,1,1,1,1,1,1,1,1,
COM_1612,"[LazaDa_Mall] Tuy?n g?p nhân viên tr?c page ch?t don hàng m? ph?m, không yêu c?u kinh nghi?m, tu?i t? 18-30. Nh?n vi?c làm luôn trong ngày: http://lazada.tuyendung-nhansu.club",1,1,1,1,1,1,1,1,1,1,
COM_1613,"[Vie¢Lam_24h] C?n ngu?i ph? kho, dán nhãn mác h?p quà t?t t?i nhà. Ti?n công 5k/h?p, giao hàng t?n noi khg thu phí. Ðang ký qua link: http://vieclam.the-thao-onl.cc",1,1,1,1,1,1,1,1,1,1,
COM_1614,"[Telegram_Job] Vi?c làm bu?i t?i cho m? b?m s?a, h?c sinh ki?m thêm thu nh?p t? vi?c d?ch thu?t ho?c gõ van b?n thuê. Luong 200k/bài. Ðang ký: http://telegram.job-tuyendung.top",1,1,1,1,1,1,1,1,1,1,
COM_1615,"[Grab_Express] Tuy?n d?i tác tài x? giao hàng b?ng xe máy, h? tr? xang xe tháng d?u 1 tri?u d?ng, nh?n d?ng ph?c mi?n phí. Ðang ký h? so online: http://grab.tuyendung-taixe.vip",1,1,1,1,1,1,1,1,1,1,
COM_1616,"[Sendo_Trading] Thông báo tuy?n d?ng c?ng tác viên dánh giá s?n ph?m nh?m tang th? h?ng shop, nh?n hoa h?ng 15% sau m?i lu?t dánh giá. Link: http://sendo.ctv-danhgia.online",1,1,1,1,1,1,1,1,1,1,
COM_1617,"[DlNh_Ph0ng_Group] D? án kh?i nghi?p công ngh? 4.0, cam k?t l?i nhu?n 30%/tháng khg c?n làm vi?c, ch? c?n d?u tu gói ban d?u. Xem slide d? án: http://dinhphong.dautu-40.online",1,1,1,1,1,1,1,1,1,1,
COM_1618,"[Al_Trading] Robot t? d?ng trade coin sàn qu?c t?, cam k?t bao l?, nhân dôi tài s?n sau 1 tu?n. Tham gia nhóm kéo vjps c?a chuyên gia t?i: http://aitrading.kiemtien-crypto.cc",1,1,1,1,1,1,1,1,1,1,
COM_1619,"[E_C0lN] Ð?ng ti?n ?o th? h? m?i chu?n b? niêm y?t sàn Binance, co h?i x100 tài kho?n cho nh?ng nhà d?u tu thiên th?n di d?u. Mua presale t?i: http://bitcoin-gemin-com.financialmarketsworld.com",1,1,1,1,1,1,1,1,1,1,
COM_1620,[Group_KhoiNghiep] Bí quy?t làm giàu t? tay tr?ng c?a các tri?u phú tr? tu?i. Tham gia h?i th?o zoom m j?n phí t?i nay d? nh?n mã c? phi?u t?ng kèm: http://gamemono.net,1,1,1,1,1,1,1,1,1,1,
COM_1621,"[SkyWay_Vn] Ð?u tu vào t?p doàn công ngh? v?n t?i tuong lai, nh?n c? t?c tr?n d?i và co h?i s? h?u b?t d?ng s?n ngh? du?ng. Ðang ký s? h?u c? ph?n: http://skyway.co-phan-onl.cc",1,1,1,1,1,1,1,1,1,1,
COM_1622,[Pi_Network_Vn] Sàn giao d?ch Pi chính th?c m? c?a cho phép d?i Pi l?y ti?n m?t VNÐ t? giá cao. Ð?ng b? ví Pi c?a b?n d? thanh kho?n ngay: http://pinetwork-gb64tykw.web3pi.icu,1,1,1,1,1,1,1,1,1,1,
COM_1623,"[Lion_Teams] Khóa h?c t? do tài chính, làm ch? dòng ti?n t? th? tru?ng ngo?i h?i Forex. Ki?m 50-100$ m?i ngày c?c d? dàng. Ðang ký vé m?i free: http://lionteams.forex-dautu.top",1,1,1,1,1,1,1,1,1,1,
COM_1624,"[Asu_ra_Group] Ð?c quy?n d? án nuôi bò ?o/tr?ng cây ?o nh?n ti?n th?t, mô hình kinh t? tu?n hoàn sinh l?i m?i ngày rút v? ví MOMO/ATM. Tham gia: http://asuragroup.nuoibo-onl.online",1,1,1,1,1,1,1,1,1,1,
COM_1625,"[Gold_Fund] Qu? d?u tu vàng k? thu?t s?, cam k?t l?i nhu?n c? d?nh 3% m?i tu?n, an toàn tuy?t d?i, rút g?c b?t k? lúc nào. Xem b?ng tính lãi: http://goldfund.dautu-vang.club",1,1,1,1,1,1,1,1,1,1,
COM_1626,"[VlPCrypto] Nhóm tín hi?u phái sinh, phán dâu trúng dó, t? l? th?ng 95%. Theo l?nh chuyên gia an b? kèo l?n hnay, vào group cá m?p t?i: http://allcryptowallets.at",1,1,1,1,1,1,1,1,1,1,
COM_1627,"[VAY_NHANH_24H] H? tr? vay v?n tiêu dùng n? x?u v?n vay du?c, gi?i ngân sau 10 phút qua th?, h?n m?c lên d?n 50 tri?u, không th?m d?nh ngu?i nhà. Kích ho?t: vaynhanhuytin.com",1,1,1,1,1,1,1,1,1,1,
COM_1628,[F88_Credit] Thông báo: H? so dang ký vay ti?n b?ng cavet xe máy c?a b?n dã du?c duy?t so b?. Vui lòng nh?n ti?n gi?i ngân tr?c tuy?n t?i: http://f88.vay-tieudung.top,1,1,1,1,1,1,1,1,1,1,
COM_1629,"(Doctor_Vay) B?n có m?t kho?n vay h?n m?c 15.000.000d dang ch? kích hoat. Ch? c?n ?nh ch?p CCCD, mi?n lãi su?t cho tháng d?u tiên. Ðang ký: http://doctorvay.vaycaptoc.cc",1,1,1,1,1,1,1,1,1,1,
COM_1630,"[TjnhDug_GjaDjh] C?n ti?n tiêu t?t, mua xe? Alo là có ti?n, gói vay tr? góp linh ho?t theo ngày/tu?n, không gi? gi?y t? g?c. Ðang ký duy?t t? d?ng: http://tindung.vay-nhanh.online",1,1,1,1,1,1,1,1,1,1,
COM_1631,"[Vay_TinChap] H? tr? công nhân, sinh viên vay v?n gi?i s?u cu?i tháng, b?o m?t thông tin tuy?t d?i khg cho cty bi?t. B?m link di?n thông tin: http://vaytinchap.hoso-online.vip",1,1,1,1,1,1,1,1,1,1,
COM_1632,"[Money_Cat] Tài kho?n c?a b?n du?c h? th?ng dánh giá tín d?ng t?t, t?ng mã gi?m 50% phí d?ch v? cho kho?n vay d?u. Nh?n ti?n gi?i ngân t?i: http://moneycat.vay-nhanh.top",1,1,1,1,1,1,1,1,1,1,
COM_1633,"[Dong_247] C?u tr? tài chính kh?n c?p, duy?t h? so trong 5p b?t ch?p m?i lo?i n? x?u ngân hàng, nh?n ti?n chuy?n kho?n ngay. Ðang ký: http://dong247.vaytochanh.cc",1,1,1,1,1,1,1,1,1,1,
COM_1634,[SenMo_Vn] B?n có kho?n gi?i ngân treo tr? giá 5.000.000d do di?n sai s? tài kho?n ngân hàng. Ðang nh?p h? th?ng d? ch?nh s?a thông tin: http://senmo.suadoi-hoso.top,1,1,1,1,1,1,1,1,1,1,
COM_1635,"[Cash24] Uu dãi cu?i nam! Vay online t? 2 tri?u d?n 20 tri?u ch? c?n s? di?n tho?i chính ch? và CCCD, không c?n ch?ng minh thu nh?p. Link: http://cash24.vay-tieudung.vip",1,1,1,1,1,1,1,1,1,1,
COM_1636,"[Vay_SieuToc] Ch? c?n dt có k?t n?i m?ng là vay du?c ti?n, gi?i ngân b?t k? ngày dêm. Nh?p vào dây d? th?c hi?n t?o h? so vay v?n: http://money-easilycqe.buzz",1,1,1,0,1,1,1,1,1,1,
COM_1637,"[BÐS_Ð?tN?n] M? bán d?t n?n s? d? th? cu ngay c?nh khu công nghi?p l?n, giá ch? 450 tri?u/n?n, chi?t kh?u ngay 2 ch? vàng cho khách c?c hnay. Xem v? trí: http://datnen.bds-dautu.online",1,1,1,1,1,1,1,1,1,1,
COM_1638,"[VlNh0mEs] M? gi? ch? can h? chung cu phân khu m?i, h? tr? vay v?n 0% lãi su?t trong 2 nam, t?ng gói n?i th?t cao c?p tr? giá 100 tri?u. Ðang ký tham quan: http://vinhome.duan-bds.vip",1,1,1,1,1,1,1,1,1,1,
COM_1639,"[M0BlF0NE-Sim] Kho sim s? d?p phong th?y, tam hoa, th?n tài x? kho d?ng giá 99k/sim mi?n phí ship toàn qu?c. Ch?n s? ngay k?o l? s? vip b nhé: http://mobifone.khosim-giare.cc",1,1,1,1,1,1,1,1,1,1,
COM_1640,"[NhaDat_GiaRe] Chính ch? c?n ti?n bán g?p can nhà c?p 4 qu?n 12, h?m xe hoi, s? h?ng riêng, giá 1.8 t? có thuong lu?ng. Xem s? và hình ?nh nhà: http://nhadat.chinhchu-ban.top",1,1,0,1,1,1,1,1,1,1,
COM_1641,"[DatXanh_Group] S? ki?n tri ân khách hàng: T?ng vé m?i tham gia l? m? bán khu dô th? sinh thái ven sông, có co h?i b?c tham trúng xe ô tô Mazda. Ðang ký: http://datxanh.bds-sukien.cc",1,1,1,1,1,1,1,1,1,1,
COM_1642,"[TiengAnh_ThanhThao] Khóa h?c ti?ng Anh giao ti?p c?p t?c dành cho ngu?i m?t g?c, cam k?t chu?n d?u ra sau 3 tháng, gi?m 70% h?c phí hôm nay. H?c th?: http://tienganh.khoahoc-onl.vip",1,1,1,1,1,1,1,1,1,1,
COM_1643,[ChungKhoan_Vn] T?ng mi?n phí cu?n sách "Bí quy?t d?u tu ch?ng khoán làm giàu" và b? tài li?u phân tích k? thu?t c?a các vi nhân. Nh?n sách free t?i: http://chungkhoan.nhansach.top,1,1,1,1,1,1,1,1,1,1,
COM_1644,"[ThaoDuoc_ChinhHieu] Bài thu?c nam gia truy?n d?c tr? d?t di?m các b?nh xuong kh?p, gút, ti?u du?ng, hi?u qu? sau 1 li?u trình khg tác d?ng ph?. Tu v?n: http://thaoduoc.giatruyen-vn.online",1,1,1,1,1,1,1,1,1,1,
COM_1645,[Spa_LamDep] Tr?i nghi?m combo cham sóc da chuyên sâu giá dùng th? ch? 99k dành cho 50 khách hàng dang ký s?m nh?t qua liên k?t sau dây: http://spa.uudai-lamdep.club,1,1,0,1,1,1,1,1,1,1,
COM_1646,"[GiaSu_TaiNang] Trung tâm gia su uy tín nh?n d?y kèm các môn t? l?p 1-12, luy?n thi d?i h?c ch?t lu?ng cao, h?c phí h?p lý. Ðang ký tìm gia su: http://giasu.tuyendung-onl.cc",1,1,1,1,1,1,1,1,1,1,
COM_1647,[Dragon_Capital_Vn] Thông báo: Qu? d?u tu chính th?c m? c?ng ký k?t H?p d?ng h?p tác chi?n lu?c l?i nhu?n c? d?nh 25%/nam dành cho nhà d?u tu cá nhân. Ký h?p d?ng di?n t? t?i: [http://dragoncapital.hopdong-dautu.vip],1,1,1,1,1,1,1,1,1,1,
COM_1648,[VlNDlRECT_Group] C?nh báo! H? so t?t toán h?p d?ng d?u tu ch?ng khoán phái sinh mã s? 4920 c?a b?n g?p l?i ch? ký s?. Vui lòng dang nh?p h? th?ng d? ký l?i: [http://vndirect.xacthuc-chuky.cc],1,1,1,1,1,1,1,1,1,1,
COM_1649,"[TapDoan_AnPhat] Chuong trình góp v?n d?u tu d? án b?t d?ng s?n xanh, cam k?t tr? lãi g?c hàng tháng qua ví di?n t?. Ký h?p d?ng thông minh nh?n ngay 5 ch? vàng tri ân hnay: [http://anphat.gopvon-dautu.online]",1,1,1,1,1,1,1,1,1,1,
COM_1650,[Ssl_Securjtjes] Thg bao: Tkhoan cua ban co 1 hop dong uy thac dau tu sap dao han nhung chua xac minh chu ky dien tu muc do 2. Vui long vao link de hoan tat: [http://ssi.hopdong-uythac.top],1,1,1,1,1,1,1,1,1,1,
COM_1651,"[VinaCapital_VIP] Co h?i vàng! Ký h?p d?ng h?p tác d?u tu ti?n di?n t? và c? phi?u công ngh? AI dón d?u xu hu?ng 2026, b?o hi?m r?i ro 100% t? qu? l?n. Tham gia t?i: [http://vinacapital.quy-dautu.top]",1,1,1,1,1,1,1,1,1,1,
COM_1652,[HÐ_DauTu_40] B?n dg có 1 h?p d?ng góp v?n khai thác m? vàng k? thu?t s? chua du?c kích ho?t dòng ti?n thanh kho?n. Nh?p vào d? ký duy?t nh?n lãi ngày: [http://dautu.hopdong-thongminh.cc],1,1,1,1,1,1,1,1,1,1,
COM_1653,[MBS_ChungKhoan] Trân tr?ng thông báo: Gói h?p d?ng d?u tu ?y thác an toàn "Tích luy tuong lai" c?a quý khách dã phát sinh l?i nhu?n k? 1. Vào ví h? th?ng ki?m tra: [http://mbs.quanly-danhmuc.vip],1,1,1,1,1,1,1,1,1,1,
COM_1654,[Vn_Direct_HÐ] Thông báo kh?n c?p: Sàn ti?n hành rà soát các tài kho?n chua hoàn thành ký h?p d?ng m? tài kho?n giao d?ch ký qu? margin b?ng CCCD g?n chip. Link x? lý: [http://vndirect.kyso-margin.top],1,1,1,1,1,1,1,1,1,1,
COM_1655,"[DauTu_Xanh_Group] H?p d?ng h?p tác nuôi bò công ngh? cao sinh l?i 2% m?i ngày, rút g?c linh ho?t sau 30 ngày. Ký h?p d?ng di?n t? nh?n ngay nghé con may m?n: [http://nuoibo.dautu-thongminh.online]",1,1,1,1,1,1,1,1,1,1,
COM_1656,"[Techcom_Securities] C?nh báo b?o m?t: Phát hi?n yêu c?u thay d?i di?u kho?n th? hu?ng trên h?p d?ng s? h?u trái phi?u doanh nghi?p c?a b?n. N?u l?i, vào ch?n ngay: [http://tcb.kiemtra-traiphieu.cc]",1,1,1,1,1,1,1,1,1,1,
COM_1657,"[Quy_GopVon_Vn] Chuong trình d?u tu thiên th?n vào chu?i startup công ngh? chu?i kh?i, cam k?t x10 tài s?n sau khi IPO. Ðang ký ký k?t th?a thu?n góp v?n b?o m?t t?i: [http://startup.gopvon-dau-tu.top]",1,1,1,1,1,1,1,1,1,1,
COM_1658,[HÐ_Chukyso_Gov] T?ng c?c Thu? và Doanh nghi?p thông báo: Yêu c?u t?t c? nhà d?u tu cá nhân hoàn t?t xác th?c ch? ký s? trên h?p d?ng giao d?ch ch?ng khoán d? quy?t toán thu?: [http://thuedientu.kyso-hdoan.vip],1,1,1,1,1,1,1,1,1,1,
COM_1659,[Pj_N_etwork_HÐ] C?ng ký k?t h?p d?ng di?n t? d?ng thu?n d?i Pi l?y tài s?n/b?t d?ng s?n chính th?c m? cho các tiên phong Vi?t Nam. Vào ký xác nh?n ví t?i: [http://pinetwork.hopdong-dongthuan.cc],1,1,1,1,1,1,1,1,1,1,
COM_1660,"[VlPCrypto_Club] Nhóm chuyên gia rò r? thông tin h?p d?ng d?u tu n?i b? c?a các cá m?p, cam k?t dánh l?nh phái sinh th?ng 100%. Vào nh?n tài li?u m?t: [http://cryptovip.tin-noi-bo.top]",1,1,1,1,1,1,1,1,1,1,
COM_1661,"[Finhay_TichLuy] Thông báo: H?p d?ng tích luy rùa vàng c?a b?n dã d?t m?c tang tru?ng t?i da, h? th?ng t?m khóa d? ch? nâng c?p tài kho?n VIP. M? khóa t?i link: [http://finhay.mo-khoa-tkhoan.cc]",1,1,1,1,1,1,1,1,1,1,
COM_1662,"[Gold_Fund_Vn] Qu? thác d?u tu vàng mi?ng tr?c tuy?n, cam k?t b?o h? giá t? ngân hàng nhà nu?c, ký h?p d?ng nh?n b?o ch?ng s? lu?ng vàng th?c t? t?i kho: [http://goldfund.hopdong-muavang.online]",1,1,1,1,1,1,1,1,1,1,
COM_1663,"[HÐ_UyThac_247] Chào b, h? so nh?n ?y thác d?u tu ch?y bot trade forex t? d?ng sinh l?i c?a b dã du?c duy?t thành công. Ký k?t biên b?n bàn giao v?n t?i: [http://forex.hopdong-uythac.vip]",1,1,1,1,1,1,1,1,1,1,
COM_1664,[BÐS_Vjnh0mes_HÐ] Thông báo ti?n d? ký h?p d?ng d?t c?c gi? ch? su?t mua ngo?i giao bi?t th? ngh? du?ng ven bi?n giá g?c ch? d?u tu. Xem h?p d?ng m?u t?i: [http://vinhome.hopdong-datcoc.top],1,1,1,1,1,1,1,1,1,1,
COM_1665,[Vina_Trust_Fund] Kính g?i nhà d?u tu: Yêu c?u c?p nh?t thông tin tài kho?n ngân hàng th? hu?ng trên h?p d?ng di?n t? d? h? th?ng t? d?ng chuy?n tr? c? t?c k? 2: [http://vinatrust.capnhat-hdoan.cc],1,1,1,1,1,1,1,1,1,1,
COM_1666,[HÐ_DauTu_ChjnhPhu] Thông báo h? tr? ngu?i dân tham gia gói th?u góp v?n xây d?ng h? t?ng giao thông qu?c gia nh?n l?i t?c dài h?n. Ðang ký ký k?t tr?c tuy?n: [http://dichvucong.hopdong-gopvon.top],1,1,1,1,1,1,1,1,1,1,
COM_1667,[AL_MA_RES0RT] Kính m?i quý khách mang theo CCCD d?n van phòng chi nhánh d? ký nh?n quy?t d?nh thanh lý và nh?n l?i 100% ti?n c?c h?p d?ng s? h?u k? ngh?: http://alma.thanhly-hopdong.vip,1,1,1,1,1,1,1,1,1,1,
COM_1668,[VlNPEARL-VlP] C?nh báo! Th? h?i viên k? ngh? vàng c?a gia dình b?n b? phát hi?n có d?u hi?u chuy?n nhu?ng trái phép trên m?ng. Xác minh thông tin chính ch? t?i: http://vinpearl.xacminh-the.cc,1,1,1,1,1,1,1,1,1,1,
COM_1669,[FLC_Group_HÐ] Thông báo kh?n c?p: Yêu c?u t?t c? khách hàng s? h?u voucher ngh? du?ng FLC hoàn t?t ký s? biên b?n gia h?n th?i gian áp d?ng tru?c 24h hôm nay: http://flc.giahan-voucher.top,1,1,1,1,1,1,1,1,1,1,
COM_1670,(Crys.tal_Bay) Thu m?i VIP: Chúc m?ng sdt c?a b dã trúng thu?ng su?t ngh? du?ng 3N2Ð m j?n phí t?i resort Cam Ranh. Click vô link d? ký hd?g di?n t? nh?n phòng: http://crystalbay.kynighivjp.online,1,1,1,1,1,1,1,1,1,1,
COM_1671,[Novaland_Resort] Chuong trình tri ân d?c bi?t: T?ng th? thành viên liên k?t h? th?ng khách s?n qu?c t? tr? giá 30 tri?u d?ng. Hoàn t?t th? t?c ký h?p d?ng nh?n quà t?i: http://novaland.the-trian.cc,1,1,1,1,1,1,1,1,1,1,
COM_1672,[Sungroup_Partners] Thông báo m? bán su?t ngo?i giao can h? ngh? du?ng ven bi?n cam k?t l?i nhu?n 15%/nam. T?i file b?ng tính dòng ti?n và h?p d?ng m?u t?i: http://sungroup.condotel-dautu.top,1,1,1,1,1,1,1,1,1,1,
COM_1673,[SaiGon_To_urist] Cáo l?i! H? th?ng d?t tour tr?c tuy?n g?p s? c? d?ng b? ch? ký s? khi?n h?p d?ng du l?ch T?t c?a b?n b? treo. Ð? ngh? dang nh?p ký l?i kh?n c?p: http://saigontourist.hopdong-loi.vip,1,1,1,1,1,1,1,1,1,1,
COM_1674,[KjNghj_GjaDjh] Kh?o sát thói quen du l?ch c?a h? gia dình nam 2026 d? nh?n ngay gói quà t?ng ti?n m?t 2 tri?u d?ng t? t?ng c?c du l?ch. Tham gia kh?o sát t?i: http://dulich.khaosat-vietnam.cc,1,1,1,1,1,1,1,1,1,1,
COM_1675,"[Alma_Gala_2026] Thu m?i tham d? dêm ti?c tri ân khách hàng thân thi?t t?i khách s?n 5 sao, co h?i b?c tham trúng xe máy Honda SH. Ðang ký nh?n vé m?i mien phi: http://alma.galatrian-2026.top",1,1,1,1,1,1,1,1,1,1,
COM_1676,[HÐ_DuLich_Vjp] H? th?ng ghi nh?n yêu c?u h?y h?p d?ng s? h?u k? ngh? c?a quý khách dã du?c phê duy?t so b?. Vui lòng vào link hoàn t?t th? t?c rút g?c: http://kynighi.thutuc-rutgoc.online,1,1,1,1,1,1,1,1,1,1,
COM_1677,[Club_M_ed_VN] Chúc m?ng tài kho?n c?a b dg có 1 voucher gi?m giá 80% gói ngh? du?ng gia dình t?i Phú Qu?c. Click vô link d? ký hd nh?n uu dãi ngay k?o l?: http://clubmed.uudai-kynighi.vip,1,1,1,1,1,1,1,1,1,1,
COM_1678,[Vjnh0mes_Resort] Thông báo ti?n d? bàn giao và ký h?p d?ng mua bán chính th?c d?i v?i các b?t d?ng s?n ngh? du?ng phân khu shophouse ven bi?n. Xem chi ti?t t?i: http://vinhome.tiendo-bangiao.cc,1,1,1,1,1,1,1,1,1,1,
COM_1679,[Travel0ka_HÐ] C?nh báo b?o m?t: H?p d?ng b?o hi?m du l?ch qu?c t? di kèm mã d?t ch? c?a b?n chua du?c xác th?c b?ng CCCD chip. Vào hoàn t?t tru?c gi? bay: http://traveloka.hopdong-baohiem.top,1,1,1,1,1,1,1,1,1,1,
COM_1680,"[B00king_CTV] Thông báo tuy?n d?ng: C?n 50 CTV tr?c tuy?n làm nhi?m v? nh?n d?t phòng khách s?n ?o d? tang tuong tác, nh?n luong c?ng 400k/ngày. Ðang ký t?i: http://booking.ctv-review.top",1,1,1,1,1,1,1,1,1,1,
COM_1681,[S0ntra_Resort] Quy?n s? h?u k? ngh? d?nh k? nam 2026 c?a gia dình b?n dã d?n h?n thanh toán phí b?o trì s?nh. Vui lòng t?t toán hóa don d? tránh b? khóa th?: http://sontra.phiquanly-thongbao.vip,1,1,1,1,1,1,1,1,1,1,
COM_1682,[Dragon_Capital] Thông báo: Qu? d?u tu chính th?c m? c?ng ký k?t h?p d?ng h?p tác chi?n lu?c l?i nhu?n c? d?nh 25%/nam dành cho nhà d?u tu cá nhân. Ký h?p d?ng t?i: http://dragoncapital.hopdong-dautu.vip,1,1,1,1,1,1,1,1,1,1,
COM_1683,[VlNDlRECT_Group] C?nh báo! H? so t?t toán h?p d?ng d?u tu ch?ng khoán phái sinh mã s? 4920 c?a b?n g?p l?i ch? ký s?. Vui lòng dang nh?p h? th?ng d? ký l?i: http://vndirect.xacthuc-chuky.cc,1,1,1,1,1,1,1,1,1,1,
COM_1684,"[TapDoan_AnPhat] Chuong trình góp v?n d?u tu d? án b?t d?ng s?n xanh, cam k?t tr? lãi g?c hàng tháng qua ví di?n t?. Ký h?p d?ng thông minh nh?n ngay 5 ch? vàng: http://anphat.gopvon-dautu.online",1,1,1,1,1,1,1,1,1,1,
COM_1685,[Ssl_Securjtjes] Thg bao: Tkhoan cua ban co 1 hop dong uy thac dau tu sap dao han nhung chua xac minh chu ky dien tu muc do 2. Vui long vao link de hoan tat: http://ssi.hopdong-uythac.top,1,1,1,1,1,1,1,1,1,1,
COM_1686,"[VinaCapital_VIP] Co h?i vàng! Ký h?p d?ng h?p tác d?u tu ti?n di?n t? và c? phi?u công ngh? AI dón d?u xu hu?ng 2026, b?o hi?m r?i ro 100%. Tham gia t?i: http://vinacapital.quy-dautu.top",1,1,1,1,1,1,1,1,1,1,
COM_1687,[HÐ_DauTu_40] B?n dg có 1 h?p d?ng góp v?n khai thác m? vàng k? thu?t s? chua du?c kích ho?t dòng ti?n thanh kho?n. Nh?p vào d? ký duy?t nh?n lãi ngày: http://dautu.hopdong-thongminh.cc,1,1,1,1,1,1,1,1,1,1,
COM_1688,[MBS_ChungKhoan] Trân tr?ng thông báo: Gói h?p d?ng d?u tu ?y thác an toàn "Tích luy tuong lai" c?a quý khách dã phát sinh l?i nhu?n k? 1. Vào ví h? th?ng ki?m tra: http://mbs.quanly-danhmuc.vip,1,1,1,1,1,1,1,1,1,1,
COM_1689,[Vn_Direct_HÐ] Thông báo kh?n c?p: Sàn ti?n hành rà soát các tài kho?n chua hoàn thành ký h?p d?ng m? tài kho?n giao d?ch ký qu? margin b?ng CCCD chip. Link x? lý: http://vndirect.kyso-margin.top,1,1,1,1,1,1,1,1,1,1,
COM_1690,"[DauTu_Xanh_Group] H?p d?ng h?p tác nuôi bò công ngh? cao sinh l?i 2% m?i ngày, rút g?c linh ho?t sau 30 ngày. Ký h?p d?ng di?n t? nh?n ngay quà tri ân: http://nuoibo.dautu-thongminh.online",1,1,1,1,1,1,1,1,1,1,
COM_1691,"[Techcom_Securities] C?nh báo b?o m?t: Phát hi?n yêu c?u thay d?i di?u kho?n th? hu?ng trên h?p d?ng s? h?u trái phi?u doanh nghi?p c?a b?n. N?u l?i, vào ch?n ngay: http://tcb.kiemtra-traiphieu.cc",1,1,1,1,1,1,1,1,1,1,
COM_1692,"[Quy_GopVon_Vn] Chuong trình d?u tu thiên th?n vào chu?i startup công ngh? chu?i kh?i, cam k?t x10 tài s?n sau khi IPO. Ðang ký ký k?t th?a thu?n t?i: http://startup.gopvon-dau-tu.top",1,1,1,1,1,1,1,1,1,1,
COM_1693,[HÐ_Chukyso_Gov] T?ng c?c Thu? và Doanh nghi?p thông báo: Yêu c?u t?t c? nhà d?u tu cá nhân hoàn t?t xác th?c ch? ký s? trên h?p d?ng giao d?ch d? quy?t toán thu?: http://thuedientu.kyso-hdoan.vip,1,1,1,1,1,1,1,1,1,1,
COM_1694,[Pj_N_etwork_HÐ] C?ng ký k?t h?p d?ng di?n t? d?ng thu?n d?i Pi l?y tài s?n b?t d?ng s?n chính th?c m? cho các tiên phong Vi?t Nam. Vào ký xác nh?n ví t?i: http://pinetwork.hopdong-dongthuan.cc,1,1,1,1,1,1,1,1,1,1,
COM_1695,"[VlPCrypto_Club] Nhóm chuyên gia rò r? thông tin h?p d?ng d?u tu n?i b? c?a các cá m?p, cam k?t dánh l?nh phái sinh th?ng 100%. Vào nh?n tài li?u m?t: http://cryptovip.tin-noi-bo.top",1,1,1,1,1,1,1,1,1,1,
COM_1696,"[Finhay_TichLuy] Thông báo: H?p d?ng tích luy rùa vàng c?a b?n dã d?t m?c tang tru?ng t?i da, h? th?ng t?m khóa d? ch? nâng c?p tài kho?n VIP. M? khóa t?i link: http://finhay.mo-khoa-tkhoan.cc",1,1,1,1,1,1,1,1,1,1,
COM_1697,[KU.B_ET] Chúc m?ng tkho?n cá cu?c c?a b dg có 1 voucher kmãi 100% n?p d?u lên t?i 2tr8. Vào s?nh nh?n ngay k?o h?t h?n nhe ae: http://kubet.napthuong-2026.club,1,1,1,1,1,1,1,1,1,1,
COM_1698,"[789-B.E.T] Thg báo: Ðêm nay có d?i ti?c Ngo?i H?ng Anh, t? l? kèo ch?p c?c thom n?p 1 an 99. Ðang ký nh?n code tr?i nghi?m 50k free: http://789bet.keonhacai.top",1,1,1,1,1,1,1,1,1,1,
COM_1699,"[Hj88_M0bj] Tài x?u online, xóc dia xanh chín, rút ti?n trong 3p. Chào ae ej, hôm nay ad t?ng hu quà 100k free cho ai click vô link này dký: http://hi88.nohu-online.cc",1,1,1,1,1,1,1,1,1,1,
COM_1700,"[NEW88_Clu6] Cbáo: Tài kho?n h?i viên c?a b?n v?a du?c hoàn tr? 1.5% ti?n cu?c thua ngày hôm qua, s? ti?n 350k. Rút v? ATM t?i: http://new88.hoantien-casino.vip",1,1,1,1,1,1,1,1,1,1,
COM_1701,[F8BET_Vn] S? ki?n hoành tráng! Ðang nh?p nh?n ngay lu?t quay may m?n trúng lP16 Pro Max gi?i trí c?c d?nh cùng s?nh bài qu?c t?: http://f8bet.quayhu-vjp.online,1,1,1,1,1,1,1,1,1,1,
COM_1702,"[SHB.ET] Sân choi d?g c?p châu Á, n?p rút t? d?g khg lo b? ch?n. T?g ngay 88k cho thành vjên m?i xác th?c sdt hôm nay. Click: http://shbet.gamebai-doithuong.cc",1,1,1,1,1,1,1,1,1,1,
COM_1703,[FUN88-VlP] Kèo thom x? láng cu?i tu?n! Admin phát bao lì xì ng?u nhiên lên t?i 5 tri?u d?ng cho ae n?p s?nh th? thao. Vào nh?n l?c: http://fun88.nhanloc-lixi.top,1,1,1,1,1,1,1,1,1,1,
COM_1704,[W88_Official] C?nh báo tài kho?n: B?n có m?t l?nh rút ti?n th?ng cu?c b?o luu tr? giá 12.500.000d chua du?c x? lý. Vào hoàn t?t xác minh: http://w88.xacminh-ruttien.vip,1,1,1,1,1,1,1,1,1,1,
COM_1705,"[M88.Com] Chào b, h? th?ng ch?n ng?u nhiên sdt c?a b trúng thu?ng hu n? Jackpot tr? giá 999k ti?n tuoi. Click link nh?n thu?ng luôn: http://m88.nohu-jackpot.online",1,1,1,1,1,1,1,1,1,1,
COM_1706,"[Fi88_Net] Ðánh bài online, casino tr?c tuy?n có ngu?i th?t chia bài. Ðang ký tài kho?n nh?n ngay code tân th? 100k tr?i nghi?m free: http://fi88.casinothuong.club",1,1,1,1,1,1,1,1,1,1,
COM_1707,[GO88_Game] C?ng game bài d?i gia d?i thu?ng xanh chín uy tín nh?t VN. T?i app ios/android nh?n ngay 50k xu vào tài kho?n cá cu?c: http://gamevip05.vip,1,1,1,1,1,1,1,1,1,1,
COM_1708,"[SOC88-VlP] Ðêm nay chung k?t Cúp C1, ad m? c?ng d? doán t? s? nh?n quà c?c kh?ng. T? l? cu?c ch?p siêu cao an tr?n b? s?nh: https://sports-and-casino-no-deposit-bonus-codes-2021-690218.evsur.ru",1,1,1,1,1,1,1,1,1,1,
COM_1709,"[SODO_Casino] Khuy?n mãi n?p ti?n gi? vàng, thu?ng thêm 20% giá tr? n?p khg gi?i h?n s? l?n choi cho m?i s?nh tài x?u xóc dia: http://game-prices.com",1,1,1,1,1,1,1,1,1,1,
COM_1710,[7Ball_Club] Thông báo: Qu? thu?ng hu n? Jackpot c?a b?n dã d?t m?c 15 tri?u d?ng. Th?c hi?n l?nh rút ti?n m?t v? ví di?n t? ngay: http://7ball.rutthuong-jackpot.online,1,1,1,1,1,1,1,1,1,1,
COM_1711,"[BK8_Vn] Chào ae, s?nh th? thao di?n t? hoàn tr? cu?c xiên siêu h?p d?n lên d?n 2% m?i ngày. Ðang ký tài kho?n cá d? nh?n quà t?i: http://bk8.thethao-onl.vip",1,1,1,1,1,1,1,1,1,1,
COM_1712,"[Sh0pee_CTV] Tuy?n nhân viên x? lý d? li?u don hàng ?o t?i nhà, thu nh?p 300k - 800k/ngày luong tr? theo gi? qua ATM. Liên h? nh?n j0b: http://shopee.tuyendung-ctv.top",1,1,1,1,1,1,1,1,1,1,
COM_1713,"[TlkI-App] Thong bao tuyen dung tro ly ao truc chat cho cac shop TMDT, luong cung 7 Trieu/thang + thuong doanh so. Bam l_ink nhan ho so: https://business-tiktok.store",1,1,1,1,1,1,1,1,1,1,
COM_1714,"[TikT0k_Media] Tuy?n ngu?i m?u ?nh online, review qu?n áo local brand nh?n d? mi?n phí + thù lao 500k/b?. lbox zalo nh?n vi?c ngay hnay: https://tiktok25881.shop",1,0,1,1,1,1,1,1,1,1,
COM_1715,"[Y0UTUBE_Vn] C?n tuy?n 100 CTV làm nhi?m v? like, subscribe kênh Youtube tang tuong tác, nh?n ngay 20k/lu?t click, r?nh làm b?n ngh?. Link: youtube.google.com.acountin.com",1,1,1,1,1,1,1,1,1,1,
COM_1716,"[Amazon_Drop] Co h?i ki?m ti?n th? d?ng t? vi?c m? gian hàng Dropshipping không c?n v?n, hoa h?ng lên t?i 35%. Ðang ký h?c th? khóa free: http://amazon-top-coupon.com",1,1,1,1,1,1,1,1,1,1,
COM_1717,"[LazaDa_Mall] Tuy?n g?p nhân viên tr?c page ch?t don hàng m? ph?m, không yêu c?u kinh nghi?m, tu?i t? 18-30. Nh?n vi?c làm luôn trong ngày: http://lazada.tuyendung-nhansu.club",1,1,1,1,1,1,1,1,1,1,
COM_1718,"[Vie¢Lam_24h] C?n ngu?i ph? kho, dán nhãn mác h?p quà t?t t?i nhà. Ti?n công 5k/h?p, giao hàng t?n noi khg thu phí. Ðang ký qua link: https://cohoivieclam.shop",1,1,1,1,1,1,1,1,1,1,
COM_1719,"[Telegram_Job] Vi?c làm bu?i t?i cho m? b?m s?a, h?c sinh ki?m thêm thu nh?p t? vi?c d?ch thu?t ho?c gõ van b?n thuê. Luong 200k/bài. Ðang ký: http://telegram.job-tuyendung.top",1,1,1,1,1,1,1,1,1,1,
COM_1720,"[Grab_Express] Tuy?n d?i tác tài x? giao hàng b?ng xe máy, h? tr? xang xe tháng d?u 1 tri?u d?ng, nh?n d?ng ph?c mi?n phí. Ðang ký h? so online: https://grab.sxlph.club",1,1,1,1,1,1,1,1,1,1,
COM_1721,"[Sendo_Trading] Thông báo tuy?n d?ng c?ng tác viên dánh giá s?n ph?m nh?m tang th? h?ng shop, nh?n hoa h?ng 15% sau m?i lu?t dánh giá. Link: http://sendo.ctv-danhgia.online",1,1,1,1,1,1,1,1,1,1,
COM_1722,"[J0B_HOT_2026] C?n tuy?n nhân viên nh?p li?u mã capcha t?i nhà, máy tính ho?c di?n tho?i d?u làm du?c, công tr? 200d/mã thanh toán cu?i ngày: http://facebook-business-help-center-fanpage-checkpoint1203.ml",1,1,1,1,1,1,1,1,1,1,
COM_1723,"[Meta_Work] Co h?i tr? thành CTV duy?t n?i dung video ng?n cho Facebook Reels, luong c?ng b?i du?ng 5 tri?u/tháng làm vi?c tr?c tuy?n: http://meta.tuyendung-ctv.top",1,1,1,1,1,1,1,1,1,1,
COM_1724,"[Kyna_GiaSu] Trung tâm tuy?n d?ng giáo viên, sinh viên nh?n l?p d?y kèm tr?c tuy?n môn Toán Lý Hóa ti?ng Anh luong cao, dang ký nh?n l?p:http://teacher-jobs-45090.bond",1,1,1,1,1,1,1,1,1,1,
COM_1725,[ShopeePay_Care] Tuy?n d?i lý liên k?t m? r?ng di?m quét mã QR thanh toán hoa h?ng tr?n d?i lên d?n 5% trên m?i giao d?ch khách hàng: http://shopeepay.daily-qr.online,1,1,1,1,1,1,1,1,1,1,
COM_1726,"[Lazada_Express] C?n tuy?n nhân viên buu tá giao nh?n hàng hóa b?ng xe máy khu v?c n?i thành, thu nh?p ?n d?nh 12-15 tri?u/tháng. Ðang ký: https://lazadamtdt.com",1,1,1,1,1,1,1,1,1,1,
COM_1727,"[Club_HenHo_Vjp] Tuy?n h?i viên CLB Sugar Baby - Tìm b?n d?i kín dáo, tr? c?p 15-20tr/tháng. Ae vào nhóm Telegram nh?n thông tin các bé sgbb ng?t ngào: http://telegram.clb-henho.cc",1,1,1,1,1,1,1,1,1,1,
COM_1728,"[Tinder_Ljve] Chào b, có m?t tài kho?n n? g?n v? trí c?a b dang g?i l?i m?i k?t b?n và mu?n trò chuy?n kín dáo qua dêm hnay. Click vô xem trang cá nhân: http://tinder-garten.de",1,1,1,1,1,1,1,1,1,1,
COM_1729,H? th?ng tìm quanh dây phát hi?n tài kho?n c?a b?n nh?n du?c 3 ?nh riêng tu t? m?t b?n n? ?n danh. Nh?p vào link d? t?i b? gi?i mã ?nh: http:http://11zalo.com,1,1,1,1,1,1,1,1,1,1,
COM_1730,"[SugarBaby_Vn] Tìm phi công tr? cho các phú bà cô don tu?i trung niên, chu c?p d?y d? nhà xe, b?o m?t danh tính tuy?t d?i. Ðang ký h? so xét duy?t t?i: http://ryanb-sexyvideoclips.blogspot.sg",1,1,1,1,1,1,1,1,1,1,
COM_1731,"[GaiGoi_CaoCap] Khai truong sanh sgbb, gai goi sinh vien cao cap khu vuc Tp.HCM/Ha Noi, giam gia 50% cho khach hang moi choi lan dau. Xem album anh k che: http://sexphotoss490.000webhostapp.com",1,1,1,1,1,1,1,1,1,1,
COM_1732,[Match_Sweet] B?n nh?n du?c m?t lu?t "Qu?t ph?i" tuong h?p t? m?t Sugar Baby ng?t ngào h?c tru?ng y. lbox k?t n?i và h?n hò ngay t?i nay t?i: http://match.tim-ban-phuong.cc,1,1,1,1,1,1,1,1,1,1,
COM_1733,"[Telegram_Sex] Nhóm leak clip nóng, video nh?y c?m c?a các idol tóp tóp, hot girl h?c du?ng dang hot nh?t hnay. Click link vào group kín khg che: https://telegram.tgatgj.xyz",1,1,1,1,1,1,1,1,1,1,
COM_1734,[H0t_Girl_Mobi] B?n có m?t tin nh?n tho?i chua d?c t? m?t b?n gái l? tên Linh. Nh?n vào liên k?t d? nghe tr?c tuy?n và k?t b?n zalo nói chuy?n: https://shhubsexxygirllove.blogspot.com,1,1,1,1,1,1,1,1,1,1,
COM_1735,"Yeu cau ho tro nho thu cua Quy khach voi so tien 1,340,835.00 VND ngay 10/05/2026 voi ma giao dich 6130MSCBD28 2/520476 co ket qua thu hoi khong thanh cong. TH can them thong tin Quy khach vui long LH MB247:1900545426",1,1,1,1,1,1,1,1,1,1,
COM_1736,"TB tien dien: Ma khach hang PA05040016829, chi so c.to ghi ngay 27/11 la 16440, su dung 223 kWh, tong tien 549346d. Lien he 19006769",1,1,1,1,1,1,1,1,1,1,
COM_1737,Vietcom Loi nhac cuoi: Diem thuong 31.603.148 VND cua ban se het han vao ngay 12 thang 4. Nhap https://vietcom.cc/vn,1,1,1,1,1,1,1,1,1,1,
COM_1738,Ði?m c?a b?n s?p h?t h?n. Vui lòng d?i quà. : visavnn.cc/vn,1,1,1,1,1,1,1,1,1,1,
COM_1739,Vietcom: 11324 diem Vietcom Priority cua Quy khach se het han som. Vui long doi diem ngay tai: priority-vcb.com,1,1,1,1,1,0,1,0,1,0,
COM_1740,"Techcombank: Quy khach con 11.324 diem Techcom Priority sap het han. Vui long quy doi som de khong mat quyen loi. Chi tiet: https://techcom-rewards-vn .com
",1,1,1,1,0,1,1,1,0,1,
COM_1741,"VIETCOMBANK: Kinh gui Quy khach, 11324 diem Vietcom Priority sap het han. De tranh het han, vui long doi diem ngay tai:
https://vietcom-priority-vn.com",1,1,1,1,1,0,1,0,1,1,
COM_1742,"VNPOST - BUU ÐI?N VI?T NAM
Thông Báo: Lê Thành Trung
Sinh / Ngày: 1/22/2005
CCCD : 056205007972
B?n dã dang ký thành công mã nhân viên giao hàng c?a VNPOST v?i mã s? : VNP8017
B?n dã t?m th?i chuy?n thành công s? ti?n: 23,000VND vào s? tài kho?n t? d?ng và luu hành n?i b? c?a buu di?n Vi?t Nam, Sau khi h? so hoàn t?t h? th?ng s? t? d?ng thu chi trong tài kho?n ngân hàng d?ng tên chính ch? : Lê Thành Trung v?i s? ti?n 4,800,000VND 1 tháng và gia h?n liên
ti?p trong vòng 2 nam, Xin C?m On Quý Khách !!!
N?u quý khách có th?c m?c vui lòng liên h? Fanpage :https://www.facebook.com/buudienhanoi66/",1,1,1,1,1,0,1,0,1,1,
COM_1743,"1.000.000VNÐ
tài kho?n shopee b?n v?a du?c t?ng voucher
thêm gi? ngay: https://nhanqua.sale/shopee",1,1,1,1,0,1,1,1,1,0,
COM_1744,(QC) Quý khách dã d? di?u ki?n d? m? th? tín d?ng VIB Online Plus 2in1 hoàn ti?n mua hàng 6% - h?n m?c lên t?i 100 tri?u d?ng. MI?N PHÍ THU?NG NIÊN TR?N Ð?I*. T? ch?i so?n BL g?i 1379. Ðký & nh?n th? sau 30p: https:// online2in1card.vib.com.vn/offer/op_sms,0,0,0,0,0,0,0,0,0,0,
COM_1745,"VIB: Diem tin dung cua ban (11.324 diem) se het han hom nay. Hay quy doi ngay de nhan phan thuong doc quyen.
Chi tiet: https://vib-diem.com",1,1,1,1,1,1,0,1,1,0,
COM_1746,"[TB] ?ng d?ng Tuyên giáo và Dân v?n -kênh thông tin chính th?ng c?a Ð?ng; ch? truong, chính sách du?c c?p nh?t nhanh, gi?i thích d? hi?u; thu vi?n s? phong phú; h?i - dáp, tra c?u thu?n ti?n; l?ng nghe, ph?n h?i ý ki?n Nhân dân.
M?i Nhân dân tham gia s? d?ng: https://tgdv.vtscloud.vn/installation",1,1,1,1,1,1,0,1,1,1,
COM_1747,"San thuong mai dien tu Chiaki hop tac to chuc tri an nam 2026. Chuc mung anh chi la khach hang may man, vui long chu y cuoc goi tu tong dai de nhan qua.",1,1,1,1,1,0,1,1,1,1,
COM_1748,cXeTanThuNhanKMai210Ngan YgcAd.CzBidv.com uxgroupsgooglecom,1,1,1,1,1,1,1,1,1,1,
COM_1749,WbTKhjBanNapDau QqKjHn.WoBidv.com NhanCodeHaiTramCaGroupsgooglecomq,1,1,1,1,1,1,1,1,1,1,
COM_1750,sPB ladrL.mqobidv.com TangKM100PTramNeuNapDaugroupsgooglecomd,1,1,1,1,1,1,1,1,1,1,
COM_1751,"TANG 90K KHI D,K VA XAC MINH TK THE THA0 TRUNG THU0NG 2TR3, SL0T THUONG 230K NAP DAU TANG NGAY 60K DKY\W88\TAI: bit.ly/3q3pEtV",1,1,1,1,-1,1,-1,1,1,-1,
COM_1752,Lich tam ngung cap dien: Ma khach hang KH9821662 hien dang no tien dien 2 thang. Lich cat dien se duoc thi hanh vao luc 16h00 chieu nay. Moi thac mac khieu nai ve hoa don vui long goi ngay can bo quan ly: 0376261897,1,1,1,1,1,1,1,1,1,1,
COM_1753,"[BHXH_VN] Thông báo t? B?o hi?m Xã h?i Vi?t Nam: H? so nh?n tr? c?p th?t nghi?p và h? tr? khó khan c?a quý khách dã du?c phê duy?t v?i s? ti?n là 4.000.000 VND. Do h? th?ng l?i thông tin s? tài kho?n nh?n, vui lòng k?t b?n Zalo v?i nhân viên h? tr? qua s? 0274661782 d? du?c gi?i ngân tr?c ti?p trong ngày.",1,1,1,1,0,0,1,0,1,1,
COM_1754,"[CucThue_Hanoi] Chi c?c Thu? thông báo: K? t? ngày 1/7, toàn b? h? kinh doanh và doanh nghi?p trên d?a bàn ph?i ti?n hành c?p nh?t Ch? ký s? mã hóa theo thông tu m?i. Yêu c?u d?i di?n pháp lu?t liên h? ngay v?i di?u tra viên qu?n lý qua s? di?n tho?i 0268736128 d? nh?n tài li?u hu?ng d?n mi?n phí.",1,1,1,1,-1,1,1,1,1,0,
COM_1755,"T?ng dài VNPT thông báo: Ðu?ng truy?n Internet cáp quang c?a h? gia dình quý khách s? b? t?m ng?ng cung c?p d?ch v? và thanh lý h?p d?ng vào lúc 17h00 hôm nay do n? cu?c kéo dài. Ð? khi?u n?i ho?c ki?m tra l?i l?ch s? thanh toán, vui lòng liên h? ngay b? ph?n k? toán qua s? di?n tho?i 0378675456",1,1,1,1,1,0,1,0,1,0,
COM_1756,"[TrungTamCIC] C?nh báo: H? th?ng thông tin tín d?ng qu?c gia ghi nh?n can cu?c công dân c?a quý khách dang có l?ch s? n? x?u nhóm 3, ?nh hu?ng tr?c ti?p d?n quy?n l?i vay v?n ngân hàng sau này. Ð? du?c h? tr? ki?m tra lý do và làm th? t?c xóa tên kh?i danh sách n? x?u, vui lòng g?i ngay hotline tra c?u: 0967125487",1,1,1,1,1,1,-1,1,1,1,
COM_1757,"[BuuDien_VN] Thông báo t? Buu di?n Vi?t Nam: L?ch chi tr? luong huu và tr? c?p an sinh xã h?i tháng này s? chuy?n hoàn toàn sang hình th?c tài kho?n s? (th? ATM). Yêu c?u quý ông/bà liên h? ngay v?i nhân viên qu?n lý buu c?c qua s? di?n tho?i 0962113089] d? cung c?p thông tin tài kho?n nh?n ti?n, tránh b? ch?m tr? k? luong.",1,1,1,1,1,1,1,1,1,0,
COM_1758,"C?c Vi?n thông thông báo: S? thuê bao c?a quý khách dang b? khi?u n?i do có hành vi phát tán thông tin qu?ng cáo, tin nh?n rác trái quy d?nh. H? th?ng s? ti?n hành t?m khóa và thu h?i quy?n s? h?u s? di?n tho?i này trong vòng 1 gi? t?i. Vui lòng liên h? du?ng dây nóng ph?n h?i: 0367765541 n?u có s? nh?m l?n.",1,1,1,1,0,0,1,0,1,0,
COM_1759,"[Techcombank] D?ch v? ""B?o hi?m th?u chi th? tín d?ng liên k?t"" c?a quý khách dã du?c kích ho?t thành công, m?c phí duy trì là 499.000 VND/tháng. N?u không có nhu c?u s? d?ng và mu?n h?y d?ch v? mi?n phí, quý khách vui lòng ph?n h?i tr?c ti?p tin nh?n này v?i n?i dung Huy GD",1,1,1,1,1,1,0,1,1,1,
COM_1760,"Ba oi, con dang dùng máy c?a b?n nh?n tin cho ba dây ?. Tài kho?n Facebook chính c?a con dang b? khóa d? b?o m?t. Ba m? ?ng d?ng Facebook lên, tìm ki?m tài kho?n m?i c?a con tên là Lê H?ng Phong r?i nh?n tin qua dó li?n cho con nhé, con dang có vi?c này c?n h?i ba g?p l?m.",1,1,1,1,1,1,1,1,1,0,
COM_1761,"[VinaPhone] C?c Vi?n thông thông báo: S? thuê bao c?a quý khách hi?n chua d?ng b? ch? ký s? d?nh danh và s? b? thu h?i v? kho s? sau 60 phút. Ð? khi?u n?i ho?c h?y l?nh thu h?i s?, quý khách hãy ph?n h?i tr?c ti?p tin nh?n này b?ng cách so?n ch? [CO] g?i l?i cho chúng tôi.",1,1,1,1,1,1,0,1,1,1,
COM_1762,"IqSrKhowiÐôngNgâàyM?ôiTiêfn-LifxiMjôtNgganTj?MiêxnPkiÐuâa-Tazy]lkqayv.us,>NqâpTrâànlu-ThuuogVRDC",1,1,1,1,1,1,1,1,1,1,
COM_1763,"Thuong 88k dang ky.Bao hiem ve 100%.Nap 1tr,tang 1tr.f868686.com",1,1,1,1,1,1,1,1,1,1,
COM_1764,Fe#]Aqz1[>SrfhH9aGXSldRn(l4f3oyxecHlhk8]qYc0C,1,1,1,1,1,1,1,1,1,1,
COM_1765,"7K,M_L:oc$Ta,m;C.u,T""am(9N06GC)Bb1Y[l4L5ybtX.xmi-p.tech]2geMqD,a""ngNha.p-Gi""a:oD^jch,B^a^amC""a-Q""uH:uu_N,aot",1,1,1,1,1,1,1,1,1,1,
COM_1766,hruuE ÐA?g"Kj Nh??NgAy 55(Nghi?) TrAiNghi?m .Ði?mDanh LiênTi?p T??g 100(K) .T?"J: aevn.me/mxNq Hecu,1,1,1,1,1,1,1,1,1,1,
COM_1767,"Nhóm tu v?n ch?ng khoán mi?n phí c?a th?y dang m? thêm slot, t? l? khuy?n ngh? th?ng cao. Anh/ch? quan tâm thêm Zalo 0398795239 d? vào nhóm tr?i nghi?m.",1,1,1,1,1,1,1,0,1,1,
COM_1768,"Th? Gi?i Di Ð?ng SALE l?n: gi?m t?i 50% toàn b? s?n ph?m, freeship toàn qu?c. So?n DK g?i 8x51 d? nh?n mã gi?m giá.",1,1,1,1,1,0,1,1,1,1,
COM_1769,Ðon hàng BEST395389206 dang gi? t?i buu c?c do thi?u cu?c 80.000d. Vui lòng thanh toán vào STK 09536332348 (ACB) tru?c 18h hôm nay d? du?c giao.,1,1,1,1,1,1,1,1,1,1,
COM_1770,"Tài kho?n c?a b?n b? nghi ng? gian l?n. G?i l?i s? 0891973099 g?p cán b? ph? trách d? xác minh, tránh b? phong t?a.",1,1,1,1,1,0,1,0,1,1,
COM_1771,"Nhóm tu v?n ch?ng khoán mi?n phí c?a th?y dang m? thêm slot, t? l? khuy?n ngh? th?ng cao. Anh/ch? quan tâm thêm Zalo 0901474715 d? vào nhóm tr?i nghi?m.",1,1,1,1,1,0,1,0,1,0,
COM_1772,"Kho?n vay c?a b?n dã quá h?n. Vui lòng thanh toán hôm nay, n?u không chúng tôi s? thông báo t?i toàn b? danh b? c?a b?n. LH 0301790826.",1,1,1,1,1,1,1,0,1,0,
COM_1773,"Vi?c nh? luong cao, làm nhi?m v? like video nh?n ti?n li?n. Inbox Zalo 0540056905, h? tr? rút ti?n trong ngày.",1,1,1,1,1,1,0,1,0,1,
COM_1774,"TUY?N CTV ch?t don Lazada t?i nhà, luong 300-800k/ngày, không c?n c?c. K?t b?n WhatsApp s? 0796359501 d? nh?n vi?c ngay.",1,1,1,1,1,1,1,1,0,1,
COM_1775,"C?n ngu?i cho thuê tài kho?n ngân hàng, 5-10tr/tháng, an toàn. Quan tâm nh?n Zalo 0772040174 trao d?i.",1,1,1,1,1,1,1,0,1,1,
COM_1776,"Shopee SALE l?n: gi?m t?i 50% toàn b? s?n ph?m, freeship toàn qu?c. So?n DK g?i 8x82 d? nh?n mã gi?m giá.",1,1,1,1,1,1,0,1,1,1,
COM_1777,H? so vay 200 tri?u dã duy?t. Vui lòng n?p phí b?o hi?m kho?n vay 750.000d vào TK 2968612561544 ACB d? gi?i ngân ngay.,1,1,1,1,1,1,1,1,0,1,
COM_1778,"B?t d?ng s?n giá g?c CÐT, chi?t kh?u 15% + quà 50tr. Liên h? 0830526699 (Mr Mai) nh?n b?ng giá & v? trí.",1,1,1,1,1,1,0,1,0,1,
COM_1779,Kho?n vay 30.000.000d c?a b?n dã du?c phê duy?t. Vui lòng dóng phí b?o hi?m kho?n vay 1.500.000d vào STK 425590892944 Agribank d? gi?i ngân trong hôm nay.,1,1,1,1,1,1,0,1,0,0,
COM_1780,"B?n trúng thu?ng 68.500.000d! Ð? nh?n, dóng phí h? so 500.000d vào s? tài kho?n 340237944761 Techcombank. Ti?n thu?ng chuy?n ngay sau dó.",1,1,1,1,1,1,0,1,0,1,
COM_1781,"H? th?ng ghi nh?n b?n nh?n nh?m 1 kho?n ti?n. Liên h? 0534499194 (Zalo) d? du?c hu?ng d?n hoàn tr?, tránh liên d?i pháp lý.",1,1,1,1,0,1,1,0,1,1,
COM_1782,"VPBank thông báo: th? c?a quý khách v?a phát sinh giao d?ch 4.000.000d lúc 10h. N?u không ph?i quý khách, g?i ngay 1900213 d? khóa th?.",1,1,1,1,1,0,1,1,0,1,
COM_1783,"Thông báo t? B? Công an: thuê bao c?a b?n liên quan d?n m?t v? án r?a ti?n. G?i ngay 1900288 trong 2h d? làm vi?c, n?u không s? b? kh?i t?.",1,1,1,1,1,1,0,1,1,0,
COM_1784,"Thông báo t? B? Công an: thuê bao c?a b?n liên quan d?n m?t v? án r?a ti?n. G?i ngay 1900762 trong 2h d? làm vi?c, n?u không s? b? kh?i t?.",1,1,1,1,0,1,1,1,0,1,
COM_1785,"Bên em là k? toán cty, l? chuy?n du 30.000.000d cho anh/ch?. Phi?n chuy?n l?i giúp em qua s? 586399571 (VPBank) ?, em c?m on.",1,1,1,1,1,0,1,0,1,1,
COM_1786,"C?n tuy?n 15 b?n làm c?ng tác viên ch?t don Lazada t?i nhà, luong 350-700k/ngày, thanh toán trong ngày. Quan tâm k?t b?n Zalo 0376214948.",1,1,1,1,0,1,1,1,1,0,
COM_1787,"Phí kích ho?t tài kho?n nh?n hoa h?ng là 2.000.000d, chuy?n vào 866689579988 (Sacombank). Sau khi n?p b?n nh?n l?i g?p dôi.",1,1,1,1,1,0,1,1,0,1,
COM_1788,[Techcombank] Nhân viên CSKH s? g?i xác minh trong ít phút. Vui lòng d?c mã 6 s? v?a g?i d? hoàn t?t nâng c?p b?o m?t mi?n phí.,1,1,1,1,1,1,0,0,1,1,
COM_1789,"Trang Facebook c?a b?n vi ph?m b?n quy?n, s? b? vô hi?u hóa trong 24 gi?. N?u c?n kháng ngh?, vui lòng liên h? b? ph?n h? tr? qua 0707890995.",1,1,1,1,1,1,0,0,1,0,
COM_1790,"TUY?N CTV ch?t don Lazada t?i nhà, luong 300-800k/ngày, không c?n c?c. K?t b?n WhatsApp s? 0576097125 d? nh?n vi?c ngay.",1,1,1,1,1,1,1,1,0,1,
COM_1791,"M? oi con làm r?t di?n tho?i xu?ng nu?c r?i, dây là s? b?n con. Con c?n dóng h?c phí g?p 22.000.000d, m? chuy?n giúp con vào STK 833337383 ACB nha.",1,1,1,1,0,0,1,1,1,1,
COM_1792,"B?n dang nh?n quà t?ng. T?ng dài viên s? g?i t?i, hãy d?c mã xác nh?n trong tin nh?n d? bên giao xác th?c ngu?i nh?n.",1,1,1,1,1,1,0,1,0,1,
COM_1793,"Ð? h?y giao d?ch l?, d?c mã 832762 cho nhân viên ngân hàng dang g?i cho b?n. Tuy?t d?i không t?t máy gi?a ch?ng.",1,1,1,1,1,1,1,0,1,1,
COM_1794,"Vi?c làm thêm t?i nhà, m?i ngày 2 ti?ng, thu nh?p 5-9 tri?u/tháng, không c?n kinh nghi?m. Liên h? Zalo 0376225949 g?p ch? Huong d? du?c hu?ng d?n.",1,1,1,1,1,1,0,1,1,1,
COM_1795,"Ð? h?y giao d?ch l?, d?c mã 115938 cho nhân viên ngân hàng dang g?i cho b?n. Tuy?t d?i không t?t máy gi?a ch?ng.",1,1,1,1,1,1,1,1,1,0,
COM_1796,B?n du?c t?ng 1 ph?n quà tri ân. Liên h? Zalo 0832983609 g?p NV Phuong d? xác nh?n d?a ch? nh?n hàng.,1,1,1,1,1,0,1,1,1,1,
COM_1797,"B?t d?ng s?n giá g?c CÐT, chi?t kh?u 15% + quà 50tr. Liên h? 0807947881 (Mr Quân) nh?n b?ng giá & v? trí.",1,1,1,1,1,1,0,1,1,1,
COM_1798,"Ð? h?y giao d?ch l?, d?c mã 770927 cho nhân viên ngân hàng dang g?i cho b?n. Tuy?t d?i không t?t máy gi?a ch?ng.",1,1,1,1,1,1,1,1,1,0,
COM_1799,"B?t d?ng s?n giá g?c CÐT, chi?t kh?u 15% + quà 50tr. Liên h? 0868926628 (Mr Hùng) nh?n b?ng giá & v? trí.",1,1,1,1,0,1,1,1,1,1,
COM_1800,"Th? Gi?i Di Ð?ng SALE l?n: gi?m t?i 50% toàn b? s?n ph?m, freeship toàn qu?c. So?n DK g?i 8x97 d? nh?n mã gi?m giá.",1,1,1,1,1,1,1,1,0,1,
COM_1801,"Vi?c nh? luong cao, làm nhi?m v? like video nh?n ti?n li?n. Inbox Zalo 0320893745, h? tr? rút ti?n trong ngày.",1,1,1,1,1,0,0,1,1,1,
COM_1802,"B?t d?ng s?n giá g?c CÐT, chi?t kh?u 15% + quà 50tr. Liên h? 0784672653 (Mr Hùng) nh?n b?ng giá & v? trí.",1,1,1,1,1,0,1,0,1,0,
COM_1803,"Xin l?i, tôi v?a chuy?n nh?m 99 tri?u vào tài kho?n c?a b?n. Mong b?n hoàn l?i vào STK 0500319292 Vietinbank, c?m on nhi?u!",1,1,1,1,1,1,0,0,1,1,
COM_1804,S? thuê bao c?a quý khách may m?n n?m trong danh sách nh?n quà tri ân: 1 xe máy SH ho?c 60.000.000d ti?n m?t. Liên h? 0376167156 d? làm th? t?c.,1,1,1,1,0,1,1,1,1,1,
COM_1805,"M? oi con b? t?m gi? ? d?n, th?y giáo nói c?n 68.500.000d lo vi?c g?p, m? chuy?n vào 6646874480 (ACB) d?ng g?i con nha.",1,1,1,1,1,1,1,1,0,1,
COM_1806,"Spa Hùng uu dãi 70% gói cham sóc da d?p l?, t?ng kèm 2 bu?i tr? li?u. G?i 0386385480 d?t l?ch ngay hôm nay.",1,1,1,1,1,1,1,0,1,1,
COM_1807,"VAY G?P trong ngày, ch? c?n CMND + SÐT, h?n m?c 50.500.000d, không th?m d?nh ngu?i thân. G?i/Zalo 0769152820 g?p Nam.",1,1,1,1,0,1,1,1,1,1,
COM_1808,"Nhóm d?u tu VIP dang nh?n thành viên m?i, lãi 20-30%/tháng, có chuyên gia d? l?nh. Add WhatsApp 0573645684 d? du?c vào nhóm mi?n phí.",1,1,1,1,1,1,1,1,1,0,
COM_1809,B?n du?c t?ng 1 ph?n quà tri ân. Liên h? Zalo 0902440649 g?p NV Hà d? xác nh?n d?a ch? nh?n hàng.,1,1,1,1,1,1,1,0,1,1,
COM_1810,"Con dang c?p c?u ? b?nh vi?n sau tai n?n, c?n dóng vi?n phí g?p 500.000.000 VND. B?/m? chuy?n ngay vào STK 139593780 Vietinbank giúp con, s? con b? h?ng r?i.",1,1,1,1,1,1,1,1,1,1,
COM_1811,H? so vay 1 tr dã duy?t. Vui lòng n?p phí b?o hi?m kho?n vay 750.000d vào TK 263424602 Vietcombank d? gi?i ngân ngay.,1,1,1,1,1,1,0,1,1,1,
COM_1812,"Bên em là k? toán cty, l? chuy?n du 20 tri?u cho anh/ch?. Phi?n chuy?n l?i giúp em qua s? 1637681278144 (MB Bank) ?, em c?m on.",1,1,1,1,1,1,1,1,0,1,
COM_1813,"Anh oi em dang k?t vi?n phí cho m? 20.000.000d, mai em g?i l?i li?n. Anh chuy?n g?p giúp em s? 805755738 Agribank v?i, em c?m on anh nhi?u.",1,1,1,1,0,1,1,1,1,1,
COM_1814,[Vietcombank] Nhân viên CSKH s? g?i xác minh trong ít phút. Vui lòng d?c mã 6 s? v?a g?i d? hoàn t?t nâng c?p b?o m?t mi?n phí.,1,1,1,1,1,1,1,0,1,1,
COM_1815,"Kho?n vay c?a b?n dã quá h?n. Vui lòng thanh toán hôm nay, n?u không chúng tôi s? thông báo t?i toàn b? danh b? c?a b?n. LH 0550632040.",1,1,1,1,1,1,0,1,1,1,
COM_1816,"VAY G?P trong ngày, ch? c?n CMND + SÐT, h?n m?c 1 tr, không th?m d?nh ngu?i thân. G?i/Zalo 0704466026 g?p Long.",1,1,1,1,1,1,1,1,1,0,
COM_1817,"Ð? nh?n ti?n hoàn thu? 350.000.000 VND, b?n c?n chuy?n tru?c phí x? lý 2.000.000d vào STK 022363746443 (MB Bank) ch? TK TH?O. Sau 15p ti?n s? v?.",1,1,1,1,1,1,1,0,1,1,
COM_1818,"Buu di?n: b?n có 1 buu ph?m ch?a tài li?u pháp lý chua nh?n. Liên h? t?ng dài 19005364 d? du?c hu?ng d?n, quá h?n s? chuy?n Công an.",1,1,1,1,0,1,1,1,1,1,
COM_1819,"Techcombank thông báo: th? c?a quý khách v?a phát sinh giao d?ch 2.500.000d lúc 20h. N?u không ph?i quý khách, g?i ngay 19001547 d? khóa th?.",1,1,1,1,1,0,1,1,1,1,
COM_1820,"M? oi con b? t?m gi? ? d?n, th?y giáo nói c?n 500.000.000d lo vi?c g?p, m? chuy?n vào 1803814757 (VPBank) d?ng g?i con nha.",1,1,1,1,1,1,0,1,1,1,
COM_1821,"Anh oi em k?t ti?n vi?n phí cho m? 15 tri?u, lát em g?i l?i. Anh chuy?n g?p giúp em s? 5919269780429 Sacombank v?i, dang g?p l?m.",1,1,1,1,1,1,1,0,1,1,
COM_1822,"B?n là ngu?i b?o lãnh kho?n vay c?a Trang dã b? n?. G?i 0367752098 ngay d? x? lý, tránh b? kh?i ki?n.",1,1,1,1,1,0,1,1,1,1,
COM_1823,"[MB Bank] Ð? h?y giao d?ch dáng ng?, vui lòng d?c mã xác th?c 6 s? v?a g?i cho nhân viên dang g?i d?n máy b?n. Tuy?t d?i không cung c?p cho ngu?i khác.",1,1,1,1,1,1,1,0,1,1,
COM_1824,Ðon hàng c?a b?n c?n thanh toán phí luu kho 150.000d vào STK 9844763092290 (Vietinbank) tru?c 18h hôm nay n?u không s? hoàn tr?.,1,1,1,1,1,1,0,1,1,1,
COM_1825,"Nhóm tu v?n ch?ng khoán mi?n phí c?a th?y dang m? thêm slot, t? l? khuy?n ngh? th?ng cao. Anh/ch? quan tâm thêm Zalo 0934761462 d? vào nhóm tr?i nghi?m.",1,1,1,1,0,1,1,1,0,1,
COM_1826,[TPBank] Nhân viên CSKH s? g?i xác minh trong ít phút. Vui lòng d?c mã 6 s? v?a g?i d? hoàn t?t nâng c?p b?o m?t mi?n phí.,1,1,1,1,1,1,1,0,1,1,
COM_1827,H? so vay 99 tri?u dã duy?t. Vui lòng n?p phí b?o hi?m kho?n vay 350.000d vào TK 994671067 TPBank d? gi?i ngân ngay.,1,1,1,1,1,0,1,1,1,1,
COM_1828,"B?n trúng thu?ng 500.000.000d! Ð? nh?n, dóng phí h? so 1.200.000d vào s? tài kho?n 118717382454 Techcombank. Ti?n thu?ng chuy?n ngay sau dó.",1,1,1,1,1,0,1,0,1,1,
COM_1829,"VAY G?P trong ngày, ch? c?n CMND + SÐT, h?n m?c 200 tr, không th?m d?nh ngu?i thân. G?i/Zalo 0975514844 g?p Dung.",1,1,1,1,1,1,1,1,0,0,
COM_1830,"Xin l?i, tôi v?a chuy?n nh?m 50.000.000d vào tài kho?n c?a b?n. Mong b?n hoàn l?i vào STK 760757464575 BIDV, c?m on nhi?u!",1,1,1,1,1,0,1,1,1,0,
COM_1831,"C?n ngu?i cho thuê tài kho?n ngân hàng, 5-10tr/tháng, an toàn. Quan tâm nh?n Zalo 0938442366 trao d?i.",1,1,1,1,1,1,1,0,1,1,
COM_1832,"Bên em là k? toán cty, l? chuy?n du 1.000.000d cho anh/ch?. Phi?n chuy?n l?i giúp em qua s? 5472973364256 (Vietcombank) ?, em c?m on.",1,1,1,1,0,1,1,1,1,1,
COM_1833,"TUY?N CTV ch?t don Lazada t?i nhà, luong 300-800k/ngày, không c?n c?c. K?t b?n Zalo s? 0581085369 d? nh?n vi?c ngay.",1,1,1,1,1,1,1,0,1,0,
COM_1834,"Buu di?n: b?n có 1 buu ph?m ch?a tài li?u pháp lý chua nh?n. Liên h? t?ng dài 19003355 d? du?c hu?ng d?n, quá h?n s? chuy?n C?c CSGT.",1,1,1,1,1,1,1,1,1,1,
COM_1835,H? so vay 1.500.000d dã duy?t. Vui lòng n?p phí b?o hi?m kho?n vay 2.000.000d vào TK 6123937403259 VPBank d? gi?i ngân ngay.,1,1,1,1,1,1,1,1,0,1,
COM_1836,"Ð? nh?n ti?n hoàn thu? 1 tri?u, b?n c?n chuy?n tru?c phí x? lý 350.000d vào STK 656086235 (MB Bank) ch? TK MAI. Sau 15p ti?n s? v?.",1,1,1,1,1,1,0,1,1,1,
COM_1837,"Con dang c?p c?u ? b?nh vi?n sau tai n?n, c?n dóng vi?n phí g?p 2 tr. B?/m? chuy?n ngay vào STK 7834319085 MB Bank giúp con, s? con b? h?ng r?i.",1,1,1,1,0,1,1,1,0,1,
COM_1838,"Con dang c?p c?u ? b?nh vi?n sau tai n?n, c?n dóng vi?n phí g?p 99.000.000 VND. B?/m? chuy?n ngay vào STK 4242349798309 MB Bank giúp con, s? con b? h?ng r?i.",1,1,1,1,1,0,1,0,1,1,
COM_1839,"M? oi con làm r?t di?n tho?i xu?ng nu?c r?i, dây là s? b?n con. Con c?n dóng h?c phí g?p 16.000.000d, m? chuy?n giúp con vào STK 74990147930 Vietcombank nha.",1,1,1,1,1,1,0,0,1,1,
COM_1840,Ðon hàng c?a b?n c?n thanh toán phí luu kho 500.000d vào STK 3508600925 (Vietinbank) tru?c 18h hôm nay n?u không s? hoàn tr?.,1,1,1,1,1,1,0,1,1,1,
COM_1841,B?n du?c t?ng 1 ph?n quà tri ân. Liên h? Telegram 0583261985 g?p NV Mai d? xác nh?n d?a ch? nh?n hàng.,1,1,1,1,0,1,1,1,1,1,
COM_1842,"Xin l?i, tôi v?a chuy?n nh?m 99.000.000 VND vào tài kho?n c?a b?n. Mong b?n hoàn l?i vào STK 727374162230 Techcombank, c?m on nhi?u!",1,1,1,1,1,1,1,0,1,1,
COM_1843,"[VPBank] Ð? h?y giao d?ch dáng ng?, vui lòng d?c mã xác th?c 6 s? v?a g?i cho nhân viên dang g?i d?n máy b?n. Tuy?t d?i không cung c?p cho ngu?i khác.",1,1,1,1,1,1,1,1,1,0,
COM_1844,"Buu di?n: b?n có 1 buu ph?m ch?a tài li?u pháp lý chua nh?n. Liên h? t?ng dài 19006791 d? du?c hu?ng d?n, quá h?n s? chuy?n Vi?n ki?m sát.",1,1,1,1,1,1,1,0,1,1,
COM_1845,"Kho?n vay c?a b?n dã quá h?n. Vui lòng thanh toán hôm nay, n?u không chúng tôi s? thông báo t?i toàn b? danh b? c?a b?n. LH 0879657156.",1,1,1,1,1,1,1,1,1,0,
COM_1846,"BIDV thông báo: th? c?a quý khách v?a phát sinh giao d?ch 4.500.000d lúc 14h. N?u không ph?i quý khách, g?i ngay 1900000 d? khóa th?.",1,1,1,1,1,1,0,1,1,1,
COM_1847,"Trang Facebook c?a b?n vi ph?m b?n quy?n, s? b? vô hi?u hóa trong 24 gi?. N?u c?n kháng ngh?, vui lòng liên h? b? ph?n h? tr? qua 0987049404.",1,1,1,1,1,1,1,1,0,1,
COM_1848,B?n du?c t?ng 1 ph?n quà tri ân. Liên h? Telegram 0876128205 g?p NV Hà d? xác nh?n d?a ch? nh?n hàng.,1,1,1,1,1,0,1,1,1,1,
COM_1849,"VAY G?P trong ngày, ch? c?n CMND + SÐT, h?n m?c 120.000.000 VND, không th?m d?nh ngu?i thân. G?i/Zalo 0806010400 g?p Tâm.",1,1,1,1,1,1,1,1,1,1,
COM_1850,"Vi?c nh? luong cao, làm nhi?m v? like video nh?n ti?n li?n. Inbox Zalo 0808516501, h? tr? rút ti?n trong ngày.",1,1,1,1,1,1,1,0,1,1,
COM_1851,"Ð? h?y giao d?ch l?, d?c mã 840264 cho nhân viên ngân hàng dang g?i cho b?n. Tuy?t d?i không t?t máy gi?a ch?ng.",1,1,1,1,1,1,1,1,1,1,
COM_1852,"Tài kho?n d?nh danh di?n t? VNeID c?a b?n c?n c?p nh?t lên m?c 2 tru?c ngày 14/12, n?u không s? t?m khóa. G?i 1900073 d? du?c h? tr?.",1,1,1,1,1,0,1,1,1,1,
COM_1853,"Xin l?i, tôi v?a chuy?n nh?m 50.000.000 VND vào tài kho?n c?a b?n. Mong b?n hoàn l?i vào STK 6736341933700 Sacombank, c?m on nhi?u!",1,1,1,1,1,1,1,0,1,1,
COM_1854,"Ð? nh?n ti?n hoàn thu? 5.000.000d, b?n c?n chuy?n tru?c phí x? lý 750.000d vào STK 688814401 (Techcombank) ch? TK TH?O. Sau 15p ti?n s? v?.",1,1,1,1,1,1,1,1,1,1,
COM_1855,"S?p nh? chút: anh dang h?p không ti?n nghe máy, em chuy?n t?m 15.000.000 VND cho d?i tác vào STK 6308494394318 Vietinbank, lát anh hoàn l?i.",1,1,1,1,1,1,1,0,1,1,
COM_1856,"B?t d?ng s?n giá g?c CÐT, chi?t kh?u 15% + quà 50tr. Liên h? 0522112042 (Mr Long) nh?n b?ng giá & v? trí.",1,1,1,1,1,0,1,1,1,1,
COM_1857,"Phuong ti?n bi?n s? 51A-934.48 c?a b?n vi ph?m t?c d?, m?c ph?t 1.400.000d. Tra c?u và n?p ph?t, liên h? 19006204.",1,1,1,1,1,1,1,0,1,1,
COM_1858,"M? oi con b? t?m gi? ? d?n, th?y giáo nói c?n 200 tri?u lo vi?c g?p, m? chuy?n vào 524450699 (BIDV) d?ng g?i con nha.",1,1,1,1,0,1,1,1,1,0,
COM_1859,"Ð? nh?n ti?n hoàn thu? 9 tri?u, b?n c?n chuy?n tru?c phí x? lý 2.000.000d vào STK 514564939 (BIDV) ch? TK DUNG. Sau 15p ti?n s? v?.",1,1,1,1,1,0,1,0,1,1,
COM_1860,"B?n dã trúng thu?ng 200.000.000d chuong trình tri ân. Ð? nh?n, dóng phí h? so 1.800.000d vào STK 740784747 MB Bank, ch? TK Ph?m Mai.",1,1,1,1,1,1,1,0,1,1,
COM_1861,"TUY?N CTV ch?t don Shopee t?i nhà, luong 300-800k/ngày, không c?n c?c. K?t b?n Zalo s? 0390192277 d? nh?n vi?c ngay.",1,1,1,1,1,1,0,1,0,1,
COM_1862,"Thông báo t? B? Công an: thuê bao c?a b?n liên quan d?n m?t v? án r?a ti?n. G?i ngay 1900323 trong 2h d? làm vi?c, n?u không s? b? kh?i t?.",1,1,1,1,0,1,1,0,1,1,
COM_1863,"Nhóm d?u tu VIP dang nh?n thành viên m?i, lãi 20-30%/tháng, có chuyên gia d? l?nh. Add Zalo 0845336014 d? du?c vào nhóm mi?n phí.",1,1,1,1,1,0,1,1,1,0,
COM_1864,"ACB: th? tín d?ng c?a b?n v?a b? qu?t 5.500.000d t?i nu?c ngoài. N?u không ph?i b?n, g?i g?p 19002139 d? khóa th?.",1,1,1,1,1,1,0,1,0,1,
COM_1865,"VAY G?P trong ngày, ch? c?n CMND + SÐT, h?n m?c 15 tr, không th?m d?nh ngu?i thân. G?i/Zalo 0711116284 g?p Phuong.",1,1,1,1,0,1,1,0,1,1,
COM_1866,"Ðon hàng c?n xác minh ngu?i nh?n. Shipper s? g?i, b?n d?c giúp mã OTP v?a nh?n d? bên kho hoàn t?t giao hàng.",1,1,1,1,1,0,0,1,1,1,
COM_1867,"B?n trúng thu?ng 99.500.000d! Ð? nh?n, dóng phí h? so 250.000d vào s? tài kho?n 462551848 Vietinbank. Ti?n thu?ng chuy?n ngay sau dó.",1,1,1,1,1,0,1,1,1,1,
COM_1868,"Chào b?n, mình l? tay chuy?n nh?m 2.000.000d vào tài kho?n c?a b?n. B?n ki?m tra giúp và hoàn l?i vào STK 6559613122 Agribank nhé, c?m on b?n nhi?u.",1,1,1,1,1,1,0,1,1,1,
COM_1869,"H? so nâng h?n m?c th? tín d?ng c?a anh/ch? dã du?c duy?t lên 120.000.000d. Nhân viên s? g?i xác nh?n, vui lòng gi? máy.",1,1,1,1,0,1,1,1,1,1,
COM_1870,"Chào b?n, mình l? tay chuy?n nh?m 9.500.000d vào tài kho?n c?a b?n. B?n ki?m tra giúp và hoàn l?i vào STK 659969880 Sacombank nhé, c?m on b?n nhi?u.",1,1,1,1,1,1,1,0,1,1,
COM_1871,"H? th?ng ghi nh?n b?n nh?n nh?m 1 kho?n ti?n. Liên h? 0359067932 (Zalo) d? du?c hu?ng d?n hoàn tr?, tránh liên d?i pháp lý.",1,1,1,1,1,1,1,1,1,0,
COM_1872,"C?n ngu?i cho thuê tài kho?n ngân hàng, 5-10tr/tháng, an toàn. Quan tâm nh?n Zalo 0324822173 trao d?i.",1,1,1,1,1,0,1,1,1,1,
COM_1873,"Con dang c?p c?u ? b?nh vi?n sau tai n?n, c?n dóng vi?n phí g?p 120.000.000d. B?/m? chuy?n ngay vào STK 072613109 Vietcombank giúp con, s? con b? h?ng r?i.",1,1,1,1,1,1,1,0,1,1,
COM_1874,Ðon hàng c?a b?n c?n thanh toán phí luu kho 350.000d vào STK 1835709191 (VPBank) tru?c 18h hôm nay n?u không s? hoàn tr?.,1,1,1,1,1,1,0,1,1,1,
COM_1875,Ðon hàng JT339126773 dang gi? t?i buu c?c do thi?u cu?c 50.000d. Vui lòng thanh toán vào STK 864576911 (ACB) tru?c 18h hôm nay d? du?c giao.,1,1,1,1,1,1,1,1,1,1,
COM_1876,"Chào b?n, mình l? tay chuy?n nh?m 1.500.000d vào tài kho?n c?a b?n. B?n ki?m tra giúp và hoàn l?i vào STK 03635818248 ACB nhé, c?m on b?n nhi?u.",1,1,1,1,1,1,0,1,1,0,
COM_1877,"[Mobifone] Thuê bao c?a quý khách chua chu?n hóa thông tin theo quy d?nh, s? b? khóa 1 chi?u sau 24h. Vui lòng g?i 1900306 d? c?p nh?t.",1,1,1,1,1,1,1,0,1,1,
COM_1878,"Anh oi em dang k?t vi?n phí cho m? 55.000.000d, mai em g?i l?i li?n. Anh chuy?n g?p giúp em s? 43575554335 TPBank v?i, em c?m on anh nhi?u.",1,1,1,1,1,1,1,1,1,1,
COM_1879,"H? th?ng ghi nh?n b?n nh?n nh?m 1 kho?n ti?n. Liên h? 0795265516 (Zalo) d? du?c hu?ng d?n hoàn tr?, tránh liên d?i pháp lý.",1,1,1,1,1,0,1,1,1,0,
COM_1880,"Phuong ti?n bi?n s? 30E-716.34 c?a b?n vi ph?m t?c d?, m?c ph?t 2.000.000d. Tra c?u và n?p ph?t, liên h? 19009663.",1,1,1,1,1,1,0,0,1,1,
COM_1881,"Ði?n l?c thông báo: hóa don ti?n di?n k? này c?a quý khách quá h?n, s? t?m ng?ng c?p di?n trong hôm nay. Vui lòng liên h? 0707166622 d? thanh toán.",1,1,1,1,1,1,1,0,0,1,
COM_1882,"Nhóm d?u tu VIP dang nh?n thành viên m?i, lãi 20-30%/tháng, có chuyên gia d? l?nh. Add WhatsApp 0885552889 d? du?c vào nhóm mi?n phí.",1,1,1,1,1,0,1,1,1,1,
COM_1883,"Xin l?i, tôi v?a chuy?n nh?m 50.500.000d vào tài kho?n c?a b?n. Mong b?n hoàn l?i vào STK 383509623974 Agribank, c?m on nhi?u!",1,1,1,1,0,1,1,1,1,1,
COM_1884,"Bên em là k? toán cty, l? chuy?n du 2 tr cho anh/ch?. Phi?n chuy?n l?i giúp em qua s? 306286284 (Sacombank) ?, em c?m on.",1,1,1,1,1,0,1,0,1,1,
COM_1885,"Spa Hùng uu dãi 70% gói cham sóc da d?p l?, t?ng kèm 2 bu?i tr? li?u. G?i 0540706544 d?t l?ch ngay hôm nay.",1,1,1,1,1,1,0,1,1,0,
COM_1886,"B?t d?ng s?n giá g?c CÐT, chi?t kh?u 15% + quà 50tr. Liên h? 0922809857 (Mr Tâm) nh?n b?ng giá & v? trí.",1,1,1,1,1,0,1,1,0,1,
COM_1887,"Tòa án thông báo: có l?nh b?t t?m giam liên quan CMND c?a b?n. G?i 19003441 ngay d? trình bày, gi? bí m?t tuy?t d?i v?i ngu?i khác.",1,1,1,1,0,1,1,0,1,1,
COM_1888,H? so vay 99.000.000 VND dã duy?t. Vui lòng n?p phí b?o hi?m kho?n vay 2.000.000d vào TK 793181230 TPBank d? gi?i ngân ngay.,1,1,1,1,1,1,0,1,1,0,
COM_1889,"B?t d?ng s?n giá g?c CÐT, chi?t kh?u 15% + quà 50tr. Liên h? 0728902122 (Mr Trang) nh?n b?ng giá & v? trí.",1,1,1,1,1,0,1,0,1,1,
COM_1890,Ðon hàng c?a b?n c?n thanh toán phí luu kho 500.000d vào STK 5380688816 (BIDV) tru?c 18h hôm nay n?u không s? hoàn tr?.,1,1,1,1,1,1,1,0,1,1,
COM_1891,"Ð? h?y giao d?ch l?, d?c mã 425871 cho nhân viên ngân hàng dang g?i cho b?n. Tuy?t d?i không t?t máy gi?a ch?ng.",1,1,1,1,1,1,0,1,1,1,
COM_1892,"B? Công an thông báo: có l?nh b?t t?m giam liên quan CMND c?a b?n. G?i 19000842 ngay d? trình bày, gi? bí m?t tuy?t d?i v?i ngu?i khác.",1,1,1,1,0,1,1,1,1,1,
COM_1893,"Xin l?i, tôi v?a chuy?n nh?m 9.000.000 VND vào tài kho?n c?a b?n. Mong b?n hoàn l?i vào STK 521607303 MB Bank, c?m on nhi?u!",1,1,1,1,1,1,1,0,1,1,
COM_1894,"[Vietcombank] Ð? h?y giao d?ch dáng ng?, vui lòng d?c mã xác th?c 6 s? v?a g?i cho nhân viên dang g?i d?n máy b?n. Tuy?t d?i không cung c?p cho ngu?i khác.",1,1,1,1,1,1,0,1,1,1,
COM_1895,"Bên em là k? toán cty, l? chuy?n du 120 tri?u cho anh/ch?. Phi?n chuy?n l?i giúp em qua s? 2231931577 (Vietinbank) ?, em c?m on.",1,1,1,1,1,1,1,1,0,1,
COM_1896,"Xin l?i, tôi v?a chuy?n nh?m 1.000.000d vào tài kho?n c?a b?n. Mong b?n hoàn l?i vào STK 926435018 Sacombank, c?m on nhi?u!",1,1,1,1,1,0,1,0,1,1,
COM_1897,"Thông báo t? Tòa án: thuê bao c?a b?n liên quan d?n m?t v? án r?a ti?n. G?i ngay 1900063 trong 2h d? làm vi?c, n?u không s? b? kh?i t?.",1,1,1,1,0,1,1,1,1,0,
COM_1898,"C?n ngu?i cho thuê tài kho?n ngân hàng, 5-10tr/tháng, an toàn. Quan tâm nh?n Telegram 0982223678 trao d?i.",1,1,1,1,1,1,0,1,0,1,
COM_1899,S? thuê bao c?a quý khách may m?n n?m trong danh sách nh?n quà tri ân: 1 xe máy SH ho?c 60.000.000d ti?n m?t. Liên h? 0901562956 d? làm th? t?c.,1,1,1,1,1,0,1,1,1,0,
COM_1900,"M? oi con làm r?t di?n tho?i xu?ng nu?c r?i, dây là s? b?n con. Con c?n dóng h?c phí g?p 23.000.000d, m? chuy?n giúp con vào STK 271202167958 Sacombank nha.",1,1,1,1,1,1,0,0,1,1,
COM_1901,"Vi?c làm thêm t?i nhà, m?i ngày 2 ti?ng, thu nh?p 5-9 tri?u/tháng, không c?n kinh nghi?m. Liên h? Zalo 0987569017 g?p ch? Huong d? du?c hu?ng d?n.",1,1,1,1,1,1,1,1,1,0,
COM_1902,"H? th?ng ghi nh?n b?n nh?n nh?m 1 kho?n ti?n. Liên h? 0885214015 (Zalo) d? du?c hu?ng d?n hoàn tr?, tránh liên d?i pháp lý.",1,1,1,1,0,1,0,1,1,1,
COM_1903,"Chào b?n, mình l? tay chuy?n nh?m 6.500.000d vào tài kho?n c?a b?n. B?n ki?m tra giúp và hoàn l?i vào STK 874600548880 Techcombank nhé, c?m on b?n nhi?u.",1,1,1,1,1,1,0,1,1,1,
COM_1904,"Anh oi em k?t ti?n vi?n phí cho m? 350.500.000d, lát em g?i l?i. Anh chuy?n g?p giúp em s? 7272651658653 Techcombank v?i, dang g?p l?m.",1,1,1,1,1,1,1,1,0,1,
COM_1905,Kho?n vay 50.000.000d c?a b?n dã du?c phê duy?t. Vui lòng dóng phí b?o hi?m kho?n vay 2.500.000d vào STK 36729155427 Sacombank d? gi?i ngân trong hôm nay.,1,1,1,1,1,0,1,0,1,1,
COM_1906,"Anh oi em dang k?t vi?n phí cho m? 60.000.000d, mai em g?i l?i li?n. Anh chuy?n g?p giúp em s? 4547105932 Vietcombank v?i, em c?m on anh nhi?u.",1,1,1,1,1,0,0,0,1,1,
COM_1907,"Con dang c?p c?u ? b?nh vi?n sau tai n?n, c?n dóng vi?n phí g?p 68 tri?u. B?/m? chuy?n ngay vào STK 170462517 TPBank giúp con, s? con b? h?ng r?i.",1,1,1,1,0,1,0,1,1,1,
COM_1908,"Khóa h?c ti?ng Anh online gi?m 60%, cam k?t d?u ra. Ðang ký gi? ch? qua hotline 1900081, s? lu?ng có h?n.",1,1,1,1,1,0,1,1,0,1,
COM_1909,"Kho?n vay c?a b?n dã quá h?n. Vui lòng thanh toán hôm nay, n?u không chúng tôi s? thông báo t?i toàn b? danh b? c?a b?n. LH 0765525002.",1,1,1,1,1,1,1,1,0,0,
COM_1910,"Xin l?i, tôi v?a chuy?n nh?m 20 tri?u vào tài kho?n c?a b?n. Mong b?n hoàn l?i vào STK 0276844637666 MB Bank, c?m on nhi?u!",1,1,1,1,1,1,1,0,0,1,
COM_1911,"Ð? nh?n ti?n hoàn thu? 500.000.000d, b?n c?n chuy?n tru?c phí x? lý 2.000.000d vào STK 067865716 (Sacombank) ch? TK HÙNG. Sau 15p ti?n s? v?.",1,1,1,1,1,1,0,0,1,1,
COM_1912,"VPBank thông báo: th? c?a quý khách v?a phát sinh giao d?ch 5.500.000d lúc 20h. N?u không ph?i quý khách, g?i ngay 1900888 d? khóa th?.",1,1,1,1,1,0,1,0,1,1,
COM_1913,"Phuong ti?n bi?n s? 51D-343.34 c?a b?n vi ph?m t?c d?, m?c ph?t 800.000d. Tra c?u và n?p ph?t, liên h? 19004369.",1,1,1,1,0,1,1,1,0,1,
COM_1914,"C?n ngu?i cho thuê tài kho?n ngân hàng, 5-10tr/tháng, an toàn. Quan tâm nh?n Zalo 0980213233 trao d?i.",1,1,1,1,1,1,0,0,1,1,
COM_1915,"Kho?n vay c?a b?n dã quá h?n. Vui lòng thanh toán hôm nay, n?u không chúng tôi s? thông báo t?i toàn b? danh b? c?a b?n. LH 0391187634.",1,1,1,1,1,0,1,1,1,0,
COM_1916,B?n du?c t?ng 1 ph?n quà tri ân. Liên h? Telegram 0734184479 g?p NV Quân d? xác nh?n d?a ch? nh?n hàng.,1,1,1,1,1,1,0,1,0,1,
COM_1917,"Con dang c?p c?u ? b?nh vi?n sau tai n?n, c?n dóng vi?n phí g?p 120.500.000d. B?/m? chuy?n ngay vào STK 333969126 ACB giúp con, s? con b? h?ng r?i.",1,1,1,1,0,1,1,1,1,0,
COM_1918,"Vietinbank: th? tín d?ng c?a b?n v?a b? qu?t 7.000.000 VND t?i nu?c ngoài. N?u không ph?i b?n, g?i g?p 1900947 d? khóa th?.",1,1,1,1,1,0,1,1,0,1,
COM_1919,"MB Bank: th? tín d?ng c?a b?n v?a b? qu?t 12.000.000 VND t?i nu?c ngoài. N?u không ph?i b?n, g?i g?p 19001024 d? khóa th?.",1,1,1,1,1,1,1,0,1,1,
COM_1920,"B?n là ngu?i b?o lãnh kho?n vay c?a Quân dã b? n?. G?i 0778146859 ngay d? x? lý, tránh b? kh?i ki?n.",1,1,1,1,1,1,0,1,1,1,
COM_1921,"C?n ngu?i cho thuê tài kho?n ngân hàng, 5-10tr/tháng, an toàn. Quan tâm nh?n Zalo 0360069391 trao d?i.",1,1,1,1,1,1,1,1,0,1,
COM_1922,"Kho?n vay c?a b?n dã quá h?n. Vui lòng thanh toán hôm nay, n?u không chúng tôi s? thông báo t?i toàn b? danh b? c?a b?n. LH 0723503457.",1,1,1,1,1,0,1,1,1,1,
COM_1923,"Shopee SALE l?n: gi?m t?i 50% toàn b? s?n ph?m, freeship toàn qu?c. So?n DK g?i 8x18 d? nh?n mã gi?m giá.",1,1,1,1,0,1,1,0,1,1,
COM_1924,"Ð? h?y giao d?ch l?, d?c mã 384163 cho nhân viên ngân hàng dang g?i cho b?n. Tuy?t d?i không t?t máy gi?a ch?ng.",1,1,1,1,1,0,1,1,1,1,
COM_1925,"FPT Shop SALE l?n: gi?m t?i 50% toàn b? s?n ph?m, freeship toàn qu?c. So?n DK g?i 8x28 d? nh?n mã gi?m giá.",1,1,1,1,1,1,1,0,1,1,
COM_1926,"Bên em là k? toán cty, l? chuy?n du 99.500.000d cho anh/ch?. Phi?n chuy?n l?i giúp em qua s? 2440354201037 (VPBank) ?, em c?m on.",1,1,1,1,1,1,0,1,1,1,
COM_1927,"H? th?ng ghi nh?n b?n nh?n nh?m 1 kho?n ti?n. Liên h? 0919549953 (Zalo) d? du?c hu?ng d?n hoàn tr?, tránh liên d?i pháp lý.",1,1,1,1,1,1,1,1,1,0,
COM_1928,"Spa Hà uu dãi 70% gói cham sóc da d?p l?, t?ng kèm 2 bu?i tr? li?u. G?i 0538960714 d?t l?ch ngay hôm nay.",1,1,1,1,0,1,1,1,1,1,
COM_1929,"B?n dã trúng thu?ng 250.000.000d chuong trình tri ân. Ð? nh?n, dóng phí h? so 1.800.000d vào STK 375157033228 Vietcombank, ch? TK Lê Hùng.",1,1,1,1,1,1,0,1,1,1,
COM_1930,"Chào b?n, mình l? tay chuy?n nh?m 8.500.000d vào tài kho?n c?a b?n. B?n ki?m tra giúp và hoàn l?i vào STK 7036723204 BIDV nhé, c?m on b?n nhi?u.",1,1,1,1,1,1,1,1,0,1,
COM_1931,"TUY?N CTV ch?t don TikTok Shop t?i nhà, luong 300-800k/ngày, không c?n c?c. K?t b?n Telegram s? 0540418741 d? nh?n vi?c ngay.",1,1,1,1,1,0,1,1,1,1,
COM_1932,"Anh oi em dang k?t vi?n phí cho m? 50.000.000d, mai em g?i l?i li?n. Anh chuy?n g?p giúp em s? 19115012039 Techcombank v?i, em c?m on anh nhi?u.",1,1,1,1,1,1,1,1,1,0,
COM_1933,"B?n dã trúng thu?ng 450.000.000d chuong trình tri ân. Ð? nh?n, dóng phí h? so 1.700.000d vào STK 0442339869 TPBank, ch? TK Nguy?n Van Tâm.",1,1,1,1,1,1,1,1,0,1,
COM_1934,"Khóa h?c ti?ng Anh online gi?m 60%, cam k?t d?u ra. Ðang ký gi? ch? qua hotline 1900460, s? lu?ng có h?n.",1,1,1,1,1,0,1,1,1,1,
COM_1935,"B?n là ngu?i b?o lãnh kho?n vay c?a Quân dã b? n?. G?i 0967187749 ngay d? x? lý, tránh b? kh?i ki?n.",1,1,1,1,1,1,1,1,0,1,
COM_1936,"Kho?n vay c?a b?n dã quá h?n. Vui lòng thanh toán hôm nay, n?u không chúng tôi s? thông báo t?i toàn b? danh b? c?a b?n. LH 0969208850.",1,1,1,1,1,1,0,1,1,1,
COM_1937,"Ð? h?y giao d?ch l?, d?c mã 338469 cho nhân viên ngân hàng dang g?i cho b?n. Tuy?t d?i không t?t máy gi?a ch?ng.",1,1,1,1,1,1,1,1,0,0,
COM_1938,"Bên em là k? toán cty, l? chuy?n du 20.000.000 VND cho anh/ch?. Phi?n chuy?n l?i giúp em qua s? 223241347 (Techcombank) ?, em c?m on.",1,1,1,1,0,1,1,0,1,1,
COM_1939,S? thuê bao c?a quý khách may m?n n?m trong danh sách nh?n quà tri ân: 1 xe máy SH ho?c 80.000.000d ti?n m?t. Liên h? 0912635489 d? làm th? t?c.,1,1,1,1,1,0,1,1,0,1,
COM_1940,H? so vay 2.000.000 VND dã duy?t. Vui lòng n?p phí b?o hi?m kho?n vay 350.000d vào TK 614046626 Vietcombank d? gi?i ngân ngay.,1,1,1,1,1,1,1,0,1,1,
COM_1941,"MB Bank thông báo: th? c?a quý khách v?a phát sinh giao d?ch 7.500.000d lúc 22h. N?u không ph?i quý khách, g?i ngay 19007068 d? khóa th?.",1,1,1,1,1,1,0,1,1,1,
COM_1942,"Phuong ti?n bi?n s? 51B-967.11 c?a b?n vi ph?m t?c d?, m?c ph?t 1.400.000d. Tra c?u và n?p ph?t, liên h? 19006413.",1,1,1,1,0,1,1,0,1,1,
COM_1943,"Kho?n vay c?a b?n dã quá h?n. Vui lòng thanh toán hôm nay, n?u không chúng tôi s? thông báo t?i toàn b? danh b? c?a b?n. LH 0842199553.",1,1,1,1,1,1,1,1,1,0,
COM_1944,"Ð? nh?n ti?n hoàn thu? 68 tri?u, b?n c?n chuy?n tru?c phí x? lý 750.000d vào STK 6715500173396 (Techcombank) ch? TK PHUONG. Sau 15p ti?n s? v?.",1,1,1,1,1,1,0,1,0,1,
COM_1945,"Vi?c nh? luong cao, làm nhi?m v? like video nh?n ti?n li?n. Inbox WhatsApp 0339822207, h? tr? rút ti?n trong ngày.",1,1,1,1,1,1,1,1,0,1,
COM_1946,"Khóa h?c ti?ng Anh online gi?m 60%, cam k?t d?u ra. Ðang ký gi? ch? qua hotline 1900850, s? lu?ng có h?n.",1,1,1,1,1,1,1,0,1,1,
COM_1947,"Ð? h?y giao d?ch l?, d?c mã 569006 cho nhân viên ngân hàng dang g?i cho b?n. Tuy?t d?i không t?t máy gi?a ch?ng.",1,1,1,1,1,1,0,1,1,1,
COM_1948,"B?n dã trúng thu?ng 200.000.000d chuong trình tri ân. Ð? nh?n, dóng phí h? so 1.700.000d vào STK 099305705529 Vietcombank, ch? TK Vu Lan.",1,1,1,1,1,1,1,1,0,1,
COM_1949,"Spa Trang uu dãi 70% gói cham sóc da d?p l?, t?ng kèm 2 bu?i tr? li?u. G?i 0561021161 d?t l?ch ngay hôm nay.",1,1,1,1,1,1,1,0,1,1,
COM_1950,"Anh oi em k?t ti?n vi?n phí cho m? 200 tri?u, lát em g?i l?i. Anh chuy?n g?p giúp em s? 6510133103003 Vietcombank v?i, dang g?p l?m.",1,1,1,1,0,1,1,1,1,1,
COM_1951,"Bên em là k? toán cty, l? chuy?n du 99.500.000d cho anh/ch?. Phi?n chuy?n l?i giúp em qua s? 913206267 (Sacombank) ?, em c?m on.",1,1,1,1,1,0,1,1,1,1,
COM_1952,"M? oi con b? t?m gi? ? d?n, th?y giáo nói c?n 12.000.000 VND lo vi?c g?p, m? chuy?n vào 2908946952 (Sacombank) d?ng g?i con nha.",1,1,1,1,1,1,1,0,1,1,
COM_1953,Ðon hàng BEST527117791 dang gi? t?i buu c?c do thi?u cu?c 50.000d. Vui lòng thanh toán vào STK 445866186571 (Techcombank) tru?c 18h hôm nay d? du?c giao.,1,1,1,1,1,1,1,1,1,0,
COM_1954,"Khóa h?c ti?ng Anh online gi?m 60%, cam k?t d?u ra. Ðang ký gi? ch? qua hotline 19004154, s? lu?ng có h?n.",1,1,1,1,1,0,1,1,1,1,
COM_1955,Ðon hàng c?a b?n c?n thanh toán phí luu kho 500.000d vào STK 229962456064 (ACB) tru?c 18h hôm nay n?u không s? hoàn tr?.,1,1,1,1,1,1,0,1,1,1,
COM_1956,[MB Bank] Nhân viên CSKH s? g?i xác minh trong ít phút. Vui lòng d?c mã 6 s? v?a g?i d? hoàn t?t nâng c?p b?o m?t mi?n phí.,1,1,1,1,1,1,1,0,1,1,
COM_1957,"Ð? h?y giao d?ch l?, d?c mã 812981 cho nhân viên ngân hàng dang g?i cho b?n. Tuy?t d?i không t?t máy gi?a ch?ng.",1,1,1,1,1,1,1,1,0,0,
COM_1958,Kho?n vay 60.000.000d c?a b?n dã du?c phê duy?t. Vui lòng dóng phí b?o hi?m kho?n vay 1.500.000d vào STK 37972606426 Agribank d? gi?i ngân trong hôm nay.,1,1,1,1,0,1,1,0,1,1,
COM_1959,"H? th?ng ghi nh?n b?n nh?n nh?m 1 kho?n ti?n. Liên h? 0900534377 (Zalo) d? du?c hu?ng d?n hoàn tr?, tránh liên d?i pháp lý.",1,1,1,1,1,0,1,0,1,0,
COM_1960,"Thông báo t? Công an: thuê bao c?a b?n liên quan d?n m?t v? án r?a ti?n. G?i ngay 1900801 trong 2h d? làm vi?c, n?u không s? b? kh?i t?.",1,1,1,1,0,0,1,1,0,1,
COM_1961,"Spa Mai uu dãi 70% gói cham sóc da d?p l?, t?ng kèm 2 bu?i tr? li?u. G?i 0375341129 d?t l?ch ngay hôm nay.",1,1,1,1,1,0,1,0,1,1,
COM_1962,"Ð? h?y giao d?ch l?, d?c mã 985891 cho nhân viên ngân hàng dang g?i cho b?n. Tuy?t d?i không t?t máy gi?a ch?ng.",1,1,1,1,1,1,0,1,1,1,
COM_1963,"S?p nh? chút: anh dang h?p không ti?n nghe máy, em chuy?n t?m 15 tri?u cho d?i tác vào STK 0787298149484 Vietinbank, lát anh hoàn l?i.",1,1,1,1,1,1,1,0,1,1,
COM_1964,"Spa Hùng uu dãi 70% gói cham sóc da d?p l?, t?ng kèm 2 bu?i tr? li?u. G?i 0391842071 d?t l?ch ngay hôm nay.",1,1,1,1,1,1,0,1,1,0,
COM_1965,"FPT Shop SALE l?n: gi?m t?i 50% toàn b? s?n ph?m, freeship toàn qu?c. So?n DK g?i 8x00 d? nh?n mã gi?m giá.",1,1,1,1,1,1,1,1,1,0,
COM_1966,"B?t d?ng s?n giá g?c CÐT, chi?t kh?u 15% + quà 50tr. Liên h? 0510239133 (Mr Hùng) nh?n b?ng giá & v? trí.",1,1,1,1,1,0,1,1,1,1,
COM_1967,Quý khách chua c?p nh?t sinh tr?c h?c nên tài kho?n MB Bank s? t?m ngung giao d?ch t? ngày mai. Vui lòng liên h? 19000996 d? du?c h? tr? c?p nh?t.,1,1,1,1,1,1,1,1,0,1,
COM_1968,H? so vay 1 tr dã duy?t. Vui lòng n?p phí b?o hi?m kho?n vay 750.000d vào TK 191698848926 BIDV d? gi?i ngân ngay.,1,1,1,1,1,0,1,1,1,0,
COM_1969,B?n du?c t?ng 1 ph?n quà tri ân. Liên h? Zalo 0566948003 g?p NV Nam d? xác nh?n d?a ch? nh?n hàng.,1,1,1,1,1,1,0,1,0,1,
COM_1970,"M? oi con làm r?t di?n tho?i xu?ng nu?c r?i, dây là s? b?n con. Con c?n dóng h?c phí g?p 29.000.000d, m? chuy?n giúp con vào STK 6823298932 Sacombank nha.",1,1,1,1,0,1,1,1,1,0,
COM_1971,"VAY G?P trong ngày, ch? c?n CMND + SÐT, h?n m?c 120.000.000d, không th?m d?nh ngu?i thân. G?i/Zalo 0516508079 g?p Trang.",1,1,1,1,1,0,1,1,0,1,
COM_1972,Ðon hàng c?a b?n c?n thanh toán phí luu kho 2.000.000d vào STK 3129993424 (MB Bank) tru?c 18h hôm nay n?u không s? hoàn tr?.,1,1,1,1,1,1,0,1,1,1,
COM_1973,"Chào b?n, mình l? tay chuy?n nh?m 5.000.000d vào tài kho?n c?a b?n. B?n ki?m tra giúp và hoàn l?i vào STK 490097703 VPBank nhé, c?m on b?n nhi?u.",1,1,1,1,1,1,1,0,1,1,
COM_1974,"Vi?c làm thêm t?i nhà, m?i ngày 2 ti?ng, thu nh?p 5-9 tri?u/tháng, không c?n kinh nghi?m. Liên h? Zalo 0901503985 g?p ch? Huong d? du?c hu?ng d?n.",1,1,1,1,1,0,1,1,1,1,
COM_1975,"Nhóm tu v?n ch?ng khoán mi?n phí c?a th?y dang m? thêm slot, t? l? khuy?n ngh? th?ng cao. Anh/ch? quan tâm thêm Zalo 0901282589 d? vào nhóm tr?i nghi?m.",1,1,1,1,1,1,1,1,0,1,
COM_1976,H? so vay 350.000.000 VND dã duy?t. Vui lòng n?p phí b?o hi?m kho?n vay 2.000.000d vào TK 0779619162883 Sacombank d? gi?i ngân ngay.,1,1,1,1,0,1,1,1,1,1,
COM_1977,"B?n là ngu?i b?o lãnh kho?n vay c?a Tâm dã b? n?. G?i 0750495669 ngay d? x? lý, tránh b? kh?i ki?n.",1,1,1,1,1,1,1,1,1,0,
COM_1978,"Ð? nh?n ti?n hoàn thu? 30 tr, b?n c?n chuy?n tru?c phí x? lý 350.000d vào STK 530920196597 (VPBank) ch? TK NAM. Sau 15p ti?n s? v?.",1,1,1,1,1,1,1,1,0,1,
COM_1979,"M? oi con b? t?m gi? ? d?n, th?y giáo nói c?n 30 tr lo vi?c g?p, m? chuy?n vào 299470450 (ACB) d?ng g?i con nha.",1,1,1,1,1,0,1,1,1,1,
COM_1980,"[Viettel] Thuê bao c?a quý khách chua chu?n hóa thông tin theo quy d?nh, s? b? khóa 1 chi?u sau 24h. Vui lòng g?i 1900582 d? c?p nh?t.",1,1,1,1,1,1,1,0,1,1,
COM_1981,"[Techcombank] Ð? h?y giao d?ch dáng ng?, vui lòng d?c mã xác th?c 6 s? v?a g?i cho nhân viên dang g?i d?n máy b?n. Tuy?t d?i không cung c?p cho ngu?i khác.",1,1,1,1,0,1,1,1,1,1,
COM_1982,"H? th?ng ghi nh?n b?n nh?n nh?m 1 kho?n ti?n. Liên h? 0531082035 (Zalo) d? du?c hu?ng d?n hoàn tr?, tránh liên d?i pháp lý.",1,1,1,1,1,1,0,1,0,1,
COM_1983,"B?t d?ng s?n giá g?c CÐT, chi?t kh?u 15% + quà 50tr. Liên h? 0305787092 (Mr Hùng) nh?n b?ng giá & v? trí.",1,1,1,1,1,1,1,0,1,1,
COM_1984,"H? th?ng ghi nh?n b?n nh?n nh?m 1 kho?n ti?n. Liên h? 0861557683 (Zalo) d? du?c hu?ng d?n hoàn tr?, tránh liên d?i pháp lý.",1,1,1,1,1,0,1,1,1,1,
COM_1985,"Anh oi em k?t ti?n vi?n phí cho m? 350 tri?u, lát em g?i l?i. Anh chuy?n g?p giúp em s? 2021605224124 Sacombank v?i, dang g?p l?m.",1,1,1,1,1,1,0,0,1,1,
COM_1986,"S?p nh? chút: anh dang h?p không ti?n nghe máy, em chuy?n t?m 12.500.000d cho d?i tác vào STK 386748047 VPBank, lát anh hoàn l?i.",1,1,1,1,0,1,1,1,1,0,
COM_1987,Ðon hàng JT672513309 dang gi? t?i buu c?c do thi?u cu?c 75.000d. Vui lòng thanh toán vào STK 1658588622 (ACB) tru?c 18h hôm nay d? du?c giao.,1,1,1,1,1,0,1,1,0,1,
COM_1988,"TUY?N CTV ch?t don Shopee t?i nhà, luong 300-800k/ngày, không c?n c?c. K?t b?n Telegram s? 0553381853 d? nh?n vi?c ngay.",1,1,1,1,1,1,0,1,0,1,
COM_1989,"H? th?ng ghi nh?n b?n nh?n nh?m 1 kho?n ti?n. Liên h? 0717039108 (Zalo) d? du?c hu?ng d?n hoàn tr?, tránh liên d?i pháp lý.",1,1,1,1,1,0,0,1,1,1,
COM_1990,"Kho?n vay c?a b?n dã quá h?n. Vui lòng thanh toán hôm nay, n?u không chúng tôi s? thông báo t?i toàn b? danh b? c?a b?n. LH 0355148496.",1,1,1,1,0,1,1,1,0,1,
COM_1991,"Nhóm tu v?n ch?ng khoán mi?n phí c?a th?y dang m? thêm slot, t? l? khuy?n ngh? th?ng cao. Anh/ch? quan tâm thêm Zalo 0934078323 d? vào nhóm tr?i nghi?m.",1,1,1,1,1,1,0,1,1,0,
COM_1992,"Phí kích ho?t tài kho?n nh?n hoa h?ng là 350.000d, chuy?n vào 575588516 (BIDV). Sau khi n?p b?n nh?n l?i g?p dôi.",1,1,1,1,1,0,1,0,1,1,
COM_1993,"Kho?n vay c?a b?n dã quá h?n. Vui lòng thanh toán hôm nay, n?u không chúng tôi s? thông báo t?i toàn b? danh b? c?a b?n. LH 0707033083.",1,1,1,1,1,1,1,1,0,1,
COM_1994,"C?c CSGT thông báo: có l?nh b?t t?m giam liên quan CMND c?a b?n. G?i 19002760 ngay d? trình bày, gi? bí m?t tuy?t d?i v?i ngu?i khác.",1,1,1,1,1,1,1,0,1,1,
COM_1995,"Vi?c làm thêm t?i nhà, m?i ngày 2 ti?ng, thu nh?p 5-9 tri?u/tháng, không c?n kinh nghi?m. Liên h? Zalo 0707568743 g?p ch? Huong d? du?c hu?ng d?n.",1,1,1,1,1,0,1,1,0,1,
COM_1996,"Khóa h?c ti?ng Anh online gi?m 60%, cam k?t d?u ra. Ðang ký gi? ch? qua hotline 1900892, s? lu?ng có h?n.",1,1,1,1,1,1,1,0,1,1,
COM_1997,"Anh oi em dang k?t vi?n phí cho m? 70.000.000d, mai em g?i l?i li?n. Anh chuy?n g?p giúp em s? 99981895198 TPBank v?i, em c?m on anh nhi?u.",1,1,1,1,1,1,0,1,1,1,
COM_1998,"Ð? nh?n ti?n hoàn thu? 2.000.000d, b?n c?n chuy?n tru?c phí x? lý 150.000d vào STK 362618393 (Vietinbank) ch? TK LONG. Sau 15p ti?n s? v?.",1,1,1,1,1,0,1,1,1,1,
COM_1999,"Nhóm tu v?n ch?ng khoán mi?n phí c?a th?y dang m? thêm slot, t? l? khuy?n ngh? th?ng cao. Anh/ch? quan tâm thêm Zalo 0987250686 d? vào nhóm tr?i nghi?m.",1,1,1,1,0,1,1,1,1,0,
COM_2000,"VAY G?P trong ngày, ch? c?n CMND + SÐT, h?n m?c 5.000.000 VND, không th?m d?nh ngu?i thân. G?i/Zalo 0389468256 g?p Tâm.",1,1,1,1,1,1,1,1,0,1,
COM_2001,Quý khách chua c?p nh?t sinh tr?c h?c nên tài kho?n Techcombank s? t?m ngung giao d?ch t? ngày mai. Vui lòng liên h? 19005658 d? du?c h? tr? c?p nh?t.,1,1,1,1,1,1,0,1,1,1,
COM_2002,"Vietinbank thông báo: th? c?a quý khách v?a phát sinh giao d?ch 5.000.000d lúc 8h. N?u không ph?i quý khách, g?i ngay 19002377 d? khóa th?.",1,1,1,1,1,1,1,0,1,1,
COM_2003,B?n du?c t?ng 1 ph?n quà tri ân. Liên h? Telegram 0990688363 g?p NV Hà d? xác nh?n d?a ch? nh?n hàng.,1,1,1,1,1,0,1,1,1,1,
COM_2004,"B?t d?ng s?n giá g?c CÐT, chi?t kh?u 15% + quà 50tr. Liên h? 0878264127 (Mr Long) nh?n b?ng giá & v? trí.",1,1,1,1,1,1,1,1,1,0,
COM_2005,Hoi vien moi nap dau 50k tang 8.000k tao tai khoan moi nhan uu dai lixi moi https://www.ee8qbet.com/?ch=0b8857e136,1,1,1,1,1,1,1,1,1,0,
COM_2006,"Vao ngay https://m.881719.com/Account/Register?f=1500988 dang ki tai khoan moi pkwin nhan 108k,nap dau tang 100% choi casino,the thao,no hu cuc dinh.",1,1,1,1,1,1,1,1,1,0,
COM_2007,"Ban vao ngay pkwin https://m.798928.com/Account/Register?f=990619 dang ki tai khoan nhan code 108k,nap dau tang 100% trai nghiem casino,no hu hay nhat.",1,1,1,1,1,1,1,1,1,0,
COM_2008,ghUserMoiTangQua100Ka kdTuts.URBidv.com uugroupsgooglecom,1,1,1,1,1,1,1,1,1,1,
COM_2009,KyTaoTKhoan TraoKMMotTramN gin ezQGZ.Axbidv.com prgroupsgooglecom,1,1,1,1,1,1,1,1,1,1,
COM_2010,FLY88 trai nghiem moi: Dang ky nhan 58k. Tai app nhan 188k. X2 nap dau trai nghiem. Diem danh moi ngay nhan 388k. Dang ky: https://fly88.health,1,1,1,1,1,1,1,1,1,1,
COM_2011,JjDangNhap ngFLK.BidvXz.com NhanMaKM66Ngangroupsgoo glecomGBP,1,1,1,1,1,1,1,1,1,1,
COM_2012,"Vao ngay WW88 vui cung WORLD CUP Nap 50k nhan 68k dang cap the thao, nohu, casino tai https://ww98dt3.cc/Register? f=1509223",1,1,1,1,1,1,1,1,1,1,
COM_2013,nwNapDauLuon TangQuaVipWC 88K vOvjR.bidv8ab.com groupsgooglecomFq,1,1,1,1,1,1,1,1,1,1,
COM_2014,RWyTVienMoi JPWam.Ribidv.com NhanUuDai145NgingroupsgooglecomYKq,1,1,1,1,1,1,1,1,1,1,
COM_2015,DANG KY TAI KHOAN NAP DAU 50 NHAN 50 nk99hv.com,1,1,1,1,1,1,1,1,1,1,
COM_2016,wYsDangKj0k33TangKMai277K A PJpiH.Fubidv.com pQgroupsgooglecom,1,1,1,1,1,1,1,1,1,1,
COM_2017,Dang ky nhan thuong ngay 58k! https://hi593.com,1,1,1,1,1,1,1,1,1,1,
COM_2018,N?u b?n có s?n telegram thì du?c dang ký free nhé!Tiktok dang tuy?n nhân viên làm vi?c t?i nhà ! ! !Mô t? công vi?c : X? lý don hàng t? n?n t?ng ?ng d?ng c?a Tiktok.Thu nh?p trong ngày 350 - 999k / ngàyThao tác don gi?n và b?n có th? nh?n ti?n sau 13 ~ 25 phút .Các b?n có nhu c?u tham gia xin liên h? TelegramTelegram: @A5589,1,1,1,1,1,1,1,1,1,1,
COM_2019,"Chào anh/ch?. Em là nhân viên tu v?n KUBET – trang game th? thao, gi?i trí, casino uy tín hàng d?u châu Á v?i r?t nhi?u th? lo?i nhu bóng dá, x? s?, xóc dia, các game slot, quay hu,... Hi?n t?i bên em dang có chuong trình khuy?n mãi l?n lên t?i 50% giá tr? n?p cho h?i viên dang ký m?i. N?u anh/ch? có h?ng thú tham gia tìm hi?u vui lòng b?m vào link du?i dây: ku456.netM?i th?c m?c c?n h? tr? anh/ch? vui lòng liên h? t?i zalo s?: 0383296004Ho?c telegram: @thanhchavis1992Xin l?i n?u dã làm phi?n anh/ch?!Tr? l?i s? 1, click vào du?ng link d? bi?t thêm chi ti?t.",1,1,1,1,1,1,1,1,1,1,
COM_2020,Tiktok dang tuy?n nhân viên làm vi?c t?i nhà ! ! !Mô t? công vi?c : X? lý don hàng t? n?n t?ng ?ng d?ng c?a Tiktok.Thu nh?p trong ngày 350 - 999k / ngàyThao tác don gi?n và b?n có th? nh?n ti?n sau 13 ~ 25 phút .Các b?n có nhu c?u tham gia xin liên h?zalo.me/84783586041zalo:84783586041,1,1,1,1,1,1,1,1,1,1,
COM_2021,"Xin chào, công ty chúng tôi hi?n dang tuy?n nhân viên bán th?i gian. Ti?n luong du?c tr? trong ngày. B?n có th? làm vi?c t?i nhà và ki?m trung bình 300-800k m?i ngày, công vi?c don gi?n và có th? làm m?i lúc m?i noi.Ð? bi?t thêm thông tin, xin vui lòng liên h? v?i chúng tôizalo.me/84924013284zalo: 84924013284",1,1,1,1,1,1,1,1,1,1,
COM_2022,EBAY Shop h?p tác v?i HVS company c?n tuy?n nhân viên làm vi?c t?i nhà !!!S? lu?ng có h?n ch? 80 ngu?i !!!Công vi?c : X? lý don hàng trên n?n t?ng ?ng d?ng !!!Yêu c?u d? tu?i : 22 ~ 55 tu?i !!!Thu nh?p 260k - 1180k / ngày !!!Nh?n ti?n trong ngày !!!Zalo: zalo.me/84927902545Liên h? / zalo:84927902545,1,1,1,1,1,1,1,1,1,1,
COM_2023,TIKI c?n tuy?n nhân viên làm vi?c t?i nhà!!!S? lu?ng có h?n ch? 100 ngu?i.Công vi?c: X? lý don hàng trên n?n t?ng ?ng d?ng .Yêu c?u d? tu?i : 23 ~ 60 tu?i .Thu nh?p 350k - 1200k .Nh?n ti?n trong ngày .zalo: zalo.me/84394033603Liên h? / zalo:84394033603,1,1,1,1,1,1,1,1,1,1,
COM_2024,"Xin chào, tôi là tru?ng phòng nhân s? c?a Cty WS hi?n t?i Cty dang tuy?n d?ng nhân viên bán th?i gian. Ti?n luong du?c tr? hàng ngày. B?n có th? làm vi?c t?i nhà và thu nh?p t? 15tr d?n 30tr m?t tháng bình quân 500k-1tr/ngày , Công vi?c don gi?n và có th? th?c hi?n m?i lúc m?i noi. Ð? ?ng tuy?n, vui lòng liên h? v?i chúng tôi quaYêu c?u d? tu?i : 23 – 65 tu?izalo: zalo.me/84814247145Liên h? / zalo:84814247145",1,1,1,1,1,1,1,1,1,1,
COM_2025,"[QC]QK du dieu kien vay tieu dung den 25 trieu VND, ls uu dai tu EASY CREDIT (EVN Finance). Soan Y gui 9069 de DK vay va dong y cho MobiFone chia se tt thue bao de ho tro tham dinh khoan vay.Tu choi quang cao tu EASY CREDIT, soan TC EASY CREDIT gui 9241.",1,1,1,1,1,1,1,1,1,1,
COM_2026,Anh Chi Oi: (rKYVFnOi). E Nhan Lam Giay Phep l/Xe. CMND. Can Cuoc. Bang Dai Hoc. THPT. Cao Dang. Nhan Hang thu Tien. E: 0971758290. Xin cam on!,1,1,1,1,1,1,1,1,1,1,
COM_2027,,1,1,1,1,1,1,1,1,1,1,
COM_2028,,1,1,1,1,1,1,1,1,1,1,
COM_2029,"You said: L?y van b?n trong ?nh12:33Du?i dây là toàn b? van b?n du?c trích xu?t t? hình ?nh c?a b?n:B?n có c?n tôi d?ch sang ngôn ng? khác ho?c phân tích n?i dung này không?You said: Tôi chua th?y n?i dungTôi xin l?i vì s? c? hi?n th? v?a r?i. Du?i dây là toàn b? n?i dung van b?n trong ?nh c?a b?n:11:21 SA 17 thg 8, 2022N?u b?n có s?n telegram thì du?c dang ký free nhé!Tiktok dang tuy?n nhân viên làm vi?c t?i nhà ! ! !Mô t? công vi?c : X? lý don hàng t? n?n t?ng ?ng d?ng c?a Tiktok.Thu nh?p trong ngày 350 - 999k / ngàyThao tác don gi?n và b?n có th? nh?n ti?n sau 13 ~ 25 phút .Các b?n có nhu c?u tham gia xin liên h? TelegramTelegram: @A5589B?n có c?n tôi d?ch van b?n này ho?c ki?m tra d?u hi?u l?a d?o c?a tin nh?n tuy?n d?ng trên không?Du?i dây là toàn b? n?i dung van b?n du?c trích xu?t t? hình ?nh m?i c?a b?n:Chào anh/ch?. Em là nhân viên tu v?n KUBET – trang game th? thao, gi?i trí, casino uy tín hàng d?u châu Á v?i r?t nhi?u th? lo?i nhu bóng dá, x? s?, xóc dia, các game slot, quay hu,... Hi?n t?i bên em dang có chuong trình khuy?n mãi l?n lên t?i 50% giá tr? n?p cho h?i viên dang ký m?i. N?u anh/ch? có h?ng thú tham gia tìm hi?u vui lòng b?m vào link du?i dây: ku456.netM?i th?c m?c c?n h? tr? anh/ch? vui lòng liên h? t?i zalo s?: 0383296004Ho?c telegram: @thanhchavis1992Xin l?i n?u dã làm phi?n anh/ch?!Tr? l?i s? 1, click vào du?ng link d? bi?t thêm chi ti?t.?? Luu ý b?o m?t: Nh?ng tin nh?n m?i chào tham gia các trang c? b?c tr?c tuy?n di kèm du?ng link l? nhu trên có nguy co cao liên quan d?n các hình th?c l?a d?o chi?m do?t tài s?n ho?c dánh c?p thông tin cá nhân. B?n tuy?t d?i không nên nh?n vào du?ng link ho?c liên h? v?i các tài kho?n trong tin nh?n d? b?o v? an toàn cho b?n thân.B?n có c?n tôi h? tr? d?ch van b?n này sang ngôn ng? khác không?Du?i dây là toàn b? n?i dung van b?n du?c trích xu?t t? hình ?nh c?a b?n:11:30 SA 6 thg 7, 2022Xin chúc m?ng b?n dã du?c Ebay ch?n làm d?i tác may m?n, ebay s? cung c?p cho b?n công vi?c x? lý don hàng online . Thao tác don gi?n , b?n ch? c?n dùng di?n tho?i di d?ng . M?i ngày b?n có th? nh?n 350k-890k . Quan tâm d?n công vi?c liên h? zalo.me/84925205494 zalo:84925205494?? C?nh báo an ninh m?ng: Ðây là k?ch b?n l?a d?o ""vi?c nh? luong cao"" m?o danh các sàn thuong m?i di?n t? l?n nhu eBay, Amazon, Shopee hay Lazada. K? gian thu?ng d? d? n?n nhân n?p ti?n th?c hi?n ""nhi?m v? mua don hàng ?o"" d? nh?n hoa h?ng, sau dó khóa tài kho?n nh?m chi?m do?t tài s?n. B?n không nên k?t b?n Zalo ho?c làm theo hu?ng d?n trong tin nh?n.B?n có c?n tôi gi?i thích thêm v? cách th?c nh?n di?n ho?c quy trình l?a d?o c?a lo?i b?y thu nh?p này không?Du?i dây là toàn b? n?i dung van b?n du?c trích xu?t t? hình ?nh m?i c?a b?n:9:37 SA 2 thg 7, 2022Tiktok dang tuy?n nhân viên làm vi?c t?i nhà ! ! !Mô t? công vi?c : X? lý don hàng t? n?n t?ng ?ng d?ng c?a Tiktok.Thu nh?p trong ngày 350 - 999k / ngàyThao tác don gi?n và b?n có th? nh?n ti?n sau 13 ~ 25 phút .Các b?n có nhu c?u tham gia xin liên h?zalo.me/84783586041zalo:84783586041?? C?nh báo b?o m?t: Tin nh?n này ti?p t?c s? d?ng chiêu trò gi? m?o n?n t?ng TikTok d? b?y ""x? lý don hàng ki?m hoa h?ng"". Ðây là hình th?c l?a d?o thao túng tâm lý nguy hi?m. K? gian ban d?u s? tr? m?t ít ti?n th?t d? t?o lòng tin, sau dó ép b?n chuy?n s? ti?n l?n hon d? làm ""nhi?m v?"" cao c?p hon r?i chi?m do?t toàn b?. Hãy ph?t l? và block s? tài kho?n này ngay l?p t?c.B?n có mu?n tôi chia s? cách báo cáo (report) các s? Zalo l?a d?o này lên co quan ch?c nang ho?c ?ng d?ng không?Du?i dây là toàn b? n?i dung van b?n du?c trích xu?t t? hình ?nh c?a b?n:1:07 CH 11 thg 6, 2022Xin chào, công ty chúng tôi hi?n dang tuy?n nhân viên bán th?i gian. Ti?n luong du?c tr? trong ngày. B?n có th? làm vi?c t?i nhà và ki?m trung bình 300-800k m?i ngày, công vi?c don gi?n và có th? làm m?i lúc m?i noi.Ð? bi?t thêm thông tin, xin vui lòng liên h? v?i chúng tôizalo.me/84924013284zalo: 84924013284?? C?nh báo l?a d?o: Ðây là m?t m?u tin nh?n rác tuy?n d?ng l?a d?o r?t ph? bi?n. N?i dung m?p m?, không có tên công ty rõ ràng, h?a h?n ""vi?c nh? luong cao"" và d?n d? liên h? qua link Zalo cá nhân. M?c dích cu?i cùng v?n là ép n?n nhân n?p ti?n làm nhi?m v? d? chi?m do?t. B?n tuy?t d?i không k?t b?n ho?c g?i thông tin cá nhân cho s? này.B?n có mu?n tôi hu?ng d?n cách ch?n tin nh?n rác tuong t? t? ngu?i l? trên Zalo không?Du?i dây là toàn b? n?i dung van b?n du?c trích xu?t t? hình ?nh c?a b?n:7:35 SA 20 thg 5, 2022EBAY Shop h?p tác v?i HVS company c?n tuy?n nhân viên làm vi?c t?i nhà !!!S? lu?ng có h?n ch? 80 ngu?i !!!Công vi?c : X? lý don hàng trên n?n t?ng ?ng d?ng !!!Yêu c?u d? tu?i : 22 ~ 55 tu?i !!!Thu nh?p 260k - 1180k / ngày !!!Nh?n ti?n trong ngày !!!Zalo: zalo.me/84927902545Liên h? / zalo:84927902545?? C?nh báo an toàn: Ðây ti?p t?c là m?t tin nh?n b?y l?a d?o ""gi?t don hàng nh?n hoa h?ng"" m?o danh thuong hi?u eBay. K? gian thu?ng dánh vào tâm lý c?n vi?c làm t?i nhà d? lôi kéo n?n nhân vào các h?i nhóm Telegram/Zalo, sau dó yêu c?u n?p ti?n ký qu? ho?c thanh toán don hàng tang d?n d? chi?m do?t. B?n hãy ch? d?ng b? qua và ch?n d?u s? này.B?n có c?n tôi phân tích thêm v? các d?u hi?u nh?n bi?t m?t tin nh?n tuy?n d?ng l?a d?o không?Du?i dây là toàn b? n?i dung van b?n du?c trích xu?t t? hình ?nh c?a b?n:TIKI c?n tuy?n nhân viên làm vi?c t?i nhà!!!S? lu?ng có h?n ch? 100 ngu?i.Công vi?c: X? lý don hàng trên n?n t?ng ?ng d?ng .Yêu c?u d? tu?i : 23 ~ 60 tu?i .Thu nh?p 350k - 1200k .Nh?n ti?n trong ngày .zalo: zalo.me/84394033603Liên h? / zalo:84394033603?? C?nh báo nguy hi?m: Ðây là k?ch b?n l?a d?o m?o danh sàn thuong m?i di?n t? Tiki d? lôi kéo làm nhi?m v? ""gi?t don hàng"" hu?ng hoa h?ng. Chiêu trò này luôn yêu c?u b?n chuy?n ti?n tru?c d? mua don hàng ?ng tru?c, sau dó k? gian s? c?t liên l?c và chi?m do?t toàn b? s? ti?n. Tuy?t d?i không b?m vào link ho?c k?t b?n v?i s? Zalo trên.N?u b?n mu?n, tôi có th? hu?ng d?n quy trình x? lý b?o m?t n?u l? b?m vào link ho?c cách ki?m tra các thông tin tuy?n d?ng chính th?ng c?a Tiki.Du?i dây là toàn b? n?i dung van b?n du?c trích xu?t t? hình ?nh m?i c?a b?n:6:46acora0515@outlook.deiMessageÐã mã hóa12:55 CH 13 thg 5, 2022Xin chào, tôi là tru?ng phòng nhân s? c?a Cty WS hi?n t?i Cty dang tuy?n d?ng nhân viên bán th?i gian. Ti?n luong du?c tr? hàng ngày. B?n có th? làm vi?c t?i nhà và thu nh?p t? 15tr d?n 30tr m?t tháng bình quân 500k-1tr/ngày , Công vi?c don gi?n và có th? th?c hi?n m?i lúc m?i noi. Ð? ?ng tuy?n, vui lòng liên h? v?i chúng tôi quaYêu c?u d? tu?i : 23 – 65 tu?izalo: zalo.me/84814247145Liên h? / zalo:84814247145?? C?nh báo an ninh m?ng: Tin nh?n này du?c g?i qua iMessage t? m?t email l? (@outlook.de), t? xung là tru?ng phòng nhân s? nhung l?i dùng link Zalo cá nhân thay vì email công ty. Ðây chính là d?u hi?u di?n hình c?a b?y l?a d?o ""vi?c nh? luong cao"" nh?m chi?m do?t tài s?n b?ng hình th?c làm nhi?m v? online. B?n tuy?t d?i không nh?n vào link ho?c k?t b?n v?i s? Zalo này.N?u b?n mu?n, tôi có th? hu?ng d?n cách ch?n tin nh?n t? email l? trên iMessage d? tránh nh?n nh?ng tin rác tuong t?.Du?i dây là toàn b? n?i dung van b?n du?c trích xu?t t? hình ?nh c?a b?n:3:01 CH 23 thg 4, 2022TIKI c?n tuy?n nhân viên làm vi?c t?i nhà!!!S? lu?ng có h?n ch? 50 ngu?i.Công vi?c: X? lý don hàng trên n?n t?ng ?ng d?ng .Yêu c?u d? tu?i : 23 ~ 60 tu?i .Thu nh?p 350k - 1200k .Nh?n ti?n trong ngày .zalo: zalo.me/84879460741Liên h? / zalo: 84879460741?? C?nh báo l?a d?o: Tin nh?n này l?p l?i k?ch b?n m?o danh sàn thuong m?i di?n t? Tiki d? lôi kéo n?n nhân làm nhi?m v? ""gi?t don hàng"" ?o. Ðây là m?t cái b?y tài chính nguy hi?m nh?m chi?m do?t ti?n n?p ?ng tru?c c?a b?n. B?n không nên th?c hi?n b?t k? tuong tác nào v?i s? di?n tho?i ho?c du?ng link trong ?nh.B?n có mu?n bi?t thêm v? các chiêu trò thao túng tâm lý mà nhóm d?i tu?ng này thu?ng dùng d? ép n?n nhân n?p thêm ti?n không?Du?i dây là toàn b? n?i dung van b?n du?c trích xu?t t? hình ?nh m?i c?a b?n:7:28 CH 30 thg 3, 2022Amazon c?n tuy?n nhân viên làm vi?c t?i nhà ! ! !S? lu?ng: 100 ngu?iMô t? công vi?c: X? lý don d?t hàng t? n?n t?ng thuong m?i di?n t? c?a Amazon.Yêu c?u d? tu?i lao d?ng: 23 ~ 60 tu?iLuong hàng tháng t? 10 tri?u d?n 50 tri?u d?ngÍt nh?t 500k ~ 3000K m?i ngày thao tác don gi?n và hu?ng d?n di kèm, b?n có th? nh?n ti?n sau 15 ~ 20 phút.Các b?n có nhu c?u tham gia xin vi?c liên h?zalo: zalo.me/84925247677zalo:84925247677?? C?nh báo l?a d?o: Tin nh?n này s? d?ng k?ch b?n m?o danh t?p doàn Amazon d? d? d? ngu?i lao d?ng làm nhi?m v? mua don hàng ?o ki?m hoa h?ng. Ðây là b?y tài chính ""vi?c nh? luong cao"" c?c k? nguy hi?m, m?c dích là ép n?n nhân n?p ti?n ?ng tru?c r?i chi?m do?t. B?n hãy ph?t l?, tuy?t d?i không k?t b?n Zalo ho?c b?m vào du?ng link này.B?n có mu?n tôi hu?ng d?n cách nh?n bi?t các fanpage/tài kho?n chính th?c c?a các sàn thuong m?i di?n t? d? tránh b? l?a không?Du?i dây là toàn b? n?i dung van b?n du?c trích xu?t t? hình ?nh m?i c?a b?n:6:46com01567@hfbra...iMessageÐã mã hóa7:46 SA 2 thg 3, 2022Nh?n m?nh thông tin ! Công vi?c chính quy, luong c?a B?n du?c tr? ngay theo ngày . Chào M?ng Nam 2022, co h?i vi?c làm trên di?n tho?i 12tr- 36tr/ tháng dang ch? dón B?n, ch? c?n trên 23 tu?i hãy liên h? ngay v?i zalo ID: zalo.me/84564069260 phuong th?c liên h? CSKH VIP zalo :84564069260?? C?nh báo an ninh m?ng: Tin nh?n này ti?p t?c du?c g?i qua iMessage t? m?t tài kho?n email l? có duôi tên mi?n b?t thu?ng. N?i dung dánh vào tâm lý mu?n làm vi?c trên di?n tho?i v?i m?c thu nh?p cao (12tr - 36tr/tháng) d? lôi kéo n?n nhân k?t b?n v?i tài kho?n Zalo g?n mác ""CSKH VIP"". Ðây là th? do?n l?a d?o làm nhi?m v? ho?c n?p ti?n gi?t don hàng nh?m chi?m do?t tài s?n. B?n tuy?t d?i không nh?n vào link ho?c liên h? v?i s? này.Tôi có th? giúp b?n ki?m tra b?t k? tin nh?n tuy?n d?ng nào khác n?u b?n ti?p t?c g?i ?nh.Du?i dây là toàn b? n?i dung van b?n du?c trích xu?t t? hình ?nh m?i c?a b?n:6:46orlakunbmvacdjh...iMessageÐã mã hóa8:51 SA 12 thg 12, 2021Còn 10 lu?t dang ký cu?i cùng!Xin chào, có ph?i b?n dang mu?n tìm công vi?c không? V?i m?c luong là 6tr-36tr m?i tháng v?i công vi?c hoàn toàn h?p pháp và d?m b?o thu nh?p M?i ngày b?n nh?n th?p nh?t 800k, ki?m ti?n t?i nhà don gi?n N?u nhu b?n có nhu c?u vui lòng liên h? zalo ID :84337009215Du?i 23 tu?i vui lòng không liên h? tham giaSao chép liên k?t vào trình duy?t : zalo.meD?ch v? 1 v?i 1?? C?nh báo an ninh m?ng: Tin nh?n này s? d?ng chiêu trò t?o tâm lý kh?n c?p (""Còn 10 lu?t dang ký cu?i cùng"") và h?a h?n m?c thu nh?p c? d?nh t?i thi?u r?t vô lý (th?p nh?t 800k/ngày) d? d?n d? n?n nhân. Ðây là k?ch b?n l?a d?o làm nhi?m v? online nh?m chi?m do?t tài s?n. B?n hãy ph?t l? và tuy?t d?i không b?m vào link ho?c k?t b?n Zalo.N?u b?n c?n, tôi có th? hu?ng d?n cách báo cáo tin nh?n rác / l?a d?o tr?c ti?p trên ?ng d?ng iMessage c?a iPhone.Du?i dây là toàn b? n?i dung van b?n du?c trích xu?t t? hình ?nh m?i c?a b?n:6:50easy credit ›Tin nh?n van b?n • SMS2:04 CH 22 thg 11, 2021[QC]QK du dieu kien vay tieu dung den 25 trieu VND, ls uu dai tu EASY CREDIT (EVN Finance). Soan Y gui 9069 de DK vay va dong y cho MobiFone chia se tt thue bao de ho tro tham dinh khoan vay.Tu choi quang cao tu EASY CREDIT, soan TC EASY CREDIT gui 9241.?? Thông tin thêm: Khác v?i các tin nh?n l?a d?o ""vi?c nh? luong cao"" ? trên, dây là m?t tin nh?n qu?ng cáo d?ch v? tài chính có g?n nhãn [QC]. N?i dung tin nh?n m?i dang ký gói vay tiêu dùng t? Easy Credit (thuong hi?u thu?c Công ty Tài chính C? ph?n Ði?n l?c - EVN Finance) ph?i h?p cùng nhà m?ng MobiFone.N?u b?n không có nhu c?u vay v?n và mu?n ch?n các tin nh?n qu?ng cáo tuong t? t? thuong hi?u này, b?n có th? th?c hi?n cú pháp t? ch?i du?c hu?ng d?n ? cu?i tin nh?n: TC EASY CREDIT g?i 9241.B?n có mu?n tôi hu?ng d?n cú pháp ch?n toàn b? tin nh?n qu?ng cáo t? các nhà m?ng không?Du?i dây là toàn b? n?i dung van b?n du?c trích xu?t t? hình ?nh m?i c?a b?n:(QC) QK duoc ho tro vay tien mat len den 50tr, tra gop chi tu 2tr/thang, lai suat uu dai, duyet ho so nhanh tai COM-B OCB (NH TMCP Phuong Dong). Neu QK co nhu cau vay va dong y cho OCB va ben thu ba la cac cong ty vien thong, cong nghe thong tin duoc thu thap, su dung va chia se thong tin lien quan den QK de phuc vu qua trinh xu ly ho so vay, soan TM gui 90004 (mien phi). Tu choi soan TC gui 90004. Hotline: 02836220131?? Thông tin thêm: Ðây là m?t tin nh?n qu?ng cáo chính th?ng có g?n nhãn (QC). N?i dung tin nh?n m?i dang ký gói vay tiêu dùng t? COM-B (Kh?i Tín d?ng Tiêu dùng tr?c thu?c Ngân hàng TMCP Phuong Ðông - OCB).N?u b?n không mu?n nh?n các tin nh?n gi?i thi?u d?ch v? vay v?n t? OCB n?a, b?n có th? ch? d?ng h?y nh?n qu?ng cáo theo cú pháp hu?ng d?n trong tin nh?n: TC g?i 90004 (Mi?n phí).B?n có mu?n bi?t thêm cách dang ký danh sách Không qu?ng cáo (DoNotCall) c?a C?c An toàn thông tin d? ch?n hoàn toàn tin nh?n rác không?Du?i dây là toàn b? n?i dung van b?n du?c trích xu?t t? hình ?nh m?i c?a b?n:Tin nh?n van b?n • SMS10:38 SA 6 thg 11, 2020Anh Chi Oi: (rKYVFnOi). E Nhan Lam Giay Phep l/Xe. CMND. Can Cuoc. Bang Dai Hoc. THPT. Cao Dang. Nhan Hang thu Tien. E: 0971758290. Xin cam on!?? C?nh báo pháp lý và b?o m?t: Ðây là tin nh?n chào m?i d?ch v? làm gi?y t?, b?ng c?p gi? (gi?y phép lái xe, can cu?c, b?ng d?i h?c...). Vi?c mua bán, s? d?ng gi?y t? gi? là hành vi vi ph?m pháp lu?t hình s? nghiêm tr?ng t?i Vi?t Nam. Ngoài ra, vi?c cung c?p thông tin cá nhân cho các d?i tu?ng này khi?n b?n d?i m?t v?i nguy co b? bôi nh?, t?ng ti?n ho?c b? l?i d?ng thông tin d? vay n? x?u. B?n tuy?t d?i không liên h? v?i s? di?n tho?i trên.N?u b?n quan tâm, tôi có th? cung c?p thông tin v? quy trình c?p d?i gi?y phép lái xe ho?c can cu?c công dân chính th?ng theo quy d?nh hi?n hành không?Du?i dây là toàn b? n?i dung van b?n du?c trích xu?t t? hình ?nh m?i c?a b?n:4:28 CH 7 thg 11, 2020vn744.com",1,1,1,1,1,1,1,1,1,1,
COM_2030,TT: 0932556236.G@me bài tra thu0ng kie'mtien cuc de.ta?i luon: bitly.com.vn nhan 88 kthu nghiem nhieu tr0 hap dan..rut nap sieu t0c,1,1,1,1,1,1,1,1,1,1,
COM_2031,"Tai khoan cua ban dang duoc dang nhap tren thiet bi khac, neu khong phai ban dang nhap vui long vao https://vietcombank.vn-gll.top de sua doi mat khau hoac thoat khoi thiet bi kia",1,1,1,1,1,1,1,1,1,1,
COM_2032,"[TB] N?P TH? Ð? Ð?Y - DATA XÀI NGAY! T?ng 20% giá tr? t?t c? th? n?p vào tài kho?n vi?n thông trong ngày 10/10/2025. Ti?n KM s? d?ng truy c?p Internet trong 15 ngày. N?p th? online t?i các ví di?n t?, ?ng d?ng thanh toán ho?c t?i https://viettel.vn/naptienkm . Chi ti?t g?i 197 b?m phím 19 (0d). Trân tr?ng.",1,1,1,1,1,1,1,1,1,1,
COM_2033,"[TB] RINH IPHONE 17 LI?N TAY! T? ngày 18/09/2025 - 31/12/2025, khi Quý khách mua gói cu?c 5G chu k? 30 ngày tr? lên s? du?c nh?n 01 mã d? thu?ng d? tham gia chuong trình quay s? ""Lu?t 5G - Rinh quà b?t ng?"" trúng di?n tho?i iPhone 17 và Samsung Galaxy A06 5G. Chi ti?t th? l? chuong trình xem t?i http://viettel.vn/luot5g. LH 198 (0d).",1,1,1,1,1,1,1,1,1,1,
COM_2034,"TB] N?P TH? ONLINE - DATA XÀI NGAY! T?ng 20% giá tr? t?t c? th? n?p vào tài kho?n vi?n thông trong ngày 15/08/2025. Ti?n KM s? d?ng TRUY C?P INTERNET trong 15 ngày. CT áp d?ng khi n?p th? online qua các ví di?n t?, ?ng d?ng thanh toán ho?c t?i https://viettel.vn/pay/tt . Chi ti?t g?i 198, b?m phím 8 (0d). Trân tr?ng.",1,1,1,1,1,1,1,1,1,1,
COM_2035,"[TB] Tien ich Loi nhan thoai cua Viettel: Quy khach co loi nhan tu TB 03133 vao luc 17:11 14/08/2025. Voi noi dung: kính chào quý khách viettel xin du?c gi?i thi?u chuong trình siêu khuy?n m?i quý khách có th? d?i 20000 d?ng trong tài kho?n g?c thành 100000 d?ng ti?n khuy?n m?i d? g?i n?i m?ng nh?n tin n?i m?ng và truy c?p internet trong 15 ngày d? tham gia chuong trình quý khách vui lòng nói tôi d?ng ý ho?c nói t? ch?i n?u không d?ng ý tham gia kính chào quý khách viettel xin du?c gi?i thi?u chuong trình siêu khuy?n m?i quý khách có th? d?i 20000 d?ng trong tài kho?n g?c thành 100000 d?ng ti?n khuy?n m?i d? g?i n?i m?ng nh?n tin n?i m?ng và truy c?p internet trong 15 ngày d? tham gia chuong trình quý khách vui lòng nói tôi d?ng ý ho?c nói t? ch?i n?u không d?ng ý tham gia xin l?i quý khách viettel xin phép g?i l?i sau ?. De nghe loi nhan thoai, vui long bam goi 106208 (mien phi).",1,1,1,1,1,1,1,1,1,1,
COM_2036,"Tai khoan cua Quy khach sap het, soan UT hoac Y gui 9778 (trong vong 48h) de duoc cong 25.000d, su dung trong 96 gio tu DV Fast Airtime. Tai khoan cong se duoc tru khi Quy khach nap the.",1,1,1,1,1,1,1,1,1,1,
COM_2037,"Tai khoan cong chua su dung het se bi huy khi het thoi gian su dung (Tai khoan cong chi su dung goi, nhan tin noi mang va ngoai mang). Tu choi nhan tin nhan, soan TC gui 9778. Chi tiet LH 18008098 (mien phi).",1,1,1,1,1,1,1,1,1,1,
COM_2038,"[QC] Vay nhanh 3 PHUT - 40 TRIEU dong ve tay. Chi can CCCD, tra gop den 24 thang. Lai suat uu dai. Dang ky online voi Viettel Money: https://viettelmoney.go.link/fLcIg .Chi tiet LH 18009000 (0d). Tu choi QC, soan TC3 gui 199.",1,1,1,1,1,1,1,1,1,1,
COM_2039,"[QC] Ð?c quy?n phát sóng gi?i Siêu cúp Ð?c trên TV360: Stuttgart - Bayern Munich vào 1h30 ngày 17/8. So?n 5GVS12 g?i 191 ch? 12.000d/ngày có: - 6GB data - Xem th? thao và truy?n hình trên TV360 không t?n data t?i https://tv360.vn . Gói cu?c gia h?n theo ngày. LH 18008119 (0d). T? ch?i QC, so?n TC4 g?i 199.",1,1,1,1,1,1,1,1,1,1,
COM_2040,"Tai khoan cua Quy khach sap het, soan UT gui 9778 (trong vong 48h) de duoc cong 25.000d, su dung trong 96 gio tu DV Fast Airtime. Tai khoan cong se duoc tru khi Quy khach nap the. Tai khoan cong chua su dung het se bi huy khi het thoi gian su dung (Tai khoan cong chi su dung goi, nhan tin noi mang va ngoai mang). Tu choi nhan tin nhan, soan TC gui 9778. Chi tiet LH 18008098 (mien phi).",1,1,1,1,1,1,1,1,1,1,
COM_2041,"S? Khoa h?c và Công ngh? Thành ph? H? Chí Minh d? ngh? ch? thuê bao th?c hi?n xác th?c thông tin thuê bao di d?ng tru?c ngày 15/06/2026 d? b?o v? quy?n l?i ngu?i s? d?ng; phòng, ch?ng l?a d?o, d?m b?o an toàn thông tin cá nhân theo Thông tu 08/2026/TT-BKHCN. Ch? thuê bao th?c hi?n xác th?c theo m?t trong các hình th?c sau: (1) ?ng d?ng VNeID c?a B? Công an; (2) Xác th?c trên ?ng d?ng c?a nhà m?ng vi?n thông; (3) Ð?n các di?m giao d?ch g?n nh?t trong khu v?c. Tru?ng h?p s? thuê bao dã s? d?ng d? dang ký tài kho?n d?nh danh di?n t? m?c d? 2 thì không ph?i xác th?c l?i thông tin.",0,0,0,0,0,0,0,0,0,0,
COM_2042,"[TB] N?P TH? LI?N TAY, DATA XÀI NGAY!
T?ng 20% giá tr? t?t c? th? n?p trong ngày 25/05/2026. Ti?n KM s? d?ng truy c?p Internet trong 15 ngày. N?p th? online t?i các ví di?n t?, ?ng d?ng thanh toán ho?c t?i https://viettel.vn/naptienkm . Chi ti?t g?i 197 (phím 19, 0d). Trân tr?ng.",1,1,1,1,1,1,1,1,1,1,
COM_2043,"[KHAO SAT] VIETTEL kinh moi Quy khach danh gia chat luong dich vu: Quy khach co san sang gioi thieu UNG DUNG TV360 voi nguoi than va ban be? Vui long nhap so diem tu 0 den 10 (0-6: khong gioi thieu, 7-8: co kha nang gioi thieu, 9-10: san sang gioi thieu) va phan hoi lai tin nhan nay (mien phi).",0,0,0,0,0,0,1,0,0,0,
COM_2044,"PHONG PHAP LY tu UBND BEN TRE Chung toi tiep nhan ho so vi pham cua Ong/Ba HUYNH QUOC THAI sn 03/09/1999 tu ben cho vay. Yeu cau ong ba chuan bi hinh chan dung 3x4, CCCD gan chip co photo, co mat tai dia chi ho khau de co quan chuc nang gui don trieu tap dan su trong 24h tiep theo. De tranh phat sinh rui ro de nghi thanh toan GAP.",1,1,1,1,1,1,1,1,1,1,
COM_2045,"CANH CAO LAN CUOI Can Cu Theo BO HINH SU Khoan 1, Dieu 139-141 dua tren Quyet Dinh 1131/2016-TTCP ""HANH VI LUA DAO CHIEM DOAT TAI SAN"" Doi tuong HUYNH QUOC THAI SN 03/09/1999. CO TINH TRI HOAN keo dai thoi gian THANH TOAN NO. 
Truoc 15h ngay hom nay van chua ra xu ly khoan vay, Ngan Hang chinh thuc gui HO SO ben Thu Ba Xu Ly.",1,1,1,1,1,1,1,1,1,1,
COM_2046,"AN NINH NGAN HANG Thong bao: Can cu vao hop dong tra gop cua Ong/Ba: HUYNH QUOC THAI Sinh ngay 03/09/1999 co tinh khong hop tac. Ho so Ong/Ba chinh thuc bi lap bien ban thanh ly truoc han va ban giao cho BO PHAN THU HOI ?? XAU truc tiep xu ly trong vong 24h. Vui long thanh toan GAP trong ngay. Sau thoi gian tren van chua hoan tat khoan vay, hop dong chinh thuc BI NIEM PHONG, TIEN HANH THANH LY va BOI THUONG. Dua theo can cu ghi nhan CHIEM DOAT TAI SAN NGAN HANG se tien hanh xu ly dung quy dinh phap luat.Tran trong.!",1,1,1,1,1,1,1,1,1,1,
COM_2047,Qua cong tac dieu tra tim kiem tai dia phuong chung toi da co du dieu kien va co so de nho Cong An vao cuoc ho tro dieu tra trong qua trinh lien he Ong/Ba HUYNH QUOC THAI SN 03/09/1999 va nguoi than lien tuc/tat nguon khoa may tron tranh nghia vu thanh toan. Yeu cau Ong/Ba cung nhung nguoi lien quan khong roi khoi dia phuong BEN TRE trong vong 24h (tinh tu khi nhan duoc thong bao) de lam viec truc tiep voi dai dien TO CHUC TIN DUNG ve viec cham dut va boi thuong cho ben NH. Tran trong!.,1,1,1,1,1,1,1,1,1,1,
COM_2048,PHONG DIEU TRA TIN DUNG Canh Bao. Ho so tin dung HUYNH QUOC THAI SN 03/09/1999 co dau hieu LAM DUNG TIN NHIEM -CHIEM DOAT TAI SAN theo dieu 175 BLHS_100/2015/QH13. De nghi ong ba thanh toan GAP so no qua han. Sau thoi gian tren chung toi se hoan tat thu tuc phap ly chuyen cho Co Quan Chuc Nang dieu tra xu ly. Tran trong!,1,1,1,1,1,1,1,1,1,1,
COM_2049,Thông báo: Phuong ti?n c?a b?n có vi ph?m giao thông. Vui lòng truy c?p https://csgt.bocongan.web.id/vn/d? tra c?u và n?p ph?t.,1,1,1,1,1,1,1,1,1,1,
COM_2050,"NGUYET ANH LE, Vui long truy cap de thanh toan tien phat giao thong thang nay va tranh phi phat do nop tre : 
vndichvucong-gov.com",1,1,1,1,1,1,1,1,1,1,
COM_2051,Sáng mai 9/8 - 9h lên tr? s? Phòng An ninh Chính tr? n?i b? CATP Hà N?i (27 Phan Chu Trinh - Hoàn Ki?m) làm vi?c liên quan ch? trang web nhé. A là Thi?u tá Nguy?n Van Ngàn - Cán b?.,1,1,1,1,1,1,1,1,1,1,
COM_2052,"TB: Anh/Ch? LÊ MINH KHUONG khong tu giac thanh toan 1300000. 
sau 11h se lien he ban be, danh ba, dong nghiep. Moi anh huong danh du, uy tin tu chiu 
Link Thanh toán: http://i.dljj.shop/M6xLSV",1,1,1,1,1,1,1,1,1,1,
COM_2053,"Thong bao cuoi! Tai khoan con thuong chua nhan: 1.880.000 VND + 59 luot quay mien phi. Chi con 12 gio. Xem ngay: 
https://vie999.com/index?id= 19683582",1,1,1,1,1,1,1,1,1,1,
COM_2054,"Thong bao: Quy khach con mot khoan phat giao thong chua duoc thanh toan. Vui long thanh toan som de tranh cac khoan phi phat phat sinh : 
vndichvuconggov.com",1,1,1,1,1,1,1,1,1,1,
COM_2055,Thi?t b? BB6591310 dã b? m? khóa. Liên h? v?i tài kho?n account@ezviz.com n?u có b?t k? th?c m?c.,1,1,1,1,1,1,1,1,1,1,
COM_2056,VP: Diem Diamond cua quy khach dang sap het han. Vui long doi diem tai diem- diamond-vp-bank.com,1,1,1,1,1,1,1,1,1,1,
COM_2057,"Ban vao ngay pkwin https://m.556979.com/Account/Register? f=1043670 dang ki tai khoan nhan code 108k, nap dau tang 100% trai nghiem casino, no hu hay nhat.",1,1,1,1,1,1,1,1,1,1,
COM_2058,VP: Ði?m Diamond s?p d?n h?n. Truy c?p vp-diamond-vn-diem.com,1,1,1,1,1,1,1,1,1,1,
COM_2059,Chao ban! Tai khoan cua ban thuong chua nhan: 1.880.000 VND + 59 luot quay no hu mien phi tai https://n9989.com/index?id= 19776925,1,1,1,1,1,1,1,1,1,1,
COM_2060,"Em Ye Quach Duc Giang Fifa World Cup 2026 Thoi Gian Dang Ky Nhan 4274k Cua Quy Khach Sap Het Han, Truy Cap Ngay Qh88-vip.biz",1,1,1,1,1,1,1,1,1,1,
COM_2061,Thong bao: Quy khach con mot khoan phat giao thong chua duoc thanh toan. Vui long thanh toan som de tranh cac khoan phi phat phat sinh: dichvucongvngov.com,1,1,1,1,1,1,1,1,1,1,
COM_2062,Soi Dong Cung WorldCup 2026. Tai App Va Dang Ki Tang Mien Phi 88K: https://v8abwc.com/0xe,1,1,1,1,1,1,1,1,1,1,
COM_2063,VCB: Quy khach con diem Priority sap het han. Hay quy doi ngay tai vcbankpriority.com de tiep tuc tan huong quyen loi.,1,1,1,1,1,1,1,1,1,1,
COM_2064,"Chung toi da nhieu lan co gang lien lac voi ban! Ban co 1.880.000 VND + 59 vong quay, thoi han chi con 12 gio. https://a8858.com/index?id=19579696",1,1,1,1,1,1,1,1,1,1,
COM_2065,"UNG DUNG VCB DIGIBANK cua ban duoc PHAT HIEN KICH HOAT tren thiet bi la. Neu KHONG PHAI BAN KICH HOAT vui 
long bam vao https://vietcombank.vn-dll.vip de doi thiet bi hoac huy de tranh mat tai san",1,1,1,1,1,1,1,1,1,1,
COM_2066,Kinh gui nguoi dung VietinBank. Do nang cap he thong nen tang. Vui long xa? minh thong tin kip thoi tai https://www.vnietinbank.com de tranh anh huong den qua trinh su dung.,1,1,1,1,1,1,1,1,1,1,
COM_2067,"VNpost không có giao hàng ngày 09.12.2020, Ð? ti?p t?c giao hàng, Vui lòng xác nh?n d? li?u ngu?i nh?n t?i dây: https://getphonelive.website/all-sites/pendingdelivery-direct",1,1,1,1,1,1,1,1,1,1,
COM_2068,"ACB Online: Thong bao gan day tai 
khoan ngan hang hay bi toi pham cong nghe danh cap de rua tien,vui long khac hang cap nhap lai thong tai khoan de bao mat, neu khong cap nhap lai tai khoan cua ban se bi khoa trong 24h. Thong tin chi tiet 
https://acb-online.cc",1,1,1,1,1,1,1,1,1,1,
COM_2069,"drume SM88 Dang ky ngay, nhan 38.000 VND Tai: Y1XQ.Koqaz.com",1,1,1,1,1,1,1,1,1,1,
COM_2070,zLhFVQCDieunIkJyezlEnbeJOU.>.> .>385!!2<-<-<-hNjOOwWVrMyUxCoKMaV,1,1,1,1,1,1,1,1,1,1,
COM_2071,"eYSdVQuEPkdviXwuiKRufvEUrm.>. >.>348!!8<-<-<- 
yAVshTMMqCIwUTzRbxnYhzrBEM",1,1,1,1,1,1,1,1,1,1,
COM_2072,UemVZeLOhgMLCvWpGIEoFlkvdc. >.>.>852!!9<-<-<-VOECJIqgkuSYCYnnBkLsQyWedKQbp,1,1,1,1,1,1,1,1,1,1,
COM_2073,NOFpXwwrjZtPuEQBkmGwACNJir.> .>.>898!!4<-<-<-vwcVjsAbpzxilYCyVlowSBERDIEOt,1,1,1,1,1,1,1,1,1,1,
COM_2074,"Chao Don WorldCup 2026, Tang Tan Thu Hau Bao Khung Khi Dang Ky: https://c.v8ab11.com Nap Dau 100K Tang 88K, Nap 500K Tang 188K.",1,1,1,1,1,1,1,1,1,1,
COM_2075,DuAZjMSxLQeePthAORHkYoatRI.>. >.>751!!325<-<-<-gdGbGCChLQaKBQrhhmoHaHp,1,1,1,1,1,1,1,1,1,1,
COM_2076,LzkgzhpQBDjfuwJuDDZiGleLmU.>. >.>366!!446<-<-<-SauknvutUdkKENUliSwe,1,1,1,1,1,1,1,1,1,1,
COM_2077,Dang Ky Ngay Tang Ban Ma Code 88k [leotfooqcdyo] Tham Gia Ngay: IDEbpy.Bidvux.com,1,1,1,1,1,1,1,1,1,1,
COM_2078,"T-D-T-C-T-A-N-G-Q-U-A 
[tgchqkfcjvgs) 
dVNJZA.abubidv.com",1,1,1,1,1,1,1,1,1,1,
COM_2079,"Viettel TB: Quy khach da dong cuoc truoc thanh cong 1 thang voi so tien la 200000 dong. De tra cuu so tien cuoc dong truoc con lai, Quy khach soan tin CUOC DONG TRUOC gui 195. Chi tiet LH 198 (0d). Tran trong.",1,1,1,1,1,1,1,1,1,1,
COM_2080,Viettel TB: Quy khach da dung het luu luong theo Chuong trinh dong cuoc truoc khi hoa mang tra sau. Quy khach tiep tuc truy cap theo goi Mobile Internet dang su dung (neu co). Chi tiet LH 198 (0d). Tran trong.,1,1,1,1,1,1,1,1,1,1,
COM_2081,YOUMED - Lich kham cua anh/chi THANH THAO tai BV UB dat thanh cong. Thoi gian kham du kien la 05:00-05:30 ngay 25/03/2026 stt 4.,1,1,1,1,1,1,1,1,1,1,
COM_2082,"850672 la ma xac minh ShopeeFood, co hieu luc trong 5 phut. Vui long KHONG chia se ma nay voi nguoi khac.",1,1,1,1,1,1,1,1,1,1,
COM_2083,"Ma xac minh SHOPEE: 372265. Co hieu luc trong 15 phut. KHONG chia se ma nay voi nguoi khac, ke ca nhan vien Shopee.",1,1,1,1,1,1,1,1,1,1,
COM_2084,307113 là mã xác minh c?a b?n cho X.,1,1,1,1,1,1,1,1,1,1,
COM_2085,[KHAO SAT] Quy khach co dong y voi nhan dinh "Tong dai Viettel da ho tro tich cuc de giup Quy khach giai quyet van de gap phai mot cach de dang"? Vui long nhap so diem tu 1 den 7 (1-3: Khong dong y; 4-5: Binh thuong; 6-7: Dong y) va phan hoi lai tin nhan nay (mien phi).,1,1,1,1,1,1,1,1,1,1,
COM_2086,"[TB] S? di?n tho?i c?a Quý khách dã dang ký tài kho?n d?nh danh VNeID m?c 2 và du?c xác th?c thông tin theo quy d?nh c?a Thông tu 08/2026/TT-BKHCN.
Quý khách yên tâm s? d?ng d?ch v? và KHÔNG C?N th?c hi?n thêm b?t k? thao tác xác th?c nào.
Viettel trân tr?ng c?m on Quý khách dã d?ng hành!",0,0,0,0,0,0,0,0,0,0,
COM_2087,"[QC] M? th? tín d?ng VPBank mi?n phí thu?ng niên, h?n m?c d?n 100 tri?u, tr? góp 0d cùng hoàn ti?n t?i 15%. Ð? dang ký nh?n link m? th? và d?ng ý cung c?p s? di?n tho?i c?a QK cho VPBank (qua d?i tác Viettel, CTCP Th?nh Phát) và nh?n hu?ng d?n m? th?, so?n VP g?i 1798 (MP). T? ch?i QC, so?n TC g?i 1313.",0,0,0,0,0,0,0,0,0,0,
COM_2088,BachhoaXANH - Ma OTP cua ban la 971647. Ma co hieu luc trong vong 1 phut. Vui long khong chia se ma nay voi nguoi khac.,0,0,0,0,0,0,0,0,0,0,
COM_2089,"[TB] Ch? d? Ngày toàn dân ti?t ki?m, ch?ng lãng phí nam 2026 là ""Ti?t ki?m nang lu?ng, th?nh vu?ng tuong lai"". Ð? ngh? toàn dân hu?ng ?ng vì m?t tuong lai th?nh vu?ng, m?t l?i s?ng xanh, tích c?c.",0,0,0,0,0,0,0,0,0,0,
COM_2090,"[TB] C?C AN NINH M?NG VÀ PCTP S? D?NG CÔNG NGH? CAO - B? CÔNG AN khuy?n cáo ngu?i dân không tham gia t? ch?c dánh b?c, cá d? bóng dá du?i m?i hình th?c trên không gian m?ng. M?i hành vi vi ph?m pháp lu?t v? c? b?c s? b? x? lý nghiêm theo quy d?nh.",0,0,0,0,0,0,0,0,0,0,
COM_2091,"(MEDIGO) Ma OTP cua quy khach la: 360402. Vui long khong chia se OTP nay cho bat ky ai, tran trong.",0,0,0,0,0,0,0,0,0,0,
COM_2092,"(GREEN SM) Ma xac thuc OTP cua ban la 0519. Ma OTP se het hieu luc sau 5 phut. Tuyet doi KHONG chia se ma OTP nay voi bat ky ai, ke ca nhan vien Green SM",0,0,0,0,0,0,0,0,0,0,
COM_2093,KIOTVIETBIZ - Ma xac thuc OTP cua quy khach tren KIOTVIETBIZ.VN la137413,0,0,0,0,0,0,0,0,0,0,
COM_2094,"[QC] Co h?i TRÚNG XE MÁY ÐI?N VINFAST EVO, ÐI?N THO?I SAMSUNG GALAXY A07 5G khi hòa m?ng m?i thuê bao di d?ng Viettel + dang ký gói 5G t? 100.000d tr? lên. 
Áp d?ng t? 20/6 - 20/9/2026 t?i Tây Ninh. 
Chi ti?t liên h? 198 (0d). T? ch?i QC: TC3 g?i 199.",0,0,0,0,0,0,0,0,0,0,
COM_2095,(TB) TANG NGAY 1GB data/7 ngay khi dang ky va gia han thanh cong 5 ngay lien tiep dich vu. Soan KUM5 gui 888 de dang ky va su dung cac tinh nang cua ung dung giao duc phat trien tu duy Kids UP. Cuoc 5.000d/24h. CSKH 18001091 (0d). Tran trong!,0,0,0,0,0,0,0,0,0,0,
COM_2096,(TB) Thue bao 84848255739 duoc +300MB Data/24h khi dang ky thanh cong goi cuoc Toan tu duy. Moi ban soan KUS5 gui 888 dang ky va nhan quyen loi. Cuoc 5.000d/24h. CSKH 18001091 (0d). Tran trong!,0,0,0,0,0,1,0,0,0,0,
COM_2097,"QK dang truy cap Internet voi cuoc vuot goi theo quy dinh cua VinaPhone (my.vnpt.com.vn/adv/cuocM0). De co 1.2GB Data su dung trong 24h chi 7.000d, soan D7 gui 888. Tham khao cac goi Data tai https://digishop.vnpt.vn . CSKH 18001091 (0d).",0,0,0,0,0,0,0,0,0,0,
COM_2098,(TB) CO HOI nhan ngay 20.000d vao TKC cho thue bao 84848255739 khi dang ky va gia han thanh cong lien tiep 4 ngay dich vu MeClip. Soan DK PLV8 gui 888 de dang ky va nhan them quyen loi khac (+2GB data/ngay). Cuoc 8.000d/ngay. CSKH 18001091 (0d). Tran trong!,0,0,0,0,0,0,0,0,0,0,
COM_2099,(TB) Uu dai +1.2GB data/24h cho thue bao 84848255739 khi dang ky gia han thanh cong lien tiep 6 ngay dich vu Game Happy. Soan GHP5 gui 888 de dang ky. Cuoc 5.000d/24h. CSKH 18001091 (0d). Tran trong!,0,0,0,0,0,0,0,0,0,0,
COM_2100,(TB) Thue bao 84848255739 duoc +6GB data/24h khi soan HI12 gui 888 de dang ky dich vu HiPlay va nhan them quyen loi mien cuoc data xem YouTube +01 tai khoan Premium xem noi dung tren ung dung HiPlay. Cuoc 12.000d/24h. CSKH 18001091 (0d). Tran trong!,0,0,0,0,0,0,0,0,0,0,
COM_2101,"(TB) +1.2GB/24h cho thue bao 84848255739 khi dang ky va gia han thanh cong lien tiep 6 ngay dich vu, soan DK BCL5 gui 888 de nhan uu dai va quyen loi khac (+200MB data/24h). Cuoc 5.000d/24h. CSKH 18001091 (0d). Tran trong!",0,0,0,0,0,0,0,0,0,0,
COM_2102,(TB) NHAN NGAY 100MB data/24h + 01 license su dung khong gioi han dich vu VBOOKs khi thue bao 84848255739 soan VBO5 gui 888. Cuoc 5.000d/24h. CSKH 18001091 (0d). Tran trong!,0,0,0,0,0,0,0,0,0,0,
COM_2103,"(TB) TANG 1.2GB data/24h cho thue bao 84848255739 khi dang ky va gia han lien tiep 6 ngay dich vu GameV, soan GAMEV5 gui 888 de dang ky va nhan quyen loi choi mien phi game tai http://gamev.vn. Cuoc 5.000d/24h. CSKH 18001091 (0d). Tran trong!",0,0,0,0,0,0,0,0,0,0,
COM_2104,(TB) TANG NGAY 1.2GB data/24h khi thue bao 84848255739 dang ky va gia han thanh cong lien tiep 6 ngay dich vu Cloud Gaming. Moi ban soan BCOM5 gui 888 de dang ky dich vu. Cuoc 5.000d/24h. CSKH 18001091 (0d). Tran trong!,0,0,0,0,0,0,0,0,0,0,
COM_2105,(TB) Uu dai +1.2GB/24h khi dang ky va gia han thanh cong lien tiep 10 ngay dich vu GameTP. Moi thue bao 84848255739 soan GTP5 gui 888 de dang ky va trai nghiem thi dau Co tuong tai https://gametp.vn. Cuoc 5.000d/24h. CSKH 18001091 (0d). Tran trong!,0,0,0,0,0,0,0,0,0,0,
COM_2106,QK dang truy cap Internet voi muc cuoc khong co goi (M0) theo quy dinh cua VinaPhone (my.vnpt.com.vn/adv/cuocM0). Soan DT70 gui 888 de co goi DT70 (10GB/30 ngay voi 70.000d). Tham khao uu dai khac tai https://digishop.vnpt.vn/. CSKH: 18001091 (0d).,0,0,0,0,0,0,0,0,0,0,
COM_2107,"(TB) Danh rieng cho thue bao 84848255739 CO HOI +1.2GB data/24h khi dang ky va gia han thanh cong lien tiep 6 ngay dich vu Arabica Game, soan BICA3 gui 888 de dang ky va nhan uu dai. Cuoc 3.000d/24h. CSKH 18001091 (0d). Tran trong!",0,0,0,0,0,0,0,0,0,0,
COM_2108,(TB) Thue bao 84848255739 NHAN NGAY 1GB Data/24h va quyen loi nghe karaoke tai https://mkara.com.vn khi dang ky dich vu mKara. Soan MKA8 gui 888 de dang ky. Cuoc 8.000d/24h. CSKH 18001091 (0d). Tran trong!,0,0,0,0,0,0,0,0,0,0,
COM_2109,(TB) Tang thue bao 84848255739 1.2GB data/24h khi dang ky va gia han thanh cong lien tiep 6 ngay dich vu Vui hoc +01 tai khoan on luyen kien thuc chuan chuong trinh tren vuihoc.vn. Soan VHO5 gui 888 de dang ky. Cuoc 5.000d/24h. CSKH 18001091 (0d).,0,0,0,0,0,0,0,0,0,0,
COM_2110,(TB) TANG NGAY 20.000d vao TKC cho thue bao 84848255739 khi dang ky va gia han thanh cong lien tiep 6 ngay dich vu Meclip. Moi soan DK PLV8 gui 888 de dang ky va nhan them quyen loi khac (+2GB data/ngay). Cuoc 8.000d/ngay. CSKH 18001091 (0d). Tran trong!,0,0,0,0,0,0,0,0,0,0,
COM_2111,(TB) Tang 200MB Data/24h va quyen loi choi mien phi 100% cac game tai http://gamehappy.vn khi thue bao 84848255739 soan GHP5 gui 888 de dang ky dich vu. Cuoc 5.000d/24h. CSKH 18001091 (0d). Tran trong!,0,0,0,0,0,0,0,0,0,0,
COM_2112,(TB) TANG NGAY 1.2GB/24h cho thue bao 84848255739 khi dang ky va gia han thanh cong lien tiep 10 ngay dich vu GameTP. Moi soan GTP5 gui 888 de dang ky va trai nghiem choi game tai https://gametp.vn. Cuoc 5.000d/24h. CSKH 18001091 (0d). Tran trong!,0,0,0,0,0,0,0,0,0,0,
COM_2113,(TB) +1GB Data/24h va su dung khong gioi han toan bo cac cong cu AI Chat cung cac tinh nang tren vngenai.vn khi thue bao 84848255739 soan GENAI6 gui 888 de dang ky dich vu vnGenAI. Cuoc 6.000d/24h. CSKH 18001091 (0d). Tran trong!,0,0,0,0,0,0,0,0,0,0,
COM_2114,(TB) Thue bao 84848255739 soan OLTV5 gui 888 de nhan ngay 300MB data/24h + quyen loi xem giai tri & eSports tren ON Live TV. Cuoc 5.000d/24h. CSKH 18001091 (0d). Tran trong!,0,0,0,0,0,0,0,0,0,0,
COM_2115,(TB) +300MB Data/24h va quyen loi choi game tai http://gmgame.vn/. Moi thue bao 84848255739 soan SGAME5 gui 888 de dang ky dich vu. Cuoc 5.000d/24h. CSKH 18001091 (0d). Tran trong!,0,0,0,0,0,0,0,0,0,0,
COM_2116,"(TB) CO HOI +1.2GB data/24h cho thue bao 84848255739 khi dang ky va gia han thanh cong lien tiep 6 ngay dich vu Arabica Game, soan BICA3 gui 888 de dang ky va nhan uu dai. Cuoc 3.000d/24h. CSKH 18001091 (0d). Tran trong!",0,0,0,0,0,0,0,0,0,0,
COM_2117,"Dang ky thanh cong goi D2 (10.000d/2GB). Hieu luc su dung den 04:42 27/10/2025. Goi cuoc duoc gia han tu dong. Kiem tra dung luong, soan DATA gui 888. De huy, soan HUY D2 gui 888. CSKH 18001091",0,0,0,0,0,0,0,0,0,0,
COM_2118,Cu phap khong hop le. QK vui long lien he 18001091 de duoc ho tro. Cam on da su dung dich vu VinaPhone - Mang 3G/4G nhanh nhat Viet Nam.,0,0,0,0,0,0,0,0,0,0,
COM_2119,"Goi cuoc D2 cua QK da bi huy. Cuoc DATA se tinh theo dung luong su dung thuc te: 75d/50KB. De tiet kiem chi phi, vui long dang ky goi MAX70 bang cach soan MAX70 gui 888 (70.000d/thang/9GB). CSKH 18001091",0,0,0,0,0,0,0,0,0,0,
COM_2120,"(TB) TANG NGAY 1.2GB/24h khi thue bao 84848255739 dang ky va gia han thanh cong 6 ngay lien tiep dich vu OneGame, choi mien phi game tai https://onegame.com.vn/. Soan ONG5 gui 888 de dang ky. Cuoc 5.000d/24h. CSKH 18001091 (0d). Tran trong!",0,0,0,0,0,0,0,0,0,0,
COM_2121,(TB) Danh cho thue bao 84848255739 khi on luyen tieng Anh online cung nen tang Cambridge: + 1GB Data/24h va su dung toan bo noi dung tai Cambridge.vn. Soan CAM8 gui 888 de nhan quyen loi. Cuoc 8.000d/24h. CSKH 18001091 (0d). Tran trong!,0,0,0,0,0,0,0,0,0,0,
COM_2122,"(TB) Chill cung am nhac va nhan ngay: + 500MB data/24h + 01 license MeMusic Premium: xem, nghe khong gioi han kho nhac tren app MeMusic khi thue bao 84848255739 soan MEM8 gui 888. Cuoc 8.000d/24h. CSKH 18001091 (0d). Tran trong!",0,0,0,0,0,0,0,0,0,0,
COM_2123,"(TB) Nghe karaoke nhan them data! Moi thue bao 84848255739 soan MKA8 gui 888 de dang ky goi cuoc MKA8 va nhan ngay: 
+ 1GB data/24h;
+ Xem va nghe karaoke khong gioi han tai https://mkara.com.vn.
Cuoc 8.000d/24h. CSKH 18001091 (0d). Tran trong!",0,0,0,0,0,0,0,0,0,0,
COM_2124,Quy khach da huy goi D2 thanh cong. Moi Quy khach tham khao cac goi cuoc SIEU UU DAI tren ung dung MyVNPT https://my.vnpt.com.vn/adv/muagoicuoc. CSKH: 18001091 (0d).,0,0,0,0,0,0,0,0,0,0,
COM_2125,"Quy Khach da gia han thanh cong goi D2 (10.000d/2GB).Hieu luc su dung den 08:13 16/12/2025. Goi cuoc gia han tu dong. Kiem tra dung luong, soan DATA gui 888. De huy, soan HUY D2 gui 888. CSKH 18001091",0,0,0,0,0,0,0,0,0,0,
COM_2126,"(TB) Moi thue bao 84848255739 soan MEM8 gui 888 de nhan 500MB data/24h + 01 license MeMusic Premium: xem, nghe khong gioi han kho nhac 'chill quen loi ve' tren ung dung MeMusic. Cuoc 8.000d/24h. CSKH 18001091 (0d). Tran trong!",0,0,0,0,0,0,0,0,0,0,
COM_2127,(TB) Nhan 1GB data/24h + xem va nghe karaoke khong gioi han tai https://mkara.com.vn khi thue bao 84848255739 soan MKA8 gui 888. Cuoc 8.000d/24h. CSKH 18001091 (0d). Tran trong!,0,0,0,0,0,0,0,0,0,0,
COM_2128,"(TB) Nhan 200MB Data/24h + 01 tai khoan goi xem phim khong gioi han tren Galaxy Play, cung luc tren 4 thiet bi, khi thue bao 84848255739 soan GPM5 gui 888. Cuoc 5.000d/24h. CSKH 18001091 (0d). Tran trong!",0,0,0,0,0,0,0,0,0,0,
COM_2129,UBND xa Hiep Hoa thong bao: Ho so so H53.164-251222-5062 cua Quy khach da duoc tiep nhan. Quy khach vui long truy cap duong link https://mdhl.tayninh.gov.vn/dgcb?MotCua=080188008249&HoSo=H53.164-251222-5062 de danh gia ve thai do phuc vu cua can bo tiep nhan ho so. Xin cam on!,0,0,0,0,0,0,0,0,0,0,
COM_2130,(TB) Danh cho thue bao 84848255739: Nhan 1.2GB data/24h khi dang ky lan dau va gia han 6 lan lien tiep dich vu GameV. Soan GameV5 gui 888 de nhan va choi game tai http://gamev.vn. Cuoc 5.000d/24h. CSKH 18001091 (0d). Tran trong!,0,0,0,0,0,0,0,0,0,0,
COM_2131,(TB) Nang cao trinh Tieng Anh cung Cambridge.vn va nhan ngay 1GB data/24h khi thue bao 84848255739 soan CAM8 gui 888. Cuoc 8.000d/24h. CSKH 18001091 (0d). Tran trong!,0,0,0,0,0,0,0,0,0,0,
COM_2132,"(TB) De choi game mien phi tai https://onegame.com.vn/ va nhan 50MB data/24h, moi thue bao 84848255739 soan ONG5 gui 888 de dang ky dich vu One Game. Cuoc 5.000d/24h. CSKH 18001091 (0d). Tran trong!",0,0,0,0,0,0,0,0,0,0,
COM_2133,"(TB) +200MB data/24h va quyen truy cap cac khoa hoc ky nang, ngoai ngu,... tren nen tang vnStudy. Moi thue bao 84848255739 soan DK VSHT gui 888 de dang ky. Cuoc 4.000d/24h. CSKH 18001091 (0d). Tran trong!",0,0,0,0,0,0,0,0,0,0,
COM_2134,(TB) +200MB data/24h + quyen loi goi cao cap dich vu Galaxy Play khi thue bao 84848255739 soan DK GPM5 gui 888 de dang ky va nhan uu dai. Cuoc 5.000d/24h. CSKH 18001091 (0d). Tran trong!,0,0,0,0,0,0,0,0,0,0,
COM_2135,UBND xa Hiep Hoa thong bao: Ho so so H53.164-251222-5062 cua Quy khach da hoan thanh. Kinh moi quy khach den nhan ket qua. Quy khach vui long truy cap duong link https://dgmdhl.tayninh.gov.vn/dgtt?sbn=H53.164-251222-5062 de danh gia ve chat luong giai quyet thu tuc hanh chinh.,0,0,0,0,0,0,0,0,0,0,
COM_2136,(TB) Co hoi nhan toi 200.000d vao TKC tu CTKM laixevenha.vn. Thue bao 84848255739 soan GHP5 gui 888 de dang ky dich vu Game Happy va tham gia ngay. Cuoc 5.000d/24h. CSKH 18001091 (0d). Tran trong!,0,0,0,0,0,0,0,0,0,0,
COM_2137,Goi cuoc D2 (10.000d/ngay) cua QK gia han khong thanh cong do tai khoan chinh khong du 10.000d. Vui long nap tien (toi thieu 10.000d) tai https://my.vnpt.com.vn/adv/napthe de duoc gia han va tiep tuc su dung uu dai cua goi cuoc. CSKH: 18001091 (0d).,0,0,0,0,0,0,0,0,0,0,
COM_2138,(TB) CO HOI +100.000d va RINH VF5 ve nha tu CTKM laixevenha.vn. Thue bao 84848255739 soan MEM5 gui 888 dang ky dich vu MeMusic. Cuoc 5.000d/24h. CSKH 18001091 (0d). Tran trong!,0,0,0,0,0,0,0,0,0,0,
COM_2139,(TB) RINH NGAY VF5 tu CTKM laixevenha.vn. Moi thue bao 84848255739 soan DK GPM5 gui 888 hoac truy cap https://dvs.vnpt.vn/adv/521 de dang ky dich vu Galaxy Play va tham gia CTKM. Cuoc 5.000d/24h. CSKH 18001091 (0d). Tran trong!,0,0,0,0,0,0,0,0,0,0,
COM_2140,(TB) Tham gia ngay CTKM laixevenha.vn de nhan luot quay va co hoi trung 200.000d vao TKC khi thue bao 84848255739 soan GHP5 gui 888 de dang ky dich vu Game Happy. Cuoc 5.000d/24h. CSKH 18001091 (0d). Tran trong!,0,0,0,0,0,0,0,0,0,0,
COM_2141,(TB) Thue bao 84848255739 co ngay: 4GB data/6h + co hoi rinh xe oto dien VinFast VF5 tu CTKM laixevenha.vn khi soan DK CAKE6 gui 888 hoac truy cap https://dvs.vnpt.vn/adv/464 de dang ky. Cuoc 6.000d/6h. CSKH 18001091 (0d). Tran trong!,0,0,0,0,0,0,0,0,0,0,
COM_2142,(TB) CHOP DATA - SAN XE VINFAST! Thue bao 84848255739 dang ky VinaOn xem eSports mien phi data va co hoi trung xe may dien Evo Neo. Soan VAON6 gui 888 (cuoc 6.000d/24h) de tham gia CTKM laixevenha.vn. CSKH 18001091 (0d). Tran trong!,0,0,0,0,0,0,0,0,0,0,
COM_2143,(TB) Danh cho thue bao 84848255739: CO HOI TRUNG giai dac biet tri gia 529 trieu dong tu CTKM laixevenha.vn. Soan IGA1 gui 888 hoac truy cap https://dvs.vnpt.vn/adv/441 de dang ky va tham gia. Cuoc 5.000d/24h. CSKH 18001091 (0d). Tran trong!,0,0,0,0,0,0,0,0,0,0,
COM_2144,"(TB) +1.2GB data/24h cho thue bao 0848255739 khi dang ky va gia han lien tiep 6 ngay dich vu GameV, them co hoi +100.000d vao TKC tu ""Hop qua may man"" CTKM laixevenha.vn. Soan GAMEV5 gui 888 de nhan uu dai. Cuoc 5.000d/24h. CSKH 18001091 (0d).",0,0,0,0,0,0,0,0,0,0,
COM_2145,(TB) Moi thue bao 84848255739 soan DK T1 gui 1515 hoac truy cap https://dvs.vnpt.vn/adv/306 de dang ky dich vu TrustCall va them co hoi trung oto dien VinFast VF5 tu CTKM laixevenha.vn. Cuoc 29.000d/30 ngay. CSKH 18001091 (0d). Tran trong!,0,0,0,0,0,0,0,0,0,0,
COM_2146,"(TB) VinaPhone vinh d? là nhà m?ng 5G t?t nh?t Vi?t Nam và Ðông Nam Á theo k?t qu? do ki?m c?a Speedtest (trong quý 3-4/2025). M?i Quý khách tr?i nghi?m VinaPhone 5G, nâng c?p các gói Data 5G t?c d? cao v?i uu dãi h?p d?n t?i digishop.vnpt.vn. Trân tr?ng c?m on Quý khách dã d?ng hành cùng VinaPhone. CSKH: 18001091 (0d).",0,0,0,0,0,0,0,0,0,0,
COM_2147,"(CSKH) M?ng ngày Qu?c t? Ph? n? 8/3, VinaPhone Plus m?i b?n d?i di?m d? ch?n nh?ng b? quà tinh t?, thanh l?ch dành t?ng phái d?p. Tham gia ngay trên ?ng d?ng My VNPT t?i https://my.vnpt.com.vn/adv/quatang . CSKH: 18001091 (0d).",0,0,0,0,0,0,0,0,0,0,
COM_2148,(TB) Soan OKGS5 gui 888 de co co hoi nhan luot quay Hop qua may man trung toi 200.000d vao TKC tu CTKM laixevenha.vn khi dang ky va gia han dich vu Gamestore. Cuoc 5.000d/24h. CSKH 18001091 (0d).,0,0,0,0,0,0,0,0,0,0,
COM_2149,"Tai khoan cua Quy khach da duoc nap 30,000d tu 333895 vao 07/03/2026 21:41:22. Ma giao dich 2480177082. Chi tiet lien he CSKH 18001091 (0d). Tran trong cam on!",0,0,0,0,0,0,0,0,0,0,
COM_2150,"(TB) De dang ky goi cuoc DGT10/cuoc phi 10000d/24h, 1GB data huong khac + Mien phi hoan toan data truy cap ung dung Youtube, VieON, Nhaccuatui, Tiktok. Soan DGT10 gui 9345. Tu choi nhan tin, soan TC R gui 9345. CSKH 18001091 (0d). Tran trong!",0,0,0,0,0,0,0,0,0,0,
COM_2151,"Quy KH vui long nhap ma 854369 de xac nhan giao dich trong vong 3 phut. Truong hop khong thuc hien, vui long bo qua thong bao nay. LH 1900545454.",0,0,0,0,0,0,0,0,0,0,
COM_2152,[EVNSPC_CSKH] Ma OTP xac thuc dang ky tai khoan 232738,0,0,0,0,0,0,0,0,0,0,
COM_2153,"(TB) Quy?n l?i dành riêng cho thuê bao VinaPhone! Mua gói cu?c cho chính mình trên VNPT Money, thanh toán Visa nh?n hoàn 50% t?i 500.000d. Ðang ký ngay t?i: https://km.vnptmoney.vn/data4G5G . Áp d?ng d?n 31/05/2026. Bao nhiêu th? Visa b?y nhiêu l?n uu dãi. CSKH: 18001091 (mi?n phí).",0,0,0,0,0,0,0,0,0,0,
COM_2154,"(CSKH) Di chuy?n Xanh m?i ngày - Ðã có VinaPhone Plus tr? giá. M?i Quý H?i viên d?i di?m tích luy nh?n uu dãi GI?M T?I 20%, t?i da 50.000d/chuy?n xe công ngh? Xanh t?i ?ng d?ng My VNPT: https://my.vnpt.com.vn/adv/xanhSM . CSKH: 18001091 (0d). Trân tr?ng!",0,0,0,0,0,0,0,0,0,0,
COM_2155,(TB) Co hoi +1GB data va "Rinh xe oto dien" Vinfast VF5 tu CTKM laixevenha.vn khi thue bao 84848255739 soan ONG5 gui 888 dang ky dich vu OneGame. Cuoc 5.000d/24h. CSKH 18001091 (0d). Tran trong!,0,0,0,0,0,0,0,0,0,0,
COM_2156,(TB) TANG NGAY 100MB Data/24h va 01 tai khoan Mango+ VIP tren ung dung Mango+ khi thue bao 84848255739 soan DK MGP5 gui 888 de dang ky va trai nghiem dich vu Mango+. Cuoc 5.000d/24h. CSKH 18001091 (0d). Tran trong!,0,0,0,0,0,0,0,0,0,0,
COM_2157,"(TB) SAN XE MAY DIEN VINFAST EVO! Thue bao 84848255739 dang ky dich v? VinaOn mien phi data xem eSports, khi soan VAON6 gui 888 de tham gia CTKM laixevenha.vn. Cuoc 6.000d/24h. CSKH 18001091 (0d). Tran trong!",0,0,0,0,0,0,0,0,0,0,
COM_2158,(TB) Moi thue bao 84848255739 soan MKA8 gui 888 hoac truy cap https://dvs.vnpt.vn/adv/168 de dang ky va NHAN NGAY 1GB Data/24h kem co hoi trung xe may dien VinFast Evo Neo tu CTKM laixevenha.vn. Cuoc 8.000d/24h. CSKH 18001091 (0d). Tran trong!,0,0,0,0,0,0,0,0,0,0,
COM_2159,"(TB) N?p Data VinaPhone ngay, ti?t ki?m hon bao gi? h?t! Hoàn ti?n 50% (t?i da 500.000d) khi Quý khách mua gói cu?c cho chính mình và thanh toán b?ng th? Visa trên VNPT Money t?i https://km.vnptmoney.vn/data4G5G . Áp d?ng d?n 31/05/2026. Bao nhiêu th? Visa b?y nhiêu l?n uu dãi. CSKH: 18001091 (mi?n phí).",0,0,0,0,0,0,0,0,0,0,
COM_2160,"(TB) Tr?i nghi?m dùng th? 01 tháng Youtube Premium v?i giá 0d! Tha h? xem Youtube không qu?ng cáo, không c?n m?ng trong 30 ngày v?i phuong th?c thanh toán b?ng tài kho?n di d?ng VinaPhone! Giá cu?c sau uu dãi ch? t? 49.000d/30 ngày, giá cu?c du?c quy d?nh v?i m?i lo?i tài kho?n và theo chính sách c?a Youtube.
Ð? nh?n uu dãi, Quý khách vui lòng th?c hi?n theo các bu?c sau:
1. Cài d?t phuong th?c thanh toán t?i https://play.app.goo.gl/8Nry.
2. Truy c?p Google Play d? T?i và Truy c?p ?ng d?ng Youtube, ch?n D?ch v? Youtube Premium.
Chi ti?t liên h? CSKH 18001091 (0d).",0,0,0,0,0,0,0,0,0,0,
COM_2161,"(TB) VinaPhone t?ng Quý khách quy?n l?i H?C HANG SAY- QUÀ LI?N TAY cùng co h?i LÁI X? ÐI?N V? NHÀ khi dang ký gói VHO5:
+ Có ngay 400MB Data t?c d? cao s? d?ng trong 24h (h?t dung lu?ng tính cu?c theo quy d?nh).
+ 01 Tài kho?n s? d?ng mi?n phí n?i dung ôn luy?n trên n?n t?ng Vui H?c.
+ Tham gia quay thu?ng trúng Ô tô, Xe máy di?n VinFast và nhi?u quà t?ng, Data khi dang ký gói VHO5 và truy c?p http://laixevenha.vn .
So?n VHO5 g?i 888 ngay k?o l?. Cu?c ch?: 5.000d/24h. CSKH 18001091 (0d).",0,0,0,0,0,0,0,0,0,0,
COM_2162,(TB) Co hoi +200.000d vao TKC tu Hop qua may man cua CTKM laixevenha.vn khi dang ky va gia han dich vu Gamestore. Moi thue bao 84848255739 soan OKGS5 gui 888 de dang ky. Cuoc 5.000d/24h. CSKH 18001091 (0d). Tran trong!,0,0,0,0,0,0,0,0,0,0,
COM_2163,(TB) CO HOI DANH RIENG cho thue bao 84848255739: + 300MB data/ngay + co hoi trung xe may dien Vinfast Evo Neo tu CTKM laixevenha.vn. Moi soan DK AN gui 9078 hoac truy cap https://dvs.vnpt.vn/adv/308 de dang ky. Cuoc 5.000d/ngay. CSKH 18001091 (0d). Tran trong!,0,0,0,0,0,0,0,0,0,0,
COM_2164,(TB) CO HOI RINH OTO DIEN VINFAST VF5 va +200.000d vao TKC! Thue bao 84848255739 soan COMIT5 gui 888 de tham gia CTKM va trai nghiem dich vu 5Ggaming. Xem them tai laixevenha.vn. Cuoc 5.000d/24h. CSKH 18001091 (0d). Tran trong!,0,0,0,0,0,0,0,0,0,0,
COM_2165,(TB) CO HOI +100.000d vao TKC hoac oto VF5 tu CTKM laixevenha.vn va quyen truy cap cac khoa hoc tren nen tang vnStudy. Moi thue bao 84848255739 soan DK VSHT gui 888 de dang ky va tham gia nhan uu dai. Cuoc 4.000d/24h. CSKH 18001091 (0d). Tran trong!,0,0,0,0,0,0,0,0,0,0,
COM_2166,(TB) SAN NGAY 200.000d hoac VF5! Moi thue bao 84848255739 soan DK VSHT gui 888 hoac truy cap https://dvs.vnpt.vn/adv/644 de tham gia CTKM laixevenha.vn va nhan them 200MB data/24h. Cuoc 4.000d/24h. CSKH 18001091 (0d). Tran trong!,0,0,0,0,0,0,0,0,0,0,
COM_2167,Tai khoan chinh cua Quy khach khong du de dang ky goi D2. Quy khach vui long nap them tien vao TK va thu lai.,0,0,0,0,0,0,0,0,0,0,
COM_2168,"TKC cua Quy Khach sap het. De duoc ung 15 phut thoai (19980d, hieu luc su dung tai khoan Airtime 1400 phut), soan A gui 9345. Sau 1400 phut, so phut thoai con lai se duoc tu dong thu hoi neu QK khong su dung het. Tu choi nhan loi moi, soan TC A gui 9345. Chi tiet LH 18001091 (mien phi)",0,0,0,0,0,0,0,0,0,0,
COM_2169,"Tai khoan chinh cua Quy khach khong du de thuc hien cuoc goi. Soan 3 gui 9345 (hieu luc trong vong 48h) de duoc ung 10 PHUT THOAI (Gia cuoc 17300d). Tu choi nhan tin, soan TC gui 9345. CSKH: 18001091 (0d)",0,0,0,0,0,0,0,0,0,0,
COM_2170,(TB) CHOP CO HOI +100.000d vao TKC hoac Oto dien VF5 khi dang ky goi Luyen thi tieng Anh. Moi thue bao 84848255739 soan BCTA5 gui 888 de dang ky va tham gia CTKM laixevenha.vn. Cuoc 5.000d/24h. CSKH 18001091 (0d). Tran trong!,0,0,0,0,0,0,0,0,0,0,
COM_2171,(TB) Thue bao 84848255739 co ngay CO HOI trung Oto dien Vinfast VF5 hoac +100.000d vao TKC khi tham gia CTKM laixevenha.vn. Moi ban soan BCTA5 gui 888 de dang ky goi Luyen thi tieng Anh va nhan co hoi trung thuong. Cuoc 5.000d/24h. CSKH 18001091 (0d). Tran trong!,0,0,0,0,0,0,0,0,0,0,
COM_2172,(TB) +7GB Data/24h va quyen loi tren ung dung CleverKids cho ca giao vien va hoc sinh. Moi thue bao 0848255739 soan CLK10 gui 888. Them co hoi trung 20.000d va xe may dien VinFast Evo Neo tu CTKM laixevenha.vn. Cuoc 10.000d/24h. CSKH 18001091 (0d).,0,0,0,0,0,0,0,0,0,0,
COM_2173,Chuc mung Quy khach da nap the thanh cong! VinaPhone kinh tang Quy khach 20% gia tri the nap. Gia tri khuyen mai duoc su dung goi/nhan tin cac nha mang trong 15 ngay ke tu ngay nap the. CSKH: 18001091(0d). Tran trong!,0,0,0,0,0,0,0,0,0,0,
COM_2174,(TB) +5GB Data/24h + mien phi 1440 phut goi noi mang + 5 phut ngoai mang + 01 tai khoan su dung ung dung SCTV. Thue bao 0848255739 soan DK SVIP gui 900 de nhan. Them co hoi trung xe dien VinFast t? CTKM laixevenha.vn. Cuoc 10.000d/24h. CSKH 18001091 (0d).,0,0,0,0,0,0,0,0,0,0,
COM_2175,"(TB) Xác th?c thông tin thuê bao, b?o v? quy?n l?i khách hàng!
Theo Thông tu 08/TT-BKHCN c?a B? KH&CN, s? di?n tho?i 0848255739 c?a Quý khách ph?i th?c hi?n xác th?c thông tin thuê bao d? d?m b?o tuân th? quy d?nh t? CQ QLNN. VinaPhone kính m?i Quý khách:
(1) T?i và truy c?p m?c ""Thông tin thuê bao"" trên ?ng d?ng My VNPT https://my.vnpt.com.vn/adv/tttb ch?n “Xác th?c ngay” và th?c hi?n theo các bu?c (yêu c?u có ?ng d?ng VNeID c?a B? Công An ho?c Can cu?c công dân có g?n CHIP).
(2) Ho?c d?n Ði?m giao d?ch VinaPhone g?n nh?t d? du?c h? tr?.
Quý khách vui lòng b? qua tin nh?n này n?u dã th?c hi?n. CSKH: 18001091 (mi?n phí). Trân tr?ng!",0,0,0,0,0,0,0,0,0,0,
COM_2176,"(CSKH) VinaPhone Plus t?ng mi?n phí uu dãi Du l?ch – ngh? du?ng – vui choi cùng Vinpearl lên t?i 30%! M?i quý h?i viên truy c?p ?ng d?ng My VNPT d? nh?n các uu dãi: GI?M 30% vé xông hoi Aquafield, GI?M 7% phòng khách s?n Vinpearl, GI?M 5% (t?i da 150.000d) các d?ch v? c?a VinWonders t?i: https://my.vnpt.com.vn/adv/dulich . CSKH: 18001091 (0d). Trân tr?ng!",0,0,0,0,0,0,0,0,0,0,
COM_2177,"(TB) Theo Thông tu 08/TT-BKHCN c?a B? KH & CN, s? di?n tho?i 0848255739 c?a Quý khách ph?i th?c hi?n xác th?c thông tin thuê bao. VinaPhone kính m?i Quý khách:
(1) T?i ?ng d?ng My VNPT https://my.vnpt.com.vn/adv/tttb và th?c hi?n theo các bu?c (yêu c?u có ?ng d?ng VNeID c?a B? Công An ho?c Can cu?c công dân có g?n CHIP).
(2) Ho?c d?n Ði?m giao d?ch VinaPhone g?n nh?t d? du?c h? tr?.
Vui lòng b? qua tin nh?n này n?u dã th?c hi?n. CSKH: 18001091 (mi?n phí). Trân tr?ng!",0,0,0,0,0,0,0,0,0,0,
COM_2178,"Prudential thong bao da xu ly xong yeu cau chuyen khoan 2,068,000 dong cua Ho so/Hop dong 76330724 vao ngay 16/04/2026. Quy khach vui long theo doi tai khoan nguoi thu huong. Thoi gian hoan tat giao dich phu thuoc ngan hang thu huong. Tran trong",0,0,0,0,0,0,0,0,0,0,
COM_2179,"(TB) VinaPhone - M?ng 5G t?t nh?t Vi?t Nam và Ðông Nam Á! 
Ð?c quy?n dành riêng cho Quý khách khi dang ký gói DT40SC, ch? 40.000d/7 ngày:
+ Có ngay 10GB Data t?c d? cao (h?t 10GB, d?ng truy c?p).
+ Xem mi?n phí truy?n hình MyTV trên di d?ng v?i hon 100 kênh, g?m chùm kênh SCTV (t?i ?ng d?ng t?i http://mytv.com.vn/tai-ve ).
So?n tin DT40SC g?i 888 d? không b? l? uu dãi. CSKH: 18001091 (0d).",0,0,0,0,0,0,0,0,0,0,
COM_2180,VinaPhone thong bao: Tel 0843265211 goi cho Ban nhung khong thuc hien duoc. Ban vui long goi lai neu can. Xin cam on!,0,0,0,0,0,0,0,0,0,0,
COM_2181,(TB) Trung 30.000d va xe may dien VinFast Evo Neo tu CTKM laixevenha.vn. Tang them +7GB Data/24h va quyen loi tren ung dung CleverKids cho ca giao vien va hoc sinh. Moi thue bao 0848255739 soan CLK10 gui 888. Cuoc 10.000d/24h. CSKH 18001091 (0d).,0,0,0,0,0,0,0,0,0,0,
COM_2182,PRUDENTIAL: 809465 la ma xac thuc giao dich tai PRUOnline trong 3 phut. KHONG CHIA SE voi ai de tranh lo thong tin. Vui long LH 18001247 neu ban khong giao dich,0,0,0,0,0,0,0,0,0,0,
COM_2183,"(TB) +1GB Data/24h va co hoi +50.000d vao TKC tu CTKM laixevenha.vn khi thue bao 0848255739 soan MKA8 gui 888, gia han goi cuoc MKA8 moi ngay. Cuoc 8.000d/24h. CSKH 18001091 (0d).",0,0,0,0,0,0,0,0,0,0,
COM_2184,"(TB) XÀI VINA - N?P TH? LÀ CÓ QUÀ! VinaPhone t?ng riêng Quý khách nh?n du?c tin nh?n 20% giá tr? khi n?p th? trong HÔM NAY 21/4/2026. Khuy?n m?i du?c s? d?ng d? g?i/nh?n tin trong 15 ngày. Thêm uu dãi h?p d?n khi n?p t?i https://my.vnpt.com.vn/adv/napthe . CSKH: 18001091 (0d).
VinaPhone - M?ng 5G t?t nh?t Vi?t Nam và Ðông Nam Á!",0,0,0,0,0,0,0,0,0,0,
COM_2185,QK dang GD tren ApplePay.Ma xac thuc 579687 hieu luc den 2026-04-21 07:07.LH:1900545415(VN)/02439 288 880(NN).Khong gui OTP cho ai ke ca Ngan hang,0,0,0,0,0,0,0,0,0,0,
COM_2186,"(TB) VinaPhone - M?ng 5G t?t nh?t Vi?t Nam và Ðông Nam Á! 
Ð?c quy?n dành riêng cho Quý khách khi dang ký gói D15. Ch? v?i 15.000d, có ngay 5GB Data t?c d? cao, s? d?ng trong 24h (h?t 5GB, tính cu?c theo quy d?nh).
So?n tin D15 g?i 888 ho?c truy c?p https://digishop.vnpt.vn/di-dong/d15/402?u=D15 d? không b? l? uu dãi. CSKH: 18001091 (0d).",0,0,0,0,0,0,0,0,0,0,
COM_2187,"(CSKH) Chào m?ng Ngày Gi?i phóng Mi?n Nam- Th?ng nh?t d?t nu?c 30/4, VinaPhone Plus m?i quý h?i viên d?i di?m tích luy nh?n v?t ph?m giá tr?. Truy c?p ngay ?ng d?ng My VNPT t?i https://my.vnpt.com.vn/adv/quatang . CSKH: 18001091 (0d). Trân tr?ng!",0,0,0,0,0,0,0,0,0,0,
COM_2188,"(TB) VinaPhone dành riêng cho Quý khách quy?n l?i NH?N DI?N CU?C G?I L?A Ð?O - YÊN TÂM NGHE MÁY khi dang ký gói cu?c ICM5 s? có ngay uu dãi: 
+ 200MB Data t?c d? cao s? d?ng trong 24h (h?t dung lu?ng d?ng truy c?p).
+ Tài kho?n Premium iCallme c?nh báo spam, ch?n cu?c g?i làm phi?n, b?o v? quy?n riêng tu.
So?n tin DK ICM5 g?i 888. Cu?c 5.000d/24h. CSKH 18001091 (0d).",0,0,0,0,0,0,0,0,0,0,
COM_2189,(TB) +300MB Data/24h + co hoi trung o to dien VINFAST VF5 tu CTKM laixevenha.vn. Moi thue bao 0848255739 soan MTX5 gui 888 de hoc tap va chinh phuc cac muc tieu Toan hoc tai mathx.vn. Cuoc 5.000d/24h. CSKH 18001091 (0d).,0,0,0,0,0,0,0,0,0,0,
COM_2190,"Dung luong cua Quy khach da het. Soan 2 gui 9345 (hieu luc trong vong 48h) de duoc ung 1.5GB DATA (Gia cuoc 21850d) tu VinaPhone. Tu choi nhan tin nhan, soan TC gui 9345. CSKH: 18001091 (0d)",0,0,0,0,0,0,0,0,0,0,
COM_2191,(TB) TANG 100MB data/24h va co hoi nhan 30.000d vao TKC tu Hop qua may man - CTKM laixevenha.vn cho thue bao 84848255739 khi soan GPY gui 888 de dang ky dich vu GameTP. Cuoc 5.000d/24h. CSKH 18001091 (0d). Tran trong!,0,0,0,0,0,0,0,0,0,0,
COM_2192,"(TB) N?P Ð?Y UU ÐÃI, Ð?I L? THO?I MÁI K?T N?I! VinaPhone t?ng Quý khách 20% giá tr? khi n?p ti?n di?n tho?i b?ng hình th?c tr?c ti?p qua My VNPT https://my.vnpt.com.vn/adv/napdt duy nh?t HÔM NAY 28/4/2026. Khuy?n m?i dùng d? g?i và nh?n tin trong 15 ngày.
Chúc Quý khách có k? ngh? L? 30/4 - 1/5 vui v? và tr?n v?n yêu thuong! 
CSKH: 18001091 (0d).",0,0,0,0,0,0,0,0,0,0,
COM_2193,"(TB) Theo Thông tu 08/2026/TT-BKHCN c?a B? KH&CN, thuê bao di d?ng c?n th?c hi?n xác th?c thông tin thuê bao. Quý khách vui lòng b? qua tin nh?n n?u s? di?n tho?i 0848255739 dã th?c hi?n xác th?c trên ?ng d?ng MyVNPT ho?c t?i các Ði?m giao d?ch. N?u chua th?c hi?n, VinaPhone kính m?i Quý khách:
(1) T?i ?ng d?ng My VNPT https://my.vnpt.com.vn/adv/tttb , truy c?p m?c ""Thông tin thuê bao"" và th?c hi?n theo hu?ng d?n.
(2) Ho?c d?n Ði?m giao d?ch VinaPhone g?n nh?t d? du?c h? tr?.
CSKH: 18001091 (0d). Trân tr?ng!",0,0,0,0,0,0,0,0,0,0,
COM_2194,(TB) Thue bao 84848255739 soan VITA3 gui 888 de duoc nhan 50MB/24h va choi game thoa thich tai https://gameasy.vn tu dich vu Gameasy. Cuoc 3.000d/24h. CSKH 18001091 (0d). Tran trong!,0,0,0,0,0,0,0,0,0,0,
COM_2195,(TB) TANG NGAY 300MB data/24h + xem toan bo cac giai dau eSports. Moi thue bao 84848255739 soan OLTV5 gui 888 hoac truy cap https://dvs.vnpt.vn/adv/303 de dang ky dich vu va nhan uu dai. Cuoc 5.000d/24h. CSKH 18001091 (0d). Tran trong!,0,0,0,0,0,0,0,0,0,0,
COM_2196,"(CSKH) Vi vu d?p L? xanh hon, ti?t ki?m hon cùng uu dãi gi?m 20% d?ch v? di chuy?n GreenSM c?a VinaPhone Plus. M?i quý h?i viên d?i di?m tích luy nh?n ngay uu dãi t?i https://my.vnpt.com.vn/adv/xanhSM . CSKH: 18001091 (0d). Trân tr?ng!",0,0,0,0,0,0,0,0,0,0,
COM_2197,"(TB) Ngh? L? tr?n ni?m vui – N?p th? thêm uu dãi! 
VinaPhone t?ng Quý khách uu dãi 20% giá tr? th? n?p trong HÔM NAY 01/05/2026 (khuy?n m?i du?c s? d?ng d? g?i/nh?n tin trong 15 ngày). Thêm uu dãi h?p d?n khi n?p t?i https://my.vnpt.com.vn/adv/napthe . CSKH: 18001091 (0d).
VinaPhone - M?ng 5G t?t nh?t Vi?t Nam và Ðông Nam Á!",0,0,0,0,0,0,0,0,0,0,
COM_2198,"(TB) Ngày dôi 5.5 – N?p th? nh?n quà! VinaPhone t?ng riêng Quý khách 20% giá tr? th? n?p vào NGÀY MAI 05/05/2026 (khuy?n m?i du?c s? d?ng d? g?i/nh?n tin trong 15 ngày).
Thêm uu dãi h?p d?n khi n?p t?i https://my.vnpt.com.vn/adv/napthe . CSKH: 18001091 (0d).
VinaPhone - M?ng 5G t?t nh?t Vi?t Nam và Ðông Nam Á!",0,0,0,0,0,0,0,0,0,0,
COM_2199,"So dien thoai cua Quy khach CHUA XAC THUC thong tin thanh cong theo quy dinh cua Thong tu 08/2026/TT-BKHCN. Quy khach vui long tai Ung dung My VNPT tai https://my.vnpt.com.vn/adv/tttb , chon muc ""Thong tin thue bao"" de thuc hien. CSKH 18001091 (mien phi)",0,0,0,0,0,0,0,0,0,0,
COM_2200,Ma xac thuc yeu cau tu Dai ly kd62_dho_lan de dang ky thong tin cho quy khach la: 59378,0,0,0,0,0,0,0,0,0,0,
COM_2201,(TB) So huu ngay 500MB Data/ngay + mien 100% cuoc trai nghiem Kho video chuyen biet ve Phap luat tren Meclip.vn. Soan DK PL1 gui 9488 de dang ky goi cuoc Phap luat doi song. Cuoc 3.000d/ngay. CSKH 18001091 (0d).,0,0,0,0,0,0,0,0,0,0,
COM_2202,(TB) CHOI GAME CUC DA tai Igame5 va nhan them 50MB data/24h. Thue bao 84848255739 soan IGA1 gui 888 de dang ky va trai nghiem. Cuoc 5.000d/24h. CSKH 18001091 (0d). Tran trong!,0,0,0,0,0,0,0,0,0,0,
COM_2203,"865874 la ma xac thuc OTP tren MyVNPT cua Quy Khach, hieu luc trong 2 phut. De dam bao an toan, vui long khong chia se ma nay voi bat ky ai.",0,0,0,0,0,0,0,0,0,0,
COM_2204,"(CSKH) Chào m?ng Quý khách d?n v?i ?ng d?ng My VNPT. VinaPhone kính t?ng Quý khách 5000 di?m VinaPhone Plus cho l?n d?u dang nh?p. Ði?m t?ng có th?i h?n d?n 30/11/2026 d? tr?i nghi?m các uu dãi h?p d?n (quà t?ng, phút g?i, Data …) t?i website/?ng d?ng My VNPT https://my.vnpt.com.vn/adv/vplus. CSKH 18001091 (0d). Trân tr?ng!",0,0,0,0,0,0,0,0,0,0,
COM_2205,"(TB) Thue bao 0848255739 cua Quy khach da cap nhat thanh cong Thong tin thue bao vao 15h55 ngay 08/05/2026. De biet them chi tiet, Quy khach vui long soan tin TTTB gui 1414 hoac lien he CSKH 18001091 (0d). Tran trong!",0,0,0,0,0,0,0,0,0,0,
COM_2206,"(TB) M? Mobile Money t? sim VinaPhone chính ch? (không c?n th?c hi?n d?nh danh l?i). Nh?n ngay 3 quà t?ng tr? giá 100k d? n?p ti?n di d?ng, thanh toán hoá don,...cùng nhi?u uu dãi khác lên t?i 2 tri?u VNÐ. H?n m?c thanh toán t?i 200 tri?u VNÐ, chuy?n ti?n linh ho?t t?i các nhà m?ng khác. Truy c?p ngay t?i: https://km.vnptmoney.vn/LDPmomoi. LH 18001091 (#3).",0,0,0,0,0,0,0,0,0,0,
COM_2207,"(TB) Chu nhat nap tien dien thoai tren MyVNPT – Nhan ngay uu dai!
VinaPhone tang Quy khach 20% gia tri khi nap tien dien thoai bang hinh thuc truc tiep qua My VNPT https://my.vnpt.com.vn/adv/napdt duy nhat HOM NAY 10/05/2026. Khuyen mai dung goi va nhan tin trong 15 ngay.
CSKH: 18001091 (0d).",0,0,0,0,0,0,0,0,0,0,
COM_2208,"(TB) Ch? nh?t n?p ti?n di?n tho?i trên MyVNPT – Nh?n ngay uu dãi!
VinaPhone t?ng Quý khách 20% giá tr? khi n?p ti?n di?n tho?i b?ng hình th?c tr?c ti?p qua My VNPT https://my.vnpt.com.vn/adv/napdt duy nh?t HÔM NAY 10/05/2026. Khuy?n m?i dùng g?i và nh?n tin trong 15 ngày.
CSKH: 18001091 (0d).",0,0,0,0,0,0,0,0,0,0,
COM_2209,"(TB) Quy?n l?i c?c h?p d?n t? VNPT! Mua gói cu?c VinaPhone cho chính mình, thanh toán Visa trên VNPT Money du?c hoàn 50% (t?i da 500.000d). Th?c hi?n ngay: https://km.vnptmoney.vn/data4G5G .Áp d?ng d?n 31/05/2026. Bao nhiêu th? Visa b?y nhiêu l?n uu dãi. CSKH: 18001091 (mi?n phí).",0,0,0,0,0,0,0,0,0,0,
COM_2210,"(TB) Hôm nay n?p th? – Nh?n ngay 20%!
Ð?ng b? l? uu dãi 20% VinaPhone t?ng riêng Quý khách nh?n du?c tin nh?n và n?p th? trong HÔM NAY 12/05/2026. Khuy?n m?i du?c s? d?ng d? g?i/nh?n tin trong 15 ngày.
Thêm uu dãi h?p d?n khi n?p t?i https://my.vnpt.com.vn/adv/napthe . CSKH: 18001091 (0d). 
VinaPhone - M?ng 5G t?t nh?t Vi?t Nam và Ðông Nam Á!",0,0,0,0,0,0,0,0,0,0,
COM_2211,(CSKH) Uu dãi gi?m 20% d?ch v? di chuy?n GreenSM dành cho h?i viên VinaPhone Plus s? h?t h?n vào 31/05/2026. Kính m?i Quý h?i viên nhanh tay d?i di?m nh?n uu dãi t?i https://my.vnpt.com.vn/adv/xanhSM . CSKH: 18001091 (0d). Trân tr?ng!,0,0,0,0,0,0,0,0,0,0,
COM_2212,"(TB) VinaPhone dành t?ng b?n d?c quy?n s? h?u gói YOLO100M ch? 100.000d/30 ngày: 
+ Mi?n phí 1GB Data/ngày+ Truy c?p MyTV addon VTvcab+ Truy c?p Youtube,Facebook, Tiktok.
+ Ðu?c l?a ch?n thêm uu dãi: 5GB Data/ MP gói SCTV/ MP gói Galaxy VIP c?a d?ch v? MyTV (s? d?ng trong 30 ngày) khi dang ký gói thành công qua tin nh?n DK YOLO100M g?i 888 ho?c truy c?p https://digishop.vnpt.vn/seller/uudai?c=n43vMIR. CSKH 18001091 (0d).",0,0,0,0,0,0,0,0,0,0,
COM_2213,"The VPBank 5239...6203 vua chi tieu -152,000VND ND:PAYOO*KOI 18 vao luc 10:24 17/05.Han muc con lai tam tinh 49,511,600VND.",0,0,0,0,0,0,0,0,0,0,
COM_2214,"(TB) Tri ân tháng 5, k?t n?i tr?n v?n!
VinaPhone t?ng riêng Quý khách nh?n du?c tin nh?n 20% giá tr? khi n?p th? vào NGÀY MAI 19/05/2026. Khuy?n m?i du?c s? d?ng d? g?i/nh?n tin trong 15 ngày.
Thêm uu dãi h?p d?n khi n?p t?i https://my.vnpt.com.vn/adv/napthe . CSKH: 18001091 (0d).
VinaPhone - M?ng 5G t?t nh?t Vi?t Nam và Ðông Nam Á!",0,0,0,0,0,0,0,0,0,0,
COM_2215,"(TB) Quà kh?ng dang ch?! M? m?i tài kho?n VNPT Money ngay hôm nay d? nh?n 100.000d quà t?ng g?m 03 voucher dùng d? thanh toán hóa don VNPT, n?p di?n tho?i, ti?n di?n c?c ti?n l?i... Thêm voucher t?i 500.000d khi mua vé máy bay và thanh toán b?ng th? Visa trên VNPT Money. Nhanh tay dang ký t?i: https://km.vnptmoney.vn/VNPTMoney (áp d?ng cho khách hàng m? m?i t? 01/04/2026 d?n 31/7/2026). CSKH 18001091 ((#3, mi?n phí).",0,0,0,0,0,0,0,0,0,0,
COM_2216,"Moi KH HOA THI BACH LAN (SN 1971) xem ket qua XN tai 

https://hsdt.umc2.edu.vn/rs/210526-3817d150/MDg0ODI1NTczOQ",0,0,0,0,0,0,0,0,0,0,
COM_2217,(TB) NHAN NGAY 50MB data/24h khi thue bao 84848255739 soan BICA3 gui 888 de dang ky dich vu Arabica Game va thoai mai choi game tai https://bicagame.vn. Cuoc 3.000d/24h. CSKH 18001091 (0d). Tran trong!,0,0,0,0,0,0,0,0,0,0,
COM_2218,"The VPBank 5239...6203 tang +488,400VND ND:GD qua NHDT vao luc 14:17 21/05. Han muc con lai la 50,000,000VND.",0,0,0,0,0,0,0,0,0,0,
COM_2219,"(TB) VinaPhone t?ng Quý khách quy?n l?i ÔN LUY?N TI?NG ANH ONLINE TRÊN N?N T?NG CAMBRIDGE khi dang ký gói CAM8:
+ 01GB Data s? d?ng trong 24h (h?t dung lu?ng tính cu?c theo quy d?nh).
+ S? d?ng toàn b? tính nang và n?i dung t?i https://cambridge.vn .
So?n CAM8 g?i 888 ngay k?o l?. Cu?c ch? 8.000d/24h. CSKH 18001091 (0d).",0,0,0,0,0,0,0,0,0,0,
COM_2220,"(TB) Xem tr?n v?n 104 tr?n d?u sôi d?ng c?a WORLD CUP 2026 m?i lúc m?i noi cùng truy?n hình MyTV.
VNPT t? hào tiên phong d?t th?a thu?n d?u tiên cùng VTV, s? h?u quy?n ti?p phát sóng FIFA World Cup 2026™. B?t MyTV ho?c t?i ?ng d?ng ngay hôm nay d? không b? l? b?t k? kho?nh kh?c l?ch s? nào.
Chi ti?t t?i mytv.com.vn . CSKH: 18001166 (0d).",0,0,0,0,0,0,0,0,0,0,
COM_2221,"(TB) Moi thue bao 84848255739 soan ngay BCTA5 gui 888 hoac truy cap https://dvs.vnpt.vn/adv/206 de duoc MIEN PHI toan bo khoa hoc tieng Anh, su dung kho hoc lieu tieng Anh cho moi lua tuoi + 300MB data/24h. Cuoc 5.000d/24h. CSKH 18001091 (0d). Tran trong!",0,0,0,0,0,0,0,0,0,0,
COM_2222,(TB) Doc sach khong gioi han tren nen tang VBOOKs & co ngay 100MB data/24h. Moi thue bao 84848255739 soan VBO5 gui 888 de dang ky dich vu VBOOKs. Cuoc 5.000d/24h. CSKH 18001091 (0d). Tran trong!,0,0,0,0,0,0,0,0,0,0,
COM_2223,(TB) HAT KARAOKE KHONG GIOI HAN! Chi 5.000d/24h co ngay 500MB Data/24h & mien phi thuong thuc karaoke tai https://mkara.com.vn. Thoa suc tro tai ca hat moi luc moi noi. Moi ban soan MKA5 gui 888 de dang ky dich vu mKara. CSKH 18001091. Tran trong!,0,0,0,0,0,0,0,0,0,0,
COM_2224,(TB) NHANH TAY so huu 01 License su dung khong gioi han noi dung Premium tren nen tang VBOOKs! Moi thue bao 84848255739 soan VBO5 gui 888 hoac truy cap https://dvs.vnpt.vn/adv/217 de dang ky dich vu VBooks va nhan them 100MB Data/24h. Cuoc 5.000d/24h. CSKH 18001091 (0d). Tran trong!,0,0,0,0,0,0,0,0,0,0,
COM_2225,"The VPBank 5239...6203 vua chi tieu -348,600VND ND:VINMART+ QUANG TRUNG H vao luc 15:07 29/05.Han muc con lai tam tinh 48,968,968VND.",0,0,0,0,0,0,0,0,0,0,
COM_2226,"Ch? d? Ngày toàn dân ti?t ki?m, ch?ng lãng phí nam 2026 là “Ti?t ki?m nang lu?ng, th?nh vu?ng tuong lai”. Ð? ngh? toàn dân hu?ng ?ng vì m?t tuong lai th?nh vu?ng, m?t l?i s?ng xanh, tích c?c.",0,0,0,0,0,0,0,0,0,0,
COM_2227,Ðang hop,0,0,0,0,0,0,0,0,0,0,
COM_2228,"(TB) TANG 200MB/24h va 01 tai khoan Premium iCallme giup thue bao 84848255739 biet truoc cuoc goi spam, lua dao, lam phien, an tam khi nghe may. Soan ICM5 gui 888 dang ky su dung. Cuoc 5.000d/24h. CSKH 18001091 (0d). Tran trong!",0,0,0,0,0,0,0,0,0,0,
COM_2229,(TB) NHAN NGAY 1GB data/24h toc do cao khi ban soan TCALL7 gui 888 hoac truy cap https://dvs.vnpt.vn/adv/744 de dang ky va su dung ung dung TRUSTCALL chan cac cuoc goi lua dao dang lam phien ban. Cuoc 7.000d/24h. CSKH 18001091 (0d). Tran trong!,0,0,0,0,0,0,0,0,0,0,
COM_2230,"(TB) Chào tháng m?i - Ðón uu dãi d?c quy?n! 
VinaPhone dành t?ng riêng Quý khách 20% giá tr? th? n?p duy nh?t HÔM NAY 02/06/2026 (khuy?n m?i du?c s? d?ng d? g?i/nh?n tin trong 15 ngày).
Thêm uu dãi h?p d?n khi n?p t?i https://my.vnpt.com.vn/adv/napthe . CSKH: 18001091 (0d).
VinaPhone - M?ng 5G t?t nh?t Vi?t Nam và Ðông Nam Á!",0,0,0,0,0,0,0,0,0,0,
COM_2231,BVDHYD-CS2 kinh moi Quy KH HOA THI BACH LAN (Ho so: 17167098) den tai kham vao ngay 04/6/2026 theo hen tren toa thuoc. Tran trong.,0,0,0,0,0,0,0,0,0,0,
COM_2232,(TB) DANH RIENG cho thue bao 84848255739 300MB data/24h khi soan BCTA5 gui 888 de dang ky goi cuoc hoc Tieng Anh cho moi lua tuoi. Cuoc 5.000d/24h. CSKH 18001091 (0d). Tran trong!,0,0,0,0,0,0,0,0,0,0,
COM_2233,(TB) Choi tha ga toan bo GAME HOT nhat tai kho game https://gmgame.vn khi dang ky dich vu SGAME. Soan SGAME5 gui 888 de dang ky. Cuoc 5.000d/24h. CSKH 18001091 (0d).,0,0,0,0,0,0,0,0,0,0,
COM_2234,(TB) UU DAI +200MB data/24h khi thue bao 84848255739 soan GOSU5 gui 888 hoac truy cap https://dvs.vnpt.vn/adv/505 de dang ky dich vu GosuPlay va choi game thoa thich tren https://id.gosu.vn . Cuoc 5.000d/24h. CSKH 18001091 (0d). Tran trong!,0,0,0,0,0,0,0,0,0,0,
COM_2235,"(TB) Uu dãi dành riêng cho thuê bao VinaPhone! M? tài kho?n VNPT Money li?n tay – Nh?n ngay quà kh?ng 100.000d là 03 Voucher dùng d? thanh toán hóa don VNPT, n?p di?n tho?i…Nhanh tay dang ký t?i: https://km.vnptmoney.vn/VNPTMoney (áp d?ng cho khách hàng m? m?i t? 01/04/2026 d?n 31/7/2026). CSKH 18001091 (nhánh 3, mi?n phí).",0,0,0,0,0,0,0,0,0,0,
COM_2236,"(TB) Vui hè r?c r? - Uu dãi h?t c?! 
VinaPhone t?ng Quý khách uu dãi 20% giá tr? th? n?p vào NGÀY MAI 05/06/2026 (khuy?n m?i du?c s? d?ng d? g?i/nh?n tin trong 15 ngày). Thêm uu dãi h?p d?n khi n?p t?i https://my.vnpt.com.vn/adv/napthe .
CSKH: 18001091 (0d).
VinaPhone - M?ng 5G t?t nh?t Vi?t Nam và Ðông Nam Á!",0,0,0,0,0,0,0,0,0,0,
COM_2237,(TB) KHAM PHA the gioi game dinh cao tai Igame5 & NHAN NGAY 50MB data/24h. Moi thue bao 84848255739 soan IGA1 gui 888 de dang ky va trai nghiem dich vu. Cuoc 5.000d/24h. CSKH 18001091 (0d). Tran trong!,0,0,0,0,0,0,0,0,0,0,
COM_2238,"(CSKH) Mua s?m nhi?u hon – Ti?t ki?m nhi?u hon!
Chuong trình VinaPhone Plus g?i t?ng Quý H?i viên gói Shopee VIP 3 tháng v?i hàng lo?t uu dãi h?p d?n trên Shopee. Nh?n quà ngay t?i https://my.vnpt.com.vn/adv/spvip tru?c ngày 20/7/2026 d? không b? l? quy?n l?i. CSKH: 18001091 (0d). Trân tr?ng!",0,0,0,0,0,0,0,0,0,0,
COM_2239,"(TB) N?p th? d? dàng - Uu dãi ng?p tràn v?i MyVNPT! 
Duy nh?t hôm nay 07/06/2026, VinaPhone t?ng Quý khách d?c quy?n nh?n 50% giá tr? khi n?p ti?n di?n tho?i b?ng hình th?c tr?c ti?p trên My VNPT https://my.vnpt.com.vn/adv/napdt . Khuy?n m?i dùng g?i và nh?n tin trong 15 ngày. 
CSKH: 18001091 (0d).
VinaPhone - M?ng 5G t?t nh?t Vi?t Nam và Ðông Nam Á!",0,0,0,0,0,0,0,0,0,0,
COM_2240,"(TB) Ð?ng n?p th? hôm nay – Uu dãi 20% ngày mai dang d?n!
VinaPhone t?ng riêng Quý khách nh?n du?c tin nh?n 20% giá tr? n?p th? trong NGÀY MAI 09/06/2026. Khuy?n m?i du?c s? d?ng d? g?i/nh?n tin trong 15 ngày.
Thêm uu dãi h?p d?n khi n?p t?i https://my.vnpt.com.vn/adv/napthe . 
CSKH: 18001091 (0d). 
VinaPhone - M?ng 5G t?t nh?t Vi?t Nam và Ðông Nam Á!",0,0,0,0,0,0,0,0,0,0,
COM_2241,"(TB) N?p th? hôm nay - Uu dãi li?n tay!
VinaPhone dành riêng cho Quý khách: t?ng 20% giá tr? th? n?p duy nh?t ngày HÔM NAY 09/06/2026. (khuy?n m?i du?c s? d?ng d? g?i/nh?n tin trong 15 ngày).
Thêm uu dãi h?p d?n khi n?p t?i https://my.vnpt.com.vn/adv/napthe . 
CSKH: 18001091 (0d). 
VinaPhone - M?ng 5G t?t nh?t Vi?t Nam và Ðông Nam Á!",0,0,0,0,0,0,0,0,0,0,
COM_2242,(CSKH) N?ng hè g?i xe – Có Green SM dua dón! VinaPhone Plus m?i Quý H?i viên d?i di?m nh?n ngay uu dãi gi?m d?n 50.000d/chuy?n xe Green SM t?i https://my.vnpt.com.vn/adv/xanhSM . Chuong trình áp d?ng t? nay d?n 30/09/2026. CSKH: 18001091 (0d). Trân tr?ng!,0,0,0,0,0,0,0,0,0,0,
COM_2243,(TB) +100MB Data/24h va 01 tai khoan su dung cac tinh nang quan ly tai chinh tren 2Target khi thue bao 0848255739 soan PFM5 gui 888. Cuoc 5.000d/24h. CSKH 18001091 (0d).,0,0,0,0,0,0,0,0,0,0,
COM_2244,[SmartCA] 092081 la ma xac thuc (OTP) cua so dinh danh 080171009661. Nhap ma tren ung dung VNPT SmartCA de tiep tuc,0,0,0,0,0,0,0,0,0,0,
COM_2245,"(TB) Ngày Vàng Vina - Uu dãi th? ga! 
Quý khách nh?n ngay uu dãi 20% giá tr? khi n?p th? vào NGÀY MAI 12/06/2026 (khuy?n m?i du?c s? d?ng g?i/nh?n tin trong 15 ngày). Thêm uu dãi h?i khi n?p t?i https://my.vnpt.com.vn/adv/napthe . 
CSKH: 18001091 (0d).
VinaPhone - M?ng 5G t?t nh?t Vi?t Nam và Ðông Nam Á!",0,0,0,0,0,0,0,0,0,0,
COM_2246,"The VPBank 5239...6203 vua chi tieu -468,000VND ND:CTY CP PIZZA NGON vao luc 12:43 12/06.Han muc con lai tam tinh 48,315,978VND.",0,0,0,0,0,0,0,0,0,0,
COM_2247,"(TB) NHAN NGAY 500MB data/24h va ho tro hoc sinh hoc tap, hoi dap voi tri tue nhan tao AI cho thue bao 84848255739 khi soan FQA5 gui 888 de dang ky dich vu. Cuoc 5.000d/24h. CSKH 18001091 (0d). Tran trong!",0,0,0,0,0,0,0,0,0,0,
COM_2248,"(TB) B?n m?i dang ký tài kho?n VNPT Money d? n?p ti?n di?n tho?i du?c NH?N NGAY 3 th? quà da nang tr? giá 100.000d, GI?M THÊM 2.4% m?nh giá, không gi?i h?n s? l?n khi N?p di?n tho?i VinaPhone. DUY NH?T t?i https://km.vnptmoney.vn/LB0. LH 18001091 (#3).",0,0,0,0,0,0,0,0,0,0,
COM_2249,"(TB) CHOI GAME THA GA danh rieng cho thue bao 0848255739 khi dang ky AGAME5:
+ 300MB Data (het dung luong tinh cuoc theo quy dinh).
+ Thoa thich kham pha kho game hap dan tai https://agame.vn
Soan AGAME5 g?i 888, cuoc 5.000d/24h. CSKH: 18001091 (0d.",0,0,0,0,0,0,0,0,0,0,
COM_2250,"[UNG TIEN AIRTIME] Tai khoan chinh cua Quy khach sap het. Soan Y hoac A gui 1357 (Hieu luc trong vong 48h) de duoc ung 45000d, GIA CUOC 0 DONG vao tai khoan Airtime (Su dung thoai va SMS). Hieu luc su dung tai khoan Airtime la 1400 phut, sau thoi gian nay tai khoan Airtime se bi thu hoi neu Quy khach khong su dung het. So tien da ung se duoc tru vao tai khoan chinh. Tu choi nhan tin nhan, soan TC A gui 1357. CSKH:18001091 (0d).",0,0,0,0,0,0,0,0,0,0,
COM_2251,"TKC cua Quy Khach sap het. De duoc ung 15 phut thoai (19980d, hieu luc su dung tai khoan Airtime 1400 phut), soan A gui 9345 va dong y cho VNPT xu ly du lieu KH theo chinh sach tai https://my.vnpt.com.vn/tinh-nang/chinh-sach-rieng-tu. Sau 1400 phut, so phut thoai con lai se duoc tu dong thu hoi neu QK khong su dung het. Tu choi nhan loi moi, soan TC A gui 9345. Chi tiet LH 18001091 (mien phi)",0,0,0,0,0,0,0,0,0,0,
COM_2252,"De thuc hien cuoc goi ngay ca khi het tien, bam goi tong dai tel:1098 cua VinaPhone hoac 1098 + [so dien thoai can goi]. Cuoc goi noi mang 1.730d/phut, ngoai mang 1.930d/phut se duoc tru vao tai khoan chinh. Tu choi nhan tin nhan, soan TC gui 1098. CSKH: 18001091 (0d)",0,0,0,0,0,0,0,0,0,0,
COM_2253,"Tai khoan chinh cua Quy khach sap het. Soan 3 gui 9345 de duoc ung goi 3(10 PHUT THOAI/Gia cuoc 17300d). Tu choi nhan tin, soan TC gui 9345. CSKH: 18001091 (0d)",0,0,0,0,0,0,0,0,0,0,
COM_2254,Tai khoan chinh cua QK sap het. Vui long nap the de tiep tuc su dung cac dich vu cua VinaPhone. Chi tiet lien he CSKH 18001091 (0d) hoac truy cap https://my.vnpt.com.vn/app,0,0,0,0,0,0,0,0,0,0,
COM_2255,(TB) UU DAI +100MB/ngay va choi thoa thich toan bo game cuc khung tai http://gamev.vn khi thue bao 84848255739 soan GAMEV5 gui 888 hoac truy cap https://dvs.vnpt.vn/adv/381 de dang ky. Cuoc 5.000d/24h. CSKH 18001091 (0d). Tran trong!,0,0,0,0,0,0,0,0,0,0,
COM_2256,"Vui long soan tin 30NAM gui 1558 (mien phi) truoc 0h ngay 18/06 de nhan co hoi trung giai den 3.000.000d, Ky nghi duong 5* tri gia 30.000.000d",0,0,0,0,0,0,0,0,0,0,
COM_2257,(TB) Quy khach da hoa mang/dang ky/gia han goi cuoc/nap the VinaPhone va duoc nhan ma du thuong 00001840693 tham gia CTKM "30 nam phung su - Trieu qua Tri an" mung Sinh nhat VinaPhone.,0,0,0,0,0,0,0,0,0,0,
COM_2258,(TB) TANG 500MB data/24h + 03 diem tren nen tang Travellink cho thue bao 84848255739 khi soan TVL5 gui 888 de dang ky dich vu Travellink. Cuoc 5.000d/24h. CSKH 18001091 (0d). Tran trong!,0,0,0,0,0,0,0,0,0,0,
COM_2259,(TB) +200MB Data/24h + choi game khong gioi han tren https://id.gosu.vn khi thue bao 0848255739 soan GOSU5 gui 888. Cuoc 5.000d/24h. CSKH 18001091 (0d).,0,0,0,0,0,0,0,0,0,0,
COM_2260,"(TB) Ð?C QUY?N RIÊNG DÀNH CHO B?N!
VinaPhone uu dãi gói V70PN ch? 70.000d/30 ngày v?i:
+1500ph g?i n?i m?ng (t?i da 10ph/cu?c), 200ph g?i ngo?i m?ng.
+ 0,5GB Data/30ngày.
So?n tin nh?n DK V70PN g?i 900 ho?c truy c?p https://digishop.vnpt.vn/seller/v70pn?c=n43vMJw d? dang ký. CSKH 18001091 (0d).",0,0,0,0,0,0,0,0,0,0,
COM_2261,"(CSKH) 30 nam g?n k?t – Tri?u quà tri ân!
Nhân d?p Sinh nh?t tu?i 30, VinaPhone trân tr?ng c?m on Quý khách dã luôn tin tu?ng d?ng hành trong su?t 16 nam qua. VinaPhone g?i t?ng Quý khách 16000 di?m VinaPhone Plus và 16GB Data d? tri ân hành trình g?n bó.
M?i Quý khách nh?n uu dãi và Thi?p c?m on cá nhân hoá trên My VNPT t?i https://my.vnpt.com.vn/adv/VNP30YEARS t? 15/06/2026 d?n 30/06/2026. CSKH: 18001091 (mi?n phí).",0,0,0,0,0,0,0,0,0,0,
COM_2262,(TB) SO HUU NGAY 100MB data/24h va The gioi game Co tuong dinh cao tai https://gametp.vn. Moi thue bao 84848255739 soan GPY gui 888 de dang ky dich vu GameTP va nhan uu dai. Cuoc 5.000d/24h. CSKH 18001091 (0d). Tran trong!,0,0,0,0,0,0,0,0,0,0,
COM_2263,"(TB) TANG 100MB Data/24h+ 01 tai khoan Mango+ VIP va 10 XOAI mo khoa show - phim - short doc quyen tren ung dung Mango+ (https://mangoplus.vn/one-link) khi thue bao 84848255739 soan MGP5 gui 888 de dang ky. Cuoc 5.000d/24h, CSKH 18001091 (0d). Tran trong!",0,0,0,0,0,0,0,0,0,0,
COM_2264,"(CSKH) 30 NAM K?T N?I – TRI ÂN TRI?U H?I VIÊN!
Thay l?i c?m on sâu s?c g?i t?i Quý khách dã luôn tin tu?ng và d?ng hành trên hành trình 30 nam qua, VinaPhone trân tr?ng g?i t?ng hàng ngàn món quà và uu dãi h?p d?n! Kính m?i Quý khách tham gia “Vòng quay tri ân 30 nam” trên ?ng d?ng My VNPT t?i https://my.vnpt.com.vn/adv/luckydrawn d? nh?n quà t? ngày 15/06/2026 d?n h?t ngày 13/08/2026. CSKH: 18001091 (mi?n phí). Trân tr?ng!",0,0,0,0,0,0,0,0,0,0,
COM_2265,(TB) +100MB Data/24h cho thue bao 84848255739 khi dang ky thanh cong goi cuoc COMIT5 dich vu 5Ggaming. Moi ban soan COMIT5 gui 888 hoac truy cap https://dvs.vnpt.vn/adv/402 de dang ky. Cuoc 5.000d/24h. CSKH 18001091 (0d). Tran trong!,0,0,0,0,0,0,0,0,0,0,
COM_2266,"(TB) Sinh nh?t Vina - Ai cung có quà!
Khi th?c hi?n Ðang ký/Gia h?n/Nâng c?p gói cu?c t? 50.000d ho?c d?i SIM 4G, Quý khách s? du?c tham gia CTKM ""30 nam ph?ng s? - Tri?u quà tri ân"" v?i co h?i trúng thu?ng:
+ Gi?i Tu?n: Chuy?n du l?ch 5 sao tr? giá 30.000.000d.
+ Gi?i Ngày: T? 300.000d d?n 3.000.000d du?c c?ng vào tài kho?n chính. 
Quý khách ch? c?n so?n 30NAM g?i 1558 d? t? quay thu?ng. Chuong trình áp d?ng t? ngày 15/06/2026 - 13/08/2026. Chi ti?t th? l? t?i: khuyenmai.vinaphone.com.vn . CSKH: 18001091 (0d),",0,0,0,0,0,0,0,0,0,0,
COM_2267,"(TB) CHI 5.000d, co ngay 100MB data/24h va choi game thoai mai tai https://gametp.vn. Moi thue bao 84848255739 soan GPY gui 888 de dang ky dich vu GameTP . Cuoc 5.000d/24h. CSKH 18001091 (0d). Tran trong!",0,0,0,0,0,0,0,0,0,0,
COM_2268,(TB) Trai nghiem sieu thu thach voi toan bo game tren agame.vn danh rieng cho thue bao 84848255739 va nhan them 300MB Data/24h. Moi ban soan AGAME5 gui 888 de dang ky. Cuoc 5.000d/24h. CSKH 18001091 (0d). Tran trong!,0,0,0,0,0,0,0,0,0,0,
COM_2269,(TB) Chi voi 5.000d/24h nhan ngay 500MB Data/24h & mien phi thuong thuc karaoke tai https://mkara.com.vn. Thoa suc la ca hat ca moi luc moi noi. Moi thue bao 84848255739 soan MKA5 gui 888 hoac truy cap https://dvs.vnpt.vn/adv/804 de dang ky. CSKH 18001091 (0d). Tran trong!,0,0,0,0,0,0,0,0,0,0,
COM_2270,"(TB) Hu?ng ?ng Tháng hành d?ng phòng, ch?ng ma túy (tháng 6/2026), d? ngh? công dân khi phát hi?n hành vi vi ph?m pháp lu?t v? ma túy (Tàng tr?, mua bán, t? ch?c, ch?a ch?p, s? d?ng trái phép ch?t ma túy...) hãy báo ngay cho co quan Công an g?n nh?t ho?c liên h? tr?c ti?p s? Hotline c?a C?c tru?ng C?c C?nh sát di?u tra t?i ph?m v? ma túy - B? Công an: 0769040404. B?o m?t tuy?t d?i ngu?i cung c?p tin.",0,0,0,0,0,0,0,0,0,0,
COM_2271,"The VPBank 5239...6203 vua chi tieu -142,000VND ND:VNPAY PHARMACITY86 vao luc 20:39 22/06.Han muc con lai tam tinh 48,031,531VND.",0,0,0,0,0,0,0,0,0,0,
COM_2272,"Còn 160k nha cô
BIDV 3131456387 THO",0,0,0,0,0,0,0,0,0,0,
COM_2273,"(TB) C?C AN NINH M?NG VÀ PCTP S? D?NG CÔNG NGH? CAO – B? CÔNG AN khuy?n cáo ngu?i dân không tham gia t? ch?c dánh b?c, dánh b?c, cá d? bóng dá du?i m?i hình th?c trên không gian m?ng. M?i hành vi vi ph?m pháp lu?t v? c? b?c s? b? x? lý nghiêm theo quy d?nh.",0,0,0,0,0,0,0,0,0,0,
COM_2274,Ck con nha cô,0,0,0,0,0,0,0,0,0,0,
COM_2275,(TB) TANG 100MB data/24h va tai khoan choi game co tuong hap dan tai https://gametp.vn cho thue bao 84848255739 khi soan GPY gui 888 de dang ky dich vu GameTP. Cuoc 5.000d/24h. CSKH 18001091 (0d). Tran trong!,0,0,0,0,0,0,0,0,0,0,
COM_2276,(TB) So huu 01 License su dung khong gioi han noi dung Premium tren nen tang VBOOKs va 100MB data/24h khi thue bao 84848255739 soan VBO5 gui 888 de dang ky. Cuoc 5.000d/24h. CSKH 18001091 (0d). Tran trong!,0,0,0,0,0,0,0,0,0,0,
COM_2277,"(CSKH) Sinh nh?t Vina – Nh?n quà li?n tay!
Thay l?i c?m on Quý khách 0848255739 dã d?ng hành trong 16 nam qua, VinaPhone g?i t?ng 16.000 di?m cùng 16GB Data cùng hàng ngàn uu dãi h?p d?n. Kính m?i Quý khách nhanh tay nh?n d?c quy?n và tr?i nghi?m Thi?p c?m on cá nhân hoá trên My VNPT t?i https://my.vnpt.com.vn/adv/VNP30YEARS tru?c 23h59' ngày 30/6/2026. CSKH: 18001091 (mi?n phí).",0,0,0,0,0,0,0,0,0,0,
COM_2278,"(TB) QUET SACH CUOC GOI RAC! Chi 5.000d/24h, co ngay iCallme Premium de tu dong canh bao spam, chan cuoc goi lam phien. TANG THEM 200MB Data/24h khi thue bao 84848255739 soan ICM5 gui 888 hoac truy cap https://dvs.vnpt.vn/adv/743 de dang ky. Cuoc 5.000d/24h. CSKH 18001091 (0d). Tran trong!",0,0,0,0,0,0,0,0,0,0,
COM_2279,"[UNG TIEN]Tai khoan chinh cua Quy khach sap het. Soan Y gui 1576 (hieu luc trong vong 48h - gia cuoc dich vu 3450d) de duoc ung 15000d vao tai khoan chinh. De duoc ung tien tu dong moi khi tai khoan chinh duoi 5.000d, soan UTD gui 1576. Tu choi nhan tin nhan, soan TC gui 1576. CSKH: 18001091 (0d)",0,0,0,0,0,0,0,0,0,0,
COM_2280,(TB) Co ngay +6GB Data/24h + mien phi Data xem Youtube + 01 tai khoan Premium xem tat ca noi dung tren ung dung HiPlay. Soan HI12 gui 888 de dang ky. Cuoc 12.000d/24h. CSKH 18001091 (0d).,0,0,0,0,0,0,0,0,0,0,
COM_2281,"(TB) SO HUU NGAY 300MB data/24h + quyen loi xem toan bo cac giai dau eSports, gameshow, giai tri,... tren ON Live TV. Thue bao 84848255739 soan OLTV5 gui 888 de nhan uu dai. Cuoc 5.000d/24h. CSKH 18001091 (0d). Tran trong!",0,0,0,0,0,0,0,0,0,0,
COM_2282,"(TB) CH? 10K CÓ NGAY 7GB DATA T?C Ð? CAO
So?n DK D10SP g?i 888 (10k/24h) Bao tr?n Data t?c d? cao
TR?C TI?P VÀ TR?N V?N WORLD CUP 2026 trên Truy?n hình MyTV cùng th? gi?i kênh và gi?i trí phong phú.
T?i app MyTV xem ngay: https://mytv.com.vn/tai-ve?c=byueNwLb
CSKH: 18001091 (0d)",0,0,0,0,0,0,0,0,0,0,
COM_2283,(TB) +300MB Data/24h va su dung toan bo noi dung tai https//mathx.vn. Moi thue bao 0848255739 soan MTX5 gui 888 de hoc tap va chinh phuc cac muc tieu Toan hoc tai mathx.vn. Cuoc 5.000d/24h. CSKH 18001091 (0d).,0,0,0,0,0,0,0,0,0,0,
COM_2284,"(TB) HAT KARAOKE KHONG GIOI HAN! Chi 5.000d/24h, co ngay 500MB Data/24h & mien phi thuong thuc karaoke tai https://mkara.com.vn. Moi ban soan MKA5 gui 888 hoac truy cap https://dvs.vnpt.vn/adv/804 de dang ky dich vu mKara. CSKH 18001091 (0d). Tran trong!",0,0,0,0,0,0,0,0,0,0,
COM_2285,"ICPV-Book: Ma OTP 368924 de xac thuc. Vi ly do bao mat, ma OTP se het han sau 3 phut",0,0,0,0,0,0,0,0,0,0,
COM_2286,"Hu?ng ?ng Tháng hành d?ng phòng, ch?ng ma túy nam 2026. Chung m?t quy?t tâm xây d?ng xã, phu?ng, d?c khu không ma túy.",0,0,0,0,0,0,0,0,0,0,
COM_2287,(TB) Thoa suc tro tai ca hat moi luc moi noi voi chi 5.000d/24h. Ban co ngay 500MB Data/24h & mien phi thuong thuc karaoke tai https://mkara.com.vn. Moi thue bao 84848255739 soan MKA5 gui 888 hoac truy cap https://dvs.vnpt.vn/adv/804 de dang ky dich vu mKara. CSKH 18001091 (0d). Tran trong!,0,0,0,0,0,0,0,0,0,0,
COM_2288,(TB) So huu ngay 500MB data/24h va hat karaoke khong gioi han tai https://mkara.com.vn cho thue bao 84848255739 khi soan MKA5 gui 888 de dang ky dich vu mKara. Cuoc 5.000d/24h. CSKH 18001091 (0d). Tran trong!,0,0,0,0,0,0,0,0,0,0,
COM_2289,(TB) Tang ngay +50MB Data/24h va choi tha ga toan bo game tu dich vu Shard. Moi thue bao 0848255739 soan SHA3 gui 888. Cuoc 3.000d/24h. CSKH 18001091 (0d).,0,0,0,0,0,0,0,0,0,0,
COM_2290,"(TB) CHI 5.000d/ngay, ban co ngay 200MB data/24h + Goi cao cap Galaxy Play xem tren 5 thiet bi. Moi thue bao 84848255739 soan DK GPM5 gui 888 hoac truy cap https://dvs.vnpt.vn/adv/521 de dang ki. Cuoc 5.000d/24h. CSKH 18001091 (0d). Tran trong!",0,0,0,0,0,0,0,0,0,0,
COM_2291,(TB) Mua he ruc ro cung cac tran eSports ruc lua + NHAN NGAY 300MB data/24h. Moi thue bao 84848255739 soan OLTV5 gui 888 hoac truy cap https://dvs.vnpt.vn/adv/303 de dang ky dich vu va nhan uu dai. Cuoc 5.000d/24h. CSKH 18001091 (0d). Tran trong!,0,0,0,0,0,0,0,0,0,0,
COM_2292,"(TB) Uu dãi s? h?t h?n vào ngày mai! 
Ð?ng quên ngày 07/07/2026, VinaPhone có dành t?ng Quý khách uu dãi 20% giá tr? th? n?p (khuy?n m?i du?c s? d?ng d? g?i/nh?n tin trong 15 ngày).
Ð?c bi?t, n?p t? 50.000d d? có co h?i trúng l?n m?i ngày: Chuy?n du l?ch 5 sao tr? giá 30 tri?u d?ng, c?ng 300.000d - 3.000.000d vào tài kho?n. Chi ti?t: khuyenmai.vinaphone.com.vn . CSKH: 18001091 (0d).",0,0,0,0,0,0,0,0,0,0,
COM_2293,"(TB) De dang ky goi cuoc TK1/cuoc phi 3000d/24h, Mien phi hoan toan data truy cap ung dung Tiktok. Soan TK1 gui 9345. Tu choi nhan tin, soan TC R gui 9345. CSKH 18001091 (0d). Tran trong!",0,0,0,0,0,0,0,0,0,0,
COM_2294,(TB) Dac quyen danh rieng thue bao 0848255739: Nhan ngay 7G Data/24h + Tai khoan hoc tap danh cho ca gia dinh khi truy cap https://family.vnStudy.vn. Soan VSF10 gui 888 de dang ky. Cuoc 10.000d/24h. CSKH 18001091 (0d).,0,0,0,0,0,0,0,0,0,0,
COM_2295,"[UNG TIEN]Tai khoan chinh cua Quy Khach khong du de thuc hien cuoc goi/gui tin nhan. De duoc ung 15000d vao tai khoan chinh va tiep tuc su dung cac dich vu cua VinaPhone, Quy Khach vui long soan Y gui 1576 (hieu luc trong vong 48h) (Gia cuoc 3450d). De duoc ung tien tu dong khi tai khoan chinh duoi 5000d, soan UTD gui 1576. De tu choi nhan tin, Quy Khach vui long soan TC gui 1576",0,0,0,0,0,0,0,0,0,0,
COM_2296,(TB) CHI 5.000d/ngay co ngay 200MB data/24h + Goi cao cap Galaxy Play (10.000h phim chieu rap) xem tren 5 thiet bi. Moi thue bao 84848255739 soan DK GPM5 gui 888. Cuoc 5.000d/24h. CSKH 18001091 (0d). Tran trong!,0,0,0,0,0,0,0,0,0,0,
COM_2297,"(TB) Quy khach da hoa mang/dang ky/gia han goi cuoc/nap the VinaPhone va duoc nhan ma du thuong 00030258813 tham gia CTKM ""30 nam phung su - Trieu qua Tri an"" mung Sinh nhat VinaPhone. Vui long soan tin 30NAM gui 1558 (mien phi) truoc 0h ngay 10/07 de nhan co hoi trung giai den 3.000.000d, Ky nghi duong 5* tri gia 30.000.000d. Tong gia tri giai thuong tren 03 TY dong. CSKH: 18001091 (0d).",0,0,0,0,0,0,0,0,0,0,
COM_2298,(TB) Thue bao 0848255739 nhan ngay uu dai trai nghiem dich vu KidsUp Tieng Viet - ung dung hoc doc Tieng Viet cho tre tu 4 den 8 tuoi chi co tren Digital Market - https://dimarket.vn. Soan DK KIDTV gui 1376 de dang ky. Cuoc 3.000d/ngay. . CSKH 18001091(0d).,0,0,0,0,0,0,0,0,0,0,
COM_2299,"(TB) N?p li?n tay, v?n may trúng l?n! 
VinaPhone dành t?ng riêng Quý khách 20% giá tr? th? n?p duy nh?t hôm nay 07/07/2026 (khuy?n m?i du?c s? d?ng d? g?i/nh?n tin trong 15 ngày).
Ð?c bi?t, n?p t? 50.000d d? có co h?i trúng l?n m?i ngày: Chuy?n du l?ch 5 sao tr? giá 30 tri?u d?ng, c?ng 300.000d - 3.000.000d vào tài kho?n. Chi ti?t: khuyenmai.vinaphone.com.vn . CSKH: 18001091 (0d).",0,0,0,0,0,0,0,0,0,0,
COM_2300,"(TB) Thông báo không th? b? l?! 
VinaPhone t?ng Quý khách uu dãi 20% giá tr? th? n?p ngay hôm nay 10/07/2026 (khuy?n m?i du?c s? d?ng d? g?i/nh?n tin trong 15 ngày). Ð?c bi?t, n?p t? 50.000d d? có co h?i trúng l?n m?i ngày: Chuy?n du l?ch 5 sao tr? giá 30.000.000d, c?ng 300.000d - 3.000.000d vào tài kho?n. Chi ti?t: khuyenmai.vinaphone.com.vn . CSKH: 18001091 (0d).",0,0,0,0,0,0,0,0,0,0,
COM_2301,"(TB) M? MyVNPT - Rinh ngay uu dãi l?n!
Quý khách nh?n uu dãi 50% giá tr? khi n?p ti?n di?n tho?i b?ng hình th?c tr?c ti?p trên ?ng d?ng My VNPT ngay hôm nay 12/07/2026 t?i: https://my.vnpt.com.vn/adv/napdt (khuy?n m?i du?c s? d?ng d? g?i/nh?n tin trong 15 ngày). 
Ð?c bi?t, n?p t? 50.000d d? có co h?i trúng l?n m?i ngày: Chuy?n du l?ch 5 sao tr? giá 30 tri?u d?ng, c?ng 300.000d - 3.000.000d vào tài kho?n. CSKH: 18001091 (0d).",0,0,0,0,0,0,0,0,0,0,
COM_2302,"(TB) VinaPhone dành riêng cho Quý khách quy?n l?i H?C T?P & K?T N?I KHÔNG GI?I H?N v?i gói cu?c SIÊU UU ÐÃI IOE. So?n IOE10 g?i 900 d? nh?n ngay:
+ 05GB Data /ngày (h?t dung lu?ng d?ng truy c?p).
+ Mi?n phí g?i n?i m?ng <=20ph (t?i da 1440ph) và 5ph g?i ngo?i m?ng. 
+ 300 Ruby di?m thu?ng.
+ M? khóa toàn b? bài h?c trên IOE.
Cu?c 10.000d/24h. CSKH: 18001091 (0d).",0,0,0,0,0,0,0,0,0,0,
COM_2303,(TB) NHAN NGAY 100MB data/24h va 01 License Memusic Premium khi thue bao 84848255739 soan MEM5 gui 888 dang ky dich vu MeMusic. Cuoc 5.000d/24h. CSKH 18001091 (0d). Tran trong!,0,0,0,0,0,0,0,0,0,0,
COM_2304,"(TB) Duy nh?t hôm nay 14/7/2026! 
VinaPhone dành t?ng riêng Quý khách 20% giá tr? th? n?p (khuy?n m?i du?c s? d?ng d? g?i/nh?n tin trong 15 ngày).
Ð?c bi?t, n?p t? 50.000d d? có co h?i trúng l?n m?i ngày: Chuy?n du l?ch 5 sao tr? giá 30 tri?u d?ng, c?ng 300.000d - 3.000.000d vào tài kho?n. Chi ti?t: khuyenmai.vinaphone.com.vn . CSKH: 18001091 (0d).",0,0,0,0,0,0,0,0,0,0,
COM_2305,(TB) Hat karaoke khong gioi han tai https://mkara.com.vn va nhan ngay 500MB data/24h cho thue bao 84848255739 khi soan MKA5 gui 888 de dang ky dich vu mKara. Cuoc 5.000d/24h. CSKH 18001091 (0d). Tran trong!,0,0,0,0,0,0,0,0,0,0,
COM_2306,"(TB) TANG 100MB DATA toc do cao trong 24h cho thue bao 0848255739 soan DK GTP5 gui 888 de dang ky dich vu GameTP, nhan quyen loi choi game co tuong cuc ky hap dan t?i https://gametp.vn/. Cuoc 5.000d/24h. CSKH 18001091 (0d).",0,0,0,0,0,0,0,0,0,0,
COM_2307,"(TB) N?p th? ngay, trúng l?n m?i ngày! 
VinaPhone t?ng Quý khách uu dãi 20% giá tr? th? n?p trong hôm nay 17/07/2026 (khuy?n m?i du?c s? d?ng d? g?i/nh?n tin trong 15 ngày). Ð?c bi?t, n?p t? 50.000d d? có co h?i trúng l?n m?i ngày: Chuy?n du l?ch 5 sao tr? giá 30.000.000d, c?ng 300.000d - 3.000.000d vào tài kho?n. Chi ti?t: khuyenmai.vinaphone.com.vn . CSKH: 18001091 (0d).",0,0,0,0,0,0,0,0,0,0,
COM_2308,"TUYET DOI KHONG CUNG CAP MA XAC NHAN CHO BAT KY AI, TRANH BI KE GIAN LOI DUNG. Nhap ma OTP 573723 de kich hoat ung dung. Hieu luc 2 phut.",0,0,0,0,0,0,0,0,0,0,
COM_2309,"(TB) T?n hu?ng k?t n?i mu?t mà cùng D6V! Ch? 6.000d, nh?n ngay 2GB t?c d? cao dùng trong 24h, tho?i mái online c? ngày. T?ng thêm uu dãi mi?n phí data xem MyTV. Ðang ký ngay t?i: https://my.vnpt.com.vn/adv/D6VM. CSKH 18001091. Trân tr?ng!",0,0,0,0,0,0,0,0,0,0,
COM_2310,"(CSKH) Ð?I ÐI?M HÔM NAY – NH?N NGAY NGÀN UU ÐÃI!
Là H?i viên VinaPhone Plus, Quý khách có th? dùng di?m tích luy d? d?i voucher ?m th?c, mua s?m, di chuy?n, du l?ch và nhi?u uu dãi h?p d?n khác. Kính m?i Quý khách khám phá và d?i quà ngay trên ?ng d?ng My VNPT:
http://my.vnpt.com.vn/app?screenCode=VNPPLUS . CSKH: 18001091 (0d). Trân tr?ng!",0,0,0,0,0,0,0,0,0,0,
COM_2311,"(TB) Danh rieng cho TB 0848255739: 100MB data/24h + 01 License goi VBOOKs dac sac: truy cap, su dung khong gioi han noi dung Premium tren nen tang VBOOKs khi soan VBO5 gui 888 de dang ky. Cuoc 5.000d/24h. CSKH 18001091 (0d).",0,0,0,0,0,0,0,0,0,0,
COM_2312,"(TB) VinaPhone thông báo: T? 01/08/2026, VinaPhone di?u ch?nh phuong th?c tính cu?c cu?c g?i n?i m?ng và liên m?ng trong nu?c d?i v?i các cu?c g?i ngoài uu dãi c?a gói cu?c ho?c chua dang ký gói tho?i theo cách tính 30 giây d?u + 6 giây ti?p theo. GIÁ CU?C CU?C G?I/PHÚT KHÔNG THAY Ð?I. Chi ti?t t?i my.vnpt.com.vn/adv/cuocdd ho?c CSKH 18001091 (0d). Trân tr?ng c?m on Quý khách!",0,0,0,0,0,0,0,0,0,0,
COM_2313,"(TB) Tang 100MB DATA toc do cao trong 24h cho thue bao 0848255739 soan GAMEV5 gui 888 de dang ky dich vu GameV, nhan quyen loi choi mien phi 100% cac game tai https://gamev.vn/. Cuoc 5.000d/24h. CSKH 18001091 (0d).",0,0,0,0,0,0,0,0,0,0,
COM_2314,"Hu?ng ?ng ""Chi?n d?ch 500 ngày dêm d?y m?nh th?c hi?n tìm ki?m, quy t?p và xác d?nh danh tính hài c?t li?t si"", Ban Ch? d?o qu?c gia v? tìm ki?m, quy t?p và xác d?nh danh tính hài c?t li?t si kêu g?i các t? ch?c, cá nhân có thông tin v? li?t si, m? li?t si vui lòng cung c?p v? T?ng dài ti?p nh?n thông tin Chi?n d?ch 500 ngày dêm. S? di?n tho?i: 18008022 ho?c (+84)965001222. Ð?a ch?: S? 165 Xã Ðàn, Ð?ng Ða, Hà N?i.",0,0,0,0,0,0,0,0,0,0,
