message_id,content,ann_1,ann_2,ann_3,ann_4,ann_5,ann_6,ann_7,ann_8,ann_9,ann_10
COM_001,"Tai khoan cua ban dang duoc dang nhap tren thiet bi khac, neu khong phai ban dang nhap vui long vao https://vietcombank.vn-gll.top de sua doi mat khau hoac thoat khoi thiet bi kia",1,1,1,1,0,1,1,1,0,1
COM_002,"14192636813:COVID: Khi chua co thuoc dac tri.Co mot cach chua benh ky dieu khac.Do la tu luyen Phap Luan Cong, tang cuong he mien dich.Video: https://tnews.to/tri-benh",1,1,1,1,1,0,0,1,1,1
COM_003,"(ACB) Chung toi phat hien tai khoan cua ban dang tieu dung o nuoc ngoai, neu khong phai ban dang giao dich, vui long dang nhap https://acb.i-pay.vip de huy giao dich",1,1,1,1,1,1,1,1,1,1
COM_004,Thông báo từ VIETINBANK: Bạn dùng vui lòng đăng nhập vào vietinbamk.com ngay khi có thể để cập nhật xác thực. quá hạn tài khoản sẽ bị khóa. chúng tôi xin lỗi vì sự bất tiện (nếu có) đã gây ra cho bạn,1,1,1,1,1,1,1,1,1,1
COM_005,"Tai khoan cua ban dang duoc dang nhap tren thiet bi khac, neu khong phai ban dang nhap vui long vao https://vietcombank.vn-ctt vip de sua doi mat khau hoac thoat khoi thiet bi kia",1,1,1,1,1,1,1,1,1,1
COM_006,[Ngân hàng Techcombank] Thông báo. Ưu đãi có thời hạn!12.500 điểm thường thẻ tín dụng của bạn hết hạn hôm nay. Nhận ngay phần thường độc quyền của bạn :techcombank.huy-the-visa-vn.com,1,1,1,1,1,1,1,1,1,1
COM_007,"Ma OTP xac thuc GD la 066595, hieu luc 1 phut. Chi tiet GD: Chuyen khoan nhanh qua so TK, so tien 5,000,000 VND tren kenh Mobile cua dich vu VCB Digibank.",0,0,0,0,0,0,1,0,0,0
COM_008,"Tai khoan cua ban da dang ky chuong trinh quang cao tren TikTok, moi thang thu phi 3,800,000 VND. Vui long vao https://shb.com.vn-zy.top de kiem tra hoac de huy",1,1,1,1,1,1,1,1,1,1
COM_009,"Tai khoan cua ban dang duoc dang nhap tren thiet bi khac, neu khong phai ban dang nhap vui long vao https://vietcombank.vn-mtt.top de sua doi mat khau hoac thoat khoi thiet bi kia",1,1,1,1,0,0,1,1,1,1
COM_010,"Tai khoan cua ban dang duoc dang nhap tren thiet bi khac, neu khong phai ban dang nhap vui long vao https://techcombank.vn-ctt .vip de sua doi mat khau hoac thoat khoi thiet bi kia",1,1,1,1,1,1,1,1,1,1
COM_011,UNG DUNG VCB DIGIBANK cua ban duoc PHAT HIEN KICH HOAT tren thiet bi la. Neu KHONG PHAI BAN KICH HOAT vui long bam vao https://vietcombank.vn-nng.top de doi thiet bi hoac huy de tranh mat tai san,1,1,1,1,1,1,1,1,1,1
COM_012,"Tai khoan cua ban da mo dich vu tai chinh toan cau phi dich vu hang thang la 3,800,000VND se bi tru trong 3 gio. Neu khong phai ban mo dich vu vui long nhan vao https://vpbank.com.vn-hb.life de huy",1,1,1,1,1,1,1,1,1,1
COM_013,3d6 Hot Nhieu Nguoi Chon!!! Tai Khoan Moi Nhan Loc 188k Luc Dang Ky. Nap Dau Nhan Gap 2. Co Hoi Co Han LH ebmld.kejda.me 745,1,1,1,1,1,1,1,1,1,1
COM_014,"Tai khoan cua ban dang duoc dang nhap tren thiet bi khac, neu khong phai ban dang nhap vui long vao https://vietcombank.vn-utt.xyz de sua doi mat khau hoac thoat khoi thiet bi kia",1,1,1,1,1,1,1,1,1,1
COM_015,"Co Hoi Duy Nhat Hom Nay, Tan Thu Tham Gia Nhan Ngay 58K, Nap Lan Dau Nhan Them 1OOK Free. TruyCap: DrnJmi.LoZuF.me",1,1,1,1,1,1,1,1,1,1
COM_016,Tran trong thong bao toi quy khach! Tai khoan cua ban se bi tam ngung dich vu va0 ngay 3 thang 10. Vui long vao https://bidv.cc hom nay,1,1,1,1,1,1,0,1,1,1
COM_017,Chuc mung ban duoc trai nghiem Goi ho tro tang doanh thu giup tang truong ngay ngoai chien dich. Moi ban xem thong tin chi tiet tai day: https://lzd.co/3EjOQRu,1,1,1,1,1,1,1,1,1,1
COM_018,"Phat hien tai khoan cua ban dang nhap khac vung bat thuong, vui long dang nhap https://i-sacombank.com xac nhan thong tin va thay doi mat khau",1,1,1,1,1,1,1,1,1,1
COM_019,"Apple Inc, iPhone 13 Pro Max Sierra Blue cua ban da duoc dinh vi hom nay luc 08:10 ΑΜ. Xem vi tri tai: ICloud.co/2k610s Ho Tro Apple",1,1,1,1,1,1,1,1,1,1
COM_020,"Tai khoan cua ban da dang ky chuong trinh quang cao tren Tik Tok, moi thang thu phi 3,200,000 VND. Vui long vao https://vietcombank.vn -llc.top de kiem tra hoac de huy",1,1,1,1,1,1,1,1,1,0
COM_021,"Tai khoan cua ban da dang ky chuong trinh quang cao tren TikTok, moi thang thu phi 5,600,000VND. Vui long vao https://msb.com.vn-sp.top de kiem tra hoac de huy",1,1,1,1,1,1,1,1,1,0
COM_022,Tran trong thong bao toi quy khach! Tai khoan cua ban se bi tam ngung dich vu va0 ngay 3 thang 10. Vui long vao www.bidvsmat.com hom nay,1,1,1,1,1,1,1,1,1,1
TE_023,"Techcom: Kinh gui Quy khach, 11324 diem Vietcom Priority sap het han. De tranh het han, vui long doi diem ngay tai: tech-com- priority.com",1,1,1,1,1,1,1,1,1,1
TE_024,Vietcom: 11324 diem Priority cua Quy khach se het han som. Vui long doi diem ngay: vietcompriority.com,1,1,1,1,0,1,1,1,1,0
TE_025,"Vietcom Mot loi nhac nho: So diem cua ban tong cong 31.603.148 V ND, se het han vao ngay 12 thang 4. Dung quen su dung nhe! Chi tiet: vietcomi.com/vn",1,1,1,1,1,1,1,1,1,1
TE_026,"O?~Mb]hQPFcghx.dchvb.tech""wCo Cu,u;Ngu'y~T:hua~100,%-Don",1,1,1,1,1,1,1,1,1,1
TE_027,"[TB] CMND đăng ký thuê bao của Quý khách đã hết hiệu lực từ 1/1/2025 (theo quy định luật Căn cước). Quý khách vui lòng truy cập https://viettel.vn/doigiayto và cập nhật thông tin CC/CCCD mới nhất hoặc đến cửa hàng giao dịch Viettel để được hỗ trợ.
Tặng 50.000₫ vào tài khoản khuyến mại khi thực hiện online qua My Viettel trước 01/05/2026, ưu đãi cộng vào ngày hôm sau. Chi tiết liên hệ 198 (0₫). Trân trọng.",0,0,0,0,0,0,0,0,0,0
TE_028,"Cảnh báo: TRẦN QUỐC VIỆT đi giải quyết khoản vay 1.250.000₫ app BIG DONG trong vòng 2 tiếng HÔM NAY. Nếu cố tình vay tiền CHIEM_ĐOAT, không trả nợ hoặc lấy lý do không vay ĐỂ TRỐN N.Ợ. Chúng tôi truy xuất thông tin CCC.D tra người
thân gia đình họ hàng, gọi về nơi làm việc. cày danh bạ bạn bè, facebook zalo. Công khai hình ảnh chân dung GIỰT NỢ lem luốc đến từng người. Link app thanh toán:http://i.xpl.asia/LsSBmu",1,1,1,1,1,0,0,1,1,1
TE_029,"VUI LONG HỌP TÁC TRẢ NỢ TRƯỚC 9H SÁNG NAY, K ĐC CỔ TÌNH K THANH TOÁN SẼ ẢNH HUONG UY TIN DANH DỰ Link app: https://t.ly/zT487",1,1,1,1,1,1,1,1,1,1
TE_030,[TB] Số điện thoại của Quý khách đã được xác thực thông tin theo quy định của Thông tư 08/2026/ TT-BKHCN. Quý khách KHÔNG CẦN thực hiện thêm bất kỳ thao tác xác thực nào và yên tâm tiếp tục sử dụng dịch vụ. Viettel trân trọng cảm ơn Quý khách đã đồng hành!,1,1,1,1,0,0,0,0,0,0
TE_031,"Em Yeu Quach Duc Giang Thoi Gian Dang Ky Nhan 427k Cua Quy Khach Sap Het Han, Truy Cap Ngay Https://mm99.band",1,1,1,1,1,1,1,1,1,1
TE_032,"Xe bạn có vi phạm, xử lý ngay: dichvucong-vn.com",1,1,1,1,1,1,1,1,1,1
TE_033,Trang Gem Moi Ra Mat. Tang Qua Tan Thu Len Den 588K Khi Dang Ki. Nap Dau Tang 100%. Truy Cap Ngay: RHPsvL.LoZuF.me,1,1,1,1,1,1,1,1,1,1
TE_034,"Em chào anh/ chị, em là Trang bên ngân hàng VPBANK, em có tiếp nhận anh/chị có nhu cầu mở thẻ tín dụng Vpbank thông qua App VT Money. Em liên hệ qua để hướng dẫn mình hoàn thiên hồ sơ mờ thẻ tín dụng của bên em ạ. 
Anh/chị dành 3-5p vào app VT money e hỗ trợ hướng dẫn hoàn thiện hồ sơ ạ. https://mothe.senid.vn/tpc_vtm/mobileapp",1,1,1,1,1,0,1,0,1,1
TE_035,"Tech-com kinh gui: 11324 diem uu tien cua Quy khach se het han trong thoi gian toi. De dam bao quyen loi, vui long quy doi som tai vn-priority-tech.com",1,1,1,1,1,1,1,0,0,1
TE_036,"Theo thông tư 08/TT-BKHCN của Bộ KH&CN, để đảm bảo quyền lợi & tránh gián đoạn dịch vụ, QK cần cập nhật thông tin thuê bao chính chủ trên ứng dụng Vietnamobile (mục Cập nhật thông tin bao):
https://www.vietnamobile.com.vn/app Hướng dẫn chi tiết: https://vietnamobile.com.vn/cntt CTLH 0922789789 (0₫). QK vui lòng bỏ qua tin nhằn nếu đã thực hiện. Trân trọng",0,0,0,0,0,0,0,0,0,0
TE_037,"TẮT VĨNH VIỄN. Xác thực WhatsApp 12h, không làm là MẤT whastxpp.vip",1,1,1,1,0,1,1,0,1,0
TE_038,Vui long truy cap de thanh toan tien phat giao thong thang nay va tranh phi phat do nop tre : vndichvucong-gov.com,1,1,1,1,1,1,0,1,1,1
TE_039,"Cam on QK 0369987068 da tham gia chuong trinh Khao sat Vang /Trang, vui long tham gia khao sat danh gia va nhan diem tich luy tai https://khaosat1913.com. LH Hotline: 02888881913",1,1,1,1,1,1,1,1,1,1
TE_040,Viet-com tran trong thong bao: 11324 diem Priority cua Quy khach dang den han het hieu luc. Vui long thuc hien quy doi kip thoi vcb-doi-thuong.com,1,1,1,1,1,1,1,1,1,1
TE_041,Thong bao phat: Ban se khong the gia han giay phep lai xe hoac xe hoi neu thong bao nay chua duoc thanh toan. Xem chi tiet hoac thanh toan: gov dichvucongvn.com,1,1,1,1,1,1,1,1,1,1
TE_042,[SIM CASH] Thong bao: Hom nay la ngay cuoi cung thanh toan khoan vay. Vui long thanh toan qua ung dung. http:// 103.9.78.145:8126,1,1,1,1,1,0,0,0,1,1
TE_043,Vietcom: Diem Priority cua quy khach sap het han. Vui long quy doi tai V-C-B-priority.com,1,1,1,1,0,1,1,1,0,1
TE_044,Ngay Hom Nay Ra Mat Nen Tang Quoc Te Moi! Tang Quy Tan Thu 108K. Vui Choi Rinh Tien Ve!!! LH: EdQL. RekcPG.com,1,1,1,1,1,1,1,1,1,1
TE_045,Xác thực NGAY để không bị TẠM NGỪNG dịch vụ data! - Truy cập https://viettel.vn/xacthucTB (app My Viettel) để thực hiện và nhận 50.000₫ (cộng ngày hôm sau) khi hoàn thành. - Hoặc truy cập VNeID để xác nhận sử dụng. Chi tiết liên hệ 198 (0₫). Trân trọng,0,0,0,0,0,0,0,0,0,0
TE_046,Tai khoan Telegram cua ban bi nghi ngo vi pham quy dinh. Vui long dang nhap vao trang web chinh thuc imad-TG.com trong vòng 12 gio de xac minh va go bo han che.,1,1,1,1,1,1,1,1,1,1
TE_047,[Vi de dang] Thong bao: Hom nay la ngay cuoi cung thanh toan khoan vay. Vui long thanh toan qua ung dung. https://bit.ly/4tVZggw,1,1,1,1,1,1,1,1,1,1
TE_048,VNPT: Quy khach co 6.623 diem thuong sap het han hom nay. Hay doi diem tai vnptdiem.com truoc khi diem het han.,1,1,1,1,1,1,1,1,1,1
TE_049,Vui long truy cap de thanh toan tien phat giao thong thang nay va tranh phi phat do nop tre: govvn-dichvucong.com,1,1,1,1,1,1,1,1,0,0
NEW_050,(ACB) Tai khoan cua ban da mo dich vu tai chinh toan cau phi dich vu hang thang la 2.000.000VND se bi tru trong 2 gio. Neu khong phai ban mo dich vu vui long nhan vao https://acb.vnipay.top de huy,1,1,1,1,1,1,1,1,1,1
NEW_051,Vietinbank tran trong thong bao tai khoan cua quy khach hien tai da bi khoa dnag nhap https://www.vniatinbanks.cc de xac thuc ngay hom nay,1,1,1,1,1,1,1,1,0,1
NEW_052,Th0ng ba0:BIDV nang cap he thong. Vui l0ng dang nhap https://bidv.xyz va nang cap. Neu khong tai khoan se bi kh0a. aabd,1,1,1,1,1,1,1,1,1,1
NEW_053,"Ngan Hang VPBANK THONG BAO. Chuc Mung Tai Khoan Cua LE THỊ HOA XUAN Nhan Duoc 1 Luot ""QUAY SO - MIEN PHI"", Nhan Ngay 1 Trong 3 Phan Qua Gom: 1 iPhone 11 512GB. 1 Tivi LG 4K 55inch. 10 Trieu Dong Vao Tai Khoan. 
Truy Cap Website: https:// login-online.com.vn/ De Thuc Hien Luot QUAY SO MAY MAN MIEN PHI.Goi Vao 1900 54 54 15.Xin Cam On!",1,1,1,1,1,1,0,0,1,1
NEW_054,Ong/(Ba) da du d! eu'k!en NHAN'TIEN ho tro tu quy-BHTN. Bam'vao www.opaxa.icu de_'lay. QUA-HAN' SE KHÔNG DUOC CHAP_NAHN! JKqc,1,1,1,1,1,1,1,1,1,1
NEW_055,"Cảnh sát Giao thông Việt Nam: Hiện tại, bạn đang có một khoản tiền phạt chưa thanh toán trong tài khoản. Vui lòng thanh toán khoản phí này càng sớm càng tốt để tránh những bất tiện không đáng có. Để biết thêm thông tin, vui lòng truy cập: https:// dichvucongg.top/vn",1,1,1,1,1,0,1,1,0,1
NEW_056,"Kính gửi người dùng AgriBanK, điểm tài khoản của bạn đã được đổi thành điều kiện quà tặng. Vu lòng đăng nhập www.bank.vip ngay để đổi quà. Nếu quá hạn, nó sẽ không được chấp nhận.",1,1,1,1,1,1,1,1,1,1
NEW_057,UNG DUNG VCB DIGIBANK cua ban duoc PHAT HIEN KICH HOAT tren thiet bi la. Neu KHONG PHAI BAN KICH HOAT vui long bam vao https://vietcombank.vn-ms.top de doi thiet bi hoac huy de tranh mat tai san,1,1,1,1,1,1,1,1,1,1
NEW_058,NETFLIX: Khoan thanh toan cuoi cung cua ban da bi tu choi. Xac nhan thong tin thanh toan cua ban tai: https://new- sub.com,1,1,1,1,1,1,1,1,1,1
NEW_059,"Quy khach co don hang VTP1772285973052 (tien COD: 0 d) gui tu Hoang Xuan Don DA CHUYEN 20107608 0948011022 da duoc nhan vien VIETTELPOST Nguyen Thi Thu Hang
84984246643/0862526888 giao thanh cong. Quy khach vui long danh gia chat luong dich vu cua
Viettel Post tai yk.vtp.vn/S/Wc0Pb9nQLUvmYSQ8QdsZ9A
Hotline: 19008095",1,0,1,0,0,1,1,0,1,1
NEW_060,"Công an giao thông Hồ Chí Minh: Bạn có hình phạt vi phạm cần được xử lý kịp thời. Để biết chi tiết, vui lòng kiểm tra http.//dichvucong .xyz/DLGAWTBtGW",1,1,1,1,1,1,1,1,1,1
NEW_061,"Cảnh sát Giao thông Việt Nam: Hồ sơ vi phạm giao thông được lưu trữ dưới tên của bạn. Để biết thêm thông tin, vui lòng truy cập https:// dichvucongs.top/vn",1,1,1,1,1,1,1,1,1,1
NEW_062,"6geR #Ban da-du D1EU KIEN HOAN-TH.UE TNCN, tai: www.dichvucong.vip",1,1,1,1,1,1,1,1,1,1
NEW_063,Xin vui long tra tien phi giao thong: dichvucon.cc/vn,1,1,1,1,1,1,1,1,1,1
NEW_064,"Theo NQ-116, Ong(Ba) da du d!eu k!en NHAN TIEN h0 tro tu quy B/H/T/N. Bam vao www.wtudl.icu de. QUA' HAN SE KHONG DUOC CHAP NHAN! SPOS",1,1,1,1,1,1,1,1,1,1
COM_065,"Våo ngay pkwin link http://casino-5-euro-no-deposit-bonus-545732.expertinvisalign.online dang ki tai khoan nhan code 108k, nap dau tang 100% trai nghiem casino,no hu hay nhat.",1,1,1,1,1,1,1,1,1,1
COM_066,"Pkwin dinh cao giai tri-rut tien nhanh,nap tien Ian dau nhan thuong 100% gioi thieu ban be nhan 488k tai https://m.691179.cc/Account&gister?f-794577",1,1,1,1,1,1,1,1,1,1
COM_067,Dang ky 99K-Tai APP nhan 58K- Khuyen mai nap dau 100% Lixi moi ngay 88.888K VIP 108.888K https://m.797179.com/Account/Register?fz713476,1,1,1,1,1,1,1,1,1,1
COM_068,DT68 tang tan thu 68k trai nghiem danh cho ng choi moi. Tan thu nap dau thuong them 100% cuc chat. Nhan 68K tai https://ln.run/dt68phatIoc68k-2,1,1,1,1,1,1,1,1,1,1
COM_069,"Xwin trang game doi thuong phien ban web ra mat choi ban ca, no hu, xoc dia, tai xiu... dang ki ngay nap tien Ian dau tang 50% <https://gddecwjj.bamczalo.me/>",1,1,1,1,1,1,1,1,1,1
COM_070,NhHậẬnNLLLuUôônnNNNggaAayTTámTrRRăămMNNNNgghHHììnNĐĐĐồồnng{Gomapple.com:ThhHắắnnggTThhìBạnnRRúÚtTLLuuônn,1,1,1,1,1,1,1,1,1,1
COM_071,MMờỜờiVààooCCChHhơƠớii)0kgoogle.com:EEEmTặặnngLLLộỘộccLLuôÔnnNNgGaAyYYTámmTámmNNgGhHìÌnnĐồỔngNhHé,1,1,1,1,1,1,1,1,1,1
COM_072,8qbet tai khoan moi tao theo link duoi nhan code 58k. Nap dau nhan 58.8k. Rut k gioi han 888888k! Tai https://dx1115.868qbet.com,1,1,1,1,1,1,1,1,1,1
COM_073,CCCứỨỨThhoảiIMáÁiliCChHơil]atuapple.com[VVàooLLLấẤấyNNgGGaAAyYYTTáÁámTTámNGhHìÌnĐồỔnNNggGNNhHa,1,1,1,1,1,1,1,1,1,1
COM_074,79CLUB TANG BAN CODE 200K. NHAP NGAY MA CODE: 200KFREE Thu van may ngay tai: https://79codethantai.biz,1,1,1,1,1,1,1,1,1,1
COM_075,"NO<QKTYhqsH.saqew.link(is;Song~Bac-Uy_Tin~Rut_Tien:Cuc_Dai:Nhanh,Nhen,",1,1,1,1,1,1,1,1,1,1
COM_076,LC79 tang CODE mien phi cho khach VIP: Link: https://lc79.sh/,1,1,1,1,1,1,1,1,1,1
COM_077,JaKDiemDanh(phsqqgk.oerapple.com(TriAnx2NapYgroupsgooglecomul,1,1,1,1,1,1,1,1,1,1
COM_078,"Có 98,000 hong lixi phát! https://ua49.com",1,1,1,1,1,1,1,1,1,1
COM_079,"Xin chào, tôi là trưởng phòng nhân sự của Cty HVS hiện tại Cty đang tuyển dụng nhân viên bán thời gian. Tiền lương được trả hàng ngày. Bạn có thể làm việc tại nhà và thu nhập từ 15tr đến 30tr một tháng bình quân 500k-1tr/ngày , 
Công việc đơn giản và có thể thực hiện mọi lúc mọi nơi. Để ứng tuyển, vui lòng liên hệ với chúng tôi qua Yêu cầu độ tuổi : 23 - 65tuổi
zalo: zalo.me/84562696538 Liên hệ / zalo:84562696538",1,1,1,1,1,1,1,0,1,1
COM_080,"Xin chào, tôi là trưởng phòng nhân sự của Cty DSC hiện tại Cty đang tuyển dụng nhân viên bán thời gian. Tiền lương được trả hàng ngày. Bạn có thể làm việc tại nhà và thu nhập từ 15tr đến 30tr một tháng bình quân 500k-1tr/ngày ,
Công việc đơn giản và có thể thực hiện mọi lúc mọi nơi. Để ứng tuyển, vui lòng liên hệ với chúng tôi qua
Yêu cầu độ tuổi : 23 - 65tuổi
zalo: zalo.me/84928902102
Liên hệ / zalo:84928902102",1,1,1,1,1,1,1,0,1,1
COM_081,"Xin chào . Bạn là người dùng có lịch sử tương tác tốt . Chúc mừng bạn đã được EBAY xét duyệt và nhận được phần công việc online để kiếm thêm thu nhập .
Công việc dễ dàng thực hiện và thanh toán . Mỗi ngày bạn có thể kiếm 300k-1tr . Bạn hãy liên hệ mình ngay để được hướng dẫn .
zalo.me/84569481923
zalo: 84569481923",1,1,1,1,1,1,1,0,1,1
COM_082,"TIKI shop cần tuyển nhân viên làm việc tại nhà!!!
Số lượng có hạn chỉ 50 người.
Công việc: Xử lý đơn hàng trên nền tảng ứng dụng .
Yêu cầu độ tuổi : 23+ tuổi .
Thu nhập 280k - 1200k .
Nhận tiền trong ngày .
Liên hệ
zalo: zalo.me/84562335028
zalo: 84562335028",1,1,1,1,0,0,1,0,1,1
COM_083,"Bên Em Nhận Làm Các Loại Bằng Cấp 3,Cao Đẳng,Đại Học..Căn Cước CD, Đăng Ký Xe Các Loại,GPLX Máy A1,Ôtô B2,C...& Tất Cả Giấy Tờ Khác.Liên Hệ: 0799 328 103 Giao Hàng Toàn Quốc",1,1,1,1,1,1,1,1,1,0
COM_084,"Xin chào, tôi là quản lý tuyển dụng của TikTok, chúng tôi sẽ mời bạn làm việc bán thời gian tại nhà, lương sẽ được trả ngay trong ngày,
500k-900k
zalo.me/84879921010
zalo: 84879921010",1,1,1,1,1,1,1,0,1,1
COM_085,"Quy khach co 104.670 dong trong tai khoan. Bam goi *098*3# de co 3GB voi 15.000d/3 ngay hoac *098*989# (30.000d/3 ngay) co 15GB (5GB/ngay), mien phi 10 phut/cuoc noi mang, 15 phut ngoai mang, SMS noi mang va TV360.
Goi cuoc gia han khi het chu ky. De biet thong tin cac uu dai khac, bam goi *098# hoac truy cap My Viettel tai https://myvt.page.link/goidata . Chi tiet LH 198 (0d). Tran trong.",0,0,0,0,0,0,0,0,0,0
COM_086,"Ban co 10.000D qua Nap Dien Thoai & 140.000D qua khac trong MoMo, het han 31/8. Mo Vi > UU DAI > QUA CUA TOI hoac https://momo.vn/qua-cua-toi dung ngay!",0,0,0,0,0,0,0,0,1,0
COM_087,"[TB] MỪNG QUỐC KHÁNH! Viettel khuyến mại 20% giá trị tất cả thẻ nạp trong ngày 31/08. Tiền KM sử dụng nội mạng đến hết 15/09/2023. Giảm thêm 2,5% khi nạp thẻ tại https://viettel.vn/pay/tt . Chi tiết gọi 197 bấm phím 19 (0đ). Trân trọng.",0,0,0,0,0,0,0,0,0,0
COM_088,"Quy khach dang thuc hien
Lien ket the/TK Sacombank
Ma OTP: 587437 hieu luc 1 phut
Quy khach se MAT TIEN va THONG TIN neu cung cap Ma OTP cho bat ky ai",0,0,0,0,0,0,0,0,0,0
COM_089,"Quy khach da hoan tat xac thuc thanh cong Sacombank Pay. Neu Quy khach KHONG thuc hien, vui long soan STBPAY KHOA gui 8149, hoac lien he ngay 1800585888",0,0,0,0,0,0,0,0,0,0
COM_090,"Quý khách đã đăng ký thành công gói ST30K: 30.000đ/7 ngày có 7GB, hết lưu lượng truy cập theo gói Mobile Internet đang sử dụng (nếu có). Gói cước gia hạn sau 7 ngày, lưu lượng còn lại sẽ được bảo lưu khi gia hạn thành công. 
Truy cập My Viettel tại https://viettel.vn/kttk để kiểm tra ưu đãi. Soạn HUY ST30K gửi 191 để hủy gia hạn. Chi tiết LH 198 (0đ). Trân trọng.",0,0,0,0,0,0,0,0,0,0
COM_091,"Quy khach dang thuc hien
Chuyen tien nhanh 247 den TK
Nguoi nhan: HO CONG HONG
So tien: 20,000 VND
Ma OTP: 136452 hieu luc 1 phut",0,0,0,0,0,0,0,0,0,0
COM_092,"[TB] CHỈ 5K, CÓ DATA SIÊU TỐC!
Soạn ST5K gửi 191: Chỉ 5.000đ/ngày có ngay 500MB tốc độ cao sử dụng đến 24h. Gói cước gia hạn hàng ngày. ĐẶC BIỆT: TẶNG THÊM 500MB khi mua lần thứ 2 trong ngày. LH 198 (0đ).",0,0,0,0,0,0,0,0,0,0
COM_093,Viettel TB: Cuoc goi cua Quy khach vua thuc hien duoc tinh gia cuoc ngoai vung khuyen mai. Tran trong.,0,0,0,0,0,0,0,0,0,0
COM_094,"[QC] TẶNG ngay Modem Wifi 2 băng tần cùng 1-2 tháng cước khi đăng ký mới DV Internet Cáp quang Viettel và đóng trước cước từ 6-12 tháng tại https://viettel.vn/s/ftth. Quý khách sẽ có ngay đường truyền Internet siêu nhanh, 
tốc độ từ 100Mbps với cước TB chỉ từ 165.000đ/tháng. Phí hòa mạng 300.000đ. Chi tiết LH 18008168 (0đ). Từ chối QC, soạn TC3 gửi 199.",0,0,0,0,0,0,0,0,0,0
COM_095,"(QC) Tang 200MB truy cap internet va co hoi NHAN 500.000d vao tai khoan goc khi soan XN1 gui 5282 dang ky goi data giai tri ngay Mydata. KHONG GIOI HAN data toc do cao luot Facebook, TikTok, Youtube, Spotify, Instagram... 
voi ung dung Mydata. Uu dai data su dung trong 24h. Cuoc phi chi 3.000d/ngay, gia han theo ngay. Chi tiet truy cap http://mydata.viettel.vn hoac LH 198 (0d). Tu choi QC, soan TC4 gui 199.",0,0,0,0,0,0,0,0,0,0
COM_096,"[TB] Để đảm bảo an toàn khi tham gia giao thông dịp Quốc khánh 02/09/2023, đề nghị người dân chấp hành pháp luật về trật tự, an toàn giao thông, điều khiển phương tiện đúng tốc độ, giữ khoảng cách an toàn,
không tránh/vượt sai quy định, tuyệt đối không điều khiển phương tiện khi đã sử dụng rượu, bia.",0,0,0,0,0,0,0,0,0,0
COM_097,"[TB] Toàn dân tích cực hưởng ứng tham gia cuộc thi Tìm hiểu Luật phòng, chống ma túy. Thông tin chi tiết truy cập địa chỉ: https://thitimhieuluatphongchongmatuy.vn",0,0,0,0,0,0,0,0,0,0
COM_098,"Quy khach dang thuc hien
Chuyen tien nhanh 247 den TK
Nguoi nhan: NGUYEN THUY DUONG
So tien: 463,000 VND
Ma OTP: 710760 hieu luc 1 phut",0,0,0,0,0,0,0,0,0,0
COM_099,"Quy khach dang thuc hien
Chuyen tien nhanh 247 den TK
Nguoi nhan: PHAN GIA LONG
So tien: 55,000 VND
Ma OTP: 563239 hieu luc 1 phut",0,0,0,0,0,0,0,0,0,0
COM_100,"[TB] Để duy trì liên lạc và kết nối trong thời gian di chuyển, mời Quý khách tham khảo các gói cước:
1. Soạn 1N gửi 191: 10K/ngày có 5GB, miễn phí gọi điện (10p/cuộc nội mạng, 5p ngoại mạng), SMS nội mạng, TV360
2. Soạn 3N gửi 191: 30K/3 ngày có 15GB (5GB/ngày), miễn phí gọi điện (10p/cuộc nội mạng, 15p ngoại mạng), SMS nội mạng, TV360
Gói cước gia hạn khi hết chu kỳ. LH 198 (0đ).",0,0,0,0,0,0,0,0,0,0
COM_101,"Quy khach duoc cong them 79 diem Viettel++ boi giao dich Tieu dung vien thong thang 08/2023. Thoi han su dung diem den 30/09/2024. Hay truy cap https://myvt.page.link/vtplus tren My Viettel hoac *098# de doi diem sang Data, 
SMS, Phut goi cung nhieu uu dai gia tri khac. Chi tiet LH 198. Tran trong.",0,0,0,0,0,0,0,0,0,0
COM_102,"[TB] TRỌN GÓI 10K - BAO DATA, GỌI CẢ NGÀY!
1. Soạn 1N gửi 191: 10K/ngày có 5GB, miễn phí gọi điện (10p/cuộc nội mạng, 5p ngoại mạng), SMS nội mạng, TV360
2. Soạn 3N gửi 191: 30K/3 ngày có 15GB (5GB/ngày), miễn phí gọi điện (10p/cuộc nội mạng, 15p ngoại mạng), SMS nội mạng, TV360
Gói cước gia hạn khi hết chu kỳ.
LH 198 (0đ).",0,0,0,0,0,0,0,0,0,0
COM_103,"[TB] Thoải mái liên lạc và kết nối khi di chuyển, mời Quý khách tham khảo các gói cước:
1. Soạn ST15K gửi 191: 15K/3 ngày có 3GB
2. Soạn 3N gửi 191: 30K/3 ngày có 5GB/ngày, miễn phí gọi điện, SMS nội mạng và TV360
Chi tiết các gói cước tại https://viettel.vn/s/3ngay . LH 198 (0đ).",0,0,0,0,0,0,0,0,0,0
COM_104,"[TB] CHÀO MỪNG ĐẾN VỚI TP. Hồ Chí Minh!
Mời Quý khách tham khảo các gói cước để lên mạng và liên lạc trong suốt chuyến đi:
1. Soạn ST15K gửi 191: 15K/3 ngày có 3GB
2. Soạn 3N gửi 191: 30K/3 ngày có 5GB/ngày, miễn phí gọi điện, SMS nội mạng và TV360
Chi tiết các gói cước tại https://viettel.vn/s/3ngay . LH 198 (0đ).",0,0,0,0,0,0,0,0,0,0
COM_105,"[TB] Viettel trân trọng thông báo đến Quý Khách hàng về Chính sách Bảo vệ dữ liệu cá nhân của Viettel khi cung cấp sản phẩm, hàng hóa, dịch vụ căn cứ Nghị định 13/2023/NĐ-CP. Chi tiết xem tại đường link sau: https://viettel.vn/ThongbaochinhsachbaoveDLCN",0,0,0,0,0,0,0,0,0,0
COM_106,"Viettel TB: Từ 0h-5h ngày 08/09/2023, gói ST30K sẽ gia hạn. Cước phí 30.000đ/7 ngày có 7GB. Quý khách đảm bảo tài khoản để gói cước gia hạn thành công và được bảo lưu lưu lượng còn lại của gói (nếu có). Để hủy gia hạn,
soạn HUY ST30K gửi 191. Đặc biệt: Cập nhật nhiều ưu đãi HOT khi Nạp thẻ/Mua data qua Viettel Money (chi tiết truy cập https://vt.vtmoney.vn/dataend1 ). LH 198 (0đ). Trân trọng.",0,0,0,0,0,0,0,0,0,0
COM_107,"Sau khi hủy gia hạn gói ST30K, ưu đãi còn lại sẽ được sử dụng đến hết chu kỳ. Để xác nhận, soạn Y gửi 191 trong 10 phút. Để từ chối, soạn N gửi 191. Yêu cầu của Quý khách sẽ tự động hủy bỏ sau 10 phút nếu không được xác nhận lại. Chi tiết LH 198 (0đ). Trân trọng.",0,0,0,0,0,0,0,0,0,0
COM_108,"Quý khách đã hủy gia hạn gói ST30K, ưu đãi còn lại của gói ST30K được sử dụng đến hết chu kỳ. Để biết các ưu đãi dành riêng cho TB của Quý khách, vui lòng bấm gọi *098#. Chi tiết LH 198 (0đ). Trân trọng.",0,0,0,0,0,0,0,0,0,0
COM_109,"Viettel TB: Gói ST30K đã gia hạn thành công, cước phí 30.000đ/7 ngày có 7GB (hết lưu lượng truy cập theo gói Mobile Internet đang sử dụng nếu có). Gói cước gia hạn sau 7 ngày, lưu lượng còn lại sẽ được bảo lưu khi gia hạn thành công. 
Truy cập My Viettel tại https://viettel.vn/kttk để kiểm tra ưu đãi. Soạn HUY ST30K gửi 191 để hủy gia hạn. Chi tiết LH 198 (0đ). Trân trọng.",0,0,0,0,0,0,0,0,0,0
COM_110,"Quy khach dang thuc hien
Thanh toan QR
Nguoi nhan: HAMBURGERHAPI 
So tien: 30,000 VND
Ma OTP: 705755 hieu luc 1 phut",0,0,0,0,0,0,0,0,0,0
COM_111,"[QC] Đừng tốn tiền mua data hàng ngày nữa, mở ngay Viettel Money nhận 500MB data MIỄN PHÍ khi đổi 100 điểm Viettel++ nhé! Nhận ngay quà tại https://km.vtmoney.vn/314y/st5k1 . LH 18009000(0đ). Từ chối QC, soạn TC3 gửi 199.",0,0,0,0,0,0,0,0,0,0
COM_112,"Quy khach dang thuc hien
Chuyen tien nhanh 247 den TK
Nguoi nhan: VU THI HIEN
So tien: 25,000 VND
Ma OTP: 908605 hieu luc 1 phut",0,0,0,0,0,0,0,0,0,0
COM_113,"[QC] MUA THẺ CÀO ĐIỆN TỬ DỄ DÀNG NGAY TRÊN MY VIETTEL VỚI CHIẾT KHẤU 3%. CT áp dụng khi thanh toán qua tài khoản ngân hàng, ví điện tử liên kết trên ứng dụng My Viettel tại https://myvt.page.link/muathecao. Chi tiết LH 198 (0đ). Từ chối QC, soạn TC3 gửi 199.",0,0,0,0,0,0,0,0,0,0
COM_114,"[TB] VIETTEL TẶNG 20% GIÁ TRỊ TẤT CẢ THẺ NẠP trong ngày 11/09. Tiền KM sử dụng nội mạng đến hết 26/09/2023. Giảm thêm 2,5% khi nạp thẻ tại https://myvt.page.link/km . Chi tiết gọi 197 bấm phím 19 (0đ). Trân trọng.",0,0,0,0,0,0,0,0,0,0
COM_115,"Quy khach dang thuc hien
Chuyen tien nhanh 247 den TK
Nguoi nhan: NGUYEN XUAN HUY
So tien: 50,000 VND
Ma OTP: 602603 hieu luc 1 phut",0,0,0,0,0,0,0,0,0,0
COM_116,"Quy khach dang thuc hien
Thanh toan QR
Nguoi nhan: WAYSSTATION19
So tien: 60,000 VND
Ma OTP: 924148 hieu luc 1 phut",0,0,0,0,0,0,0,0,0,0
COM_117,"(QC) Tang 200MB toc do cao va khong gioi han data 4G xem Facebook, YouTube, TikTok, Instagram, Zalo, Spotify... khi soan XNL gui 5282. Co hoi trung 500K vao tai khoan goc khi trai nghiem goi data truc tuyen tong hop Mydata. 
Uu dai data su dung trong 24h. Cuoc phi chi 3.000d/ngay, gia han theo ngay. Chi tiet truy cap http://mydata.viettel.vn hoac LH 198 (0d). Tu choi QC, soan TC4 gui 199.",0,0,0,0,0,0,0,0,0,0
COM_118,"[TB] Kính gửi Quý khách, để cập nhật các chương trình chăm sóc Khách hàng và khuyến mại của Viettel, hãy bấm “Follow” kênh TikTok Viettel Chăm sóc Khách hàng tại https://www.tiktok.com/@viettelcskh để nhận thông tin nhanh nhất. Trân trọng.",0,0,0,0,0,0,0,0,0,0
COM_119,"Quy khach dang thuc hien
Chuyen tien nhanh 247 den TK
Nguoi nhan: NGUYEN VAN SU
So tien: 45,000 VND
Ma OTP: 823164 hieu luc 1 phut",0,0,0,0,0,0,0,0,0,0
COM_120,"Viettel TB: Gói ST30K sẽ hết thời gian sử dụng vào 24h ngày 14/09/2023. Để tiếp tục sử dụng DV, soạn ST30K gửi 191, cước phí 30.000đ/7 ngày có 7GB. Để biết thêm thông tin về các gói Mobile Internet khác,
vui lòng bấm gọi *098# hoặc truy cập My Viettel tại https://viettel.vn/goidata . Chi tiết LH 198 (0đ). Trân trọng.",0,0,0,0,0,0,0,0,0,0
COM_121,"Quy khach dang thuc hien
Chuyen tien nhanh 247 den TK
Nguoi nhan: NGUYEN TAN TAI
So tien: 500,000 VND
Ma OTP: 854471 hieu luc 1 phut",0,0,0,0,0,0,0,0,0,0
COM_122,"[TB] Tặng 20% giá trị tất cả thẻ nạp vào tài khoản viễn thông trong ngày 15/09/2023. CT áp dụng khi nạp thẻ online qua các ví điện tử, ứng dụng thanh toán hoặc tại https://viettel.vn/pay/tt . Tiền KM sử dụng liên lạc nội mạng trong 15 ngày. 
Chi tiết gọi 197 bấm phím 19 (0đ). Trân trọng.",0,0,0,0,0,0,0,0,0,0
COM_123,"Viettel TB: Gói ST30K đã kết thúc. Để đăng ký lại, Quý khách vui lòng soạn ST30K gửi 191 (30.000đ/7 ngày có 7GB). Để biết thêm thông tin về các ưu đãi khác, bấm gọi *098# hoặc truy cập My Viettel tại https://viettel.vn/goidata . Chi tiết LH 198 (0đ). Trân trọng.",0,0,0,0,0,0,0,0,0,0
COM_124,"Em chào anh em là nhân viên shop vape x14, em nhận được 1 đơn hàng của mình như gọi cho mình k đc, anh nhân được tin nhắn gọi lại em để em lên đơn cho mình a nhé",0,0,0,0,0,0,0,0,0,0
COM_125,"[TB] Phòng Cảnh sát giao thông đường bộ - đường sắt Công an Thành phố Hồ Chí Minh khuyến cáo: Điều khiển phương tiện sau khi đã sử dụng rượu bia là một trong những nguyên nhân hàng đầu dẫn đến các vụ tai nạn giao thông đặc biệt nghiêm trọng, 
để lại hậu quả thương tâm cho chính gia đình bạn và xã hội. Vì sức khỏe và an toàn của chính bạn: “Đã uống rượu bia - không lái xe"".",0,0,0,0,0,0,0,0,0,0
COM_126,"Quy khach dang thuc hien
Chuyen tien nhanh 247 den TK
Nguoi nhan: NGUYEN VAN SU
So tien: 45,000 VND
Ma OTP: 021553 hieu luc 1 phut",0,0,0,0,0,0,0,0,0,0
COM_127,"Quy khach dang thuc hien
Chuyen tien nhanh 247 den TK
Nguoi nhan: NGUYEN VAN SU
So tien: 45,000 VND
Ma OTP: 907381 hieu luc 1 phut",0,0,0,0,0,0,0,0,0,0
COM_128,"[TB] Bộ TTTT khuyến cáo người dân nâng cao cảnh giác, không chuyển tiền hoặc cung cấp thông tin cá nhân cho người lạ qua điện thoại. Nếu có hiện tượng trên, đề nghị trình báo ngay cho cơ quan Công an để xử lý hoặc thông báo đến số điện
thoại trực ban hình sự 0692348560 của Cục Cảnh sát hình sự để được hướng dẫn kịp thời.",0,0,0,0,0,0,0,0,0,0
COM_129,"Quy khach dang thuc hien
Chuyen tien den TK Sacombank
Nguoi nhan: NGUYEN KHAC PHUONG DONG
So tien: 150,000 VND
Ma OTP: 829318 hieu luc 1 phut",0,0,0,0,0,0,0,0,0,0
COM_130,"Quý khách đã hủy gia hạn gói ST5K, ưu đãi còn lại của gói ST5K được sử dụng đến hết chu kỳ. Để biết các ưu đãi dành riêng cho TB của Quý khách, vui lòng bấm gọi *098#. Chi tiết LH 198 (0đ). Trân trọng.",0,0,0,0,0,0,0,0,0,0
COM_131,"Viettel TB: Gói ST5K đã được hủy theo yêu cầu của Quý khách. Để biết thêm thông tin về các gói Mobile Internet khác, bấm gọi *098# hoặc truy cập My Viettel tại https://viettel.vn/goidata . Chi tiết LH 198 (0đ). Trân trọng.",0,0,0,0,0,0,0,0,0,0
COM_132,"Quy khach dang thuc hien
Chuyen tien nhanh 247 den TK
Nguoi nhan: NGUYEN VAN SU
So tien: 45,000 VND
Ma OTP: 226211 hieu luc 1 phut",0,0,0,0,0,0,0,0,0,0
COM_133,"Quy khach dang thuc hien
Chuyen tien nhanh 247 den TK
Nguoi nhan: NGUYEN VAN SU
So tien: 100,000 VND
Ma OTP: 356920 hieu luc 1 phut",0,0,0,0,0,0,0,0,0,0
COM_134,"Quy khach dang thuc hien
Chuyen tien nhanh 247 den TK
Nguoi nhan: DO QUANG THANH
So tien: 27,000 VND
Ma OTP: 232329 hieu luc 1 phut",0,0,0,0,0,0,0,0,0,0
COM_135,"Viettel TB: Gói ST5K đã gia hạn thành công. Cước phí 5.000đ/ngày có 500MB sử dụng đến 24h, hết lưu lượng truy cập theo gói Mobile Internet đang sử dụng (nếu có). Đăng ký lần tiếp theo trong ngày, Quý khách sẽ được tặng thêm 500MB theo CT Mua 2 tặng 1. 
Gói cước gia hạn theo ngày, lưu lượng còn lại sẽ được bảo lưu khi gia hạn thành công. Truy cập My Viettel tại https://viettel.vn/kttk để kiểm tra ưu đãi. Soạn HUY ST5K gửi 191 để hủy gia hạn. Chi tiết LH 198 (0đ). Trân trọng.",0,0,0,0,0,0,0,0,0,0
COM_136,Quý khách đã hủy gia hạn gói ST5K trước đó. Chi tiết LH 198 (0đ). Trân trọng.,0,0,0,0,0,0,0,0,0,0
COM_137,"Quy khach dang thuc hien
Chuyen tien nhanh 247 den TK
Nguoi nhan: VUONG TRUC LINH
So tien: 10,000 VND
Ma OTP: 344197 hieu luc 1 phut",0,0,0,0,0,0,0,0,0,0
COM_138,"Moi Quy khach soan tin de tham gia DV Data Plus:
1 gui 9598 de cong 2048MB (cuoc 15870d, su dung trong 5 ngay).
2 gui 9598 de cong 500MB (cuoc 6000d, su dung trong vong 24h sau khi cong).
Tin nhan co hieu luc trong 24h. Chi tiet LH 198 (mien phi).",0,0,0,0,0,0,0,0,0,0
COM_139,"Quy khach dang thuc hien
Chuyen tien nhanh 247 den TK
Nguoi nhan: NGUYEN VAN SU
So tien: 55,000 VND
Ma OTP: 766557 hieu luc 1 phut",0,0,0,0,0,0,0,0,0,0
COM_140,"[TB] Gọi điện miễn phí qua Mocha Call Out với gói ST5K. Tham gia, soạn ST5K gửi 191: 5.000đ/ngày có 500MB, tặng thêm 50 phút gọi nội mạng Mocha Call Out dùng đến 24h. DV gia hạn hàng ngày. LH 198 (0đ). Trân trọng.",0,0,0,0,0,0,0,0,0,0
COM_141,"Quy khach dang thuc hien
Chuyen tien nhanh 247 den TK
Nguoi nhan: NGUYEN THUY DUONG
So tien: 463,000 VND
Ma OTP: 166458 hieu luc 1 phut",0,0,0,0,0,0,0,0,0,0
COM_142,"Doi thanh cong 100 diem tieu dung Viettel++ thanh 20 MB Data de Quy khach trai nghiem dich vu. Han su dung truoc 05/10/2023. Tong diem tieu dung con lai trong tai khoan Viettel++ cua Quy khach la 37 diem. 
De kiem tra lich su doi diem va lua chon uu dai hap dan khac, vui long truy cap https://myvt.page.link/vtplus. Tran trong.",0,0,0,0,0,0,0,0,0,0
COM_143,"[TB] Để bảo đảm an toàn PCCC và thoát nạn, Bộ Công an khuyến cáo: Quản lý chặt chẽ nguồn lửa, nguồn nhiệt; thường xuyên kiểm tra, kịp thời thay thế thiết bị điện và mạng điện hư hỏng; khi sử dụng bếp ga, bếp điện, bàn là… phải có người giám sát; ngắt các
thiết bị điện khi không sử dụng. Khi xảy ra cháy: Cần bình tĩnh thông báo cho mọi người biết và tìm cách thoát khỏi đám cháy nhanh nhất; không dùng thang máy để thoát nạn; khi di chuyển cần hạ thấp cơ thể, dùng khăn, vải ướt bịt mồm, mũi để tránh ngạt khói.
Mỗi hộ gia đình cần có bình chữa cháy và lối thoát nạn dự phòng.",0,0,0,0,0,0,0,0,0,0
COM_144,"Quy khach dang thuc hien
Chuyen tien nhanh 247 den TK
Nguoi nhan: TRAN MANH HUNG
So tien: 640,000 VND
Ma OTP: 580996 hieu luc 1 phut",0,0,0,0,0,0,0,0,0,0
COM_145,"Quy khach dang thuc hien
Chuyen tien nhanh 247 den TK
Nguoi nhan: NGUYEN VAN SU
So tien: 50,000 VND
Ma OTP: 336404 hieu luc 1 phut",0,0,0,0,0,0,0,0,0,0
COM_146,"[TB] Để đảm bảo an toàn PCCC, CATP.HCM khuyến cáo: Thường xuyên kiểm tra, kiểm soát chặt chẽ nguồn lửa, nguồn nhiệt, thiết bị điện, đặc biệt vào ban đêm, trước khi đi ngủ hoặc trước khi rời khỏi nơi làm việc.
Trang bị thiết bị báo cháy, chữa cháy, thoát nạn, chống khói, khí độc. Khi có cháy, nổ, tai nạn, sự cố, gọi ngay 114 hoặc ứng dụng Help 114 để được cứu nạn, cứu hộ kịp thời.",0,0,0,0,0,0,0,0,0,0
COM_147,"Quy khach duoc cong them 425 diem Viettel++ boi giao dich Tieu dung vien thong thang 09/2023. Thoi han su dung diem den 31/10/2024. Hay truy cap https://myvt.page.link/vtplus tren My Viettel hoac *098# de doi diem sang Data, 
SMS, Phut goi cung nhieu uu dai gia tri khac. Chi tiet LH 198. Tran trong.",0,0,0,0,0,0,0,0,0,0
COM_148,"Quy khach dang thuc hien
Thanh toan QR
Nguoi nhan: PAYOO
So tien: 37,000 VND
Ma OTP: 308126 hieu luc 1 phut",0,0,0,0,0,0,0,0,0,0
COM_149,"Viettel TB: Quy khach da su dung het luu luong cua goi ST5K va tiep tuc truy cap theo goi Mobile Internet dang su dung (neu co). De mua them luu luong, truy cap My Viettel tai https://myvt.page.link/6 . Chi tiet LH 198 (0d). Tran trong.",0,0,0,0,0,0,0,0,0,0
COM_150,"[TB] Soạn tin ""BL"" gửi 1405, Quý vị sẽ góp 20.000 đồng ủng hộ đồng bào vùng lũ khắc phục khó khăn. Chương trình do quỹ Tấm lòng vàng Lao động thực hiện. Phí nhắn tin 300đ/tin. Chi tiết liên hệ 19001530, nhánh 6 (1000đ/phút) hoặc truy cập http://1400.vn.",0,0,0,0,0,0,0,0,0,0
COM_151,"[QC] Tai sao ban lai phai ton tien mua goi data hang ngay? Trong khi tren Viettel Money tang 500MB data MIEN PHi khi doi 100 diem Viettel++ nhe! Nhan qua ngay tai https://km.vtmoney.vn/314y/st5k1 . LH 18009000(0d). Tu choi QC, soan TC3 gui 199.",0,0,0,0,0,0,0,0,0,0
COM_152,"Quy khach dang thuc hien
Chuyen tien nhanh 247 den TK
Nguoi nhan: NGUYEN VAN SU
So tien: 50,000 VND
Ma OTP: 533889 hieu luc 1 phut",0,0,0,0,0,0,0,0,0,0
COM_153,"[TB] Chào mừng Ngày Chuyển đổi số quốc gia 10.10.2023 và Tháng 10. Tháng tiêu dùng số, người dân được miễn phí hoặc ưu đãi khi sử dụng sản phẩm, dịch vụ số. Chi tiết tại địa chỉ: https://dx.gov.vn",0,0,0,0,0,0,0,0,0,0
COM_154,"Quy khach dang thuc hien
Chuyen tien nhanh 247 den TK
Nguoi nhan: NGUYEN VAN SU
So tien: 35,000 VND
Ma OTP: 453108 hieu luc 1 phut",0,0,0,0,0,0,0,0,0,0
COM_155,"[QC] Tặng thẻ nạp 10.000đ khi đăng ký gói V150B trên ứng dụng My Viettel tại https://myvt.page.link/v150b vào chủ nhật hàng tuần. Phí DV 150.000đ/30 ngày có 2GB/ngày, miễn phí 10p/cuộc gọi nội mạng và 80p gọi ngoại mạng. 
Gói cước gia hạn khi hết chu kỳ. LH 198 (0đ). Từ chối QC, soạn TC3 gửi 199.",0,0,0,0,0,0,0,0,0,0
COM_156,"Tai khoan cua Quy khach sap het. Soan:
1 gui 211 de cong 60 phut noi mang (794d/p), su dung trong 15 ngay
2 gui 211 de cong 46 phut ngoai mang (1.369d/p), su dung trong 15 ngay
3 gui 211 de cong 100 tin nhan noi mang (230d/tin), su dung trong 15 ngay
4 gui 211 de cong 100 tin nhan ngoai mang (288d/tin), su dung trong 15 ngay
5 gui 211 de cong 3.072 MB data voi gia 23.400d, su dung trong 7 ngay
Chi tiet LH 198 (mien phi).",0,0,0,0,0,0,0,0,0,0
COM_157,"Doi thanh cong 100 diem tieu dung Viettel++ thanh 20 MB Data de Quy khach trai nghiem dich vu. Han su dung truoc 10/10/2023. Tong diem tieu dung con lai trong tai khoan Viettel++ cua Quy khach la 362 diem. 
De kiem tra lich su doi diem va lua chon uu dai hap dan khac, vui long truy cap https://myvt.page.link/vtplus. Tran trong.",0,0,0,0,0,0,0,0,0,0
COM_158,"Quy khach dang thuc hien
Thanh toan QR
Nguoi nhan: INTERNET269THUDUC
So tien: 50,000 VND
Ma OTP: 508867 hieu luc 1 phut",0,0,0,0,0,0,0,0,0,0
COM_159,"Quy khach dang thuc hien
Chuyen tien nhanh 247 den TK
Nguoi nhan: PHAM VIET HOANG
So tien: 80,000 VND
Ma OTP: 020302 hieu luc 1 phut",0,0,0,0,0,0,0,0,0,0
COM_160,"(QC) MIỄN PHÍ 5 ngày chơi game Free Fire thả ga, KHÔNG GIỚI HẠN DATA và nhận giftcode hấp dẫn: Soạn FFF gửi 9029. Từ ngày thứ 6, phí DV chỉ 2.000đ/ngày, gia hạn theo ngày. CT dành cho TB đăng ký lần đầu. 
Truy cập https://freedataviettel.ff.garena.vn hoặc LH 198 (0đ) để biết thêm chi tiết. Từ chối QC, soạn TC4 gửi 199.",0,0,0,0,0,0,0,0,0,0
COM_161,"Quy khach dang thuc hien
Chuyen tien nhanh 247 den TK
Nguoi nhan: NGUYEN THI THU THUY
So tien: 35,000 VND
Ma OTP: 618348 hieu luc 1 phut",0,0,0,0,0,0,0,0,0,0
COM_162,"Quy khach dang thuc hien
Thanh toan QR
Nguoi nhan: INTERNET269THUDUC
So tien: 30,000 VND
Ma OTP: 133207 hieu luc 1 phut",0,0,0,0,0,0,0,0,0,0
COM_163,Quy khach da su dung het luu luong cua Viettel++ va tiep tuc truy cap theo goi Mobile Internet dang su dung (neu co). Chi tiet LH 198 (0d). Tran trong.,0,0,0,0,0,0,0,0,0,0
COM_164,"Moi Quy khach soan tin de tham gia DV Data Plus:
1 gui 9598 de cong 2048MB (cuoc 15870d, su dung trong 5 ngay).
2 gui 9598 de cong 1024MB (cuoc 9144d, su dung trong vong 24h sau khi cong).
Tin nhan co hieu luc trong 24h. Chi tiet LH 198 (mien phi).",0,0,0,0,0,0,0,0,0,0
COM_165,"[TB] Viettel TPHCM tran trong thong bao: Theo co so du lieu quoc gia, thong tin thue bao cua Quy khach chua chinh xac. De thue bao khong bi chan 1 chieu, Quy khach mang CMND/CCCD/Ho chieu den: Cong An P.Hiep Tan 77 To Hieu P.Hiep Tan Q.Tan Phu
tu ngay 10/10/2023 den ngay 15/10/2023 (cuoc di dong) de cap nhat lai thong tin hoac lien he nhan vien Viettel: To Thanh Minh - 0969010000 de duoc phuc vu tai nha. Quy khach bo qua tin nhan nay neu da thuc hien.",0,0,0,0,0,0,0,0,0,0
COM_166,"Quy khach dang thuc hien
Chuyen tien nhanh 247 den TK
Nguoi nhan: NGUYEN VAN SU
So tien: 50,000 VND
Ma OTP: 418138 hieu luc 1 phut",0,0,0,0,0,0,0,0,0,0
COM_167,"[TB] Hưởng ứng ngày Chuyển đổi số quốc gia, Viettel tặng 50% tất cả giá trị nạp tiền điện thoại trên kênh số trong 2 ngày 10 và 11/10/2023, tiền KM sử dụng liên lạc nội mạng trong 15 ngày. CT áp dụng khi nạp qua app ngân hàng, app My Viettel,
Viettel Money, web viettel.vn hoặc tại https://viettel.vn/pay/tt . LH 198 (0đ).",0,0,0,0,0,0,0,0,0,0
COM_168,"[QC] Tổng đài Thông tin Kinh tế - Xã hội Viettel giải đáp thủ tục cấp giấy đăng ký xe, biển số xe cơ giới đường bộ (áp dụng từ 15/08/2023). Quý khách vui lòng gọi 1068 (từ số điện thoại Viettel) hoặc 0281068 (từ số điện thoại mạng khác).
Giá cước: 3.000đ/p. Từ chối QC, soạn TC3 gửi 199.",0,0,0,0,0,0,0,0,0,0
COM_169,Đăng ký không thành công. Tài khoản của Quý khách không đủ 5.000đ để đăng ký gói ST5K. Quý khách vui lòng nạp thêm tiền để đăng ký lại. Chi tiết LH 198 (0đ). Trân trọng.,0,0,0,0,0,0,0,0,0,0
COM_170,"Quy khach dang thuc hien
Nap tien dien thoai
Nguoi nhan: 0377326330
So tien: 10,000 VND
Ma OTP: 518085 hieu luc 1 phut",0,0,0,0,0,0,0,0,0,0
COM_171,"Quy khach da duoc thanh toan 10000 VND tu nhan vien 8300240027, Ngay GD: 12/10/2023 04:58:53. Ma GD 2310127301325113. LH 18008098 (0d). Tran trong.",0,0,0,0,0,0,0,0,0,0
COM_172,"Quy khach co 13.263 dong trong tai khoan. Bam goi *098*3# de co 3GB voi 15.000d/3 ngay hoac *098*989# (30.000d/3 ngay) co 15GB (5GB/ngay), mien phi 10 phut/cuoc noi mang, 15 phut ngoai mang, SMS noi mang va TV360.
Goi cuoc gia han khi het chu ky. De biet thong tin cac uu dai khac, bam goi *098# hoac truy cap My Viettel tai https://myvt.page.link/goidata . Chi tiet LH 198 (0d). Tran trong.",0,0,0,0,0,0,0,0,0,0
COM_173,"Quy khach vua nap the thanh cong va duoc khuyen mai 20% gia tri the nap. Bam goi *102# de kiem tra. DAC BIET: Viettel Money dang co nhieu khuyen mai NAP THE/MUA DATA hap dan, truy cap ngay https://vt.vtmoney.vn/topup1 de biet chi tiet. LH 198 (0d). Tran trong.",0,0,0,0,0,0,0,0,0,0
COM_174,[TB] Tặng 20% giá trị tất cả thẻ nạp vào tài khoản viễn thông trong ngày 12/10. Tiền KM sử dụng nội mạng không giới hạn thời gian. Nạp thẻ online tại https://viettel.vn/pay/tt . CT dành riêng cho TB của Quý khách. LH 198 (0đ).,0,0,0,0,0,0,0,0,0,0
COM_175,"Quy khach dang thuc hien
Chuyen tien den TK Sacombank
Nguoi nhan: NGUYEN KHAC PHUONG DONG
So tien: 200,000 VND
Ma OTP: 486200 hieu luc 1 phut",0,0,0,0,0,0,0,0,0,0
COM_176,"[QC] Nhận ưu đãi giảm giá 50% (tối đa 100.000đ) dịch vụ di chuyển Grab khi đăng ký gói 1N trên My Viettel tại https://myvt.page.link/1N. Cước phí gói 1N: 10.000đ/ngày có 5GB, miễn phí 10p/cuộc gọi nội mạng, 
5p ngoại mạng, miễn phí SMS nội mạng và TV360, gói cước gia hạn theo ngày. CT áp dụng đến hết ngày 31/10/2023 cho TB nhận tin nhắn và chưa tải ứng dụng Grab. LH 198 (0đ). Từ chối QC, soạn TC3 gửi 199.",0,0,0,0,0,0,0,0,0,0
COM_177,"Quy khach dang thuc hien
Chuyen tien nhanh 247 den TK
Nguoi nhan: NGUYEN THANH NHA
So tien: 38,000 VND
Ma OTP: 059048 hieu luc 1 phut",0,0,0,0,0,0,0,0,0,0
COM_178,"[TB] CẢM ƠN QUÝ KHÁCH ĐÃ ĐỒNG HÀNH CÙNG VIETTEL!
Nhân dịp Sinh nhật lần thứ 23 (15/10), Viettel Telecom gửi tặng Quý khách ưu đãi đặc biệt.
Soạn VT gửi 191 trước 21/10/2023 để tra cứu ưu đãi nhận được. Chi tiết LH 198 (0đ).",0,0,0,0,0,0,0,0,0,0
COM_179,"Doi thanh cong 100 diem tieu dung Viettel++ thanh 20 MB Data de Quy khach trai nghiem dich vu. Han su dung truoc 15/10/2023. Tong diem tieu dung con lai trong tai khoan Viettel++ cua Quy khach la 5.262 diem. 
De kiem tra lich su doi diem va lua chon uu dai hap dan khac, vui long truy cap https://myvt.page.link/vtplus. Tran trong.",0,0,0,0,0,0,0,0,0,0
COM_180,"[TB] CHỈ 5K, CÓ DATA SIÊU TỐC!
Chỉ với 5.000đ/ngày có ngay 500MB sử dụng đến 24h. Tham gia, soạn ST5K gửi 191. Gói cước gia hạn hàng ngày. Chi tiết LH 198 (0đ).",0,0,0,0,0,0,0,0,0,0
COM_181,"Quy khach dang thuc hien
Chuyen tien nhanh 247 den TK
Nguoi nhan: NGUYEN VAN SU
So tien: 30,000 VND
Ma OTP: 738945 hieu luc 1 phut",0,0,0,0,0,0,0,0,0,0
COM_182,"Quy khach dang thuc hien
Chuyen tien nhanh 247 den TK
Nguoi nhan: NGUYEN VAN SU
So tien: 50,000 VND
Ma OTP: 977424 hieu luc 1 phut",0,0,0,0,0,0,0,0,0,0
COM_183,"Doi thanh cong 100 diem tieu dung Viettel++ thanh 20 MB Data de Quy khach trai nghiem dich vu. Han su dung truoc 19/10/2023. Tong diem tieu dung con lai trong tai khoan Viettel++ cua Quy khach la 5.162 diem. 
De kiem tra lich su doi diem va lua chon uu dai hap dan khac, vui long truy cap https://myvt.page.link/vtplus. Tran trong.",0,0,0,0,0,0,0,0,0,0
COM_184,"Quy khach dang thuc hien
Chuyen tien nhanh 247 den TK
Nguoi nhan: HUYNH THI TRUC VY
So tien: 115,000 VND
Ma OTP: 266567 hieu luc 1 phut",0,0,0,0,0,0,0,0,0,0
COM_185,"Doi thanh cong 100 diem tieu dung Viettel++ thanh 20 MB Data de Quy khach trai nghiem dich vu. Han su dung truoc 19/10/2023. Tong diem tieu dung con lai trong tai khoan Viettel++ cua Quy khach la 5.062 diem.
De kiem tra lich su doi diem va lua chon uu dai hap dan khac, vui long truy cap https://myvt.page.link/vtplus. Tran trong.",0,0,0,0,0,0,0,0,0,0
COM_186,"Quy khach dang thuc hien
Chuyen tien nhanh 247 den TK
Nguoi nhan: NGUYEN VIET QUAN
So tien: 22,000 VND
Ma OTP: 959599 hieu luc 1 phut",0,0,0,0,0,0,0,0,0,0
COM_187,"Doi thanh cong 100 diem tieu dung Viettel++ thanh 20 MB Data de Quy khach trai nghiem dich vu. Han su dung truoc 19/10/2023. Tong diem tieu dung con lai trong tai khoan Viettel++ cua Quy khach la 4.962 diem. 
De kiem tra lich su doi diem va lua chon uu dai hap dan khac, vui long truy cap https://myvt.page.link/vtplus. Tran trong.",0,0,0,0,0,0,0,0,0,0
COM_188,"Quy khach dang thuc hien
Chuyen tien nhanh 247 den TK
Nguoi nhan: SPAY_TRA SUA TECHA
So tien: 25,000 VND
Ma OTP: 332300 hieu luc 1 phut",0,0,0,0,0,0,0,0,0,0
COM_189,"[QC] TANG NGAY 1 - 2 thang cuoc dich vu INTERNET VIETTEL khi dang ky moi va dong truoc cuoc tu 6 - 12 thang. Cuoc TB chi tu 165.000d/thang. Phi hoa mang 300.000d, mien phi modem wifi, thu tuc don gian va nhanh chong. 
Chi tiet LH 18008168 (0d) hoac truy cap https://viettel.vn/s/HOMET1 . Tu choi QC, soan TC3 gui 199.",0,0,0,0,0,0,0,0,0,0
COM_190,"Quy khach dang thuc hien
Chuyen tien nhanh 247 den TK
Nguoi nhan: HUYNH THI TRUC VY
So tien: 15,000 VND
Ma OTP: 474459 hieu luc 1 phut",0,0,0,0,0,0,0,0,0,0
COM_191,"[TB] Viettel trân trọng thông báo: Thuê bao của Quý khách sẽ bị chặn 1 chiều ngày 21/10/2023 nếu chưa cập nhật thông tin. Để không bị chặn dịch vụ, Quý khách truy cập https://viettel.vn/s/chtt (tham khảo https://viettel.vn/hd) 
hoặc mang CMND/CCCD/Hộ chiếu đến điểm giao dịch Viettel cập nhật thông tin. Quý khách bỏ qua tin nhắn này nếu đã thực hiện. LH 198 (0đ). Trân trọng!",0,0,0,0,0,0,0,0,0,0
COM_192,"Quy khach dang thuc hien
Nap tien dien thoai
Nguoi nhan: 0377326330
So tien: 10,000 VND
Ma OTP: 360072 hieu luc 1 phut",0,0,0,0,0,0,0,0,0,0
COM_193,"Quy khach da duoc thanh toan 10000 VND tu nhan vien 8300240024, Ngay GD: 20/10/2023 22:02:45. Ma GD 2310207308718318. LH 18008098 (0d). Tran trong.",0,0,0,0,0,0,0,0,0,0
COM_194,"[TB] Thuê bao của Quý khách đã bị chặn 1 chiều do chưa cập nhật thông tin. Để mở chặn, Quý khách truy cập https://viettel.vn/s/chtt (tham khảo https://viettel.vn/hd) hoặc mang CMND/CCCD/Hộ chiếu
đến điểm giao dịch Viettel cập nhật thông tin. Quý khách bỏ qua tin nhắn này nếu đã thực hiện. LH 198 (0đ). Trân trọng!",0,0,0,0,0,0,0,0,0,0
COM_195,"Quy khach dang thuc hien
Chuyen tien nhanh 247 den TK
Nguoi nhan: NGUYEN VAN SU
So tien: 50,000 VND
Ma OTP: 010860 hieu luc 1 phut",0,0,0,0,0,0,0,0,0,0
COM_196,"Quy khach dang thuc hien
Chuyen tien nhanh 247 den TK
Nguoi nhan: HUYNH TAN LIEN
So tien: 20,000 VND
Ma OTP: 287704 hieu luc 1 phut",0,0,0,0,0,0,0,0,0,0
COM_197,"[TB] VIETTEL TẶNG 20% GIÁ TRỊ TẤT CẢ THẺ NẠP trong ngày 25/10. Tiền KM sử dụng nội mạng đến hết 09/11/2023. Giảm thêm 2,5% khi nạp thẻ tại https://viettel.vn/pay/tt . Chi tiết gọi 197 bấm phím 19 (0đ). Trân trọng.",0,0,0,0,0,0,0,0,0,0
COM_198,"Quy khach dang thuc hien
Chuyen tien nhanh 247 den TK
Nguoi nhan: TRAN THI THU HANG
So tien: 35,000 VND
Ma OTP: 506793 hieu luc 1 phut",0,0,0,0,0,0,0,0,0,0
COM_199,"Doi thanh cong 100 diem tieu dung Viettel++ thanh 20 MB Data de Quy khach trai nghiem dich vu. Han su dung truoc 02/11/2023. Tong diem tieu dung con lai trong tai khoan Viettel++ cua Quy khach la 4.562 diem. 
De kiem tra lich su doi diem va lua chon uu dai hap dan khac, vui long truy cap https://myvt.page.link/vtplus. Tran trong.",0,0,0,0,0,0,0,0,0,0
COM_200,"Quy khach dang thuc hien
Chuyen tien nhanh 247 den TK
Nguoi nhan: NGUYEN DUY KHANH
So tien: 30,000 VND
Ma OTP: 917706 hieu luc 1 phut",0,0,0,0,0,0,0,0,0,0
COM_201,"Doi thanh cong 100 diem tieu dung Viettel++ thanh 20 MB Data de Quy khach trai nghiem dich vu. Han su dung truoc 03/11/2023. Tong diem tieu dung con lai trong tai khoan Viettel++ cua Quy khach la 4.462 diem. De kiem tra lich su doi diem
va lua chon uu dai hap dan khac, vui long truy cap https://myvt.page.link/vtplus. Tran trong.",0,0,0,0,0,0,0,0,0,0
COM_202,Ban dang co 50.000d trong tai khoan Viettel Money va se HET HAN vao 02/11/2023. Vui long su dung qua tang ngay tai https://km.vtmoney.vn/314y/vcdt50k .,0,0,0,0,0,0,0,0,0,0
COM_203,"Quy khach dang thuc hien
Chuyen tien den TK Sacombank
Nguoi nhan: NGUYEN KHAC PHUONG DONG
So tien: 70,000 VND
Ma OTP: 325172 hieu luc 1 phut",0,0,0,0,0,0,0,0,0,0
COM_204,"Quy khach dang thuc hien
Chuyen tien nhanh 247 den TK
Nguoi nhan: LE MINH KHANG
So tien: 30,000 VND
Ma OTP: 076998 hieu luc 1 phut",0,0,0,0,0,0,0,0,0,0
COM_205,"[QC] Tặng thẻ nạp 10.000đ khi đăng ký gói SD90 trên ứng dụng My Viettel tại https://myvt.page.link/sd90 vào chủ nhật hàng tuần. Phí DV 90.000đ/30 ngày có 1,5GB/ngày. Gói cước gia hạn khi hết chu kỳ. LH 198 (0đ). Từ chối QC, soạn TC3 gửi 199.",0,0,0,0,0,0,0,0,0,0
COM_206,"Quy khach dang thuc hien
Chuyen tien nhanh 247 den TK
Nguoi nhan: NGUYEN VAN DUONG
So tien: 330,000 VND
Ma OTP: 092550 hieu luc 1 phut",0,0,0,0,0,0,0,0,0,0
COM_207,"Quy khach dang thuc hien
Chuyen tien nhanh 247 den TK
Nguoi nhan: DO QUANG THANH
So tien: 50,000 VND
Ma OTP: 312853 hieu luc 1 phut",0,0,0,0,0,0,0,0,0,0
COM_208,"[QC] Quý khách được tặng từ 20.000đ đến 01 TRIỆU ĐỒNG khi đăng ký mới Viettel Money và kích hoạt thành công tài khoản Mobile Money. Tải ứng dụng Viettel Money, đăng ký tài khoản và nhận ưu đãi tại https://km.vtmoney.vn/314y/smsvtt. 
Chi tiết LH 18009000 (0đ). Từ chối QC, soạn TC7 VT_MALL gửi 197.",0,0,0,0,0,0,0,0,0,0
COM_209,"Quy khach dang thuc hien
Chuyen tien nhanh 247 den TK
Nguoi nhan: DO QUANG THANH
So tien: 15,000 VND
Ma OTP: 085252 hieu luc 1 phut",0,0,0,0,0,0,0,0,0,0
COM_210,"Quy khach dang thuc hien
Chuyen tien nhanh 247 den TK
Nguoi nhan: Le Ly Huy
So tien: 3,000,000 VND
Ma OTP: 351238 hieu luc 1 phut",0,0,0,0,0,0,0,0,0,0
COM_211,"[QC] Nhận ngay 1GB data chỉ với 5.000đ khi đăng ký gói ST5KM. Gói cước chỉ có trên My Viettel, đăng ký tại https://myvt.page.link/ST5KM. Gói cước dùng đến 24h ngày đăng ký và không gia hạn hàng ngày. Chi tiết LH 198 (0đ). Từ chối QC, soạn TC3 gửi 199.",0,0,0,0,0,0,0,0,0,0
COM_212,"Doi thanh cong 100 diem tieu dung Viettel++ thanh 20 MB Data de Quy khach trai nghiem dich vu. Han su dung truoc 09/11/2023. Tong diem tieu dung con lai trong tai khoan Viettel++ cua Quy khach la 4.552 diem. De kiem tra 
lich su doi diem va lua chon uu dai hap dan khac, vui long truy cap https://myvt.page.link/vtplus. Tran trong.",0,0,0,0,0,0,0,0,0,0
COM_213,"Quy khach dang thuc hien
Chuyen tien nhanh 247 den TK
Nguoi nhan: TRAN HUU NHAT QUANG
So tien: 90,000 VND
Ma OTP: 316357 hieu luc 1 phut",0,0,0,0,0,0,0,0,0,0
COM_214,"[TB] Hưởng ứng Ngày Pháp luật Việt Nam 09/11, toàn dân nâng cao ý thức tôn trọng, tuân theo Hiến pháp và pháp luật.",0,0,0,0,0,0,0,0,0,0
COM_215,"[TB] VIETTEL TẶNG 20% GIÁ TRỊ TẤT CẢ THẺ NẠP trong ngày 10/11. Tiền KM sử dụng nội mạng đến hết 25/11/2023. Giảm thêm 2,5% khi nạp thẻ tại https://viettel.vn/pay/tt . Chi tiết gọi 197 bấm phím 19 (0đ). Trân trọng.",0,0,0,0,0,0,0,0,0,0
COM_216,"Doi thanh cong 100 diem tieu dung Viettel++ thanh 20 MB Data de Quy khach trai nghiem dich vu. Han su dung truoc 10/11/2023. Tong diem tieu dung con lai trong tai khoan Viettel++ cua Quy khach la 4.452 diem. De kiem tra 
lich su doi diem va lua chon uu dai hap dan khac, vui long truy cap https://myvt.page.link/vtplus. Tran trong.",0,0,0,0,0,0,0,0,0,0
COM_217,[TB] Quy khach dung quen doi diem Viettel++ de nhan luu luong data mien phi su dung trong ngay hoac 30 ngay. Bam goi *098# hoac truy cap ung dung My Viettel tai https://myvt.page.link/vt10 de doi diem. LH 198 (0d),0,0,0,0,0,0,0,0,0,0
COM_218,"Quy khach dang thuc hien
Chuyen tien nhanh 247 den TK
Nguoi nhan: HUYNH THI TRUC VY
So tien: 116,000 VND
Ma OTP: 292616 hieu luc 1 phut",0,0,0,0,0,0,0,0,0,0
COM_219,"Doi thanh cong 300 diem tieu dung Viettel++ thanh 30 MB Data de Quy khach trai nghiem dich vu. Han su dung truoc 10/12/2023. Tong diem tieu dung con lai trong tai khoan Viettel++ cua Quy khach la 4.152 diem. De kiem tra
lich su doi diem va lua chon uu dai hap dan khac, vui long truy cap https://myvt.page.link/vtplus. Tran trong.",0,0,0,0,0,0,0,0,0,0
COM_220,"Quy khach dang thuc hien
Chuyen tien nhanh 247 den TK
Nguoi nhan: NGUYEN TRONG NAM
So tien: 45,000 VND
Ma OTP: 259910 hieu luc 1 phut",0,0,0,0,0,0,0,0,0,0
COM_221,"Quy khach dang thuc hien
Chuyen tien nhanh 247 den TK
Nguoi nhan: HUYNH THI TRUC VY
So tien: 36,000 VND
Ma OTP: 486521 hieu luc 1 phut",0,0,0,0,0,0,0,0,0,0
COM_222,"Quy khach dang thuc hien
Chuyen tien nhanh 247 den TK
Nguoi nhan: HUYNH THI TRUC VY
So tien: 40,000 VND
Ma OTP: 521654 hieu luc 1 phut",0,0,0,0,0,0,0,0,0,0
COM_223,"[TB] DATA SIEU RE, DANG KY CUC DE
Soan ST5K gui 191: Chi 5.000d/lan co ngay 500MB toc do cao su dung den 24h ngay dang ky, DV gia han hang ngay. DAC BIET: TANG THEM 500MB khi mua lan 2 trong ngay. Chi tiet LH 198 (0d).",0,0,0,0,0,0,0,0,0,0
COM_224,"Quy khach dang thuc hien
Chuyen tien nhanh 247 den TK
Nguoi nhan: LY NGOC HAN
So tien: 49,000 VND
Ma OTP: 101224 hieu luc 1 phut",0,0,0,0,0,0,0,0,0,0
COM_225,"[TB] Tặng 20% giá trị tất cả thẻ nạp vào tài khoản viễn thông trong ngày 15/11/2023. CT áp dụng khi nạp thẻ online qua các ví điện tử, ứng dụng thanh toán hoặc tại https://viettel.vn/pay/tt . Tiền KM sử dụng liên lạc nội mạng trong 15 ngày. 
Chi tiết gọi 197 bấm phím 19 (0đ). Trân trọng.",0,0,0,0,0,0,0,0,0,0
COM_226,"[TB] Tang 20% gia tri tat ca the nap trong ngay 16/11/2023. Tien KM su dung noi mang, khong gioi han thoi gian. Nap the online tai https://myvt.page.link/km . CT danh rieng cho TB cua Quy khach. LH 198 (0d).",0,0,0,0,0,0,0,0,0,0
COM_227,Quy khach da dung het luu luong data cua CT Viettel++ va tiep tuc truy cap theo goi Mobile Internet dang su dung (neu co). Chi tiet LH 198 (0d). Tran trong.,0,0,0,0,0,0,0,0,0,0
COM_228,"(QC) Giai tri tha ga - mien phi data 100% LUU LUONG TOC DO CAO tai http://myclip.vn/giaitri, soan XN gui 9062 (3.000d/ngay, gia han theo ngay) de dang ky goi data MyClip. Chi tiet LH 198 (0d). Tu choi QC, soan TC4 gui 199.",0,0,0,0,0,0,0,0,0,0
COM_229,"[TB] NHAN DOI LUU LUONG KHI DANG KY ST5K
Soan ST5K gui 191: Chi 5.000d co 1.000MB su dung den 24h ngay dang ky (gia goc 5.000d co 500MB, gia han hang ngay; tang them 500MB sau 60 phut dang ky). CT ap dung tu thoi diem TB nhan duoc tin nhan den 19/11/2023 23:59:59. LH 198 (0d).",0,0,0,0,0,0,0,0,0,0
COM_230,"Quy khach dang thuc hien
Chuyen tien nhanh 247 den TK
Nguoi nhan: NGUYEN THUY DUONG
So tien: 463,000 VND
Ma OTP: 802361 hieu luc 1 phut",0,0,0,0,0,0,0,0,0,0
COM_231,"[TB] Tang 20% gia tri tat ca the nap trong ngay 18/11/2023. Tien KM su dung noi mang, khong gioi han thoi gian. Nap the online tai https://myvt.page.link/km . CT danh rieng cho TB cua Quy khach. LH 198 (0d).",0,0,0,0,0,0,0,0,0,0
COM_232,"Quy khach dang thuc hien
Chuyen tien nhanh 247 den TK
Nguoi nhan: LY NGOC HAN
So tien: 46,000 VND
Ma OTP: 914052 hieu luc 1 phut",0,0,0,0,0,0,0,0,0,0
COM_233,"[QC] Tai khoan cua Quy khach sap het, soan UT gui 9778 de ung 5000d, su dung trong 36 gio tu DV Ung tai khoan khong phi Fast Airtime. Tien ung se duoc tru khi Quy khach nap the. So tien chua su dung het 
se bi thu hoi khi het thoi gian su dung (tien ung chi su dung goi, nhan tin noi mang va ngoai mang). Chi tiet LH 198 (0d).",0,0,0,0,0,0,0,0,0,0
COM_234,"Tai khoan vien thong cua Quy khach hien con duoi 1.000d. Moi Quy khach nap them tien vao tai khoan vien thong. Neu tai khoan vien thong het tien, cuoc phat sinh tiep theo se duoc tru vao tai khoan Tien di dong (neu co).
DAC BIET: Viettel Money dang co nhieu khuyen mai NAP THE/MUA DATA hap dan (chi tiet truy cap https://vt.vtmoney.vn/tkg1k1 ). LH 198 (0d). Tran trong.",0,0,0,0,0,0,0,0,0,0
COM_235,"Bam goi ngay 1530912021638 de tiep tuc lien lac voi so dien thoai 912021638 do tai khoan cua Quy khach khong du de thuc hien cuoc goi. Cuoc goi 1190d/p, tinh cuoc 6s+1, cuoc DV 500d. Quy khach vui long soan 
HD gui 1530 de duoc huong dan. Tu choi QC soan TC gui 1530.",0,0,0,0,0,0,0,0,0,0
COM_236,"Doi thanh cong 100 diem tieu dung Viettel++ thanh 20 MB Data de Quy khach trai nghiem dich vu. Han su dung truoc 21/11/2023. Tong diem tieu dung con lai trong tai khoan Viettel++ cua Quy khach la 4.052 diem. De kiem tra lich su doi diem va lua chon uu dai hap dan khac, vui long truy cap https://myvt.page.link/vtplus. Tran trong.",0,0,0,0,0,0,0,0,0,0
COM_237,"Quy khach dang thuc hien
Chuyen tien nhanh 247 den TK
Nguoi nhan: TRINH XUAN LINH
So tien: 40,000 VND
Ma OTP: 837680 hieu luc 1 phut",0,0,0,0,0,0,0,0,0,0
COM_238,"[TB] Tang 20% gia tri tat ca the nap trong ngay 22/11/2023. Tien KM su dung noi mang, khong gioi han thoi gian. Nap the online tai https://myvt.page.link/km . CT danh rieng cho TB cua Quy khach. LH 198 (0d).",0,0,0,0,0,0,0,0,0,0
COM_239,"Quy khach dang thuc hien
Chuyen tien nhanh 247 den TK
Nguoi nhan: VU NGUYEN HOANG QUYEN
So tien: 100,000 VND
Ma OTP: 688417 hieu luc 1 phut",0,0,0,0,0,0,0,0,0,0
COM_240,"Doi thanh cong 100 diem tieu dung Viettel++ thanh 20 MB Data de Quy khach trai nghiem dich vu. Han su dung truoc 24/11/2023. Tong diem tieu dung con lai trong tai khoan Viettel++ cua Quy khach la 3.952 diem. De kiem tra lich su doi diem va lua chon uu dai hap dan khac, vui long truy cap https://myvt.page.link/vtplus. Tran trong.",0,0,0,0,0,0,0,0,0,0
COM_241,"Quy khach dang thuc hien
Chuyen tien nhanh 247 den TK
Nguoi nhan: NGUYEN THI BICH NGHI
So tien: 570,000 VND
Ma OTP: 197539 hieu luc 1 phut",0,0,0,0,0,0,0,0,0,0
COM_242,"[TB] VIETTEL TẶNG 20% GIÁ TRỊ TẤT CẢ THẺ NẠP trong ngày 25/11. Tiền KM sử dụng nội mạng đến hết 10/12/2023. Giảm thêm 2,5% khi nạp thẻ tại https://viettel.vn/pay/tt . Chi tiết gọi 197 bấm phím 19 (0đ). Trân trọng.",0,0,0,0,0,0,0,0,0,0
COM_243,"Quy khach dang thuc hien
Chuyen tien den TK Sacombank
Nguoi nhan: NGUYEN KHAC PHUONG DONG
So tien: 1,000,000 VND
Ma OTP: 866591 hieu luc 1 phut",0,0,0,0,0,0,0,0,0,0
COM_244,"Quy khach dang thuc hien
Chuyen tien nhanh 247 den TK
Nguoi nhan: LY NGOC HAN
So tien: 80,000 VND
Ma OTP: 086668 hieu luc 1 phut",0,0,0,0,0,0,0,0,0,0
COM_245,"Quy khach dang thuc hien
Nap tien dien thoai
Nguoi nhan: 0377326330
So tien: 20,000 VND
Ma OTP: 007273 hieu luc 1 phut",0,0,0,0,0,0,0,0,0,0
COM_246,Quy khach co 0 dong trong tai khoan.,0,0,0,0,0,0,0,0,0,0
COM_247,"Quy khach da duoc thanh toan 20000 VND tu nhan vien 8300240026, Ngay GD: 26/11/2023 15:06:27. Ma GD 2311267341543918. LH 18008098 (0d). Tran trong.",0,0,0,0,0,0,0,0,0,0
COM_248,Dich vu ung tai khoan *911# tru 20025d so tien Quy khach da ung (bao gom tien ung va 15% phi DV). Thoi gian ung 01/11/2023. So tien con no cua Dv ung tai khoan 911 la 2974d. Tran trong.,0,0,0,0,0,0,0,0,0,0
COM_249,"Quy khach dang thuc hien
Nap tien dien thoai
Nguoi nhan: 0377326330
So tien: 20,000 VND
Ma OTP: 043489 hieu luc 1 phut",0,0,0,0,0,0,0,0,0,0
COM_250,Dich vu ung tai khoan *911# tru 2974d so tien Quy khach da ung (bao gom tien ung va 15% phi DV). Thoi gian ung 01/11/2023. So tien con no cua Dv ung tai khoan 911 la 0d. Tran trong.,0,0,0,0,0,0,0,0,0,0
COM_251,"Quy khach co 20.025 dong trong tai khoan. Bam goi *098*3# de co 3GB voi 15.000d/3 ngay hoac *098*989# (30.000d/3 ngay) co 15GB (5GB/ngay), mien phi 10 phut/cuoc noi mang, 15 phut ngoai mang, SMS noi mang va TV360. Goi cuoc gia han khi het chu ky. De biet thong tin cac uu dai khac, bam goi *098# hoac truy cap My Viettel tai https://myvt.page.link/goidata . Chi tiet LH 198 (0d). Tran trong.",0,0,0,0,0,0,0,0,0,0
COM_252,"Doi thanh cong 100 diem tieu dung Viettel++ thanh 20 MB Data de Quy khach trai nghiem dich vu. Han su dung truoc 27/11/2023. Tong diem tieu dung con lai trong tai khoan Viettel++ cua Quy khach la 3.552 diem. De kiem tra lich su doi diem va lua chon uu dai hap dan khac, vui long truy cap https://myvt.page.link/vtplus. Tran trong.",0,0,0,0,0,0,0,0,0,0
COM_253,"Quy khach dang thuc hien
Chuyen tien nhanh 247 den TK
Nguoi nhan: VU XUAN TAN
So tien: 200,000 VND
Ma OTP: 849600 hieu luc 1 phut",0,0,0,0,0,0,0,0,0,0
COM_254,"Đăng ký không thành công. CT không áp dụng cho TB của Quý khách. Để biết thông tin các ưu đãi khác, vui lòng bấm gọi *098#. Chi tiết LH 198 (0đ). Trân trọng.",0,0,0,0,0,0,0,0,0,0
COM_255,"Quy khach dang thuc hien
Chuyen tien nhanh 247 den TK
Nguoi nhan: LE THI PHUONG THU
So tien: 17,000 VND
Ma OTP: 385683 hieu luc 1 phut",0,0,0,0,0,0,0,0,0,0
COM_256,"Doi thanh cong 100 diem tieu dung Viettel++ thanh 20 MB Data de Quy khach trai nghiem dich vu. Han su dung truoc 30/11/2023. Tong diem tieu dung con lai trong tai khoan Viettel++ cua Quy khach la 3.452 diem. De kiem tra lich su doi diem va lua chon uu dai hap dan khac, vui long truy cap https://myvt.page.link/vtplus. Tran trong.",0,0,0,0,0,0,0,0,0,0
COM_257,"[TB] Thực hiện Nghị quyết số 97/NQ-CP ngày 08 tháng 07 năm 2023 của Chính phủ, Bộ Công thương phát động Chương trình Khuyến mại tập trung quốc gia 2023 từ ngày 04/12/2023 - 10/01/2024, doanh nghiệp sẽ thực hiện khuyến mại có hạn mức lên đến 100%. Chi tiết truy cập https://kmttqg.vietrade.gov.vn",0,0,0,0,0,0,0,0,0,0
COM_258,"TDTC chuc ban suc khoe doi dao, cong viec thuan loi, tai loc vien man. Thang 12 61un873tldd4 .",1,1,1,1,0,1,1,1,1,0
COM_259,"Quy khach dang thuc hien
Thanh toan QR
Nguoi nhan: GS25 VIETNAM
So tien: 23,000 VND
Ma OTP: 268454 hieu luc 1 phut",0,0,0,0,0,0,0,0,0,0
COM_260,"Doi thanh cong 100 diem tieu dung Viettel++ thanh 20 MB Data de Quy khach trai nghiem dich vu. Han su dung truoc 03/12/2023. Tong diem tieu dung con lai trong tai khoan Viettel++ cua Quy khach la 3.352 diem. De kiem tra lich su doi diem va lua chon uu dai hap dan khac, vui long truy cap https://myvt.page.link/vtplus. Tran trong.",0,0,0,0,0,0,0,0,0,0
COM_261,"Quy khach dang thuc hien
Chuyen tien nhanh 247 den TK
Nguoi nhan: PHAM HAI NHI
So tien: 100,000 VND
Ma OTP: 926180 hieu luc 1 phut",0,0,0,0,0,0,0,0,0,0
COM_262,"[QC] Tổng đài Thông tin Kinh tế - Xã hội Viettel giải đáp thông tin về lịch trình và giá vé tàu, máy bay, xe khách dịp Tết Dương lịch, Tết Nguyên đán 2024. Quý khách vui lòng gọi 1068 (từ số điện thoại Viettel) hoặc 0281068 (từ số điện thoại mạng khác). Giá cước: 3.000đ/p. Từ chối QC, soạn TC3 gửi 199.",0,0,0,0,0,0,0,0,0,0
COM_263,"Quy khach dang thuc hien
Chuyen tien nhanh 247 den TK
Nguoi nhan: NGUYEN DUY QUANG
So tien: 300,000 VND
Ma OTP: 073309 hieu luc 1 phut",0,0,0,0,0,0,0,0,0,0
COM_264,"Quy khach dang thuc hien
Chuyen tien nhanh 247 den TK
Nguoi nhan: NGUYEN DUONG GIA HAN
So tien: 30,000 VND
Ma OTP: 575501 hieu luc 1 phut",0,0,0,0,0,0,0,0,0,0
COM_265,"Quy khach duoc cong them 145 diem Viettel++ boi giao dich Tieu dung vien thong thang 11/2023. Thoi han su dung diem den 31/12/2024. Hay truy cap https://myvt.page.link/vtplus tren My Viettel hoac *098# de doi diem sang Data, SMS, Phut goi cung nhieu uu dai gia tri khac. Chi tiet LH 198. Tran trong.",0,0,0,0,0,0,0,0,0,0
COM_266,"[TB] DATA MUÔN NƠI, GIÁ SIÊU HỜI!
1. Soạn ST5K gửi 191: 5K/ngày có 500MB dùng đến 24h
2. Soạn ST30K gửi 191: 30K/7 ngày có 7GB
Các gói cước gia hạn khi hết chu kỳ. Chi tiết LH 198 (0đ).",0,0,0,0,0,0,0,0,0,0
COM_267,"Coc coc, nguoi gui voi SDT 0399231659 da gui cho Ban loi moi tham gia chuong trinh Dao Vang. Hang trieu giai thuong cung hang tram Loc vang dang tim kiem chu nhan. Truy cap https://km.vtmoney.vn/314y/daovang de tham gia ngay nhe.",0,0,0,0,0,0,0,0,0,0
COM_268,"[TB] NHAN DOI LUU LUONG KHI DANG KY ST5K
Soan ST5K gui 191: Chi 5.000d co 1.000MB su dung den 24h ngay dang ky (gia goc 5.000d co 500MB, gia han hang ngay; tang them 500MB sau 60 phut dang ky). CT ap dung tu thoi diem TB nhan duoc tin nhan den 08/12/2023 23:59:59. LH 198 (0d).",0,0,0,0,0,0,0,0,0,0
COM_269,"Quy khach dang thuc hien
Chuyen tien den TK Sacombank
Nguoi nhan: NGUYEN KHAC PHUONG DONG
So tien: 600,000 VND
Ma OTP: 417274 hieu luc 1 phut",0,0,0,0,0,0,0,0,0,0
COM_270,"[QC] THANH TOÁN KHOẢN VAY của Home Credit, Fe Credit, Mirae Asset, OCB, MCredit, LOTTE Finance, TPFico (TPBank), SHB Finance, Viet Credit vô cùng nhanh chóng, dễ dàng tại các CỬA HÀNG VIETTEL hoặc trên ứng dụng VIETTEL MONEY tại https://km.vtmoney.vn/314y/tcbh. Chi tiết LH 18009000 (0đ). Từ chối QC, soạn TC3 gui 199.",0,0,0,0,0,0,0,0,0,0
COM_271,"Quy khach dang thuc hien
Chuyen tien nhanh 247 den TK
Nguoi nhan: Le Ly Huy
So tien: 754,000 VND
Ma OTP: 758521 hieu luc 1 phut",0,0,0,0,0,0,0,0,0,0
COM_272,Quy khach se MAT TIEN va THONG TIN neu cung cap Ma xac thuc giao dich (OTP) cho bat ky ai. Ma OTP (het han sau 1 phut) cua Quy khach la 811852,0,0,0,0,0,0,0,0,0,0
COM_273,"[TB] VIETTEL TẶNG 20% GIÁ TRỊ TẤT CẢ THẺ NẠP trong ngày 11/12. Tiền KM sử dụng nội mạng đến hết 26/12/2023. Giảm thêm 2,5% khi nạp thẻ tại https://viettel.vn/pay/tt . Chi tiết gọi 197 bấm phím 19 (0đ). Trân trọng.",0,0,0,0,0,0,0,0,0,0
COM_274,Quy khach se MAT TIEN va THONG TIN neu cung cap Ma xac thuc giao dich (OTP) cho bat ky ai. Ma OTP (het han sau 1 phut) cua Quy khach la 843458,0,0,0,0,0,0,0,0,0,0
COM_275,"[TB] NẠP THẺ HÔM NAY (11/12) - NHẬN NGAY KM: Tặng 20% giá trị tất cả thẻ nạp, tiền KM sử dụng nội mạng đến hết 26/12/2023. Nạp thẻ online tại https://km.vtmoney.vn/314y/kmdaitra . Chi tiết gọi 197 bấm phím 19 (0đ). Trân trọng.",0,0,0,0,0,0,0,0,0,0
COM_276,"Doi thanh cong 100 diem tieu dung Viettel++ thanh 20 MB Data de Quy khach trai nghiem dich vu. Han su dung truoc 13/12/2023. Tong diem tieu dung con lai trong tai khoan Viettel++ cua Quy khach la 3.397 diem. De kiem tra lich su doi diem va lua chon uu dai hap dan khac, vui long truy cap https://myvt.page.link/vtplus. Tran trong.",0,0,0,0,0,0,0,0,0,0
COM_277,"[TB] Tặng 20% giá trị tất cả thẻ nạp vào tài khoản viễn thông trong ngày 15/12/2023. CT áp dụng khi nạp thẻ online qua các ví điện tử, ứng dụng thanh toán hoặc tại https://viettel.vn/pay/tt . Tiền KM sử dụng liên lạc nội mạng trong 15 ngày. Chi tiết gọi 197 bấm phím 19 (0đ). Trân trọng.",0,0,0,0,0,0,0,0,0,0
COM_278,"Doi thanh cong 100 diem tieu dung Viettel++ thanh 20 MB Data de Quy khach trai nghiem dich vu. Han su dung truoc 16/12/2023. Tong diem tieu dung con lai trong tai khoan Viettel++ cua Quy khach la 3.297 diem. De kiem tra lich su doi diem va lua chon uu dai hap dan khac, vui long truy cap https://myvt.page.link/vtplus. Tran trong.",0,0,0,0,0,0,0,0,0,0
COM_279,"Quy khach dang thuc hien
Thanh toan QR
Nguoi nhan: GS25 VIETNAM
So tien: 13,000 VND
Ma OTP: 727368 hieu luc 1 phut",0,0,0,0,0,0,0,0,0,0
COM_280,"Quy khach dang thuc hien
Chuyen tien nhanh 247 den TK
Nguoi nhan: LY NGOC HAN
So tien: 39,000 VND
Ma OTP: 293127 hieu luc 1 phut",0,0,0,0,0,0,0,0,0,0
COM_281,"(QC)Ban co the vay den 20 TRIEU sau 1 PHUT tu EVNFinance hoac Mcredit qua MoMo. De biet them thong tin: https://momo.vn/s-vaynhanh . De tu choi, soan TC TenThuongHieu gui 1313",0,0,0,0,0,0,0,0,0,0
COM_282,"[QC] Tổng đài Thông tin Kinh tế - Xã hội Viettel hướng dẫn cách đăng ký hộ chiếu online nhanh chóng và đơn giản nhất. Quý khách vui lòng gọi 1068 (từ số điện thoại Viettel) hoặc 0281068 (từ số điện thoại mạng khác). Giá cước: 3.000đ/p. Từ chối QC, soạn TC3 gửi 199.",0,0,0,0,0,0,0,0,0,0
COM_283,"Quy khach dang thuc hien
Chuyen tien nhanh 247 den TK
Nguoi nhan: TRAN HOANG SON
So tien: 33,000 VND
Ma OTP: 825293 hieu luc 1 phut",0,0,0,0,0,0,0,0,0,0
COM_284,"[TB] Kính gửi Quý khách, để cập nhật các chương trình chăm sóc Khách hàng và khuyến mại của Viettel, hãy chọn “Follow” kênh TikTok Viettel Chăm sóc Khách hàng tại https://www.tiktok.com/@viettelcskh hoặc “Quan tâm” kênh Zalo tại https://zalo.me/1570758701534064697 để nhận thông tin nhanh nhất. Trân trọng.",0,0,0,0,0,0,0,0,0,0
COM_285,"Quy khach dang thuc hien
Chuyen tien nhanh 247 den TK
Nguoi nhan: HUYNH THI TRUC VY
So tien: 15,000 VND
Ma OTP: 210052 hieu luc 1 phut",0,0,0,0,0,0,0,0,0,0
COM_286,"Trường ĐH FPT (HCM) thông báo khoản học phí Kỳ Spring 2024 - Half 1 của SV chưa thanh toán. Vui lòng thanh toán đến hết 22/12/2023 (đối với Chuyên ngành). Trong trường hợp cần được hỗ trợ, SV vui lòng liên hệ 02873005585. SV đã hoàn thành học phí, xin vui lòng bỏ qua nội dung này.",0,0,0,0,0,0,0,0,0,0
COM_287,"Doi thanh cong 100 diem tieu dung Viettel++ thanh 20 MB Data de Quy khach trai nghiem dich vu. Han su dung truoc 22/12/2023. Tong diem tieu dung con lai trong tai khoan Viettel++ cua Quy khach la 3.197 diem. De kiem tra lich su doi diem va lua chon uu dai hap dan khac, vui long truy cap https://myvt.page.link/vtplus. Tran trong.",0,0,0,0,0,0,0,0,0,0
COM_288,"[TB] ĐỪNG QUÊN: BẠN VẪN ĐƯỢC THAM GIA GÓI ST60N!
Chỉ 60K/30 ngày có 60GB (2GB/ngày).
LH nhân viên Viettel: Viễn Thông Hoàng Quế - 0987989227 (cước gọi di động) để được hỗ trợ sử dụng gói cước.",0,0,0,0,0,0,0,0,0,0
COM_289,"[QC] Đại chiến top đầu, Salah hay Odegaard sẽ giúp đội mình chiến thắng? Liverpool - Arsenal lúc 00h30 ngày 24/12. 
Ưu đãi giảm giá gói K+ SD trên TV360 trong 30 ngày chỉ 30.000đ. Soạn DK KP1 gửi 1331 để đăng ký với giá ưu đãi và đón xem trận đấu 100% Data tốc độ cao tại http://s.viettel.vn/ksport_1. CT áp dụng cho TB đăng ký lần đầu đến hết 21/1/2024. Sau khuyến mại, phí DV 60.000đ/30 ngày, gia hạn sau 30 ngày. 
Chi tiết LH 198 (0đ). Từ chối QC, soạn TC4 gửi 199.",0,0,0,0,0,0,0,0,0,0
COM_290,"Quy khach dang thuc hien
Chuyen tien nhanh 247 den TK
Nguoi nhan: NGUYEN DUC THANH
So tien: 28,705,000 VND
Ma OTP: 048873 hieu luc 1 phut",0,0,0,0,0,0,0,0,0,0
COM_291,Dat hang thanh cong. DH cua ban la 040229. Cam on ban.,0,0,0,0,0,0,0,0,0,0
COM_292,"[TB] GIÁNG SINH, NĂM MỚI - VIETTEL TẶNG BẠN!
Soạn QUA gửi 191 hoặc truy cập http://viettel.vn/tangqua để biết các voucher quà tặng hấp dẫn.
Chi tiết LH 198 (0đ). Trân trọng.",0,0,0,0,0,0,0,0,0,0
COM_293,"[TB] ĐÓN NĂM MỚI - KHUYẾN MẠI MỚI!
Tặng 20% giá trị tất cả thẻ nạp vào tài khoản viễn thông trong ngày 25/12/2023. Tiền KM sử dụng truy cập Data trong 15 ngày. Nạp thẻ online tại các ví điện tử, ứng dụng thanh toán hoặc tại https://viettel.vn/naptienkm . Chi tiết gọi 197 bấm phím 19 (0đ). Trân trọng.",0,0,0,0,0,0,0,0,0,0
COM_294,"[TB] Viettel kính chúc Quý khách Giáng sinh an lành, Năm mới hạnh phúc. Trân trọng cảm ơn Quý khách đã tin tưởng sử dụng dịch vụ của Viettel.",0,0,0,0,0,0,0,0,0,0
COM_295,"Doi thanh cong 100 diem tieu dung Viettel++ thanh 20 MB Data de Quy khach trai nghiem dich vu. Han su dung truoc 26/12/2023. Tong diem tieu dung con lai trong tai khoan Viettel++ cua Quy khach la 3.097 diem. De kiem tra lich su doi diem va lua chon uu dai hap dan khac, vui long truy cap https://myvt.page.link/vtplus. Tran trong.",0,0,0,0,0,0,0,0,0,0
COM_296,"Quy khach dang thuc hien
Chuyen tien nhanh 247 den TK
Nguoi nhan: TRUONG THI HANG
So tien: 25,000 VND
Ma OTP: 581329 hieu luc 1 phut",0,0,0,0,0,0,0,0,0,0
COM_297,"Doi thanh cong 100 diem tieu dung Viettel++ thanh 20 MB Data de Quy khach trai nghiem dich vu. Han su dung truoc 27/12/2023. Tong diem tieu dung con lai trong tai khoan Viettel++ cua Quy khach la 2.997 diem. De kiem tra lich su doi diem va lua chon uu dai hap dan khac, vui long truy cap https://myvt.page.link/vtplus. Tran trong.",0,0,0,0,0,0,0,0,0,0
COM_298,"Quy khach dang thuc hien
Thanh toan QR
Nguoi nhan: GS25 VIETNAM
So tien: 23,000 VND
Ma OTP: 751002 hieu luc 1 phut",0,0,0,0,0,0,0,0,0,0
COM_299,"[TB] MUNG NAM MOI! Tang 20% gia tri tat ca cac the nap vao tai khoan vien thong trong ngay 29/12, tien KM de goi va nhan tin noi mang trong 15 ngay. CT danh rieng cho Quy khach. LH 198 (0d).",0,0,0,0,0,0,0,0,0,0
COM_300,VNDIRECT kinh chuc Quy khach NGUYEN VAN THANG sinh nhat An - Khoe - Hanh Phuc. Cam on Quy khach da tin tuong va dong hanh cung VNDIRECT.,0,0,0,0,0,0,0,0,0,0
COM_301,"Quy khach dang thuc hien
Chuyen tien nhanh 247 den TK
Nguoi nhan: VU HONG THAI
So tien: 4,500,000 VND
Ma OTP: 278586 hieu luc 1 phut",0,0,0,0,0,0,0,0,0,0
COM_302,"Doi thanh cong 200 diem tieu dung Viettel++ thanh 40 MB Data de Quy khach trai nghiem dich vu. Han su dung truoc 03/01/2024. Tong diem tieu dung con lai trong tai khoan Viettel++ cua Quy khach la 2.797 diem. De kiem tra lich su doi diem va lua chon uu dai hap dan khac,
vui long truy cap https://myvt.page.link/vtplus. Tran trong.",0,0,0,0,0,0,0,0,0,0
COM_303,Sử dụng mã xác minh 769164 để xác thực Microsoft.,0,0,0,0,0,0,0,0,0,0
COM_304,"Doi thanh cong 100 diem tieu dung Viettel++ thanh 20 MB Data de Quy khach trai nghiem dich vu. Han su dung truoc 04/01/2024. Tong diem tieu dung con lai trong tai khoan Viettel++ cua Quy khach la 2.697 diem. De kiem tra lich su doi diem va lua chon uu dai hap dan khac,
vui long truy cap https://myvt.page.link/vtplus. Tran trong.",0,0,0,0,0,0,0,0,0,0
COM_305,"(QC) Chi voi 3.000d/ngay co ngay DATA toc do cao KHONG GIOI HAN xem hang trieu noi dung giai tri tai http://myclip.vn/hot1, soan XN gui 9062 de dang ky goi data MyClip. Goi cuoc gia han theo ngay. Chi tiet LH 198 (0d). Tu choi QC, soan TC4 gui 199.",0,0,0,0,0,0,0,0,0,0
COM_306,"Quy khach dang thuc hien
Thanh toan QR
Nguoi nhan: 7ELEVEN
So tien: 40,000 VND
Ma OTP: 927480 hieu luc 1 phut",0,0,0,0,0,0,0,0,0,0
COM_307,"[QC] ƯU ĐÃI HOT - DÀNH TẶNG BẠN! Đổi điểm Viettel++ trên Viettel Money tại https://km.vtmoney.vn/314y/ktn20 để nhận ngay voucher giảm 20K đến từ Katinat. LH 18009000 (0đ). Từ chối QC, soạn TC3 gửi 199.",0,0,0,0,0,0,0,0,0,0
COM_308,"[TB] Quý khách đừng quên sử dụng điểm Viettel++ để đổi lưu lượng data, phút gọi/tin nhắn nội mạng hoặc các ưu đãi giá trị khác. Truy cập My Viettel tại https://myvt.page.link/vt10 để đổi điểm. Chi tiết LH 198 (0đ). Trân trọng!",0,0,0,0,0,0,0,0,0,0
COM_309,"Quy khach dang thuc hien
Chuyen tien nhanh 247 den TK
Nguoi nhan: TRUONG THANH THIEN
So tien: 30,000 VND
Ma OTP: 047639 hieu luc 1 phut",0,0,0,0,0,0,0,0,0,0
COM_310,Mã xác thực Discord của bạn là: 351669,0,0,0,0,0,0,0,0,0,0
COM_311,"[TB] Kính gửi Quý khách, để cập nhật các chương trình chăm sóc Khách hàng và khuyến mại của Viettel, hãy chọn “Follow” kênh TikTok Viettel Chăm sóc Khách hàng tại
https://www.tiktok.com/@viettelcskh để nhận thông tin nhanh nhất. Trân trọng.",0,0,0,0,0,0,0,0,0,0
COM_312,"[TB] VIETTEL TẶNG 20% GIÁ TRỊ TẤT CẢ THẺ NẠP trong ngày 10/01. Tiền KM sử dụng nội mạng đến hết 25/01/2024. Giảm thêm 2,5% khi nạp thẻ tại https://viettel.vn/naptienkm . Chi tiết gọi 197 bấm phím 19 (0đ). Trân trọng.",0,0,0,0,0,0,0,0,0,0
COM_313,"Quy khach duoc cong them 25 diem Viettel++ boi giao dich Tieu dung vien thong thang 12/2023. Thoi han su dung diem den 31/01/2025. Hay truy cap https://myvt.page.link/vtplus tren My Viettel hoac *098# de doi diem sang Data, SMS, Phut goi cung nhieu uu dai gia tri khac. Chi tiet LH 198. Tran trong.",0,0,0,0,0,0,0,0,0,0
COM_314,"[TB] Data thả ga, chỉ với 10K!
1. Soạn T7 gửi 191: 10K/7 ngày miễn phí data truy cập TikTok
2. Soạn 1N gửi 191: 10K/ngày có 5GB, 5 phút gọi ngoại mạng, miễn phí 10p/cuộc gọi nội mạng, SMS nội mạng và xem TV360
Gói cước gia hạn khi hết chu kỳ. Chi tiết LH 198 (0đ).",0,0,0,0,0,0,0,0,0,0
COM_315,"[TB] NẠP THẺ HÔM NAY (10/01) - NHẬN NGAY KM: Tặng 20% giá trị tất cả thẻ nạp, tiền KM sử dụng nội mạng đến hết 25/01/2024. Nạp thẻ online tại https://km.vtmoney.vn/314y/kmdaitra . Chi tiết gọi 197 bấm phím 19 (0đ). Trân trọng.",0,0,0,0,0,0,0,0,0,0
COM_316,"Viettel TB: Quý khách đã sử dụng hết lưu lượng data của gói ST5K. Để mua thêm, truy cập https://viettel.vn/goidata hoặc bấm gọi *098#. Chi tiết LH 198 (0đ). Trân trọng.",0,0,0,0,0,0,0,0,0,0
COM_317,"Quy khach dang thuc hien
Chuyen tien nhanh 247 den TK
Nguoi nhan: DUONG THI TUYET THAO
So tien: 15,000 VND
Ma OTP: 778950 hieu luc 1 phut",0,0,0,0,0,0,0,0,0,0
COM_318,"Tai khoan cua Quy khach sap het. Soan:
1 gui 211 de cong 10 phut noi mang (800d/p), su dung trong 7 ngay
2 gui 211 de cong 3 phut ngoai mang (1.400d/p), su dung trong 7 ngay
3 gui 211 de cong 30 tin nhan noi mang (245d/tin), su dung trong 7 ngay
Chi tiet LH 198 (mien phi).",0,0,0,0,0,0,0,0,0,0
COM_319,"Doi thanh cong 500 diem tieu dung Viettel++ thanh 100 MB Data de Quy khach trai nghiem dich vu. Han su dung truoc 15/01/2024. Tong diem tieu dung con lai trong tai khoan Viettel++ cua Quy khach la 2.222 diem. De kiem tra lich su doi diem va lua chon uu dai hap dan khac, vui long truy cap https://myvt.page.link/vtplus. Tran trong.",0,0,0,0,0,0,0,0,0,0
COM_320,"[TB] Data thả ga, chỉ với 10K!
1. Soạn FB7 gửi 191: 10K/7 ngày miễn phí data truy cập Facebook và nhắn tin Messenger
2. Soạn 1N gửi 191: 10K/ngày có 5GB, 5 phút gọi ngoại mạng, miễn phí 10p/cuộc gọi nội mạng, SMS nội mạng và xem TV360
Gói cước gia hạn khi hết chu kỳ. Chi tiết LH 198 (0đ).",0,0,0,0,0,0,0,0,0,0
COM_321,"[TB] Data thả ga, chỉ với 10K!
1. Soạn YT7 gửi 191: 10K/7 ngày miễn phí data truy cập YouTube
2. Soạn 1N gửi 191: 10K/ngày có 5GB, 5 phút gọi ngoại mạng, miễn phí 10p/cuộc gọi nội mạng, SMS nội mạng và xem TV360
Gói cước gia hạn khi hết chu kỳ. Chi tiết LH 198 (0đ).",0,0,0,0,0,0,0,0,0,0
COM_322,"Viettel TB: Gói ST5K gia hạn không thành công. Quý khách tiếp tục truy cập theo gói Mobile Internet đang sử dụng (nếu có). Để biết thông tin các ưu đãi khác, bấm gọi *098# hoặc truy cập My Viettel tại https://viettel.vn/goidata . Chi tiết LH 198 (0đ). Trân trọng.",0,0,0,0,0,0,0,0,0,0
COM_323,"[TB] Tặng 20% giá trị tất cả thẻ nạp vào tài khoản viễn thông trong ngày 15/01/2024. CT áp dụng khi nạp thẻ online qua các ví điện tử, ứng dụng thanh toán hoặc tại https://viettel.vn/pay/tt . Tiền KM sử dụng liên lạc nội mạng trong 15 ngày. Chi tiết gọi 197 bấm phím 19 (0đ). Trân trọng.",0,0,0,0,0,0,0,0,0,0
COM_324,"[TB] Tang 20% gia tri tat ca the nap trong ngay 16/01/2024. Tien KM su dung noi mang, khong gioi han thoi gian. Nap the online tai https://myvt.page.link/km . CT danh rieng cho TB cua Quy khach. LH 198 (0d).",0,0,0,0,0,0,0,0,0,0
COM_325,"Quy khach dang thuc hien
Chuyen tien nhanh 247 den TK
Nguoi nhan: NGUYEN THUY DUONG
So tien: 463,000 VND
Ma OTP: 312609 hieu luc 1 phut",0,0,0,0,0,0,0,0,0,0
COM_326,"[TB] Tết A.I cũng có quà!
Soạn KM gửi 191 (0đ) hoặc truy cập https://viettel.vn/km191 để xem ưu đãi Tết HOT nhất từ Viettel.
LH 198 (0đ). Trân trọng.",0,0,0,0,0,0,0,0,0,0
COM_327,"[TB] Tang 20% gia tri tat ca the nap trong ngay 18/01/2024. Tien KM su dung noi mang, khong gioi han thoi gian. Nap the online tai https://myvt.page.link/km . CT danh rieng cho TB cua Quy khach. LH 198 (0d).",0,0,0,0,0,0,0,0,0,0
COM_328,"Quy khach dang thuc hien
Thanh toan QR
Nguoi nhan: GS25 VIETNAM
So tien: 28,000 VND
Ma OTP: 673491 hieu luc 1 phut",0,0,0,0,0,0,0,0,0,0
COM_329,[TB] Quy khach dung quen doi diem Viettel++ de nhan phut goi mien phi su dung trong 30 ngay. Bam goi *098# hoac truy cap ung dung My Viettel tai https://myvt.page.link/vt10 de doi diem. LH 198 (0d).,0,0,0,0,0,0,0,0,0,0
COM_330,(RB ESPORT) 744356 la ma xac minh cua ban tai website http://www.rbesportvn.com/ .,0,0,0,0,0,0,0,0,0,0
COM_331,"Xin chào, mã xác minh của bạn là: 126234, vui lòng không tiết lộ mã xác minh của bạn cho người khác.",0,0,0,0,0,0,0,0,0,0
COM_332,"Doi thanh cong 100 diem tieu dung Viettel++ thanh 20 MB Data de Quy khach trai nghiem dich vu. Han su dung truoc 20/01/2024. Tong diem tieu dung con lai trong tai khoan Viettel++ cua Quy khach la 2.122 diem. De kiem tra lich su doi diem va lua chon uu dai hap dan khac,
vui long truy cap https://myvt.page.link/vtplus. Tran trong.",0,0,0,0,0,0,0,0,0,0
COM_333,"Quy khach dang thuc hien
Chuyen tien den TK Sacombank
Nguoi nhan: NGUYEN HUYEN VY
So tien: 45,000 VND
Ma OTP: 782635 hieu luc 1 phut",0,0,0,0,0,0,0,0,0,0
COM_334,"Doi thanh cong 200 diem tieu dung Viettel++ thanh 40 MB Data de Quy khach trai nghiem dich vu. Han su dung truoc 21/01/2024. Tong diem tieu dung con lai trong tai khoan Viettel++ cua Quy khach la 1.922 diem. De kiem tra lich su doi diem va lua chon uu dai hap dan khac, 
vui long truy cap https://myvt.page.link/vtplus. Tran trong.",0,0,0,0,0,0,0,0,0,0
COM_335,"Doi thanh cong 200 diem tieu dung Viettel++ thanh 40 MB Data de Quy khach trai nghiem dich vu. Han su dung truoc 21/01/2024. Tong diem tieu dung con lai trong tai khoan Viettel++ cua Quy khach la 1.722 diem. De kiem tra lich su doi diem va lua chon uu dai hap dan khac, 
vui long truy cap https://myvt.page.link/vtplus. Tran trong.",0,0,0,0,0,0,0,0,0,0
COM_336,"[TB] KHUYẾN MẠI NGÀY VÀNG! 
Tặng 20% giá trị TẤT CẢ THẺ NẠP trong hôm nay 20/01, tiền KM sử dụng gọi, nhắn tin nội mạng trong 15 ngày. Nạp thẻ online tại https://viettel.vn/pay/tt . CT dành riêng cho Quý khách. LH 198 (0đ).",0,0,0,0,0,0,0,0,0,0
COM_337,"Quy khach dang thuc hien
Thanh toan QR
Nguoi nhan: VIET NAM FAMILY CVS
So tien: 57,000 VND
Ma OTP: 723642 hieu luc 1 phut",0,0,0,0,0,0,0,0,0,0
COM_338,"Quy khach dang thuc hien
Thanh toan QR
Nguoi nhan: VIET NAM FAMILY CVS
So tien: 49,000 VND
Ma OTP: 163105 hieu luc 1 phut",0,0,0,0,0,0,0,0,0,0
COM_339,"Doi thanh cong 100 diem tieu dung Viettel++ thanh 20 MB Data de Quy khach trai nghiem dich vu. Han su dung truoc 22/01/2024. Tong diem tieu dung con lai trong tai khoan Viettel++ cua Quy khach la 1.622 diem. De kiem tra lich su doi diem va lua chon uu dai hap dan khac, vui long truy cap https://myvt.page.link/vtplus. Tran trong.",0,0,0,0,0,0,0,0,0,0
COM_340,Quy khach co 20.004 dong trong tai khoan.,0,0,0,0,0,0,0,0,0,0
COM_341,"Quy khach dang thuc hien
Chuyen tien nhanh 247 den TK
Nguoi nhan: LO QUANG THANG
So tien: 500,000 VND
Ma OTP: 625973 hieu luc 1 phut",0,0,0,0,0,0,0,0,0,0
COM_342,"[TB] Tang 20% gia tri tat ca the nap trong ngay 22/01/2024. Tien KM su dung noi mang, khong gioi han thoi gian. Nap the online tai https://myvt.page.link/km . CT danh rieng cho TB cua Quy khach. LH 198 (0d).",0,0,0,0,0,0,0,0,0,0
COM_343,"[TB] TẶNG 50% GIÁ TRỊ CHO LẦN NẠP TIỀN ĐẦU TIÊN VÀO CHỦ NHẬT hàng tuần. CT áp dụng với thuê bao nạp tiền vào tài khoản viễn thông qua tài khoản Viettel Pay liên kết trên ứng dụng MY VIETTEL. Tiền khuyến mại sử dụng nội mạng trong 15 ngày. 
Giảm giá thêm 2,5% khi nạp tiền tại https://myvt.page.link/naptiencn. LH 198 (0đ). Trân trọng.",0,0,0,0,0,0,0,0,0,0
COM_344,"Quy khach dang thuc hien
Thanh toan QR
Nguoi nhan: GS25 VIETNAM
So tien: 27,000 VND
Ma OTP: 552691 hieu luc 1 phut",0,0,0,0,0,0,0,0,0,0
COM_345,"[TB] Kính gửi Quý khách, để cập nhật các chương trình chăm sóc Khách hàng và khuyến mại của Viettel, hãy chọn “Quan tâm” kênh Zalo Viettel Chăm sóc Khách hàng tại
https://zalo.me/1570758701534064697 để nhận thông tin nhanh nhất. Trân trọng.",0,0,0,0,0,0,0,0,0,0
COM_346,"Quý khách đã đăng ký thành công gói ST5K: 5.000đ/ngày có 500MB sử dụng đến 23:59:59 ngày 22/01/2024. Đăng ký lần tiếp theo trong ngày, Quý khách sẽ được tặng thêm 500MB theo CT Mua 2 tặng 1. Gói cước gia hạn hàng ngày. Truy cập https://viettel.vn/kttk để kiểm tra ưu đãi.
Để hủy gia hạn, soạn HUY ST5K gửi 191. Chi tiết LH 198 (0đ). Trân trọng.",0,0,0,0,0,0,0,0,0,0
COM_347,"Sau khi hủy gia hạn gói ST5K, ưu đãi còn lại sẽ được sử dụng đến hết chu kỳ. Để xác nhận hủy, soạn Y gửi 191 trong 10 phút. Truy cập https://viettel.vn/kttk để kiểm tra ưu đãi. Chi tiết LH 198 (0đ). Trân trọng.",0,0,0,0,0,0,0,0,0,0
COM_348,"Gói ST5K đã hủy gia hạn thành công. Để biết các ưu đãi khác, truy cập https://viettel.vn/goidata hoặc bấm gọi *098#. Chi tiết LH 198 (0đ). Trân trọng.",0,0,0,0,0,0,0,0,0,0
COM_349,Viettel TB: Gói ST5K đã gia hạn thành công. Truy cập https://viettel.vn/kttk để kiểm tra ưu đãi. Chi tiết LH 198 (0đ). Trân trọng.,0,0,0,0,0,0,0,0,0,0
COM_350,"Viettel TB: Gói ST5K đã kết thúc. Để biết các ưu đãi khác, truy cập https://viettel.vn/goidata hoặc bấm gọi *098#. Chi tiết LH 198 (0đ). Trân trọng.",0,0,0,0,0,0,0,0,0,0
COM_351,"[TB] ĐÓN NĂM MỚI - KHUYẾN MẠI MỚI!
Tặng 20% giá trị tất cả thẻ nạp vào tài khoản viễn thông trong ngày 25/01/2024. Tiền KM sử dụng truy cập Internet trong 15 ngày. Nạp thẻ online tại các ví điện tử, ứng dụng thanh toán hoặc tại https://viettel.vn/naptienkm . Chi tiết gọi 197 bấm phím 19 (0đ). Trân trọng.",0,0,0,0,0,0,0,0,0,0
COM_352,[TB] Tặng 20% giá trị tất cả thẻ nạp vào tài khoản viễn thông trong ngày 26/01. Tiền KM sử dụng nội mạng không giới hạn thời gian. Nạp thẻ online tại https://viettel.vn/pay/tt . CT dành riêng cho TB của Quý khách. LH 198 (0đ).,0,0,0,0,0,0,0,0,0,0
COM_353,"[TB] NHẬN QUÀ ĐÓN TẾT!
Tặng ngay 14000đ khi Quý khách mua gói data, thoại, sử dụng tài khoản gốc đạt 38000đ từ 25/01 - 24/02 (15 tháng Chạp - 15 tháng Giêng).
Tiền được tặng để gọi và nhắn tin nội mạng trong 15 ngày.
Soạn 1N gửi 191: 10000đ/ngày có 5GB, miễn phí gọi điện, SMS nội mạng và xem TV360. Truy cập https://viettel.vn/kmdata để xem chi tiết gói và các ưu đãi Tết HOT nhất từ Viettel.
LH 198 (0đ).",0,0,0,0,0,0,0,0,0,0
COM_354,"Quy khach dang thuc hien
Chuyen tien nhanh 247 den TK
Nguoi nhan: NGUYEN THI BICH NGHI
So tien: 300,000 VND
Ma OTP: 119540 hieu luc 1 phut",0,0,0,0,0,0,0,0,0,0
COM_355,"Quy khach dang thuc hien
Bat dang ky sinh trac hoc.
Ma OTP: 962372 hieu luc 1 phut
Quy khach se MAT TIEN va THONG TIN neu cung cap Ma OTP cho bat ky ai",0,0,0,0,0,0,0,0,0,0
COM_356,"Quy khach dang thuc hien
Chuyen tien nhanh 247 den TK
Nguoi nhan: NGUYEN VAN HAO
So tien: 85,000 VND
Ma OTP: 021977 hieu luc 1 phut",0,0,0,0,0,0,0,0,0,0
COM_357,"0381000477878
Ngân hàng vietcombank, NGUYEN VAN DET
570.000vnđ",0,0,0,0,0,0,0,0,0,0
COM_358,"[TB] SẮM DATA ĐÓN TẾT!
1. Soạn V35B gửi 191: 35K/15 ngày có 500MB/ngày, miễn phí 10p/cuộc gọi nội mạng
2. Soạn SD70 gửi 191: 70K/30 ngày có 1GB/ngày. Đăng ký trước 25/02, tặng 1 tuần trải nghiệm dịch vụ MyDio, MyClip và ưu đãi giảm giá 50% gói tháng iMuzik
Gói cước gia hạn khi hết chu kỳ. CT dành riêng cho Quý khách. LH 198 (0đ).",0,0,0,0,0,0,0,0,0,0
COM_359,"Quý khách đã đăng ký thành công gói ST5K: 5.000đ/ngày có 500MB sử dụng đến 23:59:59 ngày 04/02/2024. Đăng ký lần tiếp theo trong ngày, Quý khách sẽ được tặng thêm 500MB theo CT Mua 2 tặng 1. Gói cước gia hạn hàng ngày. Truy cập https://viettel.vn/kttk để kiểm tra ưu đãi. 
Để hủy gia hạn, soạn HUY ST5K gửi 191. Chi tiết LH 198 (0đ). Trân trọng.",0,0,0,0,0,0,0,0,0,0
COM_360,"(QC) Ban yeu thich kinh doanh? Ban muon san pham, DV duoc quang cao den Khach hang mot cach don gian nhat - hieu qua nhat - tiet kiem nhat? DV Nhac cho doanh nghiep chinh la ban dong hanh cua ban - giai phap toi uu cho viec dua san pham, 
DV den gan Khach hang. Soan DN gui 1221 (mien phi) de duoc nhan vien Viettel lien he tu van tao ban nhac cho hap dan nhat hoac truy cap http://doanhnghiep.imuzik.vn. Cuoc DV 12.000d/thang/TB, phi tao ma 550.000d. LH 198 (0d). Tu choi QC, soan TC4 gui 199.",0,0,0,0,0,0,0,0,0,0
COM_361,"Quy khach dang thuc hien
Nap tien dien thoai
Nguoi nhan: 0377326330
So tien: 50,000 VND
Ma OTP: 421656 hieu luc 1 phut",0,0,0,0,0,0,0,0,0,0
COM_362,"Quy khach da duoc thanh toan 50000 VND tu nhan vien 8300240018, Ngay GD: 04/02/2024 09:10:59. Ma GD 2402047408069654. LH 18008098 (0d). Tran trong.",0,0,0,0,0,0,0,0,0,0
COM_363,"Quy khach co 50.679 dong trong tai khoan. Bam goi *098*3# de co 3GB voi 15.000d/3 ngay hoac *098*989# (30.000d/3 ngay) co 15GB (5GB/ngay), mien phi 10 phut/cuoc noi mang, 15 phut ngoai mang, SMS noi mang va TV360. Goi cuoc gia han khi het chu ky. De biet thong tin cac uu dai khac,
bam goi *098# hoac truy cap My Viettel tai https://myvt.page.link/goidata . Chi tiet LH 198 (0d). Tran trong.",0,0,0,0,0,0,0,0,0,0
COM_364,Quy khach co 27.679 dong trong tai khoan.,0,0,0,0,0,0,0,0,0,0
COM_365,Dich vu ung tai khoan *911# tru 23000d so tien Quy khach da ung (bao gom tien ung va 15% phi DV). Thoi gian ung 21/01/2024. So tien con no cua Dv ung tai khoan 911 la 0d. Tran trong.,0,0,0,0,0,0,0,0,0,0
COM_366,"(QC) Soan XN4 gui 9268 de nhan 10.000d vao tai khoan KM va co hoi trung thuong 1 TRIEU DONG khi tham gia tra loi cau hoi tu DV Tich Diem Trung Qua. Cuoc phi 2.000d/ngay, gia han theo ngay. Tien KM duoc cong sau 25 ngay duy tri DV. Chi tiet LH 198 (0d). Tu choi QC, soan TC4 gui 199.",0,0,0,0,0,0,0,0,0,0
COM_367,"Quy khach dang thuc hien
Chuyen tien nhanh 247 den TK
Nguoi nhan: CN TAI TPHCM-CTCP XD DAU TU...
So tien: 2,840,500 VND
Ma OTP: 622677 hieu luc 1 phut",0,0,0,0,0,0,0,0,0,0
COM_368,"<#> 671574 is your GRAB verification code. It expires in 2 minutes. Do not share it with anyone, including GRAB.
H9CMNjtZ1r6",0,0,0,0,0,0,0,0,0,0
COM_369,"Quy khach dang thuc hien
Chuyen tien den TK Sacombank
Nguoi nhan: NGUYEN KHAC PHUONG DONG
So tien: 300,000 VND
Ma OTP: 404602 hieu luc 1 phut",0,0,0,0,0,0,0,0,0,0
COM_370,"Moi Quy khach soan tin de tham gia DV Data Plus:
1 gui 9598 de cong 1024MB (cuoc 9144d, su dung trong vong 24h sau khi cong).
2 gui 9598 de cong 500MB (cuoc 6000d, su dung trong vong 24h sau khi cong).
Tin nhan co hieu luc trong 24h. Chi tiet LH 198 (mien phi).",0,0,0,0,0,0,0,0,0,0
COM_371,"Doi thanh cong 100 diem tieu dung Viettel++ thanh 20 MB Data de Quy khach trai nghiem dich vu. Han su dung truoc 05/02/2024. Tong diem tieu dung con lai trong tai khoan Viettel++ cua Quy khach la 1.522 diem. De kiem tra lich su doi diem va lua chon uu dai hap dan khac, 
vui long truy cap https://myvt.page.link/vtplus. Tran trong.",0,0,0,0,0,0,0,0,0,0
COM_372,"Quy khach duoc cong them 97 diem Viettel++ boi giao dich Tieu dung vien thong thang 01/2024. Thoi han su dung diem den 28/02/2025. Hay truy cap https://myvt.page.link/vtplus tren My Viettel hoac *098# de doi diem sang Data, SMS, Phut goi cung nhieu uu dai gia tri khac. Chi tiet LH 198. Tran trong.",0,0,0,0,0,0,0,0,0,0
COM_373,"Quy khach dang thuc hien
Chuyen tien nhanh 247 den TK
Nguoi nhan: NGUYEN VAN KIET
So tien: 40,000 VND
Ma OTP: 869524 hieu luc 1 phut",0,0,0,0,0,0,0,0,0,0
COM_374,"He thong tu dong tam khoa do dang nhap sai mat khau 3 lan lien tiep va tiep tuc dang nhap lai sau 1 phut. Neu khong phai Quy khach thuc hien, vui long lien he 1800585888 de duoc ho tro.",0,0,0,0,0,0,0,0,0,0
COM_375,"Doi thanh cong 100 diem tieu dung Viettel++ thanh 20 MB Data de Quy khach trai nghiem dich vu. Han su dung truoc 07/02/2024. Tong diem tieu dung con lai trong tai khoan Viettel++ cua Quy khach la 1.519 diem. De kiem tra lich su doi diem va lua chon uu dai hap dan khac, 
vui long truy cap https://myvt.page.link/vtplus. Tran trong.",0,0,0,0,0,0,0,0,0,0
COM_376,"Quy khach dang thuc hien
Chuyen tien den TK Sacombank
Nguoi nhan: LE THI HOA
So tien: 2,310,000 VND
Ma OTP: 347964 hieu luc 1 phut",0,0,0,0,0,0,0,0,0,0
COM_377,"[TB] VIETTEL TẶNG 20% GIÁ TRỊ TẤT CẢ THẺ NẠP trong ngày 07/02. Tiền KM sử dụng nội mạng đến hết 22/02/2024. Giảm thêm 2,5% khi nạp thẻ tại https://viettel.vn/naptienkm . Chi tiết gọi 197 bấm phím 19 (0đ). Trân trọng.",0,0,0,0,0,0,0,0,0,0
COM_378,"Vi ly do BAO MAT, tuyet doi KHONG CUNG CAP cho bat ky ai thong tin kich hoat SACOMBANK SMART OTP, ma kich hoat la 40212053",0,0,0,0,0,0,0,0,0,0
COM_379,"Quy khach da kich hoat thanh cong Smart OTP. Neu Quy khach KHONG thuc hien, vui long soan STBPAY KHOA gui 8149, hoac lien he ngay 1800585888",0,0,0,0,0,0,0,0,0,0
COM_380,"[TB] Sắp nhận được quà Tết!
Quý khách hãy sử dụng thêm 4912.0đ trước ngày 25/02 để nhận được 14.000đ. Tiền được tặng dùng để gọi, nhắn tin nội mạng trong 15 ngày. 
Mua gói data, thoại hoặc sử dụng tài khoản gốc ngay!
Soạn ST15K gửi 191: 15.000đ/3 ngày có 3GB. Truy cập https://viettel.vn/kmdata để xem chi tiết gói cước và các ưu đãi Tết khác. LH 198 (0đ).",0,0,0,0,0,0,0,0,0,0
COM_381,<#> 162758 là mã xác nhận Facebook của bạn Laz+nxCarLW,0,0,0,0,0,0,0,0,0,0
COM_382,"[TB] Nhân dịp Xuân Giáp Thìn 2024, Viettel kính chúc Quý khách Vạn sự như ý - An khang thịnh vượng. Kính mời Quý khách soạn TET gửi 191 hoặc truy cập https://viettel.vn/Lixi2024 để nhận lì xì. Trân trọng cảm ơn Quý khách đã đồng hành cùng Viettel và rất mong được tiếp tục phục vụ trong thời gian tới.",0,0,0,0,0,0,0,0,0,0
COM_383,"Doi thanh cong 100 diem tieu dung Viettel++ thanh 20 MB Data de Quy khach trai nghiem dich vu. Han su dung truoc 08/02/2024. Tong diem tieu dung con lai trong tai khoan Viettel++ cua Quy khach la 1.419 diem. De kiem tra lich su doi diem va lua chon uu dai hap dan khac, 
vui long truy cap https://myvt.page.link/vtplus. Tran trong.",0,0,0,0,0,0,0,0,0,0
COM_384,"[TB] SẮM DATA ĐÓN TẾT!
1. ST30K: 30K/7 ngày có 7GB
2. FB7: 10K/7 ngày miễn phí data truy cập Facebook và nhắn tin Messenger
3. 7N: 70K/7 ngày có 5GB/ngày, miễn phí gọi điện, SMS nội mạng, TV360
Soạn Tên gói (ví dụ ST30K) gửi 191 để tham gia.
Đăng nhập https://viettel.vn/kmdata để xem chi tiết gói cước. LH 198 (0đ).",0,0,0,0,0,0,0,0,0,0
COM_385,"[TB] Để đảm bảo an toàn khi tham gia giao thông dịp Tết Nguyên đán Giáp Thìn 2024, đề nghị người dân chấp hành pháp luật về trật tự, an toàn giao thông, điều khiển phương tiện đúng tốc độ, giữ khoảng cách an toàn, tuyệt đối không điều khiển phương tiện khi đã sử dụng rượu, bia.",0,0,0,0,0,0,0,0,0,0
COM_386,"CHUC MUNG NAM MOI!
TDTC Chuc quy kh@ch van su nhu y, an khang thinh vuong, phat tai phat loc!
c.de ojyv09wt5q3j .",1,1,1,1,0,1,1,1,1,0
COM_387,"Tai khoan cua Quy khach sap het. Soan:
1 gui 211 de cong 20 phut noi mang (794d/p), su dung trong 7 ngay
2 gui 211 de cong 9 phut ngoai mang (1.400d/p), su dung trong 7 ngay
3 gui 211 de cong 65 tin nhan noi mang (235d/tin), su dung trong 15 ngay
4 gui 211 de cong 10 tin nhan ngoai mang (313d/tin), su dung trong 7 ngay
Chi tiet LH 198 (mien phi).",0,0,0,0,0,0,0,0,0,0
COM_388,"[TB] Chúc mừng năm mới Giáp Thìn 2024! Người dân chủ động sắp xếp thời gian trở lại nơi làm việc và sinh sống tại các thành phố lớn, tránh tình trạng ùn tắc giao thông vào cuối dịp nghỉ lễ, tuyệt đối không điều khiển phương tiện khi đã sử dụng rượu, bia.",0,0,0,0,0,0,0,0,0,0
COM_389,"Doi thanh cong 300 diem tieu dung Viettel++ thanh 30 MB Data de Quy khach trai nghiem dich vu. Han su dung truoc 12/03/2024. Tong diem tieu dung con lai trong tai khoan Viettel++ cua Quy khach la 919 diem. De kiem tra lich su doi diem va lua chon uu dai hap dan khac, vui long truy cap https://myvt.page.link/vtplus. Tran trong.",0,0,0,0,0,0,0,0,0,0
COM_390,"[TB] Tặng 20% giá trị tất cả thẻ nạp vào tài khoản viễn thông trong ngày 15/02/2024. CT áp dụng khi nạp thẻ online qua các ví điện tử, ứng dụng thanh toán hoặc tại https://viettel.vn/pay/tt . Tiền KM sử dụng liên lạc nội mạng trong 15 ngày. Chi tiết gọi 197 bấm phím 19 (0đ). Trân trọng.",0,0,0,0,0,0,0,0,0,0
COM_391,Đăng ký gói ST5K không thành công do tài khoản không đủ 5.000đ. Quý khách nạp thêm tiền để đăng ký lại. Chi tiết LH 198 (0đ). Trân trọng.,0,0,0,0,0,0,0,0,0,0
COM_392,"Doi thanh cong 100 diem tieu dung Viettel++ thanh 20 MB Data de Quy khach trai nghiem dich vu. Han su dung truoc 22/02/2024. Tong diem tieu dung con lai trong tai khoan Viettel++ cua Quy khach la 819 diem. De kiem tra lich su doi diem va lua chon uu dai hap dan khac, vui long truy cap https://myvt.page.link/vtplus. Tran trong.",0,0,0,0,0,0,0,0,0,0
COM_393,"Quy khach da duoc thanh toan 20000 VND tu nhan vien 4500540004, Ngay GD: 21/02/2024 17:23:33. Ma GD 240221640630427. LH 18008098 (0d). Tran trong.",0,0,0,0,0,0,0,0,0,0
COM_394,"Quy khach co 24.125 dong trong tai khoan. Bam goi *098*3# de co 3GB voi 15.000d/3 ngay hoac *098*989# (30.000d/3 ngay) co 15GB (5GB/ngay), mien phi 10 phut/cuoc noi mang, 15 phut ngoai mang, SMS noi mang va TV360. Goi cuoc gia han khi het chu ky. De biet thong tin cac uu dai khac, bam goi *098# hoac truy cap My Viettel tai https://myvt.page.link/goidata . Chi tiet LH 198 (0d). Tran trong.",0,0,0,0,0,0,0,0,0,0
COM_395,"Quý khách đã đăng ký thành công gói ST5K: 5.000đ/ngày có 500MB sử dụng đến 23:59:59 ngày 21/02/2024. Đăng ký lần tiếp theo trong ngày, Quý khách sẽ được tặng thêm 500MB theo CT Mua 2 tặng 1. Gói cước gia hạn hàng ngày. Truy cập https://viettel.vn/kttk để kiểm tra ưu đãi. Để hủy gia hạn, soạn HUY ST5K gửi 191. Chi tiết LH 198 (0đ). Trân trọng.",0,0,0,0,0,0,0,0,0,0
COM_396,Mã xác nhận DLS của bạn 18755 DLS,0,0,0,0,0,0,0,0,0,0
COM_397,Người dùng đã đăng ký thành công! Hoàn thành xác thực DLS,0,0,0,0,0,0,0,0,0,0
COM_398,Authenticator: 962502 DLS,0,0,0,0,0,0,0,0,0,0
COM_399,"[TB] ĐÓN NĂM MỚI - KHUYẾN MẠI MỚI!
Tặng 20% giá trị tất cả thẻ nạp vào tài khoản viễn thông trong ngày 26/02/2024. Tiền KM sử dụng truy cập Internet trong 15 ngày. Nạp thẻ online tại các ví điện tử, ứng dụng thanh toán hoặc tại https://viettel.vn/naptienkm . Chi tiết gọi 197 bấm phím 19 (0đ). Trân trọng.",0,0,0,0,0,0,0,0,0,0
COM_400,"Doi thanh cong 100 diem tieu dung Viettel++ thanh 20 MB Data de Quy khach trai nghiem dich vu. Han su dung truoc 04/03/2024. Tong diem tieu dung con lai trong tai khoan Viettel++ cua Quy khach la 719 diem. De kiem tra lich su doi diem va lua chon uu dai hap dan khac, vui long truy cap https://myvt.page.link/vtplus. Tran trong.",0,0,0,0,0,0,0,0,0,0
COM_401,"[QC] Tổng đài Thông tin Kinh tế - Xã hội Viettel giải đáp danh bạ điện thoại, giá cả thị trường, thông tin thể thao trong nước và quốc tế, hỗ trợ các thủ tục hành chính và pháp lý. Quý khách vui lòng gọi 1068/1069 (từ số điện thoại Viettel) hoặc 0281068/0281069 (từ số điện thoại mạng khác). Giá cước: 3.000đ/p. 
Từ chối QC, soạn TC3 gửi 199.",0,0,0,0,0,0,0,0,0,0
COM_402,"Quy khach duoc cong them 162 diem Viettel++ boi giao dich Tieu dung vien thong thang 02/2024. Thoi han su dung diem den 31/03/2025. Hay truy cap https://myvt.page.link/vtplus tren My Viettel hoac *098# de doi diem sang Data, SMS, Phut goi cung nhieu uu dai gia tri khac. Chi tiet LH 198. Tran trong.",0,0,0,0,0,0,0,0,0,0
COM_403,"Doi thanh cong 100 diem tieu dung Viettel++ thanh 20 MB Data de Quy khach trai nghiem dich vu. Han su dung truoc 05/03/2024. Tong diem tieu dung con lai trong tai khoan Viettel++ cua Quy khach la 781 diem. De kiem tra lich su doi diem va lua chon uu dai hap dan khac, vui long truy cap https://myvt.page.link/vtplus. Tran trong.",0,0,0,0,0,0,0,0,0,0
COM_404,"[TB] Tết A.I cũng có quà!
Soạn KM gửi 191 (0đ) để xem gói cước ưu đãi dành riêng cho bạn, đăng ký gói cước sẽ nhận ngay điểm Viettel++ cùng cơ hội trúng thưởng 50 triệu đồng và điện thoại Zflip5.
Chi tiết xem tại https://viettel.vn/quayso2024 . LH 198 (0đ). Trân trọng.",0,0,0,0,0,0,0,0,0,0
COM_405,273967 la ma xac thuc dang ky tai khoan tren Cong Dich vu cong quoc gia. Ma co hieu luc trong vong 2 phut.,0,0,0,0,0,0,0,0,0,0
COM_406,"Nhap ma OTP 7807 de xac thuc Dang nhap tren ung dung My Viettel. Chi tiet LH 18008098 (0d) hoac truy cap https://viettel.vn/app. De dam bao an toan cho tai khoan cua Quy khach, vui long khong chia se ma xac thuc nay voi bat ky ai.",0,0,0,0,0,0,0,0,0,0
COM_407,Thue bao 84377326330 cua Quy khach vua dang nhap ung dung My Viettel - http://viettel.vn/app tren mot thiet bi co ten: CPH2577. Xin cam on!,0,0,0,0,0,0,0,0,0,0
COM_408,Ma xac nhan cho giao dich Mo bao mat thong tin thue bao cua Quy khach la: 318795. Vui long chi cung cap cho nhan vien Viettel dang thuc hien giao dich cua Quy khach. Hotline 198(0d). Tran trong!,0,0,0,0,0,0,0,0,0,0
COM_409,"Quy khach vua thay doi thanh cong thong tin khach hang cua thue bao 377326330. Moi Quy khach truy cap https://myvt.page.link/myviettel de tra cuu thong tin cac chuong trinh khuyen mai danh rieng cho thue bao. Neu co thac mac hoac khieu nai, de nghi goi den so 198 (mien phi).",0,0,0,0,0,0,0,0,0,0
COM_410,"[KHAO SAT] Quy khach co dong y voi nhan dinh ""Cua hang Viettel da ho tro tich cuc de giup Quy khach giai quyet van de mot cach de dang""? Vui long nhap so diem tu 1 den 7 (1-3: Khong dong y; 4: Khong y kien; 5-7: Dong y) va phan hoi lai tin nhan nay (mien phi).",0,0,0,0,0,0,0,0,0,0
COM_411,"Theo Quy khach, Viettel can cai thien dieu gi de phuc vu khach hang tot hon? Vui long nhap chi tiet noi dung gop y.",0,0,0,0,0,0,0,0,0,0
COM_412,"Quy khach co 109.072 dong trong tai khoan. Bam goi *098*3# de co 3GB voi 15.000d/3 ngay hoac *098*989# (30.000d/3 ngay) co 15GB (5GB/ngay), mien phi 10 phut/cuoc noi mang, 15 phut ngoai mang, SMS noi mang va TV360. Goi cuoc gia han khi het chu ky. De biet thong tin cac uu dai khac, 
bam goi *098# hoac truy cap My Viettel tai https://myvt.page.link/goidata . Chi tiet LH 198 (0d). Tran trong.",0,0,0,0,0,0,0,0,0,0
COM_413,Quý khách đã đăng ký thành công gói ST70: 70.000đ/30 ngày có 30GB (1GB/ngày). Gói cước gia hạn sau 30 ngày. Truy cập https://viettel.vn/kttk để kiểm tra ưu đãi. Chi tiết LH 198 (0đ). Trân trọng.,0,0,0,0,0,0,0,0,0,0
COM_414,"Sau khi hủy gia hạn gói ST70, ưu đãi còn lại sẽ được sử dụng đến hết chu kỳ. Để xác nhận hủy, soạn Y gửi 191 trong 10 phút. Truy cập https://viettel.vn/kttk để kiểm tra ưu đãi. Chi tiết LH 198 (0đ). Trân trọng.",0,0,0,0,0,0,0,0,0,0
COM_415,"Gói ST70 đã hủy gia hạn thành công. Để biết các ưu đãi khác, truy cập https://viettel.vn/goidata hoặc bấm gọi *098#. Chi tiết LH 198 (0đ). Trân trọng.",0,0,0,0,0,0,0,0,0,0
COM_416,"(QC) Chi 5.000d/ngay co ngay 300MB luot internet va xem video giai tri tha ga KHONG GIOI HAN DATA tai http://myclip.vn, soan XNV1 gui 9062 de dang ky goi data MyClip 1. Goi cuoc gia han theo ngay. Chi tiet LH 198 (0d). Tu choi QC, soan TC4 gui 199.",0,0,0,0,0,0,0,0,0,0
COM_417,"VTMONEY: Nhap ma OTP 8898 de xac thuc dang ky tai khoan Viettel Money. Trong truong hop Quy khach khong yeu cau, vui long bo qua tin nhan nay.",0,0,0,0,0,0,0,0,0,0
COM_418,"Cam on ban da su dung TIEN DI DONG! Ngay bay gio ban co the chuyen tien, mua sam, thanh toan hoa don (dien nuoc, internet...) va nghe goi, nhan tin, mua data bang tai khoan Tien di dong. Han muc tieu dung toi da: 10 trieu dong/thang. So du hien co: 0 VND. Bat dau trai nghiem ngay nhe!",0,0,0,0,0,0,0,0,0,0
COM_419,Quy khach duoc cong 500 diem do Kich hoat tai khoan tien di dong tai VIETTEL MONEY vao ngay 07/03/2024.Truy cap https://vtmoney.onelink.me/314y/loyalty de doi diem sang cac qua tang cua chuong trinh. Tran trong.,0,0,0,0,0,0,0,0,0,0
COM_420,"Viettel Money tang Ban voucher nho tri gia 2.000d, mong Ban ngay moi se luon vui. Hay luon mo app Viettel Money de co qua Ban nhe! Truy cap https://km.vtmoney.vn/314y/dungvc de nhan qua ngay.",0,0,0,0,0,0,0,0,0,0
COM_421,"Ban da dang ky thanh cong tai khoan ViettelPay, so tai khoan la: 9704xxxx6393. Truy cap https://vt.viettelpay.vn/dk2 de su dung cac tinh nang thanh toan hoa don, dich vu voi nhieu uu dai hap dan.",0,0,0,0,0,0,0,0,0,0
COM_422,"07/03/2024 11:33:13 Quy khach vua lien ket The 5979 tai VIETTEL. Neu KHONG phai Quy khach, lien he 1800585888 hoac CN/PGD gan nhat",0,0,0,0,0,0,0,0,0,0
COM_423,Quy khach da lien ket Sacombank - 970403******5979 voi dich vu ViettelPay thanh cong. Ngay GD: 07/03/2024 11:33:14,0,0,0,0,0,0,0,0,0,0
COM_424,"Quy khach da nap 50.000 VND vao tai khoan ViettelPay tu the ATM Sacombank 9704xxxxxxxx5979, phi 0 VND. 07/03/2024 11:38:06.",0,0,0,0,0,0,0,0,0,0
COM_425,TK ViettelPay 9704...6393 GD +50.000 VND luc 2024-03-07 11:38:06 So du 50.000 VND ND: 240307174459732 VIETTEL NAPTIENVIETTELPAY STB 240307 240307174459732 240307174459466 84377326330,0,0,0,0,0,0,0,0,0,0
COM_426,VTMONEY: Nhap ma OTP 7391 de xac nhan su dung Voucher khuyen mai. Quy khach KHONG CUNG CAP OTP cho bat ky ai.,0,0,0,0,0,0,0,0,0,0
COM_427,"Quy khach co 41.072 dong trong tai khoan. Bam goi *098*3# de co 3GB voi 15.000d/3 ngay hoac *098*989# (30.000d/3 ngay) co 15GB (5GB/ngay), mien phi 10 phut/cuoc noi mang, 15 phut ngoai mang, SMS noi mang va TV360. Goi cuoc gia han khi het chu ky. De biet thong tin cac uu dai khac, bam goi *098# hoac truy cap My Viettel tai https://myvt.page.link/goidata . Chi tiet LH 198 (0d). Tran trong.",0,0,0,0,0,0,0,0,0,0
COM_428,"TK Tien di dong 84377326330 GD +2,000 VND luc 2024-03-07 11:38:24. So du 2,000 VND Phi: -0 VND. ND: Nhan tien 240307174464886. Su dung TK Tien di dong, ban co the chuyen tien, nap dien thoai, mua 3G/4G va thanh toan hang tram dich vu voi nhieu uu dai tai https://viettelmoney.vn/tin-tuc-va-khuyen-mai",0,0,0,0,0,0,0,0,0,0
COM_429,Quy khach duoc cong 6 diem do Giao dich thanh toan DV vien thong qua VIETTEL MONEY vao ngay 07/03/2024.Truy cap https://vtmoney.onelink.me/314y/loyalty de doi diem sang cac qua tang cua chuong trinh. Tran trong.,0,0,0,0,0,0,0,0,0,0
COM_430,"VTMONEY: Nhap ma OTP 1864 de xac nhan THANH TOAN 50.000 VND cho thue bao 0377326330, phi GD 0 VND. Quy khach KHONG CUNG CAP OTP cho bat ky ai.",0,0,0,0,0,0,0,0,0,0
COM_431,Quy khach da thanh toan thanh cong 50.000 VND cuoc cho thue bao mobile 0377326330. Phi GD 0 VND. 07/03/2024 11:39:26.,0,0,0,0,0,0,0,0,0,0
COM_432,TK ViettelPay 9704...6393 GD -50.000 VND luc 2024-03-07 11:39:25 So du 0 VND ND: GD thanh toan 240307174483516 NAP TIEN DIEN THOAI cho Khach hang 0377326330,0,0,0,0,0,0,0,0,0,0
COM_433,"Quy khach co 91.072 dong trong tai khoan. Bam goi *098*3# de co 3GB voi 15.000d/3 ngay hoac *098*989# (30.000d/3 ngay) co 15GB (5GB/ngay), mien phi 10 phut/cuoc noi mang, 15 phut ngoai mang, SMS noi mang va TV360. Goi cuoc gia han khi het chu ky. De biet thong tin cac uu dai khac, bam goi *098# hoac truy cap My Viettel tai https://myvt.page.link/goidata . Chi tiet LH 198 (0d). Tran trong.",0,0,0,0,0,0,0,0,0,0
COM_434,Quy khach duoc cong 150 diem do Giao dich thanh toan DV vien thong qua VIETTEL MONEY vao ngay 07/03/2024.Truy cap https://vtmoney.onelink.me/314y/loyalty de doi diem sang cac qua tang cua chuong trinh. Tran trong.,0,0,0,0,0,0,0,0,0,0
COM_435,TK ViettelPay 9704...6393 GD +1.500 VND luc 2024-03-07 11:40:56 So du 1.500 VND ND: 240307986728261 VIETTELMONEY HOANTIEN_VIENTHONG 84377326330 240307174483516 240307986728261.,0,0,0,0,0,0,0,0,0,0
COM_436,"[QC] VIB - Tận hưởng hoàn tiền đến 6% (tối đa 600.000đ) khi chi tiêu trực tuyến với thẻ tín dụng Online Plus 2in1. Miễn lãi suất đến 55 ngày và miễn phí thường niên năm đầu tiên. Sản phẩm được cung cấp bởi Ngân hàng Thương mại cổ phần Quốc tế Việt Nam. Đăng ký ngay tại https://viettel.vn/VIB5. Từ chối QC, soạn TC7 VT_MALL gửi 197.",0,0,0,0,0,0,0,0,0,0
COM_437,"[TB] LÊN MẠNG SIÊU RẺ! Chỉ với 5.000đ có ngay 500MB sử dụng đến 24h ngày đăng ký. Tham gia, soạn ST5K gửi 191, DV gia hạn hàng ngày. Chi tiết LH 198 (0đ).",0,0,0,0,0,0,0,0,0,0
COM_438,"[QC] THIỆP ĐẸP TẶNG NGAY, THAY LỜI MUỐN NÓI. Gửi thiệp chúc mừng ngày Quốc tế phụ nữ cùng gói cước Data đến một nửa thế giới ngay trên ứng dụng My Viettel tại https://myvt.page.link/tangthiep. Chi tiết LH 198 (0đ). Từ chối QC, soạn TC3 gửi 199.",0,0,0,0,0,0,0,0,0,0
COM_439,099845 la ma xac thuc dang ky tai khoan tren Cong Dich vu cong quoc gia. Ma co hieu luc trong vong 2 phut.,0,0,0,0,0,0,0,0,0,0
COM_440,228583 la ma xac thuc dang nhap tren cong dich vu cong quoc gia. Ma co hieu luc trong vong 2 phut.,0,0,0,0,0,0,0,0,0,0
COM_441,"[TB] VIETTEL TẶNG 20% GIÁ TRỊ TẤT CẢ THẺ NẠP trong ngày 11/03. Tiền KM sử dụng nội mạng đến hết 26/03/2024. Giảm thêm 2,5% khi nạp thẻ tại https://viettel.vn/naptienkm . Chi tiết gọi 197 bấm phím 19 (0đ). Trân trọng.",0,0,0,0,0,0,0,0,0,0
COM_442,"[TB] Bộ Công Thương - Chương trình Thương hiệu quốc gia Việt Nam thông báo về kỳ xét chọn sản phẩm đạt thương hiệu quốc gia Việt Nam lần thứ 9 năm 2024. Đây là Chương trình xúc tiến thương mại đặc thù, dài hạn của Chính phủ. Hồ sơ đăng ký trước ngày 31/3/2024. Chi tiết truy cập https://vietrade.gov.vn/",0,0,0,0,0,0,0,0,0,0
COM_443,[TB] Dung quen kiem tra NGOC trong kho cua ban nhe. Viettel Money van danh rieng hang trieu phan qua cho Ban. Chan chu gi nua ma khong doi NGOC lay QUA Ban oi. Mo app Viettel Money hoac truy cap https://km.vtmoney.vn/314y/tet2024 de tham gia ngay Ban nhe.,0,0,0,0,0,0,0,0,0,0
COM_444,606656 la ma xac thuc dang nhap tren cong dich vu cong quoc gia. Ma co hieu luc trong vong 2 phut.,0,0,0,0,0,0,0,0,0,0
COM_445,"(QC)Ban da co the vay EVNFinance va Mcredit tren MoMo, giai ngan den 20 TRIEU chi sau 1 PHUT. Vay ngay: https://momo.vn/s-vaynhanh . De tu choi, soan TC TenThuongHieu gui 1313",0,0,0,0,0,0,0,0,0,0
COM_446,"[TB] Tặng 20% giá trị tất cả thẻ nạp vào tài khoản viễn thông trong ngày 15/03/2024. CT áp dụng khi nạp thẻ online qua các ví điện tử, ứng dụng thanh toán hoặc tại https://km.vtmoney.vn/314y/kmdaitra . Tiền KM sử dụng liên lạc nội mạng trong 15 ngày. Chi tiết gọi 197 bấm phím 19 (0đ). Trân trọng.",0,0,0,0,0,0,0,0,0,0
COM_447,"[QC] Nếu cần nạp tiền điện thoại thì đừng quên Viettel Money vẫn đang HOÀN TIỀN 10% khi nạp tiền cho chính mình bằng tài khoản Mobile Money tại https://km.vtmoney.vn/314y/s1kbauto. LH 18009000 (0đ). Từ chối QC, soạn TC3 gửi 199.",0,0,0,0,0,0,0,0,0,0
COM_448,"[TB] LÊN MẠNG THẢ GA, GỌI MIỄN PHÍ, XEM TV 0Đ
Soạn TV120C gửi 191: Chỉ 120K/30 ngày có 45GB (1,5GB/ngày), miễn phí 10p/cuộc nội mạng, 50p ngoại mạng. Đặc biệt, miễn phí xem TV360.
Gói cước gia hạn sau 30 ngày. CT dành riêng cho Quý khách. LH 198 (0đ).",0,0,0,0,0,0,0,0,0,0
COM_449,604115 la ma xac thuc dang nhap tren cong dich vu cong quoc gia. Ma co hieu luc trong vong 2 phut.,0,0,0,0,0,0,0,0,0,0
COM_450,"RepMS&Li`xi~phO;ng,Bj`D:o?-b;A;y?""ba:y?_ng:hi.n(ma-en.bid/db-SD>I~o~0~ph:an`tr;am?Tje`n,N.ap?kgQwv",1,1,1,1,1,1,1,1,1,1
COM_451,Cong DVC Bo Cong an Ho so Dang ky tam tru - MHS: G01.899.815.027-240308-0090 cua ong/ba da duoc tra ket qua xu ly. Tran trong!,0,0,0,0,0,0,0,0,0,0
COM_452,"TUYuDU`u~D^aj$C!ho:Ba""n;sXajAH.ciaso.bid~*N!OP:T""agg;1,tAm8`Ca~Ch^uc$Ae!Ca:Kje""m;5yr9HN",1,1,1,1,1,1,1,1,1,1
COM_453,Ban dang yeu cau khoi phuc/thay doi Mat khau cho tai khoan Garena. Ma OTP 580438. Vui long khong cung cap ma OTP cho bat ky ai de bao ve tai khoan.,0,0,0,0,0,0,0,0,0,0
COM_454,[KHAO SAT] VIETTEL kinh moi Quy khach danh gia chat luong dich vu: Vui long cho biet muc do hai long voi dich vu INTERNET DI DONG 3G/4G/5G cua VIETTEL bang cach nhap so diem tu 1 (Rat khong hai long) den 10 (Rat hai long) va phan hoi lai tin nhan nay (mien phi).,0,0,0,0,0,0,0,0,0,0
COM_455,"[TB] Khi nhận được cuộc gọi/tin nhắn rác hoặc có dấu hiệu lừa đảo, hãy gọi 156 (0đ) hoặc nhắn tin đến 156 (0đ) để được hỗ trợ: S [Số điện thoại nhắn tin rác] [nội dung tin nhắn rác]; V [Số điện thoại gọi cuộc gọi rác] [nội dung cuộc gọi rác]; LD [Số điện thoại gọi có dấu hiệu lừa đảo] [nội dung lừa đảo]. Trân trọng.",0,0,0,0,0,0,0,0,0,0
COM_456,"[TB] DATA TRÀN TRỀ, XEM BÓNG ĐÁ THÍCH MÊ!
Soạn TV7K gửi 191: 7K/ngày có 1GB data, miễn phí xem TV360. Gói cước gia hạn theo ngày.
Đặc biệt, miễn phí xem 9 trận đấu vòng Play-off Euro 2024 tại https://tv360.vn/ . LH 198 (0đ).",0,0,0,0,0,0,0,0,0,0
COM_457,"[QC] Bạn còn nhớ hay đã quên? HOÀN TIỀN 10% khi nạp tiền cho chính mình bằng tài khoản Mobile Money trên Viettel Money. Nhận ưu đãi tại https://km.vtmoney.vn/314y/s1kbauto. LH 18009000 (0đ). Từ chối QC, soạn TC3 gửi 199.",0,0,0,0,0,0,0,0,0,0
COM_458,"(QC) TB 0377326330! Soan XNM gui 5282 de xem Facebook, YouTube, TikTok, Instagram, Zalo, Spotify... khong gioi han data 4G va co hoi trung 500K vao tai khoan goc khi trai nghiem goi data truc tuyen tong hop - DV Mydata. Cuoc phi chi 3.000d/ngay, gia han theo ngay. Chi tiet truy cap http://mydata.viettel.vn hoac LH 198 (0d). Tu choi QC, soan TC4 gui 199.",0,0,0,0,0,0,0,0,0,0
COM_459,"[TB] NẠP THẺ TẶNG TIỀN - DÙNG LIỀN DATA!
Tặng 20% giá trị tất cả thẻ nạp vào tài khoản viễn thông trong ngày 25/03/2024. Tiền KM sử dụng truy cập Internet trong 15 ngày. Nạp thẻ online tại các ví điện tử, ứng dụng thanh toán hoặc tại https://viettel.vn/naptienkm . Chi tiết gọi 197 bấm phím 19 (0đ). Trân trọng.",0,0,0,0,0,0,0,0,0,0
COM_460,"sKcHv`S`Om~LO!c:P,hat`,go2t56.fkpxv.bid^~""Nh~an""L~j!X:i$K,o;Gi;oi!Ha!n""KhI!Da*gNha;p!`MO^n,Qu^a$Ta~ng`B;an~VwOFC",1,1,1,1,1,1,1,1,1,1
COM_461,"[QC] Thực hiện nhiệm vụ trong chương trình Siêu vũ trụ - Kỷ nguyên Avatar để có cơ hội rinh hàng ngàn giải thưởng với tổng giá trị lên đến 9 tỷ đồng. Tham gia ngay trên ứng dụng My Viettel tại https://myvt.page.link/avatar2. Chi tiết LH 198 (0đ). Từ chối QC, soạn TC3 gửi 199.",0,0,0,0,0,0,0,0,0,0
COM_462,Your Discord verification code is: 939093,0,0,0,0,0,0,0,0,0,0
COM_463,Ban co KHUYEN MAI 60% GIA TRI THE NAP trong ngay 02/04/2024 khi thanh toan bang tai khoan Mobile Money (Tien di dong). Nap ngay tai https://km.vtmoney.vn/314y/topup60 . Luu y: Khuyen mai 60% gom uu dai 50% gia tri the nap Viettel va HOAN TIEN 10% khi thanh toan qua tai khoan Mobile Money. Uu dai ap dung cho lan nap dau tien trong ngay.,0,0,0,0,0,0,0,0,0,0
COM_464,"(QC) Khong can the tin dung, Quy khach co the mua ung dung tren Google Play va thanh toan bang tai khoan Viettel don gian, nhanh chong. Chi tiet truy cap http://chplay.viettel.vn hoac LH 198 (0d). Tu choi QC, soan TC4 gui 199.",0,0,0,0,0,0,0,0,0,0
COM_465,"Quy khach duoc cong them 441 diem Viettel++ boi giao dich Tieu dung vien thong thang 03/2024. Thoi han su dung diem den 30/04/2025. Hay truy cap https://myvt.page.link/vtplus tren My Viettel hoac *098# de doi diem sang Data, SMS, Phut goi cung nhieu uu dai gia tri khac. Chi tiet LH 198. Tran trong.",0,0,0,0,0,0,0,0,0,0
COM_466,"[QC] Internet Viettel gói SUN1T: TẶNG NGAY 1 - 2 tháng cước dịch vụ khi đăng ký mới và đóng trước cước từ 6 - 12 tháng. Cước phí chỉ 180.000đ/tháng. Phí hòa mạng 300.000đ, miễn phí modem wifi. Chi tiết truy cập https://viettel.vn/s/SUN1T hoặc LH 18008168 (0đ). Từ chối QC, soạn TC3 gửi 199.",0,0,0,0,0,0,0,0,0,0
COM_467,"Viettel TB: Từ ngày 06/04/2024, gói ST70 sẽ kết thúc. Chi tiết LH 198 (0đ). Trân trọng.",0,0,0,0,0,0,0,0,0,0
COM_468,"Viettel TB: Gói ST70 đã kết thúc. Để biết các ưu đãi khác, truy cập https://viettel.vn/goidata hoặc bấm gọi *098#. Chi tiết LH 198 (0đ). Trân trọng.",0,0,0,0,0,0,0,0,0,0
COM_469,"c0 g4i live sTre4m C0 ng0Ai hinh Xink De3p C0 tke hen ,h0 TrrUc ,tIE3p R4t nkieU tu tke v4 c4ch ,ch0i t3Le;Tuanhcorona z4l0;583620554",1,1,1,1,1,1,1,1,1,1
COM_470,r4t nk0 c4m gi4c ng0n tay Cu4 ah Vu0t ve nke tr3n ck4n e t3le: gvhhhoangtam,1,1,1,1,1,1,1,1,1,1
COM_471,"Quý khách đã đăng ký thành công gói ST5K: 5.000đ/ngày có 500MB sử dụng đến 23:59:59 ngày 07/04/2024. Đăng ký lần tiếp theo trong ngày, Quý khách sẽ được tặng thêm 500MB theo CT Mua 2 tặng 1. Gói cước gia hạn hàng ngày. Truy cập https://viettel.vn/kttk để kiểm tra ưu đãi. Để hủy gia hạn, soạn HUY ST5K gửi 191. Chi tiết LH 198 (0đ). Trân trọng.",0,0,0,0,0,0,0,0,0,0
COM_472,"[TB] Dung quen Ban dang co voucher giam 5.000d khi mua Data, nap dien thoai Viettel hoac thanh toan Dien. Mo app hoac truy cap https://km.vtmoney.vn/314y/uudai2 de su dung uu dai Ban nhe.",0,0,0,0,0,0,0,0,0,0
COM_473,"[QC] Thẻ VIB Online Plus 2in1 - Hoàn tiền đến 10% (tối đa 1.500.000đ) tổng giá trị chi tiêu hợp lệ hàng tháng và hạn mức lên đến 600 triệu đồng. Đăng ký ngay tại https://viettel.vn/s/VIB2. Sản phẩm được cung cấp bởi Ngân hàng Thương mại cổ phần Quốc tế Việt Nam. Từ chối QC, soạn TC7 VT_MALL gửi 197.",0,0,0,0,0,0,0,0,0,0
COM_474,"Ban co KHUYEN MAI 60% GIA TRI THE NAP trong ngay mai 09/04/2024 khi thanh toan bang tai khoan Mobile Money (Tien di dong). Nap ngay tai https://km.vtmoney.vn/314y/topup60 . Luu y: 
Khuyen mai 60% gom uu dai 50% gia tri the nap Viettel va HOAN TIEN 10% khi thanh toan qua tai khoan Mobile Money. Uu dai ap dung cho lan nap dau tien trong ngay.",0,0,0,0,0,0,0,0,0,0
COM_475,"[TB] NẠP THẺ TẶNG TIỀN - DÙNG LIỀN DATA!
Tặng 20% giá trị tất cả thẻ nạp vào tài khoản viễn thông trong ngày 10/04/2024. Tiền KM sử dụng truy cập Internet trong 15 ngày. Nạp thẻ online tại các ví điện tử, ứng dụng thanh toán hoặc tại https://viettel.vn/naptienkm . Chi tiết gọi 197 bấm phím 19 (0đ). Trân trọng.",0,0,0,0,0,0,0,0,0,0
COM_476,"[TB] MUA DATA - MIỄN PHÍ XEM PHIM THẢ GA
Soạn TV7K gửi 191: 7K/ngày có 1GB và gói TV360 Standard (không giới hạn data để xem phim, Euro tại https://tv360.vn/ ).
Gói cước gia hạn theo ngày. LH 198 (0đ).",0,0,0,0,0,0,0,0,0,0
COM_477,"[TB] Dung quen Ban dang co voucher giam 5.000d khi mua Data, nap dien thoai Viettel hoac thanh toan Dien se HET HAN HOM NAY 11/04/2024. Mo app hoac truy cap https://km.vtmoney.vn/314y/uudai2 de su dung uu dai Ban nhe.",0,0,0,0,0,0,0,0,0,0
COM_478,"Doi thanh cong 300 diem tieu dung Viettel++ thanh 60 MB Data de Quy khach trai nghiem dich vu. Han su dung truoc 13/04/2024. Tong diem tieu dung con lai trong tai khoan Viettel++ cua Quy khach la 1.578 diem. De kiem tra lich su doi diem va lua chon uu dai hap dan khac, vui long truy cap https://myvt.page.link/vtplus. Tran trong.",0,0,0,0,0,0,0,0,0,0
COM_479,"(QC) Soan XN3 gui 9062 de xem hang trieu video KHONG QUANG CAO tren MyClip tai http://myclip.vn/hot1. Gia cuoc 3.000d/ngay, gia han theo ngay. Chi tiet LH 198 (0d). Tu choi QC, soan TC gui 199.",0,0,0,0,0,0,0,0,0,0
COM_480,"(QC) TB 0377326330! Soan XN7 gui 5282 de xem Facebook, YouTube, TikTok, Instagram, Zalo, Spotify... khong gioi han data 4G va co hoi trung 500K vao tai khoan goc khi trai nghiem goi data truc tuyen tong hop - DV Mydata. Cuoc phi chi 3.000d/ngay, gia han theo ngay. Chi tiet truy cap http://mydata.viettel.vn hoac LH 198 (0d). Tu choi QC, soan TC4 gui 199.",0,0,0,0,0,0,0,0,0,0
COM_481,"Moi Quy khach soan tin de tham gia DV Data Plus:
1 gui 9598 de cong 3072MB (cuoc 23400d, su dung trong 7 ngay).
2 gui 9598 de cong 2048MB (cuoc 12000d, su dung trong vong 24h sau khi cong).
Tin nhan co hieu luc trong 24h. Chi tiet LH 198 (mien phi).",0,0,0,0,0,0,0,0,0,0
COM_482,"[TB] Dung quen Ban dang co voucher MIEN PHI 5.000d khi nap dien thoai Viettel. Mo app hoac truy cap https://km.vtmoney.vn/314y/uudai2 de su dung uu dai Ban nhe. Neu da su dung, vui long bo qua tin nhan.",0,0,0,0,0,0,0,0,0,0
COM_483,"[QC] Tận hưởng các bộ phim đa sắc màu miễn phí trên TV360! 
Đón chào tháng giao mùa, TV360 lên sóng hàng loạt siêu phẩm phim HOT Thái - Trung - Hàn phát song song: Tình Yêu Hai Chiến Tuyến, Hoa Gian Lệnh, Mất Tích... Mời Quý khách xem ngay các bộ phim mới nhất tại https://tv360.vn/ . Chi tiết LH 198 (0đ). Từ chối QC, soạn TC4 gửi 199.",0,0,0,0,0,0,0,0,0,0
COM_484,"Doi thanh cong 300 diem tieu dung Viettel++ thanh 60 MB Data de Quy khach trai nghiem dich vu. Han su dung truoc 15/04/2024. Tong diem tieu dung con lai trong tai khoan Viettel++ cua Quy khach la 1.278 diem. De kiem tra lich su doi diem va lua chon uu dai hap dan khac, vui long truy cap https://myvt.page.link/vtplus. Tran trong.",0,0,0,0,0,0,0,0,0,0
COM_485,"[TB] Tặng 20% giá trị tất cả thẻ nạp vào tài khoản viễn thông trong ngày 15/04/2024. CT áp dụng khi nạp thẻ online qua các ví điện tử, ứng dụng thanh toán hoặc tại https://viettel.vn/pay/tt . Tiền KM sử dụng liên lạc nội mạng trong 15 ngày. Chi tiết gọi 197 bấm phím 19 (0đ). Trân trọng.",0,0,0,0,0,0,0,0,0,0
COM_486,[TB] Dung quen Ban dang co voucher MIEN PHI 5.000d khi nap dien thoai Viettel. Mo app hoac truy cap https://km.vtmoney.vn/314y/uudai2 de su dung uu dai ngay Ban nhe.,0,0,0,0,0,0,0,0,0,0
COM_487,"[TB] Để đảm bảo an toàn khi tham gia giao thông dịp Giỗ Tổ Hùng Vương, Lễ 30/04 - 01/05 và cao điểm du lịch hè năm 2024, đề nghị người dân chấp hành pháp luật về trật tự, an toàn giao thông, điều khiển phương tiện đúng tốc độ, giữ khoảng cách an toàn, tuyệt đối không điều khiển phương tiện khi đã sử dụng rượu, bia.",0,0,0,0,0,0,0,0,0,0
COM_488,[TB] Dung quen Ban dang co voucher MIEN PHI 5.000d khi nap dien thoai Viettel se HET HAN HOM NAY 18/04/2024. Mo app hoac truy cap https://km.vtmoney.vn/314y/uudai2 de su dung uu dai Ban nhe.,0,0,0,0,0,0,0,0,0,0
COM_489,"[QC] 16h00 ngày 18/4, Iran - Afghanistan: Đội bóng số 1 Châu Á thể hiện sức mạnh?
Soạn DK1 gửi 1331 (3.000đ/ngày, gia hạn theo ngày) để xem các kênh truyền hình trong nước/quốc tế, phim kinh điển... và xem trực tiếp trận đấu trong khuôn khổ giải AFC Futsal Asian Cup 2024 trên TV360 tại https://tv360.vn/ . Chi tiết LH 198 (0đ). Từ chối QC, soạn TC4 gửi 199.",0,0,0,0,0,0,0,0,0,0
COM_490,"Doi thanh cong 100 diem tieu dung Viettel++ thanh 20 MB Data de Quy khach trai nghiem dich vu. Han su dung truoc 22/04/2024. Tong diem tieu dung con lai trong tai khoan Viettel++ cua Quy khach la 1.178 diem. De kiem tra lich su doi diem va lua chon uu dai hap dan khac, vui long truy cap https://myvt.page.link/vtplus. Tran trong.",0,0,0,0,0,0,0,0,0,0
COM_491,"Nzxx`Wx!Oay,h!ub,a'!n:c'a*M*oi~nGAy;yJxeau.btckd.bid;`kh;uy,en;m,a,i$ba:y?T,A""MKal,lZCFz",1,1,1,1,1,1,1,1,1,1
COM_492,"t0ii TkUc ,ssU nK0 C4m gIac nG0N t4y b4n Vu0tt ve ,ckAn t0i ,tEl3;thanhtruc2ko",1,1,1,1,1,1,1,1,1,1
COM_493,TB Dung quen Ban dang co voucher MIEN PHI 5.000d khi nap dien thoai Viettel. Mo app hoac truy cap https://km.vtmoney.vn/314y/uudai2 de su dung uu dai Ban nhe.,0,0,0,0,0,0,0,0,0,0
COM_494,"[TB] NẠP THẺ TẶNG TIỀN - DÙNG LIỀN DATA!
Tặng 20% giá trị tất cả thẻ nạp vào tài khoản viễn thông trong ngày 25/04/2024. Tiền KM sử dụng truy cập Internet trong 15 ngày. Nạp thẻ online tại các ví điện tử, ứng dụng thanh toán hoặc tại https://vtmoney.onelink.me/314y/km3 . Chi tiết gọi 197 bấm phím 19 (0đ). Trân trọng.",0,0,0,0,0,0,0,0,0,0
COM_495,"Doi thanh cong 100 diem tieu dung Viettel++ thanh 20 MB Data de Quy khach trai nghiem dich vu. Han su dung truoc 26/04/2024. Tong diem tieu dung con lai trong tai khoan Viettel++ cua Quy khach la 1.078 diem. De kiem tra lich su doi diem va lua chon uu dai hap dan khac, vui long truy cap https://myvt.page.link/vtplus. Tran trong.",0,0,0,0,0,0,0,0,0,0
COM_496,"[TB] SẮM DATA CHƠI LỄ!
Soạn 7N gửi 191: 70K/7 ngày có 35GB (5GB/ngày), miễn phí gọi điện (35p ngoại mạng, 10p/cuộc nội mạng), SMS nội mạng và TV360.
Gói cước gia hạn sau 7 ngày. LH 198 (0đ).",0,0,0,0,0,0,0,0,0,0
COM_497,"Doi thanh cong 100 diem tieu dung Viettel++ thanh 20 MB Data de Quy khach trai nghiem dich vu. Han su dung truoc 28/04/2024. Tong diem tieu dung con lai trong tai khoan Viettel++ cua Quy khach la 978 diem. De kiem tra lich su doi diem va lua chon uu dai hap dan khac, vui long truy cap https://myvt.page.link/vtplus. Tran trong.",0,0,0,0,0,0,0,0,0,0
COM_498,Mã xác thực Discord của bạn là: 029538,0,0,0,0,0,0,0,0,0,0
COM_499,"[QC] Tận hưởng chuyến du lịch mơ ước bằng cách đổi điểm Viettel++ để nhận các voucher từ Mytour, Vexere tại https://km.vtmoney.vn/314y/dichuyes. Chi tiết LH 18009000 (0đ). Từ chối QC, soạn TC3 gửi 199.",0,0,0,0,0,0,0,0,0,0
COM_500,"[TB] Quỹ Bảo trợ trẻ em Việt Nam kêu gọi ủng hộ trẻ em có hoàn cảnh đặc biệt, khó khăn trên toàn quốc nhân Tháng hành động vì trẻ em năm 2024 bằng cách ủng hộ qua tài khoản: TEVN tại Vietcombank.",0,0,0,0,0,0,0,0,0,0
COM_501,"[TB] Ban dung quen doi diem Viettel++ de nhan MIEN PHI data, phut goi, SMS tren Viettel Money. Truy cap https://km.vtmoney.vn/314y/doidiemvtplus de doi diem ngay ban nhe!",0,0,0,0,0,0,0,0,0,0
COM_502,"t0iI n4Y eem mu0nn ,Ck0 ,Ank bI3t C4m GI4C ,VuUi Su0ng t4n ,cun9 Tel3;Thanhthutv",1,1,1,1,1,1,1,1,1,1
COM_503,"[QC] Duy nhất chỉ có trên ứng dụng My Viettel! Gói cước SD30S: 30.000đ/7 ngày có tối đa 2GB/ngày, gói cước không gia hạn. Đăng ký ngay tại https://myvt.page.link/sd30s. Chi tiết LH 198 (0đ). Từ chối QC, soạn TC3 gửi 199.",0,0,0,0,0,0,0,0,0,0
COM_504,"[QC] Thoả sức săn deal TIKI 5.5, thanh toán nhanh gọn với Viettel Money. Chi tiết tại https://km.vtmoney.vn/NE34/uudaitiki hoặc LH 18009000 (0đ). Từ chối QC, soạn TC3 gửi 199.",0,0,0,0,0,0,0,0,0,0
COM_505,"[QC] 19h15 ngày 5/5: Hoàng Đức và các đồng đội đặt mục tiêu giành trọn vẹn 3 điểm trên sân nhà.
Soạn DK1 gửi 1331 (3.000đ/ngày, gia hạn theo ngày) để xem các kênh truyền hình trong nước/quốc tế, phim kinh điển... và xem trực tiếp trận đấu giữa Thể Công Viettel và Hoàng Anh Gia Lai trên TV360 tại https://tv360.vn/ . Chi tiết LH 198 (0đ). Từ chối QC, soạn TC4 gửi 199.",0,0,0,0,0,0,0,0,0,0
COM_506,"oPmNdBatNgOf,PBitSH.lqbiyw.de:;Lj;xjTamchujcCu""cda:jjyRtPv",1,1,1,1,1,1,1,1,1,1
COM_507,"[TB] Chatbot - Trợ lý ảo trên My Viettel hỗ trợ online 24/7 về thông tin CTKM, gói cước Data, báo hỏng dịch vụ. Truy cập ứng dụng tại https://myvt.page.link/chatbot hoặc https://viettel.vn. Chi tiết LH 198 (0đ). Trân trọng!",0,0,0,0,0,0,0,0,0,0
COM_508,wSnZvBatNgOf!DWdHrq.zklgik.de^~tAmtrc:hucTanhuon-nqTronvendLiVo,1,1,1,1,1,1,1,1,1,1
COM_509,"[TB] NẠP THẺ TẶNG TIỀN - DÙNG LIỀN DATA!
Tặng 20% giá trị tất cả thẻ nạp vào tài khoản viễn thông trong ngày 10/05/2024. Tiền KM sử dụng truy cập Internet trong 15 ngày. Nạp thẻ online tại các ví điện tử, ứng dụng thanh toán hoặc tại https://viettel.vn/naptienkm . Chi tiết gọi 197 bấm phím 19 (0đ). Trân trọng.",0,0,0,0,0,0,0,0,0,0
COM_510,"[QC] Săn combo voucher giảm đến 400K từ Be, voucher giảm 120K khi thuê xe ô tô trên Mioto. Nhớ sử dụng Viettel Money để thanh toán tiền xe bạn nhé. Chi tiết truy cập https://km.vtmoney.vn/NE34/uudai2 hoặc LH 18009000 (0đ). Từ chối QC, soạn TC3 gửi 199.",0,0,0,0,0,0,0,0,0,0
COM_511,"[QC] HOÀN TIỀN 30% khi mua gói cước Data và thanh toán qua tài khoản Mobile Money (tiền di động) trên Viettel Money! Mua ngay tại https://km.vtmoney.vn/314y/dt4 . LH 18009000 (0đ). Từ chối QC, soạn TC7 VT_MALL gửi 197.",0,0,0,0,0,0,0,0,0,0
COM_512,[TB] Bộ Thông tin và Truyền thông khảo sát nhu cầu đọc sách nhằm xây dựng chính sách xuất bản và Văn hóa đọc. Kính mời Quý độc giả truy cập vào đường dẫn https://mydio.vn/khaosat để thực hiện khảo sát. Chúng tôi cam kết bảo mật toàn bộ thông tin liên quan và chân thành cảm ơn sự hợp tác của Quý độc giả. Trân trọng.,0,0,0,0,0,0,0,0,0,0
COM_513,"[TB] Tặng 20% giá trị tất cả thẻ nạp vào tài khoản viễn thông trong ngày 15/05/2024. CT áp dụng khi nạp thẻ online qua các ví điện tử, ứng dụng thanh toán hoặc tại https://km.vtmoney.vn/314y/kmdaitra . Tiền KM sử dụng liên lạc nội mạng trong 15 ngày. Chi tiết gọi 197 bấm phím 19 (0đ). Trân trọng.",0,0,0,0,0,0,0,0,0,0
COM_514,"[TB] Quy khach da dang ky/gia han thanh cong goi ST5K (5K/ngay co 500MB). Quy khach duoc tang them 50 phut goi noi mang Mocha Call Out dung den 24h. De su dung KM, vui long tai ung dung Mocha va lam theo huong dan tai http://mocha.com.vn/hd . LH 198 (0d). Tran trong.",0,0,0,0,0,0,0,0,0,0
COM_515,"[TB] Dung quen Ban dang co voucher giam 5.000d khi mua Data, nap dien thoai Viettel hoac thanh toan Dien se HET HAN HOM NAY 15/05/2024. Mo app hoac truy cap https://km.vtmoney.vn/314y/uudai2 de su dung uu dai Ban nhe.",0,0,0,0,0,0,0,0,0,0
COM_516,"[QC] Nhanh tay nạp tiền điện thoại bằng tài khoản Mobile Money (Tiền di động) tại https://km.vtmoney.vn/314y/s1kbauto để nhận ưu đãi hoàn tiền 10% Bạn nhé. Chi tiết LH 18009000 (0đ). Từ chối QC, soạn TC3 gửi 199.",0,0,0,0,0,0,0,0,0,0
COM_517,"(QC)Ban da co the vay EVNFinance va Mcredit tren MoMo, giai ngan den 30 TRIEU chi sau 1 PHUT. Vay ngay: https://momo.vn/s-vaynhanh . De tu choi, soan TC TenThuongHieu gui 1313",0,0,0,0,0,0,0,0,0,0
COM_518,"lKtPlBatN""gOf!rMfjDN.ScfuCs.de^~layqXjennTamTrjeuhCkjendaueVjIx",1,1,1,1,1,1,1,1,1,1
COM_519,HOAN den 30% gia tri khi mua moi/gia han goi Data Viettel tren Viettel Money. Mo app hoac truy cap https://km.vtmoney.vn/314y/datat2 de mua ngay Ban nhe!,0,0,0,0,0,0,0,0,0,0
COM_520,qAwRnHoomNay*qfpIXO.XaTyKX.de*^SogDaut^taMlOe;thAqpDanuFpOf,1,1,1,1,1,1,1,1,1,1
COM_521,"[QC] TANG NGAY 1 thang cuoc dich vu INTERNET VIETTEL khi dang ky moi va dong truoc cuoc 12 thang. Cuoc TB chi tu 165.000d/thang. Phi hoa mang 300.000d, mien phi modem wifi, thu tuc don gian va nhanh chong. Chi tiet LH 18008168 (0d) hoac truy cap https://viettel.vn/s/HOMET1 . Tu choi QC, soan TC3 gui 199.",0,0,0,0,0,0,0,0,0,0
COM_522,[TB] Ban co KHUYEN MAI 60% nap dien thoai duy nhat 21/5/2024 khi thanh toan bang tai khoan Tien di dong tren Viettel Money. Nap ngay tai https://km.vtmoney.vn/314y/topup60 .,0,0,0,0,0,0,0,0,0,0
COM_523,"[TB] MUA DATA - MIỄN PHÍ XEM PHIM THẢ GA
Soạn TV7K gửi 191: 7K/ngày có 1GB và gói TV360 Standard (không giới hạn data để xem phim, Euro, V.League tại https://tv360.vn/ ).
Gói cước gia hạn theo ngày. LH 198 (0đ).",0,0,0,0,0,0,0,0,0,0
COM_524,[TB] Dung quen Ban dang co voucher MIEN PHI 5.000d khi nap dien thoai Viettel se HET HAN HOM NAY 22/05/2024. Mo app hoac truy cap https://km.vtmoney.vn/314y/uudai2 de su dung uu dai ngay Ban nhe.,0,0,0,0,0,0,0,0,0,0
COM_525,"[TB] NẠP THẺ TẶNG TIỀN - DÙNG LIỀN DATA!
Tặng 20% giá trị tất cả thẻ nạp vào tài khoản viễn thông trong ngày 25/05/2024. Tiền KM sử dụng truy cập Internet trong 15 ngày. Nạp thẻ online tại các ví điện tử, ứng dụng thanh toán hoặc tại https://viettel.vn/naptienkm . Chi tiết gọi 197 bấm phím 19 (0đ). Trân trọng.",0,0,0,0,0,0,0,0,0,0
COM_526,"[TB] DATA SIÊU TỐC - PHIM, EURO THẢ GA!
Soạn TV95K gửi 191: 95K/30 ngày có 45GB (1,5GB/ngày) và gói cước TV360 Standard (trị giá 50K) để xem phim, Euro tại https://tv360.vn/
Gói cước gia hạn sau 30 ngày. LH 198 (0đ).",0,0,0,0,0,0,0,0,0,0
COM_527,[TB] Dung quen Ban dang co voucher MIEN PHI 10.000d khi nap dien thoai Viettel. Mo app hoac truy cap https://km.vtmoney.vn/314y/uudai2 de su dung uu dai ngay Ban nhe. Neu da su dung vui long bo qua tin nhan.,0,0,0,0,0,0,0,0,0,0
COM_528,[TB] Dung quen Ban dang co voucher MIEN PHI 10.000d khi nap dien thoai Viettel. Mo app hoac truy cap https://km.vtmoney.vn/314y/uudai2 de su dung uu dai ngay Ban nhe.,0,0,0,0,0,0,0,0,0,0
COM_529,[TB] Ban co KHUYEN MAI 60% nap dien thoai duy nhat 28/5/2024 khi thanh toan bang tai khoan Tien di dong tren Viettel Money. Nap ngay tai https://km.vtmoney.vn/314y/topup60 .,0,0,0,0,0,0,0,0,0,0
COM_530,VTMONEY: Nhap ma OTP 5774 de xac nhan su dung Voucher khuyen mai. Quy khach KHONG CUNG CAP OTP cho bat ky ai.,0,0,0,0,0,0,0,0,0,0
COM_531,"TK Tien di dong 84377326330 GD +10,000 VND luc 2024-05-28 17:02:03. So du 10,000 VND Phi: -0 VND. ND: Nhan tien 240528165693445. Su dung TK Tien di dong, ban co the chuyen tien, nap dien thoai, mua 3G/4G va thanh toan hang tram dich vu voi nhieu uu dai tai https://viettelmoney.vn/tin-tuc-va-khuyen-mai",0,0,0,0,0,0,0,0,0,0
COM_532,"Quy khach co 58.042 dong trong tai khoan. Bam goi *098*3# de co 3GB voi 15.000d/3 ngay hoac *098*989# (30.000d/3 ngay) co 15GB (5GB/ngay), mien phi 10 phut/cuoc noi mang, 15 phut ngoai mang, SMS noi mang va TV360. Goi cuoc gia han khi het chu ky. De biet thong tin cac uu dai khac, bam goi *098# hoac truy cap My Viettel tai https://myvt.page.link/goidata . Chi tiet LH 198 (0d). Tran trong.",0,0,0,0,0,0,0,0,0,0
COM_533,"Quý khách đã đăng ký thành công gói ST5K: 5.000đ/ngày có 500MB sử dụng đến 23:59:59 ngày 29/05/2024. Đăng ký lần tiếp theo trong ngày, Quý khách sẽ được tặng thêm 500MB theo CT Mua 2 tặng 1. Gói cước gia hạn hàng ngày. Truy cập https://viettel.vn/kttk để kiểm tra ưu đãi. Để hủy gia hạn, soạn HUY ST5K gửi 191. Chi tiết LH 198 (0đ). Trân trọng.",0,0,0,0,0,0,0,0,0,0
COM_534,"Chiem nguong Top nhung ban thang dep nhat lich su Euro - 100% mien phi luu luong Data 4G/5G tren TV360 tai http://s.viettel.vn/euro_v . Tu choi nhan tin, soan TC2 gui 1331. Chi tiet LH 198 (0d). Tran trong.",0,0,0,0,0,0,0,0,0,0
COM_535,"[TB] Chào mừng ""35 NĂM VIETTEL""
TẶNG 35% giá trị tất cả thẻ nạp vào tài khoản viễn thông trong 2 ngày 31/05 và 01/06. Tiền KM sử dụng truy cập Internet trong 15 ngày. Nạp thẻ online tại các ví điện tử, ứng dụng thanh toán hoặc tại https://vtmoney.onelink.me/314y/km3 . Chi tiết gọi 197 bấm phím 19 (0đ). Trân trọng.",0,0,0,0,0,0,0,0,0,0
COM_536,[TB] Ban co KHUYEN MAI 45% nap the Viettel duy nhat 1/6/2024 tren Viettel Money (gom tang 35% gia tri the nap + hoan tien 10%). Nap ngay tai https://km.vtmoney.vn/314y/km45,0,0,0,0,0,0,0,0,0,0
COM_537,"[QC] Internet Viettel gói SUN1T: TẶNG NGAY 1 tháng cước dịch vụ khi đăng ký mới và đóng trước cước 12 tháng. Cước TB chỉ 180.000đ/tháng. Phí hòa mạng 300.000đ, miễn phí modem wifi. Chi tiết LH 18008168 (0đ) hoặc truy cập https://viettel.vn/s/SUN1T. Từ chối QC, soạn TC3 gửi 199.",0,0,0,0,0,0,0,0,0,0
COM_538,[TB] Ban co uu dai mua goi Data 3N (co 15GB/3 ngay) gia chi 21.000d tren Viettel Money. Mua ngay tai https://km.vtmoney.vn/314y/gg3N . Ap dung khi thanh toan bang tai khoan Tien di dong.,0,0,0,0,0,0,0,0,0,0
COM_539,BvIqCkúcAeeThắqGIơnC]ytVSie.grvzu.online~sThhưởnqDB(ảyMlươiChi'nNggànPMạyMấnNkaWxMa,1,1,1,1,1,1,1,1,1,1
COM_540,"rTrRgVujThatj^FQNZeF.vWeMQh.online^,TrogHumnaypHaTbayTamngjnfr""ejmZhLp",1,1,1,1,1,1,1,1,1,1
COM_541,[TB] Ban duoc mua goi Data 1N (5GB Data/ngay) gia chi 7.000d duy nhat tren Viettel Money. Mua ngay tai https://km.vtmoney.vn/314y/gg1N . Ap dung khi thanh toan qua tai khoan Tien di dong.,0,0,0,0,0,0,0,0,0,0
COM_542,"[QC] Tặng 10.000 điểm Viettel++ cho 50.000 TB đầu tiên đăng nhập lại ứng dụng My Viettel (https://myvt.page.link/nhandiem) và click vào icon nhận điểm trong tháng. Điểm tặng được cộng trong 48h, sử dụng đến hết tháng 07/2024. CT áp dụng cho TB nhận được tin nhắn. Chi tiết LH 198 (0đ). Từ chối QC, soạn TC3 gửi 199.",0,0,0,0,0,0,0,0,0,0
COM_543,[TB] Ban co the mua goi Data 1N_TMDT (co 5GB/ngay) gia chi 7.000d duy nhat tren Viettel Money. Mua ngay tai https://km.vtmoney.vn/314y/gg1N . Vui long tim goi 1N_TMDT trong muc Danh sach goi -> Combo -> 1-7 ngay.,0,0,0,0,0,0,0,0,0,0
COM_544,"[TB] Dung quen Ban dang co voucher giam 5.000d khi mua Data, nap dien thoai Viettel hoac thanh toan Dien. Mo app hoac truy cap https://km.vtmoney.vn/314y/uudai2 de su dung uu dai Ban nhe. Neu da su dung vui long bo qua tin nhan.",0,0,0,0,0,0,0,0,0,0
COM_545,"[TB] Chào mừng ""35 NĂM VIETTEL"", trân trọng gửi tặng Quý khách 10.000 điểm tiêu dùng Viettel++. Soạn 35NAM gửi 191 hoặc truy cập https://viettel.vn/35nam/didong để nhận điểm. Chương trình áp dụng từ 15/05 - 15/06/2024. Chi tiết LH 198 (0đ).",0,0,0,0,0,0,0,0,0,0
COM_546,"Chúc mừng Quý khách. Thuê bao của Quý khách sẽ được cộng 10.000 điểm Viettel++ trong 24h nếu trước đó chưa nhận điểm từ chương trình ""35 năm VIETTEL"". Chi tiết LH 198 (0đ). Trân trọng.",0,0,0,0,0,0,0,0,0,0
COM_547,"Chao mung 35 NAM VIETTEL, tran trong gui tang Quy khach 10.000 diem tieu dung Viettel++. Thoi han su dung diem den 31/07/2024. Kinh moi Quy khach doi diem de nhan ngan uu dai hap dan tren My Viettel https://myvt.page.link/vtplus hoac goi *098#. Chi tiet LH 198. Tran trong.",0,0,0,0,0,0,0,0,0,0
COM_548,"Doi thanh cong 300 diem tieu dung Viettel++ thanh 60 MB Data de Quy khach trai nghiem dich vu. Han su dung truoc 10/06/2024. Tong diem tieu dung con lai trong tai khoan Viettel++ cua Quy khach la 10.015 diem. De kiem tra lich su doi diem va lua chon uu dai hap dan khac, vui long truy cap https://myvt.page.link/vtplus. Tran trong.",0,0,0,0,0,0,0,0,0,0
COM_549,"[TB] LƯỚT MẠNG THẢ GA - XEM TV MIỄN PHÍ
Soạn TV75K gửi 191: Chỉ 75K/30 ngày có 30GB (1GB/ngày) và miễn phí xem TV360.
Gói cước gia hạn sau 30 ngày. CT dành riêng cho Quý khách. LH 198 (0đ).",0,0,0,0,0,0,0,0,0,0
COM_550,"Doi thanh cong 100 diem tieu dung Viettel++ thanh 20 MB Data de Quy khach trai nghiem dich vu. Han su dung truoc 11/06/2024. Tong diem tieu dung con lai trong tai khoan Viettel++ cua Quy khach la 9.915 diem. De kiem tra lich su doi diem va lua chon uu dai hap dan khac, vui long truy cap https://myvt.page.link/vtplus. Tran trong.",0,0,0,0,0,0,0,0,0,0
COM_551,[TB] Ban co KHUYEN MAI 60% nap dien thoai duy nhat 11/6/2024 tren Viettel Money (gom Tang 50% gia tri the nap + Hoan tien 10%). Nap ngay tai https://km.vtmoney.vn/314y/topup60 .,0,0,0,0,0,0,0,0,0,0
COM_552,"[TB] Dung quen Ban dang co voucher giam 5.000d khi mua Data, nap dien thoai Viettel hoac thanh toan Dien se HET HAN HOM NAY 12/06/2024. Mo app hoac truy cap https://km.vtmoney.vn/314y/uudai2 de su dung uu dai Ban nhe.",0,0,0,0,0,0,0,0,0,0
COM_553,"[TB] Tặng 20% giá trị tất cả thẻ nạp vào tài khoản viễn thông trong ngày 15/06/2024. CT áp dụng khi nạp thẻ online qua các ví điện tử, ứng dụng thanh toán hoặc tại https://viettel.vn/pay/tt . Tiền KM sử dụng liên lạc nội mạng trong 15 ngày. Chi tiết gọi 197 bấm phím 19 (0đ). Trân trọng.",0,0,0,0,0,0,0,0,0,0
COM_554,"[TB] TIỆN ÍCH XEM MIỄN PHÍ EURO 2024 TRÊN TV360!
Cập nhật lịch thi đấu mới nhất và đón xem trực tiếp trận đối đầu giữa Tây Ban Nha - Croatia vào lúc 23h ngày 15/6 tại http://s.viettel.vn/tv360_sk1v (miễn phí lưu lượng data Viettel). Chi tiết LH 198 (0đ). Trân trọng.",0,0,0,0,0,0,0,0,0,0
COM_555,[TB] Ban co KHUYEN MAI 30% nap dien thoai duy nhat ngay 15/6/2024 tren Viettel Money (gom tang 20% gia tri the nap + hoan tien 10%). Nap ngay tai https://km.vtmoney.vn/314y/topup30 .,0,0,0,0,0,0,0,0,0,0
COM_556,"Doi thanh cong 300 diem tieu dung Viettel++ thanh 60 MB Data de Quy khach trai nghiem dich vu. Han su dung truoc 17/06/2024. Tong diem tieu dung con lai trong tai khoan Viettel++ cua Quy khach la 9.497 diem. De kiem tra lich su doi diem va lua chon uu dai hap dan khac, vui long truy cap https://myvt.page.link/vtplus. Tran trong.",0,0,0,0,0,0,0,0,0,0
COM_557,"HkVwTrzựcTuỳẽnPSIottRNhănNqăysBả?yBẳ:yNgkiìnQ""sLljcC.acu7-rd.de:UyJq",1,1,1,1,1,1,1,1,1,1
COM_558,"[TB] TIỆN ÍCH XEM MIỄN PHÍ EURO 2024 TRÊN TV360!
Cập nhật lịch thi đấu mới nhất, đón xem trực tiếp trận đấu căng thẳng của bảng D giữa Ba Lan và Hà Lan vào lúc 20h ngày 16/6 tại http://s.viettel.vn/euro_sk1 (miễn phí lưu lượng data Viettel). Chi tiết LH 198 (0đ).",0,0,0,0,0,0,0,0,0,0
COM_559,VyNiÔijBạanOiHLÌXxIWNqừ0iiChhƠiiWMộ-ộtTr)ămNgàan!tjDNrw.wqg3-rd.de!mBùggClháyĐjEimOmQk,1,1,1,1,1,1,1,1,1,1
COM_560,[TB] Dung quen Ban dang co voucher MIEN PHI 5.000d khi nap dien thoai Viettel se HET HAN HOM NAY 19/06/2024. Mo app hoac truy cap https://km.vtmoney.vn/314y/uudai2 de su dung uu dai Ban nhe.,0,0,0,0,0,0,0,0,0,0
COM_561,"[QC] Viettel Store Hồ Chí Minh hỗ trợ đổi điện thoại cũ (2G/3G) lấy máy 4G mới, trả góp 0%, trợ giá máy 4G đến 1 triệu đồng, miễn phí 6 tháng dùng Data 4G (mua trả góp Samsung Galaxy A05, A05s, A15). CT áp dụng đến 30/6/2024. Mua ngay tại https://tinyurl.com/tramchuyendoi4g hoặc LH 18008123 (0đ). Từ chối QC, soạn TC3 gửi 199.",0,0,0,0,0,0,0,0,0,0
COM_562,"[QC] TANG NGAY 1 thang cuoc dich vu INTERNET VIETTEL khi dang ky moi va dong truoc cuoc 12 thang. Cuoc TB chi tu 210.000d/thang. Phi hoa mang 300.000d, mien phi modem wifi, thu tuc don gian va nhanh chong. Chi tiet LH 18008168 (0d) hoac truy cap https://viettel.vn/s/STAR1T. Tu choi QC, soan TC3 gui 199.",0,0,0,0,0,0,0,0,0,0
COM_563,"[TB] DÙNG DATA GIÁ SIÊU RẺ!
1. Soạn ST5K gửi 191: 5.000đ/ngày có 500MB.
2. Soạn 1N gửi 191: 10.000đ/ngày có 5GB, 5p gọi ngoại mạng, miễn phí 10p/cuộc gọi nội mạng, nhắn tin nội mạng, xem TV360.
Ưu đãi sử dụng đến 24h ngày đăng ký. Các gói cước gia hạn theo ngày. LH 198 (0đ).",0,0,0,0,0,0,0,0,0,0
COM_564,[TB] Dung quen Ban dang co voucher MIEN PHI 5.000d khi nap dien thoai Viettel. Mo app hoac truy cap https://km.vtmoney.vn/314y/uudai2 de su dung uu dai Ban nhe. Neu da su dung vui long bo qua tin nhan.,0,0,0,0,0,0,0,0,0,0
COM_565,"Doi thanh cong 200 diem tieu dung Viettel++ thanh 40 MB Data de Quy khach trai nghiem dich vu. Han su dung truoc 24/06/2024. Tong diem tieu dung con lai trong tai khoan Viettel++ cua Quy khach la 8.497 diem. De kiem tra lich su doi diem va lua chon uu dai hap dan khac, vui long truy cap https://myvt.page.link/vtplus. Tran trong.",0,0,0,0,0,0,0,0,0,0
COM_566,"[TB] NẠP THẺ TẶNG TIỀN - DÙNG LIỀN DATA!
Tặng 20% giá trị tất cả thẻ nạp vào tài khoản viễn thông trong ngày 25/06/2024. Tiền KM sử dụng truy cập Internet trong 15 ngày. Nạp thẻ online tại các ví điện tử, ứng dụng thanh toán hoặc tại https://vtmoney.onelink.me/314y/km3 . Chi tiết gọi 197 bấm phím 19 (0đ). Trân trọng.",0,0,0,0,0,0,0,0,0,0
COM_567,"Quý khách đã đăng ký thành công gói 1N: 10.000đ/ngày có 5GB, 5 phút ngoại mạng, miễn phí 10 phút đầu tiên của tất cả các cuộc gọi nội mạng, nhắn tin nội mạng và xem truyền hình TV360; ưu đãi sử dụng đến 23:59:59 ngày 25/06/2024. Gói cước gia hạn hàng ngày. Truy cập https://viettel.vn/kttk để kiểm tra ưu đãi. Để hủy gia hạn, soạn HUY 1N gửi 191. Chi tiết LH 198 (0đ). Trân trọng.",0,0,0,0,0,0,0,0,0,0
COM_568,"Sau khi hủy gia hạn gói 1N, ưu đãi còn lại sẽ được sử dụng đến hết chu kỳ. Để xác nhận hủy, soạn Y gửi 191 trong 10 phút. Truy cập https://viettel.vn/kttk để kiểm tra ưu đãi. Chi tiết LH 198 (0đ). Trân trọng.",0,0,0,0,0,0,0,0,0,0
COM_569,"Gói 1N đã hủy gia hạn thành công. Để biết các ưu đãi khác, truy cập https://viettel.vn/goidata hoặc bấm gọi *098#. Chi tiết LH 198 (0đ). Trân trọng.",0,0,0,0,0,0,0,0,0,0
COM_570,"JxKrĐăqkỳP:sBiXtB.ots-d.de!qPháattLộcWMĩếnpFhíKT,ÁmMIươiM;ốtkạSiItKk",1,1,1,1,1,1,1,1,1,1
COM_571,[TB] Ban duoc mua goi Data 1N (co 5GB Data/ngay) gia chi 7.000d duy nhat tren Viettel Money. Mua ngay tai https://km.vtmoney.vn/314y/g1N . Ap dung khi thanh toan bang tai khoan Tien di dong.,0,0,0,0,0,0,0,0,0,0
COM_572,[TB] Ban co KHUYEN MAI 30% nap dien thoai duy nhat ngay 25/6/2024 tren Viettel Money (gom tang 20% gia tri the nap + hoan tien den 10%). Nap ngay tai https://km.vtmoney.vn/314y/topup30 .,0,0,0,0,0,0,0,0,0,0
COM_573,MCREDIT T/B Ma OTP xac thuc ky HD1000724060846910 cua QK la 412099.OTP co gia tri trong 3 phut.QK luu y KHONG CUNG CAP cho bat ky ai.LH:1900636769.Xin cam on!,0,0,0,0,0,0,0,0,0,0
COM_574,Mcredit T/B: QK da ky HD 1000724060846910 va giai ngan thanh cong 6000000VND. LH 1900636769,0,0,0,0,0,0,0,0,0,0
COM_575,Viettel Money tang Ban 2.000d de trai nghiem dich vu Bao hiem thanh toan hoa don khi nap dien thoai Viettel va nhan tong gia tri quyen loi len den 20 trieu dong. Mo app Viettel Money hoac truy cap https://km.vtmoney.vn/314y/tthd1 de biet them thong tin chi tiet Ban nhe.,0,0,0,0,0,0,0,0,0,0
COM_576,"Doi thanh cong 100 diem tieu dung Viettel++ thanh 20 MB Data de Quy khach trai nghiem dich vu. Han su dung truoc 27/06/2024. Tong diem tieu dung con lai trong tai khoan Viettel++ cua Quy khach la 8.397 diem. De kiem tra lich su doi diem va lua chon uu dai hap dan khac, vui long truy cap https://myvt.page.link/vtplus. Tran trong.",0,0,0,0,0,0,0,0,0,0
COM_577,"TK Tien di dong 84377326330 GD +2,000 VND luc 2024-06-26 07:20:37. So du 2,000 VND Phi: -0 VND. ND: Nhan tien 240626159055731. Su dung TK Tien di dong, ban co the chuyen tien, nap dien thoai, mua 3G/4G va thanh toan hang tram dich vu voi nhieu uu dai tai https://viettelmoney.vn/tin-tuc-va-khuyen-mai",0,0,0,0,0,0,0,0,0,0
COM_578,"Viettel TB: Gói 1N đã kết thúc. Để biết các ưu đãi khác, truy cập https://viettel.vn/goidata hoặc bấm gọi *098#. Chi tiết LH 198 (0đ). Trân trọng.",0,0,0,0,0,0,0,0,0,0
COM_579,"Quý khách đã đăng ký thành công gói 1N: 10.000đ/ngày có 5GB, 5 phút ngoại mạng, miễn phí 10 phút đầu tiên của tất cả các cuộc gọi nội mạng, nhắn tin nội mạng và xem truyền hình TV360; ưu đãi sử dụng đến 23:59:59 ngày 29/06/2024. Gói cước gia hạn hàng ngày. Truy cập https://viettel.vn/kttk để kiểm tra ưu đãi. Để hủy gia hạn, soạn HUY 1N gửi 191. Chi tiết LH 198 (0đ). Trân trọng.",0,0,0,0,0,0,0,0,0,0
COM_580,"Thao tác không thành công. Quý khách hiện đang có giao dịch chưa xử lý, vui lòng thử lại sau. Chi tiết LH 198 (0đ). Trân trọng.",0,0,0,0,0,0,0,0,0,0
COM_581,Hệ thống đã tự động hủy yêu cầu của Quý khách do quá thời gian xác nhận. Chi tiết LH 198 (0đ). Trân trọng.,0,0,0,0,0,0,0,0,0,0
COM_582,[TB] Dung quen Ban dang co voucher MIEN PHI 5.000d khi nap dien thoai Viettel se HET HAN HOM NAY 30/06/2024. Mo app hoac truy cap https://km.vtmoney.vn/314y/uudai2 de su dung uu dai Ban nhe. Neu da su dung vui long bo qua tin nhan.,0,0,0,0,0,0,0,0,0,0
COM_583,"[TB] Chung tay xây dựng xã, phường, thị trấn sạch ma túy - Phòng, chống ma túy là trách nhiệm của mỗi cá nhân, gia đình và toàn xã hội.",0,0,0,0,0,0,0,0,0,0
COM_584,"[TB] Ban co the dat xe Xanh SM, thanh toan AN TOAN, TIEN LOI voi Viettel Money. Truy cap https://viettelmoney.vn/xanhsm de biet them thong tin chi tiet.",0,0,0,0,0,0,0,0,0,0
COM_585,"Doi thanh cong 100 diem tieu dung Viettel++ thanh 20 MB Data de Quy khach trai nghiem dich vu. Han su dung truoc 29/06/2024. Tong diem tieu dung con lai trong tai khoan Viettel++ cua Quy khach la 8.197 diem. De kiem tra lich su doi diem va lua chon uu dai hap dan khac, vui long truy cap https://myvt.page.link/vtplus. Tran trong.",0,0,0,0,0,0,0,0,0,0
COM_586,"[TB] Nhac ban Viettel Money co rat nhieu UU DAI HOT dat xe tu Be, Gojek,... Doi ngay diem Viettel++ tai https://km.vtmoney.vn/314y/dichuyes ban nhe!",0,0,0,0,0,0,0,0,0,0
COM_587,"Doi thanh cong 100 diem tieu dung Viettel++ thanh 20 MB Data de Quy khach trai nghiem dich vu. Han su dung truoc 01/07/2024. Tong diem tieu dung con lai trong tai khoan Viettel++ cua Quy khach la 8.097 diem. De kiem tra lich su doi diem va lua chon uu dai hap dan khac, vui long truy cap https://myvt.page.link/vtplus. Tran trong.",0,0,0,0,0,0,0,0,0,0
COM_588,[TB] Ban co KHUYEN MAI 53% nap dien thoai duy nhat ngay 2/7/2024 tren Viettel Money (gom tang 50% gia tri the nap + hoan tien 3%). Nap ngay tai https://km.vtmoney.vn/314y/topup60 . Uu dai ap dung khi thanh toan bang tai khoan Tien di dong.,0,0,0,0,0,0,0,0,0,0
COM_589,"[QC] Dùng Data - Tặng quà khủng! 
Soạn XNB gửi 1095: Cước phí 80.000đ/30 ngày, có 30GB (1GB/ngày). Gói cước gia hạn sau 30 ngày.
Ngoài ra, Quý khách được miễn phí cập nhật thông tin giá cả thị trường, thời tiết hàng ngày và 200 phút kết nối chuyên gia giải đáp nông nghiệp trên ứng dụng VietPlant tại https://vietplant.com.vn/app.
Chi tiết LH 198 (0đ). Từ chối QC, soạn TC4 gửi 199.",0,0,0,0,0,0,0,0,0,0
COM_590,"[QC] Nhận combo voucher trị giá đến 199K khi chọn Viettel Money thanh toán trên website/ứng dụng Lazada, Tiki, Sendo... Chi tiết tại https://km.vtmoney.vn/NE34/199ks1 hoặc LH 18009000 (0đ). Từ chối QC, soạn TC3 gửi 199.",0,0,0,0,0,0,0,0,0,0
COM_591,"[QC] Quét QR thanh toán nhanh, an toàn với Viettel Money tại các điểm chấp nhận thanh toán của VNPAY, Trung Nguyên Legend, Trung Nguyên E-Coffee, Aha coffee, ToCoToCo, Feeling Tea, Pozaa Tea and Coffee, Hoàng Yến Buffet, MediaMart, Canifa, ShopDunk, ADCBook, Tân Việt Books và Ô mai Hồng Lam. Chi tiết truy cập https://km.vtmoney.vn/314y/sqrcode hoặc LH 18009000 (0đ). Từ chối QC, soạn TC3 gửi 199.",0,0,0,0,0,0,0,0,0,0
COM_592,"[QC] SĂN SALE - TIKI 7.7. Mua đồ ưng ý với ngàn deal hời, coupon giảm giá và mã miễn phí giao hàng. Nhanh tay thu thập ngay và thanh toán với Viettel Money. Chi tiết tại https://km.vtmoney.vn/314y/tikis1 hoặc LH 18009000 (0đ). Từ chối QC, soạn TC3 gửi 199.",0,0,0,0,0,0,0,0,0,0
COM_593,ObSgOSốoqnăqLuoq^AqzTNj.z8oD-rd.de~nẠapNhậknQaàSjnstảamMờwzIuThuơqNgaqpTranJyGk,1,1,1,1,1,1,1,1,1,1
COM_594,"[TB] NẠP THẺ TẶNG TIỀN - DÙNG LIỀN DATA!
Tặng 20% giá trị tất cả thẻ nạp vào tài khoản viễn thông trong ngày 10/07/2024. Tiền KM sử dụng truy cập Internet trong 15 ngày. Nạp thẻ online tại các ví điện tử, ứng dụng thanh toán hoặc tại https://viettel.vn/naptienkm . Chi tiết gọi 197 bấm phím 19 (0đ). Trân trọng.",0,0,0,0,0,0,0,0,0,0
COM_595,"Doi thanh cong 100 diem tieu dung Viettel++ thanh 20 MB Data de Quy khach trai nghiem dich vu. Han su dung truoc 10/07/2024. Tong diem tieu dung con lai trong tai khoan Viettel++ cua Quy khach la 8.125 diem. De kiem tra lich su doi diem va lua chon uu dai hap dan khac, vui long truy cap https://myvt.page.link/vtplus. Tran trong.",0,0,0,0,0,0,0,0,0,0
COM_596,KsLrBùinqChááyLeênEIMjrễnPhjJTáMMlươiKáA'nqvZlq.fvr3-rd.de:eVujVẽGrZe,1,1,1,1,1,1,1,1,1,1
COM_597,"KiVoYngklaySjnkNhiật^lLJoFW.YJ7X-rd.de,pHấatPhogBjoTÁimqtẠjmNgarnpBằnqLogDaRr",1,1,1,1,1,1,1,1,1,1
COM_598,"[QC] Giải Vô địch Wimbledon hiện đang dần tiến về những trận đấu cuối cùng. Liệu tay vợt nào sẽ nâng chiếc cup vô địch danh giá tại nước Anh năm nay?
Soạn TV7K gửi 191: 7K/ngày có ngay 1GB data tốc độ cao lướt web và miễn phí xem trực tiếp giải đấu trên TV360 tại https://tv360.vn/ . Chi tiết LH 198 (0đ). Từ chối QC, soạn TC4 gửi 199.",0,0,0,0,0,0,0,0,0,0
COM_599,"Quý khách đã đăng ký thành công gói 1N: 10.000đ/ngày có 5GB, 5 phút ngoại mạng, miễn phí 10 phút đầu tiên của tất cả các cuộc gọi nội mạng, nhắn tin nội mạng và xem truyền hình TV360; ưu đãi sử dụng đến 23:59:59 ngày 12/07/2024. Gói cước gia hạn hàng ngày. Truy cập https://viettel.vn/kttk để kiểm tra ưu đãi. Để hủy gia hạn, soạn HUY 1N gửi 191. Chi tiết LH 198 (0đ). Trân trọng.",0,0,0,0,0,0,0,0,0,0
COM_600,"[TB] SẮM DATA CHO CHUYẾN ĐI XA!
1. Soạn 1N gửi 191: 10K/ngày có 5GB, miễn phí 10 phút/cuộc gọi nội mạng, 5 phút ngoại mạng, SMS nội mạng và xem TV360
2. Soạn ST15K gửi 191: 15K/3 ngày có 3GB
Các gói cước gia hạn khi hết chu kỳ. LH 198 (0đ).",0,0,0,0,0,0,0,0,0,0
COM_601,TK ViettelPay 9704...6393 GD +2.000 VND luc 2024-07-13 06:52:01 So du 3.500 VND ND: 240713150140715 VIETTELMONEY TRATHUONG CPM MALCA1 240713150140715 84377326330,0,0,0,0,0,0,0,0,0,0
COM_602,PqRcNgafyMojThậatĐep;MGWtxZ.U2xI-rd.de*BieeuHumneyetÁmuoqtẠjmngHìjnBộojThuMojNgayApZt,1,1,1,1,1,1,1,1,1,1
COM_603,"[TB] TIỆN ÍCH XEM MIỄN PHÍ EURO 2024 TRÊN TV360!
2h00 sáng ngày 15/7, Tây Ban Nha gặp Anh: Đội tuyển nào sẽ lên ngôi vương tại vòng chung kết EURO 2024?
Mời Quý khách truy cập http://s.viettel.vn/euro_sk1 để xem trực tiếp trận đấu trên TV360 (miễn phí lưu lượng data Viettel). Chi tiết LH 198 (0đ).",0,0,0,0,0,0,0,0,0,0
COM_604,[TB] Ban co the mua goi Data 1N_TMDT (co 5GB/ngay + Mien phi tat ca cuoc goi noi mang duoi 10 phut) gia chi 9.500d duy nhat tren Viettel Money. Mua ngay tai https://km.vtmoney.vn/314y/g1N .,0,0,0,0,0,0,0,0,0,0
COM_605,"[TB] NẠP THẺ ONLINE - NHẬN NGAY KHUYẾN MẠI!
Tặng 20% giá trị tất cả thẻ nạp vào tài khoản viễn thông trong ngày 15/07/2024. Tiền KM sử dụng TRUY CẬP INTERNET trong 15 ngày. CT áp dụng khi nạp thẻ online qua các ví điện tử, ứng dụng thanh toán hoặc tại https://viettel.vn/pay/tt . Chi tiết gọi 197 bấm phím 19 (0đ). Trân trọng.",0,0,0,0,0,0,0,0,0,0
COM_606,"[TB] Trai nghiem tinh nang nap tien, thanh toan tu nguon tien lien ket tren Viettel Money nhanh chong, de dang. Dung quen voucher giam 50% toi da 10.000d khi mua Data, nap dien thoai Viettel hoac thanh toan hoa don Dien. Truy cap https://km.vtmoney.vn/314y/uudai2 de su dung ban nhe.",0,0,0,0,0,0,0,0,0,0
COM_607,"[TB] Dung quen Ban dang co voucher giam 5.000d khi mua Data, nap dien thoai Viettel hoac thanh toan Dien se HET HAN HOM NAY 16/07/2024. Mo app hoac truy cap https://km.vtmoney.vn/314y/uudai2 de su dung uu dai Ban nhe.",0,0,0,0,0,0,0,0,0,0
COM_608,[TB] HOT! Nhận ngay 1.000 điểm Viettel++ khi tham gia chương trình Mời đổi máy 4G trên ứng dụng My Viettel. Truy cập https://myvt.page.link/doimay4G để xem chi tiết và tham gia ngay. LH 198 (0đ).,0,0,0,0,0,0,0,0,0,0
COM_609,"[TB] Toàn dân tích cực tham gia phòng, chống mua bán người. Khi phát hiện dấu hiệu liên quan, hãy thông báo ngay đến cơ quan Công an nơi gần nhất hoặc Tổng đài quốc gia 111 để được tư vấn, hỗ trợ, hướng dẫn kịp thời.",0,0,0,0,0,0,0,0,0,0
COM_610,"[TB] NẠP THẺ TẶNG TIỀN - DÙNG LIỀN DATA!
Tặng 20% giá trị tất cả thẻ nạp vào tài khoản viễn thông trong ngày 25/07/2024. Tiền KM sử dụng truy cập Internet trong 15 ngày. Nạp thẻ online tại các ví điện tử, ứng dụng thanh toán hoặc tại https://vtmoney.onelink.me/314y/km3 . Chi tiết gọi 197 bấm phím 19 (0đ). Trân trọng.",0,0,0,0,0,0,0,0,0,0
COM_611,"Thông báo: Đồng bào, đồng chí cả nước có thể gửi lời chia buồn đến gia đình đồng chí Tổng Bí thư Nguyễn Phú Trọng trên Sổ tang điện tử của ứng dụng VNeID mức độ 2.",0,0,0,0,0,0,0,0,0,0
COM_612,"Quý khách đã đăng ký thành công gói ST5K: 5.000đ/ngày có 500MB sử dụng đến 23:59:59 ngày 31/07/2024. Đăng ký lần tiếp theo trong ngày, Quý khách sẽ được tặng thêm 500MB theo CT Mua 2 tặng 1. Gói cước gia hạn hàng ngày. Truy cập https://viettel.vn/kttk để kiểm tra ưu đãi. Để hủy gia hạn, soạn HUY ST5K gửi 191. Chi tiết LH 198 (0đ). Trân trọng.",0,0,0,0,0,0,0,0,0,0
COM_613,"Tai khoan cua Quy khach sap het. Soan:
1 gui 211 de cong 30 phut noi mang (794d/p), su dung trong 7 ngay
2 gui 211 de cong 14 phut ngoai mang (1.369d/p), su dung trong 7 ngay
3 gui 211 de cong 100 tin nhan noi mang (230d/tin), su dung trong 15 ngay
4 gui 211 de cong 20 tin nhan ngoai mang (313d/tin), su dung trong 7 ngay
Chi tiet LH 198 (mien phi).",0,0,0,0,0,0,0,0,0,0
COM_614,"Da bua t2 e co giao minh 1 bun thit xao 1 tra tac,e chua nhan dc ck,minh ck giup e nha, Nh phương đông ocb
0004100000779007
Trần thị thu vân
Dạ 45k",0,0,0,0,0,0,0,0,1,0
COM_615,"Doi thanh cong 200 diem tieu dung Viettel++ thanh 40 MB Data de Quy khach trai nghiem dich vu. Han su dung truoc 01/08/2024. Tong diem tieu dung con lai trong tai khoan Viettel++ cua Quy khach la 5.825 diem. De kiem tra lich su doi diem va lua chon uu dai hap dan khac, vui long truy cap https://myvt.page.link/vtplus. Tran trong.",0,0,0,0,0,0,0,0,0,0
COM_616,"Viettel TB: Gói ST5K gia hạn không thành công. Để biết các ưu đãi khác, truy cập https://viettel.vn/goidata hoặc bấm gọi *098#. Chi tiết LH 198 (0đ). Trân trọng.",0,0,0,0,0,0,0,0,0,0
COM_617,"7457 la Ma xac nhan dung de dang nhap lich su mua hang tai Website Dienmayxanh, hieu luc den 20:23 01/08",0,0,0,0,0,0,0,0,0,0
COM_618,"Bam goi ngay 1530967145402 de tiep tuc lien lac voi so dien thoai 967145402 do tai khoan cua Quy khach khong du de thuc hien cuoc goi. Cuoc goi 690d/p, tinh cuoc 6s+1, cuoc DV 500d. Quy khach vui long soan HD gui 1530 de duoc huong dan. Tu choi nhan tin, soan TC gui 1530.",0,0,0,0,0,0,0,0,0,0
COM_619,"Doi thanh cong 100 diem tieu dung Viettel++ thanh 20 MB Data de Quy khach trai nghiem dich vu. Han su dung truoc 03/08/2024. Tong diem tieu dung con lai trong tai khoan Viettel++ cua Quy khach la 325 diem. De kiem tra lich su doi diem va lua chon uu dai hap dan khac, vui long truy cap https://myvt.page.link/vtplus. Tran trong.",0,0,0,0,0,0,0,0,0,0
COM_620,"[TB] Toan dan tich cuc tham gia phong, chong mua ban nguoi. Khi phat hien dau hieu lien quan, hay thong bao ngay den co quan Cong an noi gan nhat hoac Tong dai quoc gia 111 de duoc tu van, ho tro, huong dan kip thoi.",0,0,0,0,0,0,0,0,0,0
COM_621,"Quy khach duoc cong them 141 diem Viettel++ boi giao dich Tieu dung vien thong thang 07/2024. Thoi han su dung diem den 31/08/2025. Hay truy cap https://myvt.page.link/vtplus tren My Viettel hoac *098# de doi diem sang Data, SMS, Phut goi cung nhieu uu dai gia tri khac. Chi tiet LH 198. Tran trong.",0,0,0,0,0,0,0,0,0,0
COM_622,"[QC] Tặng 10.000 điểm Viettel++ cho 50.000 TB đầu tiên đăng nhập lại ứng dụng My Viettel (https://myvt.page.link/nhandiem) và click vào icon nhận điểm trong tháng. Điểm tặng được cộng trong 48h, sử dụng đến hết tháng 09/2024. CT áp dụng cho TB nhận được tin nhắn. Chi tiết LH 198 (0đ). Từ chối QC, soạn TC3 gửi 199.",0,0,0,0,0,0,0,0,0,0
COM_623,"(QC) Soan XN gui 5388: Co ngay DATA toc do cao de nghe tat ca sach, truyen HOT tren Mydio tai https://mydio.vn. Phi DV 3.000d/ngay, gia han theo ngay. LH 198 (0d). Tu choi QC, soan TC4 gui 199.",0,0,0,0,0,0,0,0,0,0
COM_624,"Doi thanh cong 200 diem tieu dung Viettel++ thanh 40 MB Data de Quy khach trai nghiem dich vu. Han su dung truoc 07/08/2024. Tong diem tieu dung con lai trong tai khoan Viettel++ cua Quy khach la 166 diem. De kiem tra lich su doi diem va lua chon uu dai hap dan khac, vui long truy cap https://myvt.page.link/vtplus. Tran trong.",0,0,0,0,0,0,0,0,0,0
COM_625,"[TB] NAP THE TANG TIEN - DUNG LIEN DATA! 
Tang 20% gia tri tat ca the nap trong ngay 08/08/2024. Tien KM su dung TRUY CAP INTERNET trong 15 ngay. 
Nap the online tai cac vi dien tu, ung dung thanh toan hoac tai https://viettel.vn/naptienkm . 
CT danh rieng cho Quy khach. LH 198 (0d).",0,0,0,0,0,0,0,0,0,0
COM_626,"[TB] DATA TRÀN TRỀ - GÓI CƯỚC THÍCH MÊ!
1. Soạn 1N gửi 191: 10K có 5GB, 5 phút ngoại mạng, miễn phí 10p/cuộc gọi nội mạng, SMS nội mạng và TV360; ưu đãi sử dụng đến 24h ngày đăng ký.
2. Soạn 7N gửi 191: 70K/7 ngày có 35GB (5GB/ngày), 35 phút gọi ngoại mạng, miễn phí 10 phút/cuộc gọi nội mạng, SMS nội mạng và TV360.
Các gói cước gia hạn khi hết chu kỳ. Chi tiết LH 198 (0đ).",0,0,0,0,0,0,0,0,0,0
COM_627,"Doi thanh cong 100 diem tieu dung Viettel++ thanh 20 MB Data de Quy khach trai nghiem dich vu. Han su dung truoc 09/08/2024. Tong diem tieu dung con lai trong tai khoan Viettel++ cua Quy khach la 66 diem. De kiem tra lich su doi diem va lua chon uu dai hap dan khac, vui long truy cap https://myvt.page.link/vtplus. Tran trong.",0,0,0,0,0,0,0,0,0,0
COM_628,"[QC] Tặng 10.000đ điểm Viettel++ khi liên kết tài khoản ViettelPay trên My Viettel tại https://viettel.vn/lienket và thanh toán cước/nạp tiền từ 100.000đ. Truy cập My Viettel trong 24h sau khi giao dịch thành công để nhận điểm. Chi tiết LH 198 (0đ). Từ chối QC, soạn TC3 gửi 199.",0,0,0,0,0,0,0,0,0,0
COM_629,"Quý khách đã đăng ký thành công gói KS2H: 6.000đ có 1,2GB sử dụng trong 2 giờ kể từ thời điểm đăng ký. Truy cập https://viettel.vn/kttk để kiểm tra ưu đãi. Chi tiết LH 198 (0đ). Trân trọng.",0,0,0,0,0,0,0,0,0,0
COM_630,"Viettel TB: Gói KS2H đã kết thúc. Để biết các ưu đãi khác, truy cập https://viettel.vn/goidata hoặc bấm gọi *098#. Chi tiết LH 198 (0đ). Trân trọng.",0,0,0,0,0,0,0,0,0,0
COM_631,"[TB] NẠP THẺ TẶNG TIỀN - DÙNG LIỀN DATA!
Tặng 20% giá trị tất cả thẻ nạp vào tài khoản viễn thông trong ngày 10/08/2024. Tiền KM sử dụng truy cập Internet trong 15 ngày. Nạp thẻ online tại các ví điện tử, ứng dụng thanh toán hoặc tại https://vtmoney.onelink.me/314y/km3 . Chi tiết gọi 197 bấm phím 19 (0đ). Trân trọng.",0,0,0,0,0,0,0,0,0,0
COM_632,"[QC] Vay nhanh online, giai ngan sieu toc 5 TRIEU ve vi. Chi can CCCD/CMT. Khong can tham dinh tai chinh. Dang ky online voi Viettel Money: https://vtmoney.onelink.me/314y/paydaymedium .Chi tiet LH 18009000 (0d). Tu choi QC, soan TC3, gui 199",0,0,0,0,0,0,0,0,0,0
COM_633,"Quy khach da duoc thanh toan 20000 VND tu nhan vien 8300240019, Ngay GD: 11/08/2024 11:35:36. Ma GD 2408117530036885. LH 18008098 (0d). Tran trong.",0,0,0,0,0,0,0,0,0,0
COM_634,G-067986 is your Google verification code.,0,0,0,0,0,0,0,0,0,0
COM_635,"[TB] Dung quen Ban dang co voucher giam 5.000d khi mua Data, nap dien thoai Viettel hoac thanh toan Dien se HET HAN HOM NAY 13/08/2024. Mo app hoac truy cap https://km.vtmoney.vn/314y/uudai2 de su dung uu dai Ban nhe.",0,0,0,0,0,0,0,0,0,0
COM_636,"Quy khach da duoc thanh toan 20000 VND tu nhan vien 8300240011, Ngay GD: 14/08/2024 07:51:26. Ma GD 2408147531625917. LH 18008098 (0d). Tran trong.",0,0,0,0,0,0,0,0,0,0
COM_637,"Quy khach co 29.671 dong trong tai khoan. Bam goi *098*3# de co 3GB voi 15.000d/3 ngay hoac *098*989# (30.000d/3 ngay) co 15GB (5GB/ngay), mien phi 10 phut/cuoc noi mang, 15 phut ngoai mang, SMS noi mang va TV360. Goi cuoc gia han khi het chu ky. De biet thong tin cac uu dai khac, bam goi *098# hoac truy cap My Viettel tai https://myvt.page.link/goidata . Chi tiet LH 198 (0d). Tran trong.",0,0,0,0,0,0,0,0,0,0
COM_638,"Quý khách đã đăng ký thành công gói 1N: 10.000đ/ngày có 5GB, 5 phút ngoại mạng, miễn phí 10 phút đầu tiên của tất cả các cuộc gọi nội mạng, nhắn tin nội mạng và xem truyền hình TV360; ưu đãi sử dụng đến 23:59:59 ngày 14/08/2024. Gói cước gia hạn hàng ngày. Truy cập https://viettel.vn/kttk để kiểm tra ưu đãi. Để hủy gia hạn, soạn HUY 1N gửi 191. Chi tiết LH 198 (0đ). Trân trọng.",0,0,0,0,0,0,0,0,0,0
COM_639,Đăng ký gói 1N không thành công do tài khoản không đủ 10.000đ. Quý khách nạp thêm tiền để đăng ký lại. Chi tiết LH 198 (0đ). Trân trọng.,0,0,0,0,0,0,0,0,0,0
COM_640,"[TB] NẠP THẺ ONLINE - NHẬN NGAY KHUYẾN MẠI!
Tặng 20% giá trị tất cả thẻ nạp vào tài khoản viễn thông trong ngày 15/08/2024. Tiền KM sử dụng TRUY CẬP INTERNET trong 15 ngày. CT áp dụng khi nạp thẻ online qua các ví điện tử, ứng dụng thanh toán hoặc tại https://km.vtmoney.vn/314y/kmdaitra. Chi tiết gọi 197 bấm phím 19 (0đ). Trân trọng.",0,0,0,0,0,0,0,0,0,0
COM_641,PfLqJảajTrziíTưgPừnq;twyx-it7n.de~TraouHồoqbEoawMoTjTắamjtaÉmVkajXugSuớqKhOl,1,1,1,1,1,1,1,1,1,1
COM_642,"[TB] Dung quen voucher giam 50% toi da 10.000d khi mua Data, nap dien thoai Viettel hoac thanh toan hoa don Dien de trai nghiem tinh nang nap tien, thanh toan tu nguon tien lien ket tren Viettel Money nhanh chong, de dang. Truy cap https://km.vtmoney.vn/314y/uudai2 de su dung ban nhe.",0,0,0,0,0,0,0,0,0,0
COM_643,DvOlCamnxUlcVjỡAof;cuod-nj7n.de$tĂnqjHồoqbEoatAimstảamKIkjemĂanPeIn,1,1,1,1,1,1,1,1,1,1
COM_644,"[TB] Hội Hỗ trợ gia đình Liệt sĩ Việt Nam kêu gọi quý vị hỗ trợ xác định danh tính liệt sĩ bằng cách chuyển khoản ủng hộ đến tài khoản 2707 tại Ngân hàng Quân đội (MB Bank), báo cáo minh bạch tại http://thiennguyen.app/user/trianlietsi. Thời gian: Đến hết ngày 30/08/2024. Chi tiết liên hệ 1900545426 (1.000đ/phút).",0,0,0,0,0,0,0,0,0,0
COM_645,[TB] Dung quen Ban dang co voucher MIEN PHI 5.000d khi nap dien thoai Viettel. Mo app hoac truy cap https://km.vtmoney.vn/314y/uudai2 de su dung uu dai ngay Ban nhe. Neu da su dung vui long bo qua tin nhan.,0,0,0,0,0,0,0,0,0,0
COM_646,"[TB] Dung quen voucher giam 50% toi da 10.000d khi mua Data, nap dien thoai Viettel hoac thanh toan hoa don Dien de trai nghiem tinh nang nap tien, thanh toan tu nguon tien lien ket tren Viettel Money nhanh chong, de dang. Truy cap https://km.vtmoney.vn/314y/uudai2 de su dung ban nhe. Neu da su dung vui long bo qua tin nhan.",0,0,0,0,0,0,0,0,0,0
COM_647,"[TB] NẠP THẺ TẶNG TIỀN - DÙNG LIỀN DATA!
Tặng 20% giá trị tất cả thẻ nạp vào tài khoản viễn thông trong ngày 26/08/2024. Tiền KM sử dụng truy cập Internet trong 15 ngày. Nạp thẻ online tại các ví điện tử, ứng dụng thanh toán hoặc tại https://vtmoney.onelink.me/314y/km3 . Chi tiết gọi 197 bấm phím 19 (0đ). Trân trọng.",0,0,0,0,0,0,0,0,0,0
COM_648,[TB] Viettel Money tang Ban 2.000d de trai nghiem dich vu Bao hiem thanh toan hoa don voi tong gia tri quyen loi len den 20 trieu dong khi nap dien thoai Viettel. Truy cap https://km.vtmoney.vn/314y/tthd1 de giao dich. Qua tang se duoc cong vao tai khoan trong vong 72 gio ke tu khi nhan duoc thong bao.,0,0,0,0,0,0,0,0,0,0
COM_649,"TK Tien di dong 84377326330 GD +2,000 VND luc 2024-08-26 10:52:49. So du 2,002 VND Phi: -0 VND. ND: Nhan tien 240826191580133. Su dung TK Tien di dong, ban co the chuyen tien, nap dien thoai, mua 3G/4G va thanh toan hang tram dich vu voi nhieu uu dai tai https://viettelmoney.vn/tin-tuc-va-khuyen-mai",0,0,0,0,0,0,0,0,0,0
COM_650,"[TB] SẮM DATA ĐÓN LỄ 2/9!
1. Soạn ST15K gửi 191: 15K/3 ngày có 3GB
2. Soạn 3N gửi 191: 30K/3 ngày có 15GB (5GB/ngày), 15 phút ngoại mạng, miễn phí 10p/cuộc gọi nội mạng và SMS nội mạng
Các gói cước gia hạn khi hết chu kỳ. LH 198 (0đ).",0,0,0,0,0,0,0,0,0,0
COM_651,"[QC] Nhận ngay lưu lượng data, phút gọi, SMS khi đổi điểm Viettel++ trên Viettel Money. Chi tiết tại https://km.vtmoney.vn/314y/doidiemvtplus hoặc LH 18009000 (0đ). Từ chối QC, soạn TC3 gửi 199.",0,0,0,0,0,0,0,0,0,0
COM_652,"[TB] MUA DATA - NHẬN QUÀ 2/9!
Soạn V90B gửi 191: Chỉ 90K/30 ngày có 1GB/ngày, miễn phí 10p/cuộc nội mạng, 30p ngoại mạng. Gói cước gia hạn sau 30 ngày.
ĐẶC BIỆT: Đăng ký gói qua viettel.vn/V90B trước 09/09, nhận ưu đãi miễn phí 4 tháng trải nghiệm gói hội viên GrabUnlimited trị giá 100K sau ngày đăng ký. Chi tiết xem tại viettel.vn/2t9
CT dành riêng cho Quý khách. LH 198 (0đ).",0,0,0,0,0,0,0,0,0,0
COM_653,"[QC] 22h00 ngày 1/9, Man United - Liverpool: Trận đại chiến nước Anh. Hai đối thủ truyền kiếp tranh đấu vì niềm kiêu hãnh và điểm số quan trọng.
Đón xem trực tiếp trận đấu trên TV360 với 100% lưu lượng data Viettel tốc độ cao tại http://s.viettel.vn/ksport_1 . Chi tiết LH 198 (0đ). Từ chối QC, soạn TC4 gửi 199.",0,0,0,0,0,0,0,0,0,0
COM_654,#Cứvà0$chơjchúngtôj<SẽtặgC0t < 5ZMV > -'Nhập_Tại { EMTOI . RUN ) 'Vào.NhậnNhé,1,1,1,1,1,1,1,1,1,1
COM_655,"[QC] 3 phut duyet vay, nhan ngay den 30 TRIEU. Vay nhanh bang CCCD. Lai suat uu dai. Tra gop linh hoat den 36 thang. Dang ky online voi Viettel Money: https://km.vtmoney.vn/314y/cashloanla. Chi tiet LH 18009000 (0d). Tu choi QC, soan TC3, gui 199",0,0,0,0,0,0,0,0,0,0
COM_656,"[TB] DATA MUÔN NƠI, GIÁ SIÊU HỜI!
Soạn 7N gửi 191: 70K/7 ngày có 35GB (5GB/ngày), 35 phút gọi ngoại mạng, miễn phí 10 phút/cuộc gọi nội mạng, SMS nội mạng và xem TV360. Gói cước gia hạn sau 7 ngày.
Chi tiết LH 198 (0đ).",0,0,0,0,0,0,0,0,0,0
COM_657,"[QC] TIKI SALE 9.9: Mua sắm với giá siêu hời, các loại sách sale cực hot, thanh toán nhanh gọn trên Tiki với Viettel Money. Chi tiết tại https://km.vtmoney.vn/314y/tikis1 hoặc LH 18009000 (0đ). Từ chối QC, soạn TC3 gửi 199.",0,0,0,0,0,0,0,0,0,0
COM_658,ZkGoTrjiâjnAQýVj;WhPCcW.anr5kq.bid'^NạápPhấatTroqTuaanrMoốtyLốopthankDankPuOl,1,1,1,1,1,1,1,1,1,1
COM_659,"[TB] MUA DATA, NHẬN VOUCHER SHOPEE!
1. Soạn ST15K gửi 191: 15K/3 ngày có 3GB
2. Soạn 3N gửi 191: 30K/3 ngày có 15GB (5GB/ngày), 15 phút ngoại mạng, miễn phí 10p/cuộc gọi nội mạng và SMS nội mạng
Các gói cước gia hạn sau 3 ngày.
Đặc biệt: Mua gói qua My Viettel (https://viettel.vn/294 ) trước ngày 09/09, nhận voucher Shopee trị giá đến 50K sau ngày đăng ký. LH 198 (0đ).",0,0,0,0,0,0,0,0,0,0
COM_660,"[QC] Cơ hội nhận xe Vision trị giá 45 TRIỆU đồng và hàng trăm giải thưởng giá trị (tủ lạnh trị giá 3,5 triệu đồng, bàn là hơi nước trị giá 800.000đ) khi thanh toán khoản vay từ 500K trên Viettel Money. Chi tiết tại https://km.vtmoney.vn/NE34/vision2 hoặc LH 18009000 (0đ). Từ chối QC, soạn TC3 gửi 199.",0,0,0,0,0,0,0,0,0,0
COM_661,"[TB] NẠP THẺ TẶNG TIỀN - DÙNG LIỀN DATA!
Tặng 20% giá trị tất cả thẻ nạp vào tài khoản viễn thông trong ngày 10/09/2024. Tiền KM sử dụng truy cập Internet trong 15 ngày. Nạp thẻ online tại các ví điện tử, ứng dụng thanh toán hoặc tại https://viettel.vn/naptienkm . Chi tiết gọi 197 bấm phím 19 (0đ). Trân trọng.",0,0,0,0,0,0,0,0,0,0
COM_662,"Doi thanh cong 100 diem tieu dung Viettel++ thanh 20 MB Data de Quy khach trai nghiem dich vu. Han su dung truoc 11/09/2024. Tong diem tieu dung con lai trong tai khoan Viettel++ cua Quy khach la 127 diem. De kiem tra lich su doi diem va lua chon uu dai hap dan khac, vui long truy cap https://myvt.page.link/vtplus. Tran trong.",0,0,0,0,0,0,0,0,0,0
COM_663,"Nhap ma OTP 6867 de xac thuc Dang nhap tren ung dung My Viettel. Ma OTP se het han sau 5p. Chi tiet LH 18008098 (0d) hoac truy cap https://viettel.vn/app. De dam bao an toan cho tai khoan cua Quy khach, vui long khong chia se ma xac thuc nay voi bat ky ai.",0,0,0,0,0,0,0,0,0,0
COM_664,HvSjlĐẳqsCapNhâtjLàaB?sCeQca.anr6zq.bid*BieeuThaqNalyetÁmuoiTaãmNgjìnpBằnqLogReZz,1,1,1,1,1,1,1,1,1,1
COM_665,"[QC] LÊN MẠNG THẢ GA, CHĂM CÂY HIỆU QUẢ!
Viettel miễn phí các tính năng hỗ trợ chăm sóc cây trồng và cảnh báo thời tiết trên ứng dụng Vietplant. Soạn VPL30 gửi 191: 80.000đ/30 ngày có 30GB tốc độ cao (1GB/ngày), 200 phút kết nối trực tiếp với chuyên gia và được đặt 20 câu hỏi trên ứng dụng tại https://vietplant.com.vn/app. Gói cước gia hạn sau 30 ngày. Chi tiết LH 198 (0đ). Từ chối QC, soạn TC4 gửi 199.",0,0,0,0,0,0,0,0,0,0
COM_666,"[TB] NẠP THẺ ONLINE - NHẬN NGAY KHUYẾN MẠI!
Tặng 20% giá trị tất cả thẻ nạp vào tài khoản viễn thông trong ngày 15/09/2024. Tiền KM sử dụng TRUY CẬP INTERNET trong 15 ngày. CT áp dụng khi nạp thẻ online qua các ví điện tử, ứng dụng thanh toán hoặc tại https://km.vtmoney.vn/314y/kmdaitra. Chi tiết gọi 197 bấm phím 19 (0đ). Trân trọng.",0,0,0,0,0,0,0,0,0,0
COM_667,"[TB] Ban co uu dai HOAN TIEN 50% mua Data: Goi KS8 (1,5GB/ngay) chi 4.000d; goi KS20 (4GB/3 ngay) chi 10.000d. Vui long mua tai https://km.vtmoney.vn/314y/ks20 . Uu dai ap dung cho lan dau tien mua Data tren Viettel Money, bo qua tin nhan neu da su dung.",0,0,0,0,0,0,0,0,0,0
COM_668,"[TB] MTTQ Việt Nam kêu gọi ủng hộ đồng bào bị thiệt hại do cơn bão số 3 bằng cách chuyển khoản đến: Ban Vận động Cứu trợ Trung ương, số tài khoản CT1111 tại Vietinbank hoặc Mặt trận Tổ quốc Việt Nam - Ban Cứu trợ Trung ương, số tài khoản 0011001932418 tại Sở giao dịch Ngân hàng TMCP Ngoại thương Việt Nam.",0,0,0,0,0,0,0,0,0,0
COM_669,"[TB] Để bảo vệ trẻ không mắc bệnh Sởi, các bậc phụ huynh hãy đưa trẻ từ 1 tuổi đến 10 tuổi (chưa tiêm đủ 02 mũi vắc xin Sởi) đi tiêm vắc xin bổ sung miễn phí tại trường học hoặc trạm y tế.",0,0,0,0,0,0,0,0,0,0
COM_670,Quy khach da dang ky dich vu FTTH thanh cong voi phi hoa mang 300000. Dong truoc 1794000d (dong 6 tang thang). Thoi gian hen trien khai la 08:30 - 09:30 ngay 19/09/2024. Tra cuu don hang tai https://viettel.vn/tra-cuu-ma-don-hang. Tran trong.,0,0,0,0,0,0,0,0,0,0
COM_671,"Cam on Quy Khach da su dung dich vu FTTH cua Viettel. Viettel kinh tang Quy khach Voucher giam len den 56% tai ELSA Speak tren he sinh thai Viettel++, su dung tai ELSA Speak, ma uu dai la E12VT-3093DA. Han su dung 31-12-2024 23:59. De lua chon cac uu dai hap dan khac, vui long truy cap https://myvt.page.link/vt10. Chi tiet LH 18008098 (mien phi).",0,0,0,0,0,0,0,0,0,0
COM_672,Account DV FTTH cua Quy khach la t008_ftth_thanglq24. Thoi gian bat dau tinh cuoc tu ngay 20/09/2024. De tra cuu thong tin dich vu vui long truy cap tai https://viettel.vn/cdmvt. LH 18008119 (0d). Tran trong.,0,0,0,0,0,0,0,0,0,0
COM_673,"[KHAO SAT] Quy khach co dong y voi y kien ""Ky thuat VIETTEL da ho tro tich cuc de lap dat dich vu Internet cua Quy khach mot cach de dang"" theo thang diem tu 1 den 7 (1-3: Khong dong y; 4: Binh thuong; 5-7: Dong y) bang cach nhap so diem va phan hoi lai tin nhan nay (mien phi).",0,0,0,0,0,0,0,0,0,0
COM_674,Quy khach duoc cong 20.000 diem do dang ky moi dich vu FTTH. Thoi han su dung diem den 31/10/2024. Hay truy cap http://myvt.page.link/viettelplus tren My Viettel de doi diem sang cuoc cung nhieu uu dai gia tri khac. Chi tiet LH 18008119 (0d). Tran trong.,0,0,0,0,0,0,0,0,0,0
COM_675,"[TB] MUA DATA - CHĂM CÂY HIỆU QUẢ
Soạn VPL30 gửi 191: 80.000đ/30 ngày có 30GB tốc độ cao (1GB/ngày) truy cập Internet thoải mái và dễ dàng cập nhật thông tin hướng dẫn chăm sóc cây trồng mùa mưa bão.
Gói cước gia hạn sau 30 ngày. CT dành riêng cho Quý khách. Chi tiết LH 198 (0đ).",0,0,0,0,0,0,0,0,0,0
COM_676,"[TB] NẠP THẺ TẶNG TIỀN - DÙNG LIỀN DATA!
Tặng 20% giá trị tất cả thẻ nạp vào tài khoản viễn thông trong ngày 25/09/2024. Tiền KM sử dụng truy cập Internet trong 15 ngày. Nạp thẻ online tại các ví điện tử, ứng dụng thanh toán hoặc tại https://viettel.vn/naptienkm . Chi tiết gọi 197 bấm phím 19 (0đ). Trân trọng.",0,0,0,0,0,0,0,0,0,0
COM_677,"Doi thanh cong 100 diem tieu dung Viettel++ thanh 20 MB Data de Quy khach trai nghiem dich vu. Han su dung truoc 25/09/2024. Tong diem tieu dung con lai trong tai khoan Viettel++ cua Quy khach la 27 diem. De kiem tra lich su doi diem va lua chon uu dai hap dan khac, vui long truy cap https://myvt.page.link/vtplus. Tran trong.",0,0,0,0,0,0,0,0,0,0
COM_678,"TK Tien di dong 84377326330 GD +2,000 VND luc 2024-09-26 16:34:51. So du 4,002 VND Phi: -0 VND. ND: Nhan tien 240926192319721. Su dung TK Tien di dong, ban co the chuyen tien, nap dien thoai, mua 3G/4G va thanh toan hang tram dich vu voi nhieu uu dai tai https://viettelmoney.vn/tin-tuc-va-khuyen-mai",0,0,0,0,0,0,0,0,0,0
COM_679,[TB] Ban co 10.000d MIEN PHI de nap dien thoai Viettel. Nhanh tay mo app hoac vao https://km.vtmoney.vn/314y/uudai2 de su dung ngay nhe!,0,0,0,0,0,0,0,0,0,0
COM_680,"[TB] Ban co UU DAI 50% (toi da 10.000d) khi mua Data, nap dien thoai Viettel hoac thanh toan Dien. Nhanh tay mo app hoac truy cap https://km.vtmoney.vn/314y/uudai2 de su dung ngay!",0,0,0,0,0,0,0,0,0,0
COM_681,"[TB] TẶNG 50% GIÁ TRỊ NẠP TIỀN ĐẦU TIÊN TRÊN MY VIETTEL VÀO CHỦ NHẬT HÀNG TUẦN. CT áp dụng khi nạp tiền vào tài khoản viễn thông qua thẻ ATM/VISA quốc tế, ví điện tử có liên kết trên My Viettel. Tiền khuyến mại sử dụng truy cập Internet trong 15 ngày. Giảm thêm 2,5% khi nạp tại https://myvt.page.link/naptienngay. Chi tiết LH 198 (0đ). Trân trọng.",0,0,0,0,0,0,0,0,0,0
COM_682,"[TB] Ban co UU DAI 50% (toi da 10.000d) khi mua Data, nap dien thoai Viettel hoac thanh toan Dien. Nhanh tay mo app hoac truy cap https://km.vtmoney.vn/314y/uudai2 de su dung ngay. Neu da su dung vui long bo qua tin nhan.",0,0,0,0,0,0,0,0,0,0
COM_683,"Tai khoan cua Quy khach sap het. Soan:
1 gui 211 de cong 35 phut noi mang (794d/p), su dung trong 15 ngay
2 gui 211 de cong 16 phut ngoai mang (1.369d/p), su dung trong 7 ngay
3 gui 211 de cong 100 tin nhan noi mang (230d/tin), su dung trong 15 ngay
4 gui 211 de cong 20 tin nhan ngoai mang (313d/tin), su dung trong 7 ngay
Chi tiet LH 198 (mien phi).",0,0,0,0,0,0,0,0,0,0
COM_684,"[TB] ƯU ĐÃI KHỦNG!!!
TẶNG 50% giá trị TẤT CẢ THẺ NẠP vào tài khoản viễn thông (30% để truy cập Internet, 20% để gọi và nhắn tin nội mạng). Nạp thẻ online tại các ví điện tử, ứng dụng thanh toán hoặc tại https://viettel.vn/naptienkm.
CT áp dụng từ thời điểm Quý khách nhận được tin nhắn đến hết 30/09. Tiền KM được tặng sau khi nạp thẻ 30 phút, sử dụng trong 15 ngày. LH 198 (0đ).",0,0,0,0,0,0,0,0,0,0
COM_685,"[TB] KHUYẾN MẠI NGÀY VÀNG! 
Tặng 20% giá trị TẤT CẢ THẺ NẠP trong hôm nay 01/10, tiền KM sử dụng gọi, nhắn tin nội mạng trong 15 ngày. Nạp thẻ online tại https://viettel.vn/pay/tt . CT dành riêng cho Quý khách. LH 198 (0đ).",0,0,0,0,0,0,0,0,0,0
COM_686,"[QC] KIỂM TRA ONLINE TỐC ĐỘ TRUY CẬP INTERNET ĐƠN GIẢN, DỄ DÀNG. Mời Quý khách đăng nhập tài khoản thuê bao Internet trên ứng dụng My Viettel để tự đo kiểm tốc độ download/upload tại https://myvt.page.link/ispeed. Chi tiết LH 18008119 (0đ). Từ chối QC, soạn TC3 gửi 199.",0,0,0,0,0,0,0,0,0,0
COM_687,"[QC] Tặng bộ ưu đãi đến 100K từ Be (2 mã giảm giá beBike + beCar) khi mua gói YT15K (15.000đ/7 ngày có tối đa 25GB truy cập YouTube). Gói cước gia hạn sau 7 ngày. Đăng ký tại https://myvt.page.link/yt15k . Chi tiết LH 198 (0đ). Từ chối QC, soạn TC3 gửi 199.",0,0,0,0,0,0,0,0,0,0
COM_688,"[QC] Cơ hội trúng thưởng đến 45 triệu đồng (xe máy Vision, tủ lạnh, bàn ủi hơi nước,...) và rất nhiều voucher ưu đãi mua sắm gia dụng khác khi thanh toán khoản vay (từ 500.000đ) ngay tại https://km.vtmoney.vn/314y/udvision . Chi tiết LH 18009000 (0đ). Từ chối QC, soạn TC3 gửi 199.",0,0,0,0,0,0,0,0,0,0
COM_689,"[QC] Đổi điểm Viettel++ trên My Viettel để thanh toán cước Internet dễ dàng ngay tại https://viettel.vn/doidiemcodinh. CT áp dụng đến hết 31/12/2024. Chi tiết LH 198 (0đ). Từ chối QC, soạn TC3 gửi 199.",0,0,0,0,0,0,0,0,0,0
COM_690,"[TB] MỪNG 20 NĂM DI ĐỘNG VIETTEL - GIẢM GIÁ 20%!
Cơ hội hiếm có: Giảm 20% giá các gói cước data, combo thoại+data (gói từ 30 ngày trở lên) khi mua qua ứng dụng MoMo. Truy cập ngay onelink.momo.vn/Viettel/VIETTEL20NAM để lựa chọn gói cước phù hợp và nhận ưu đãi.
CT áp dụng đến hết 31/10/2024. Chi tiết xem tại viettel.vn/20nam_appkhac. LH 198 (0đ).",0,0,0,0,0,0,0,0,0,0
COM_691,zqnFTD^TCNhậzpMăãQuăàTặqg^gfVzrm.anhcq.me>TéamTàámNggan>8B8XTNO9GIU7<TàăiLlộcZôBijênXHHA,1,1,1,1,1,1,1,1,1,1
COM_692,"[TB] Thủ tướng Chính phủ kêu gọi người dân chung tay xóa nhà tạm, nhà dột nát trên phạm vi toàn quốc bằng cách chuyển khoản đến Quỹ Vì người nghèo Trung ương, số tài khoản:
- 111135888888 tại Vietinbank.
- 9999999999999 tại Vietcombank.
- 1303999789999 tại Agribank.
- 8631088888 tại BIDV.
- 2025 tại MBBank.
- 3761.0.9054386.91046 tại Kho bạc Nhà nước Hoàn Kiếm, Hà Nội.",0,0,0,0,0,0,0,0,0,0
COM_693,"[TB] Ban duoc GIAM 5.000d khi mua Data, nap dien thoai Viettel hoac thanh toan Dien. Nhanh tay mo app hoac truy cap https://km.vtmoney.vn/314y/uudai2 de su dung ngay nhe!",0,0,0,0,0,0,0,0,0,0
COM_694,"[QC] MIỄN PHÍ 02 CAMERA TRONG NHÀ khi Khách hàng Internet Viettel đăng ký DV Home Camera: Phí lắp đặt 150.000đ/camera, lưu trữ Cloud chỉ từ 40.000đ/tháng/camera. Đăng ký tại https://www.viettel.vn/camera hoặc LH 18008168 (0đ). Từ chối QC, soạn TC3 gửi 199.",0,0,0,0,0,0,0,0,0,0
COM_695,"[QC] TIKI - SALE 10.10. Đừng bỏ lỡ cơ hội săn Coupon giảm giá, giao hàng nhanh trên TIKI và thanh toán cực đơn giản với Viettel Money. Chi tiết tại https://km.vtmoney.vn/314y/tikis1 hoặc LH 18009000 (0đ). Từ chối QC, soạn TC3 gửi 199.",0,0,0,0,0,0,0,0,0,0
COM_696,"[TB] NẠP THẺ ONLINE - NHẬN NGAY KHUYẾN MẠI 50%!
Tặng 50% giá trị tất cả thẻ nạp vào tài khoản viễn thông trong ngày 10/10/2024. Tiền KM sử dụng TRUY CẬP INTERNET trong 15 ngày. CT áp dụng khi nạp thẻ online qua các ví điện tử, ứng dụng thanh toán hoặc tại https://viettel.vn/pay/tt . Chi tiết gọi 197 bấm phím 19 (0đ). Trân trọng.",0,0,0,0,0,0,0,0,0,0
COM_697,"[TB] MỪNG 20 NĂM DI ĐỘNG VIETTEL, GIẢM NGAY 20K!
Mua gói MXH150S qua MoMo chỉ còn 130K/30 ngày (giá gốc 150K) có 1GB/ngày, 30p gọi ngoại mạng, miễn phí 10p/cuộc gọi nội mạng và data truy cập TikTok, YouTube, Facebook và nhắn tin Messenger.
Để tham gia, truy cập https://onelink.momo.vn/Viettel/VIETTEL20NAM và nhập mã MMVIETTEL20 trước ngày 31/10.
CT dành riêng cho Quý khách. Chi tiết LH 198 (0đ).",0,0,0,0,0,0,0,0,0,0
COM_698,"[TB] Dung quen Ban dang co voucher giam 5.000d khi mua Data, nap dien thoai Viettel hoac thanh toan Dien se HET HAN HOM NAY 13/10/2024. Mo app hoac truy cap https://km.vtmoney.vn/314y/uudai2 de su dung uu dai Ban nhe. Neu da su dung vui long bo qua tin nhan.",0,0,0,0,0,0,0,0,0,0
COM_699,"[TB] Dung quen Ban dang co voucher giam 50% toi da 10.000d khi mua Data, nap dien thoai Viettel hoac thanh toan Dien. Mo app hoac truy cap https://km.vtmoney.vn/314y/uudai2 de su dung uu dai Ban nhe. Neu da su dung vui long bo qua tin nhan.",0,0,0,0,0,0,0,0,0,0
COM_700,"[TB] NẠP THẺ ONLINE - NHẬN NGAY KHUYẾN MẠI!
Tặng 20% giá trị tất cả thẻ nạp vào tài khoản viễn thông trong ngày 15/10/2024. Tiền KM sử dụng TRUY CẬP INTERNET trong 15 ngày. CT áp dụng khi nạp thẻ online qua các ví điện tử, ứng dụng thanh toán hoặc tại https://viettel.vn/pay/tt . Chi tiết gọi 197 bấm phím 19 (0đ). Trân trọng.",0,0,0,0,0,0,0,0,0,0
COM_701,"[TB] Dung quen Ban dang co voucher giam 50% toi da 10.000d khi mua Data, nap dien thoai Viettel hoac thanh toan Dien. Mo app hoac truy cap https://km.vtmoney.vn/314y/uudai2 de su dung uu dai Ban nhe.",0,0,0,0,0,0,0,0,0,0
COM_702,"Quy khach da duoc thanh toan 10000 VND tu nhan vien 8300240041, Ngay GD: 16/10/2024 18:33:42. Ma GD 2410167576132968. LH 18008098 (0d). Tran trong.",0,0,0,0,0,0,0,0,0,0
COM_703,"Quy khach co 10.000 dong trong tai khoan. Bam goi *098*3# de co 3GB voi 15.000d/3 ngay hoac *098*989# (30.000d/3 ngay) co 15GB (5GB/ngay), mien phi 10 phut/cuoc noi mang, 15 phut ngoai mang, SMS noi mang va TV360. Goi cuoc gia han khi het chu ky. De biet thong tin cac uu dai khac, bam goi *098# hoac truy cap My Viettel tai https://myvt.page.link/goidata . Chi tiet LH 198 (0d). Tran trong.",0,0,0,0,0,0,0,0,0,0
COM_704,"Quý khách đã đăng ký thành công gói ST5K: 5.000đ/ngày có 500MB sử dụng đến 23:59:59 ngày 16/10/2024. Đăng ký lần tiếp theo trong ngày, Quý khách sẽ được tặng thêm 500MB theo CT Mua 2 tặng 1. Gói cước gia hạn hàng ngày. Truy cập https://viettel.vn/kttk để kiểm tra ưu đãi. Để hủy gia hạn, soạn HUY ST5K gửi 191. Chi tiết LH 198 (0đ). Trân trọng.",0,0,0,0,0,0,0,0,0,0
COM_705,"Sau khi hủy gia hạn gói ST5K, ưu đãi còn lại sẽ được sử dụng đến hết chu kỳ. Để xác nhận hủy, soạn Y gửi 191. Để từ chối hủy gia hạn và được tặng thêm 100MB khi gói cước gia hạn thành công chu kỳ tiếp theo, soạn N gửi 191. Chi tiết LH 198 (0đ). Trân trọng.",0,0,0,0,0,0,0,0,0,0
COM_706,"JiFbMjrễnPhjANquòiicIhơiiTHóTDChi""nC-hínNqqànR'GQbhEk.anqzu.me;pVùiVèNuHt",1,1,1,1,1,1,1,1,1,1
COM_707,"[TB] Nhân dịp kỷ niệm ""20 năm mạng di động Viettel"", kính mời Quý khách soạn 20NAM gửi 191 hoặc truy cập https://viettel.vn/20namdidong để nhận điểm Viettel++. Trân trọng cảm ơn Quý khách đã đồng hành cùng Viettel và rất mong được tiếp tục phục vụ Quý khách trong chặng đường tới. Chi tiết LH 198 (0đ).",0,0,0,0,0,0,0,0,0,0
COM_708,"ỶdZỎ Nế_p179Ng_ỷnTẨ*ngNgỀy179Ng""ỉnMiẾnPh-Ị)18corl.Kx5N.me fVon",1,1,1,1,1,1,1,1,1,1
COM_709,[TB] Dung quen Ban dang co voucher MIEN PHI 5.000d khi nap dien thoai Viettel se HET HAN HOM NAY 22/10/2024. Mo app hoac truy cap https://km.vtmoney.vn/314y/uudai2 de su dung uu dai ngay Ban nhe.,0,0,0,0,0,0,0,0,0,0
COM_710,"[TB] Ưu đãi data dành riêng cho Quý khách:
Soạn TV7K gửi 191: 7.000đ/ngày có 1GB sử dụng đến 24h ngày đăng ký. Gói cước gia hạn theo ngày.
LH 198 (0đ).",0,0,0,0,0,0,0,0,0,0
COM_711,"[TB] NẠP THẺ TẶNG TIỀN - DÙNG LIỀN DATA!
Tặng 20% giá trị tất cả thẻ nạp vào tài khoản viễn thông trong ngày 25/10/2024. Tiền KM sử dụng truy cập Internet trong 15 ngày. Nạp thẻ online tại các ví điện tử, ứng dụng thanh toán hoặc tại https://vtmoney.onelink.me/314y/km3 . Chi tiết gọi 197 bấm phím 19 (0đ). Trân trọng.",0,0,0,0,0,0,0,0,0,0
COM_712,"Tai khoan cua Quy khach sap het. Soan:
1 gui 211 de cong 15 phut noi mang (794d/p), su dung trong 7 ngay
2 gui 211 de cong 4 phut ngoai mang (1.400d/p), su dung trong 7 ngay
3 gui 211 de cong 50 tin nhan noi mang (240d/tin), su dung trong 7 ngay
4 gui 211 de cong 5 tin nhan ngoai mang (313d/tin), su dung trong 7 ngay
Chi tiet LH 198 (mien phi).",0,0,0,0,0,0,0,0,0,0
COM_713,"[TB] Chương trình nhận quà Chào mừng 20 năm mạng di động Viettel sắp kết thúc, soạn 20NAM gửi 191 hoặc truy cập https://viettel.vn/20namdidong trước ngày 31/10/2024 để nhận quà ngay. Chi tiết LH 198 (0đ). Trân trọng.",0,0,0,0,0,0,0,0,0,0
COM_714,LinkedIn is updating its User Agreement and providing you more information in its Privacy Policy. Click here for more details: https://lnkd.in/tos-24,0,0,0,0,0,0,0,0,0,0
COM_715,[TB] HOAN 100% cho giao dich CHUYEN TIEN dau tien trong HOM NAY 29/10/2024 tren Viettel Money (so tien chuyen toi thieu 5.000d). Tien hoan se duoc cong trong 72h (hoan toi da 5.000d). Mo app hoac truy cap https://km.vtmoney.vn/314y/vtmchuyentiensdt de thuc hien ngay ban nhe.,0,0,0,0,0,0,0,0,0,0
COM_716,ỈẲỒF ộK3_65ĐẪngK-ỈNhẲ*nNgẢy88KấPhờR*Ỹ)qcfs9j.nfiw0t.me ỄằVM,1,1,1,1,1,1,1,1,1,1
COM_717,"[TB] Dung quen Ban dang co voucher giam 50% toi da 10.000d khi mua Data, nap dien thoai Viettel hoac thanh toan Dien se HET HAN HOM NAY 31/10/2024. Mo app vao muc ""Uu dai cua toi"" hoac truy cap https://km.vtmoney.vn/314y/uudai2 de su dung uu dai Ban nhe.",0,0,0,0,0,0,0,0,0,0
COM_718,"[QC] 21h00 ngày 03/11: Chung kết ATP 1000 Rolex Paris Master. Ngôi vương sẽ về tay ai?
Đón xem trực tiếp trận đấu trên TV360 với 100% lưu lượng data 4G/5G Viettel tốc độ cao tại https://tv360.vn/ . Chi tiết LH 198 (0đ). Từ chối QC, soạn TC4 gửi 199.",0,0,0,0,0,0,0,0,0,0
COM_719,"[TB] Tien ich Loi nhan thoai cua Viettel: Quy khach co cuoc goi nho tu TB 02873049352 vao luc 15:29 03/11/2024. De nghe loi nhan thoai, vui long bam goi 16225 (mien phi).",0,0,0,0,0,0,0,0,0,0
COM_720,"[QC] Tặng voucher di chuyển và đặt đồ ăn từ Grab khi mua gói SD30S. Phí gói 30.000đ/7 ngày có tối đa 2GB/ngày. CT áp dụng đến 30/11 cho khách hàng nhận tin và đăng ký tại https://myvt.page.link/SD30S. Chi tiết LH 198 (0đ). Từ chối QC, soạn TC3 gửi 199.",0,0,0,0,0,0,0,0,0,0
COM_721,"[QC] Không lo bỏ lỡ các dịp khuyến mại nạp thẻ với tính năng nạp tiền tự động trên ứng dụng My Viettel. Hãy chủ động đặt lịch nạp tiền theo chu kỳ khuyến mại chỉ với vài thao tác đơn giản tại https://myvt.page.link/autopay. Chi tiết LH 198 (0đ). Từ chối QC, soạn TC3 gửi 199.",0,0,0,0,0,0,0,0,0,0
COM_722,"(TPBank) Hoa don Vi Tra Sau Momo T10 cua QK co du no 50,000VND. QK co the TT toan bo du no hoac TT toi thieu truoc ngay 5/11/2024. Vui long bo qua neu da TT",0,0,0,0,0,0,0,0,0,0
COM_723,"[TB] DATA MUÔN NƠI, GIÁ SIÊU HỜI!
Soạn ST30K gửi 191: 30K/7 ngày có 7GB. Gói cước gia hạn sau 7 ngày. Chi tiết LH 198 (0đ).",0,0,0,0,0,0,0,0,0,0
COM_724,"[TB] Tien ich Loi nhan thoai cua Viettel: Quy khach co loi nhan tu TB 02473027750 vao luc 14:40 05/11/2024. Voi noi dung: Dạ. Mình có cái khoản vay áp momo của mình trễ hạn đóng tiền triệu hai tám mươi mốt á nếu mà có tài chính rồi mình hỗ trợ thanh toán trước 5h chiều hôm nay để bên em gạch nợ mất Momo lại. Ha triệu hai tám một.. De nghe loi nhan thoai, vui long bam goi 16226 (mien phi).",0,0,0,0,0,0,0,0,0,0
COM_725,"[TB] Dung quen Ban dang co voucher giam 5.000d khi mua Data, nap dien thoai Viettel hoac thanh toan Dien. Mo app vao muc ""Uu dai cua toi"" hoac truy cap https://km.vtmoney.vn/314y/uudai2 de su dung uu dai Ban nhe.",0,0,0,0,0,0,0,0,0,0
COM_726,"KrSo TD-TCNhằ_nCố-ZỄ[XPZUTKY9B2D0]88Ngh~ỉnPhờR""Ị)MeWI.tpae.online ỜTảj",1,1,1,1,1,1,1,1,1,1
COM_727,DaZneDjnkout#rRbOxu.tpqw9c.cc^ljXyQáaHoitoTÁimiTaãmVkaHứqThuTậanCuqVpDd,1,1,1,1,1,1,1,1,1,1
COM_728,"[TB] Dung quen Ban dang co voucher MIEN PHI 5.000d khi nap dien thoai Viettel. Mo app vao muc ""Uu dai cua toi"" hoac truy cap https://km.vtmoney.vn/314y/uudai2 de su dung uu dai ngay Ban nhe.",0,0,0,0,0,0,0,0,0,0
COM_729,"[TB] Thượng tôn Hiến pháp và Pháp luật, tạo động lực đưa đất nước bước vào kỷ nguyên vươn mình của dân tộc.",0,0,0,0,0,0,0,0,0,0
COM_730,"TK Tien di dong 84377326330 GD +1,000 VND luc 2024-11-07 16:41:19. So du 2,701 VND Phi: -0 VND. ND: Nhan tien 241107163616859. Su dung TK Tien di dong, ban co the chuyen tien, nap dien thoai, mua 3G/4G va thanh toan hang tram dich vu voi nhieu uu dai tai https://viettelmoney.vn/tin-tuc-va-khuyen-mai",0,0,0,0,0,0,0,0,0,0
COM_731,GaRgZôgđaYMafHúlp:OiAoup.tpqr2c.cc~tiẶqTkuoqnĂimChujctngkjnpBằnqLogPxBh,1,1,1,1,1,1,1,1,1,1
COM_732,"[TB] LỄ ĐỘC THÂN, TRAO DATA - NHẬN VOUCHER GRAB
Tặng gói 1N cho người thân yêu của bạn, nhận ngay voucher giảm đến 40% giá dịch vụ Grab.
Truy cập https://myvt.page.link/tang1n để tặng ngay (10K/lần có 5GB, 5p ngoại mạng, miễn phí 10p/cuộc nội mạng, SMS nội mạng và TV360, ưu đãi sử dụng đến 24h ngày tặng).
CT áp dụng với lần tặng đầu tiên đến 12/11, dành riêng cho Quý khách. LH 198 (0đ).",0,0,0,0,0,0,0,0,0,0
COM_733,"[TB] Dung quen Ban dang co voucher MIEN PHI 5.000d khi nap dien thoai Viettel. Mo app vao muc ""Uu dai cua toi"" hoac truy cap https://km.vtmoney.vn/314y/uudai2 de su dung uu dai ngay Ban nhe. Neu da su dung vui long bo qua tin nhan.",0,0,0,0,0,0,0,0,0,0
COM_734,"[TB] NẠP THẺ TẶNG TIỀN - DÙNG LIỀN DATA!
Tặng 20% giá trị tất cả thẻ nạp vào tài khoản viễn thông trong ngày 11/11/2024. Tiền KM sử dụng truy cập Internet trong 15 ngày. Nạp thẻ online tại các ví điện tử, ứng dụng thanh toán hoặc tại https://viettel.vn/naptienkm . Chi tiết gọi 197 bấm phím 19 (0đ). Trân trọng.",0,0,0,0,0,0,0,0,0,0
COM_735,vhsy>ijpyjg.tpzse.cc~ljxjsàlhdiejutásmsnqìnntjỉlộkđầlmìnkcwjc,1,1,1,1,1,1,1,1,1,1
COM_736,"[QC] Vay nhanh online, giai ngan sieu toc den 5 TRIEU dong, chi can CCCD. Tra gop tu 30-45 ngay. Dang ky online voi Viettel Money: https://vtmoney.onelink.me/314y/paydaymedium Chi tiet LH 18009000 (0d). Tu choi QC, soan TC3, gui 199",0,0,0,0,0,0,0,0,0,0
COM_737,"[TB] Để phát hiện sớm bệnh tăng huyết áp, đái tháo đường và dấu hiệu nguy cơ mắc bệnh không lây khác ở người từ 60 tuổi, hãy đến trạm y tế để được khám sức khỏe miễn phí.",0,0,0,0,0,0,0,0,0,0
COM_738,ufnr#fviojk.tpgrd.cc?nạqmôjtckínchisnnqànnhưuởgtkêmmoojttrlămphầltrăamtiêfntafinhuwmôơgdhy,1,1,1,1,1,1,1,1,1,1
COM_739,"[TB] Theo Luật Viễn thông, từ ngày 01/07/2024, các thuê bao sẽ phải chịu trách nhiệm trước pháp luật về các số điện thoại mình đã đăng ký sử dụng với nhà mạng. Đề nghị liên hệ tổng đài CSKH để rà soát, bảo đảm SIM của mình là chính chủ và không có SIM nào khác đang bị đăng ký bằng thông tin của mình mà bản thân không sử dụng.",0,0,0,0,0,0,0,0,0,0
COM_740,"mhpb,iohafr.tphrd.cc]nkalhtajđzểkơóđượklixximjộtnqànntjỷkaákiêsmnkjềutjềnowqd",1,1,1,1,1,1,1,1,1,1
COM_741,"[TB] NẠP THẺ ONLINE - NHẬN NGAY KHUYẾN MẠI!
Tặng 20% giá trị tất cả thẻ nạp vào tài khoản viễn thông trong ngày 15/11/2024. Tiền KM sử dụng TRUY CẬP INTERNET trong 15 ngày. CT áp dụng khi nạp thẻ online qua các ví điện tử, ứng dụng thanh toán hoặc tại https://km.vtmoney.vn/314y/kmdaitra. Chi tiết gọi 197 bấm phím 19 (0đ). Trân trọng.",0,0,0,0,0,0,0,0,0,0
COM_742,kkblvâàogejmnhâjnlieentàamtàamnqgin?hdbpkc.tpqaz.de]tàâilôjcdôfjdafordxp,1,1,1,1,1,1,1,1,1,1
COM_743,wmfjnhâjnquaflơsnhajnngantjỉ:qCVfRT.bdilm.cc]xiêfntafilhưmôơjotv,1,1,1,1,1,1,1,1,1,1
COM_744,odvh$eblar.bdukm.cc;djêfntêxnvăanhhậntaamtasmkplutjâituyệhvwờjntlh,1,1,1,1,1,1,1,1,1,1
COM_745,"[TB] Dung quen Ban dang co voucher MIEN PHI 5.000d khi nap dien thoai Viettel se HET HAN HOM NAY 19/11/2024. Mo app vao muc ""Uu dai cua toi"" hoac truy cap https://km.vtmoney.vn/314y/uudai2 de su dung uu dai ngay Ban nhe.",0,0,0,0,0,0,0,0,0,0
COM_746,utdjtafilooczôbjeen~ffacxq.bdtxj.me^khuyêsnmạâiwaltaamcửủtasmmxoyf,1,1,1,1,1,1,1,1,1,1
COM_747,gvkj>svtd.bdlkj.me?phầănthưởqtaamtaamnqginkwiđălgkystafilôjcvoobieenwzgf,1,1,1,1,1,1,1,1,1,1
COM_748,"Tai khoan cua Quy khach khong du de thuc hien cuoc goi, bam goi ngay 1498967145402 de tiep tuc lien lac voi so dien thoai 967145402. Cuoc goi 690d/p, tinh cuoc 6s+1, cuoc DV 500d. Quy khach vui long soan HD gui 1498 de duoc huong dan. Tu choi nhan tin, soan TC gui 1498.",0,0,0,0,0,0,0,0,0,0
COM_749,"PaJjOSốoqnăqLuoq""smiejk.ddqw4c.me'PhastLộocCưjcSagzTAamhTafmNqàanpHứqThuTậanCuqFhBk",1,1,1,1,1,1,1,1,1,1
COM_750,"Quy khach da duoc thanh toan 20000 VND tu nhan vien 8300240020, Ngay GD: 23/11/2024 14:38:42. Ma GD 2411237603607281. LH 18008098 (0d). Tran trong.",0,0,0,0,0,0,0,0,0,0
COM_751,"Quý khách đã đăng ký thành công gói ST5K: 5.000đ/ngày có 500MB sử dụng đến 23:59:59 ngày 23/11/2024. Đăng ký lần tiếp theo trong ngày, Quý khách sẽ được tặng thêm 500MB theo CT Mua 2 tặng 1. Gói cước gia hạn hàng ngày. Truy cập https://viettel.vn/kttk để kiểm tra ưu đãi. Để hủy gia hạn, soạn HUY ST5K gửi 191. Chi tiết LH 198 (0đ). Trân trọng.",0,0,0,0,0,0,0,0,0,0
COM_752,"[TB] NẠP THẺ TẶNG TIỀN - DÙNG LIỀN DATA!
Tặng 20% giá trị tất cả thẻ nạp vào tài khoản viễn thông trong ngày 25/11/2024. Tiền KM sử dụng truy cập Internet trong 15 ngày. Nạp thẻ online tại các ví điện tử, ứng dụng thanh toán hoặc tại https://vtmoney.onelink.me/314y/km3 . Chi tiết gọi 197 bấm phím 19 (0đ). Trân trọng.",0,0,0,0,0,0,0,0,0,0
COM_753,LiaaNkậnDuojcMoojtTrâămPhầlTrâămKhjChuyêlMơộtChjnChílnqaL*qUUim.ddutcj.me*VujVẻiHôơmNjaycBGZ,1,1,1,1,1,1,1,1,1,1
COM_754,UpP4EVậlnMaayHôqmNayCủaPạnTặpgNqqayAeNăătmMữơjKãNạạpDđầUNkânĐôjiLun:c97qvs.ddhac.de^b0YwE,1,1,1,1,1,1,1,1,1,1
COM_755,"[TB] Tien ich Loi nhan thoai cua Viettel: Quy khach co loi nhan tu TB 0941740554 vao luc 14:16 26/11/2024. Voi noi dung: dạ ngân hàng tê bê ban hiện đang có gói ưu đãi lên đến 1200000 đồng và các cơ hội nhận ngay khoản vay tế 10 triệu đồng dành tản thiên chờ quý khách nhận được cuộc gọi này quý khách thay tải nhạc app tê bê banh mobile về máy để đăng ký và nhận ngay gói ưu đãi hoặc bấm phím buộc để bên em có thể dưới vận tải app ạ nếu cần hỗ trợ quý khách vui lòng liên hệ đến số hotline 1900633863 để được gặp nhân viên tư vấn trước quý khách một ngày vui vẻ. De nghe loi nhan thoai, vui long bam goi 16228 (mien phi).",0,0,0,0,0,0,0,0,0,0
COM_756,"Quý khách đã đăng ký thành công gói 1N: 10.000đ/ngày có 5GB, 5 phút ngoại mạng, miễn phí 10 phút đầu tiên của tất cả các cuộc gọi nội mạng, nhắn tin nội mạng và xem truyền hình TV360; ưu đãi sử dụng đến 23:59:59 ngày 30/11/2024. Gói cước gia hạn hàng ngày. Truy cập https://viettel.vn/kttk để kiểm tra ưu đãi. Để hủy gia hạn, soạn HUY 1N gửi 191. Chi tiết LH 198 (0đ). Trân trọng.",0,0,0,0,0,0,0,0,0,0
COM_757,"[TB] Nhằm kích cầu tiêu dùng trong nước, Bộ Công thương phát động Chương trình Khuyến mại tập trung quốc gia 2024 từ ngày 02/12/2024 - 31/12/2024, doanh nghiệp sẽ thực hiện khuyến mại với hạn mức có thể lên đến 100%.",0,0,0,0,0,0,0,0,0,0
COM_758,"Sau khi hủy gia hạn gói 1N, ưu đãi còn lại sẽ được sử dụng đến hết chu kỳ. Để xác nhận hủy, soạn Y gửi 191. Để từ chối hủy gia hạn và được tặng thêm 1GB khi gói cước gia hạn thành công chu kỳ tiếp theo, soạn N gửi 191. Chi tiết LH 198 (0đ). Trân trọng.",0,0,0,0,0,0,0,0,0,0
COM_759,"[QC] Mời Quý khách trải nghiệm các tiện ích trên My Viettel: Quản lý tài khoản Internet và Truyền hình, chuyển đổi gói cước, quản lý thiết bị modem wifi từ xa tại https://myvt.page.link/myviettel. Chi tiết LH 198 (0đ). Từ chối QC, soạn TC3 gửi 199.",0,0,0,0,0,0,0,0,0,0
COM_760,"[QC] TẠO TÀI KHOẢN VÀ ĐĂNG NHẬP MY VIETTEL - NHẬN NGAY 10.000 ĐIỂM VIETTEL++. CT áp dụng cho thuê bao Internet, truyền hình tạo tài khoản và đăng nhập ứng dụng My Viettel thành công tại https://myvt.page.link/tkmyvt. Điểm Viettel++ được cộng trong 48h. Chi tiết LH 18008119 (0đ). Từ chối QC, soạn TC3 gửi 199",0,0,0,0,0,0,0,0,0,0
COM_761,JtSkKzobaUsĐaayRồvi]kGvsOt.mcygz.me~XànkĐiejuNkặlMơộtnqaLTircvjB,1,1,1,1,1,1,1,1,1,1
COM_762,[TB] Tien ich Loi nhan thoai cua Viettel: Quy khach co cuoc goi nho tu TB 02473017463 vao luc 13:58 03/12/24.,0,0,0,0,0,0,0,0,0,0
COM_763,"[TB] DATA TRÀN TRỀ - GÓI CƯỚC THÍCH MÊ!
1. Soạn 1N gửi 191: 10K/ngày có 5GB, 5 phút ngoại mạng, miễn phí 10p/cuộc gọi nội mạng, SMS nội mạng và TV360; ưu đãi sử dụng đến 24h ngày đăng ký.
2. Soạn 7N gửi 191: 70K/7 ngày có 35GB (5GB/ngày), 35 phút gọi ngoại mạng, miễn phí 10 phút/cuộc gọi nội mạng, SMS nội mạng và TV360.
Các gói cước gia hạn khi hết chu kỳ. Chi tiết LH 198 (0đ).",0,0,0,0,0,0,0,0,0,0
COM_764,A ơi e có chút việc nên tầm 12 hoặc hơn 1 chút được không ạ,0,0,0,0,0,0,0,0,0,0
COM_765,A ơi a xử lý nhanh giúp e được không ạ,0,0,0,0,0,0,0,0,0,0
COM_766,[TB] Tang 20% gia tri tat ca the nap trong ngay 07/12/2024. Tien KM su dung TRUY CAP INTERNET trong 15 ngay. CT danh rieng cho TB cua Quy khach. LH 198 (0d).,0,0,0,0,0,0,0,0,0,0
COM_767,"Tai khoan cua Quy khach sap het. Soan:
1 gui 211 de cong 25 phut noi mang (794d/p), su dung trong 7 ngay
2 gui 211 de cong 11 phut ngoai mang (1.369d/p), su dung trong 7 ngay
3 gui 211 de cong 85 tin nhan noi mang (230d/tin), su dung trong 15 ngay
4 gui 211 de cong 15 tin nhan ngoai mang (313d/tin), su dung trong 7 ngay
Chi tiet LH 198 (mien phi).",0,0,0,0,0,0,0,0,0,0
COM_768,"Doi thanh cong 100 diem tieu dung Viettel++ thanh 20 MB Data. Han su dung truoc 09/12/2024. Tong diem tieu dung con lai trong tai khoan Viettel++ cua Quy khach la 118 diem. De kiem tra lich su doi diem va lua chon uu dai hap dan khac, vui long truy cap https://myvt.page.link/vtplus. Tran trong.",0,0,0,0,0,0,0,0,0,0
COM_769,"TK Tien di dong 84377326330 GD +100 VND luc 2024-12-09 07:18:09. So du 104 VND Phi: -0 VND. ND: Nhan tien 241209152503178. Su dung TK Tien di dong, ban co the chuyen tien, nap dien thoai, mua 3G/4G va thanh toan hang tram dich vu voi nhieu uu dai tai https://viettelmoney.vn/tin-tuc-va-khuyen-mai",0,0,0,0,0,0,0,0,0,0
COM_770,"(QC) TB 0377326330! Soan XN gui 5282 de xem Facebook, YouTube, TikTok, Instagram, Zalo, Spotify... khong gioi han data 4G va co hoi trung 500K vao tai khoan goc khi trai nghiem goi data truc tuyen tong hop - DV Mydata. Cuoc phi chi 3.000d/ngay, gia han theo ngay. Chi tiet truy cap http://mydata.viettel.vn hoac LH 198 (0d). Tu choi QC, soan TC4 gui 199.",0,0,0,0,0,0,0,0,0,0
COM_771,"[TB] NẠP THẺ TẶNG TIỀN - DÙNG LIỀN DATA!
Tặng 20% giá trị tất cả thẻ nạp vào tài khoản viễn thông trong ngày 10/12/2024. Tiền KM sử dụng truy cập Internet trong 15 ngày. Nạp thẻ online tại các ví điện tử, ứng dụng thanh toán hoặc tại https://viettel.vn/naptienkm . Chi tiết gọi 197 bấm phím 19 (0đ). Trân trọng.",0,0,0,0,0,0,0,0,0,0
COM_772,"[TB] NẠP THẺ LIỀN TAY - NHẬN NGAY KHUYẾN MẠI
Tặng 20% giá trị thẻ nạp đầu tiên vào tài khoản viễn thông trong ngày 09/12, tiền KM sử dụng gọi và nhắn tin nội mạng trong 15 ngày. 
Nạp thẻ online tại https://vtmoney.onelink.me/314y/km3 . CT dành riêng cho Quý khách. LH 198 (0đ).",0,0,0,0,0,0,0,0,0,0
COM_773,"[QC] 17h ngày 11/12: Trực tiếp vòng chung kết giải Bóng rổ sinh viên toàn quốc 2024. Liệu trường đại học nào sẽ giành tấm vé vào trận chung kết? 
Đón xem trực tiếp trận đấu trên TV360 tại https://tv360.vn/. Chi tiết LH 198 (0đ). Từ chối QC, soạn TC4 gửi 199.",0,0,0,0,0,0,0,0,0,0
COM_774,"[QC] Chiết khấu 10% (tối đa 100K) khi đóng trước cước Internet cho chính mình tại https://myvt.page.link/ttinternet. CT áp dụng cho TB đóng cước trước lần đầu trên My Viettel. Chi tiết LH 198 (0đ). Từ chối QC, soạn TC3 gửi 199.",0,0,0,0,0,0,0,0,0,0
COM_775,"Quy khach dang thuc hien
Doi mat khau
Ma OTP: 187698 hieu luc 1 phut
Quy khach se MAT TIEN va THONG TIN neu cung cap Ma OTP cho bat ky ai",0,0,0,0,0,0,0,0,0,0
COM_776,"Vi ly do BAO MAT, tuyet doi KHONG CUNG CAP cho bat ky ai thong tin kich hoat SACOMBANK SMART OTP, ma kich hoat la 86898209",0,0,0,0,0,0,0,0,0,0
COM_777,"[TB] NẠP THẺ TẶNG TIỀN - DÙNG LIỀN DATA!
Tặng 20% giá trị tất cả thẻ nạp vào tài khoản viễn thông trong ngày 11/12. Tiền KM sử dụng TRUY CẬP INTERNET trong 15 ngày.
Nạp thẻ online tại các ví điện tử, ứng dụng thanh toán hoặc tại https://viettel.vn/naptienkm .
CT dành riêng cho Quý khách. LH 198 (0đ).",0,0,0,0,0,0,0,0,0,0
COM_778,"Quy khach da duoc thanh toan 20000 VND tu nhan vien 4300240030, Ngay GD: 14/12/2024 06:34:25. Ma GD 241214667571870. LH 18008098 (0d). Tran trong.",0,0,0,0,0,0,0,0,0,0
COM_779,"Nhap ma OTP 1148 de xac thuc Dang nhap tren ung dung My Viettel. Ma OTP se het han sau 5p. Chi tiet LH 18008098 (0d) hoac truy cap https://viettel.vn/app. De dam bao an toan cho tai khoan cua Quy khach, vui long khong chia se ma xac thuc nay voi bat ky ai.",0,0,0,0,0,0,0,0,0,0
COM_780,"Quy khach da dang ky thanh cong goi ST5KM. Phi 5.000d/ngay co 1GB su dung den 24h, het luu luong truy cap theo goi Mobile Internet dang su dung (neu co). DV Khong gia han theo ngay. Soan KTTK de kiem tra luu luong tin nhan gui 191 hoac truy cap https://myvt.page.link/kttk1. LH 198 (0d). Tran trong.",0,0,0,0,0,0,0,0,0,0
COM_781,"[TB] NẠP THẺ ONLINE - NHẬN NGAY KHUYẾN MẠI!
Tặng 20% giá trị tất cả thẻ nạp vào tài khoản viễn thông trong ngày 15/12/2024. Tiền KM sử dụng TRUY CẬP INTERNET trong 15 ngày. CT áp dụng khi nạp thẻ online qua các ví điện tử, ứng dụng thanh toán hoặc tại https://viettel.vn/pay/tt . Chi tiết gọi 197 bấm phím 19 (0đ). Trân trọng.",0,0,0,0,0,0,0,0,0,0
COM_782,"De xac nhan yeu cau huy goi ST5KM, soan Y gui 191 trong vong 10 phut. De huy bo yeu cau, soan N gui 191. Yeu cau cua Quy khach se tu dong huy neu khong duoc xac nhan lai sau 10 phut. Sau khi huy, uu dai con lai cua goi ST5KM se khong duoc bao luu. Chi tiet LH 198 (0d). Tran trong.",0,0,0,0,0,0,0,0,0,0
COM_783,"Quy khach da huy goi ST5KM. Quy khach tiep tuc truy cap theo goi Mobile Internet dang su dung (neu co). De biet them thong tin ve cac goi khac, vui long bam goi *098# hoac truy cap My Viettel tai https://myvt.page.link/6 . Chi tiet LH 198 (0d). Tran trong.",0,0,0,0,0,0,0,0,0,0
COM_784,"[TB] Chi con 18 ngay de cap nhat sinh trac hoc theo quy dinh cua Ngan hang Nha nuoc. Sau khi cap nhat thanh cong, ban se nhan duoc phan qua den 8.686.868d tai: https://km.vtmoney.vn/314y/sinhtrachoc2 . Vui long bo qua tin nhan neu da cap nhat thong tin.",0,0,0,0,0,0,0,0,0,0
COM_785,Quy khach da dat hang thanh cong! Ma don hang 410793. Nhan vien tu van cua HACOM se goi dien xac nhan don hang va giao hang som.,0,0,0,0,0,0,0,0,0,0
COM_786,"[TB] Chuc mung Quy khach da dang ky thanh cong goi ST5KM tren ung dung My Viettel ngay 15/12/2024 va duoc tang 04 ma uu dai de su dung dich vu GrabBike, GrabCar va GrabFood. Quy khach truy cap link https://grb.to/VIETTEL_SV_24 de nhan uu dai. Chuong trinh co the ket thuc som hon du kien do so luong uu dai co han. Chi tiet LH 198 (0d). Tran trong!",0,0,0,0,0,0,0,0,0,0
COM_787,"Yêu cầu hủy không thành công, Quý khách không sử dụng gói ST5KM. Chi tiết LH 198 (0d). Trân trọng.",0,0,0,0,0,0,0,0,0,0
COM_788,"[TB] Tien ich Loi nhan thoai cua Viettel: Quy khach co loi nhan tu TB 02888885555 vao luc 13:54 20/12/2024. Voi noi dung: Thông báo quan trọng về việc thực hiện xin các học sinh, quý khách đừng vội tắt máy từ ngày một tháng một năm hai không hai mươi năm nếu quý khách không xác thực căn cước công dân bằng xin các học MoMo của quý khách sẽ không thực hiện được giao dịch thanh toán hoá đơn hoặc thanh toán dư nợ. Điều này sẽ làm ảnh hưởng xấu đến lịch sử tín dụng của quý khách. Hãy truy cập ngay vào App MoMo vận chuyển, cập nhật sinh trắc học theo hướng dẫn, vui lòng bỏ qua nếu như mình khách đã thực hiện sinh trắc học xin cảm ơn!. De nghe loi nhan thoai, vui long bam goi 106230 (mien phi).",0,0,0,0,0,0,0,0,0,0
COM_789,"[TB] Đổi mới y tế số, hãy sử dụng Sổ sức khỏe điện tử tích hợp trên VNeID cấp độ 2 để tiện lợi quản lý thông tin sức khỏe cá nhân, tra cứu hồ sơ khám bệnh và tiết kiệm thời gian khi đi khám bệnh.",0,0,0,0,0,0,0,0,0,0
COM_790,"Viettel TB: Goi ST5KM da het thoi gian su dung. De tiep tuc su dung goi ST5KM, Quy khach vui long dang ky tai https://myvt.page.link/ST5KM. Chi tiet LH 198 (0d). Tran trong",0,0,0,0,0,0,0,0,0,0
COM_791,"[TB] MY VIETTEL chúc Bạn Giáng sinh an lành. TẶNG NGAY 50% GIÁ TRỊ CHO LẦN NẠP THẺ ĐẦU TIÊN VÀO CHỦ NHẬT NGÀY 22/12/2024. CT áp dụng khi nạp tiền vào tài khoản viễn thông qua tài khoản ngân hàng, ví điện tử có liên kết trên My Viettel. Tiền khuyến mại sử dụng truy cập data trong 15 ngày. Giảm thêm 2,5% khi nạp tại https://viettel.vn/naptiencn. LH 198 (0đ). Trân trọng.",0,0,0,0,0,0,0,0,0,0
COM_792,"acxQ_IddEk/RRtDvb!cOcXrevqm.thsume.de>zalo.me<rorCtcQ&DigCT-r,i,n;h;DBje;t^D:an-h^R;ien,g^Q,uyKh'a:chxMjcUFTh-u;og-Xe;nCbJN:o!TQdkfdR",1,1,1,1,1,1,1,1,1,1
COM_793,"Sai cu phap nhan tin. De lay thong tin dich vu Mobile Internet va Dcom, vui long bam goi *098# hoac lien he 198 (mien phi). Tran trong.",0,0,0,0,0,0,0,0,0,0
COM_794,"Quy khach da duoc thanh toan 20000 VND tu nhan vien 4500540010, Ngay GD: 22/12/2024 16:20:26. Ma GD 241222611155573. LH 18008098 (0d). Tran trong.",0,0,0,0,0,0,0,0,0,0
COM_795,"Quy khach co 23.329 dong trong tai khoan. Bam goi *098*3# de co 3GB voi 15.000d/3 ngay hoac *098*989# (30.000d/3 ngay) co 15GB (5GB/ngay), mien phi 10 phut/cuoc noi mang, 15 phut ngoai mang, SMS noi mang va TV360. Goi cuoc gia han khi het chu ky. De biet thong tin cac uu dai khac, bam goi *098# hoac truy cap My Viettel tai https://myvt.page.link/goidata . Chi tiet LH 198 (0d). Tran trong.",0,0,0,0,0,0,0,0,0,0
COM_796,"[TB] Tien ich Loi nhan thoai cua Viettel: Quy khach co loi nhan tu TB 02888885555 vao luc 09:17 23/12/2024. Voi noi dung: máy từ ngày một tháng một năm hai không hai mươi năm nếu quý khách không cắt được căn cước công dân bằng sinh chắc học ví momo của quý khách không thực hiện được giao dịch thanh toán hóa đơn hoặc thanh toán dư nợ kiểu này sẽ làm ảnh hưởng xấu đến lịch sử tín dụng của quý khách hãy truy cập ngay vào app momo và thực hiện cập nhật sinh chắc học theo hướng dẫn vui lòng bỏ qua giữ khách đã thực hiện sinh chắc học xin cảm ơn. De nghe loi nhan thoai, vui long bam goi 106231 (mien phi).",0,0,0,0,0,0,0,0,0,0
COM_797,"Doi thanh cong 100 diem tieu dung Viettel++ thanh 20 MB Data. Han su dung truoc 25/12/2024. Tong diem tieu dung con lai trong tai khoan Viettel++ cua Quy khach la 18 diem. De kiem tra lich su doi diem va lua chon uu dai hap dan khac, vui long truy cap https://myvt.page.link/vtplus. Tran trong.",0,0,0,0,0,0,0,0,0,0
COM_798,Nhập 933658 trên Facebook để xác minh tài khoản.,0,0,0,0,0,0,0,0,0,0
COM_799,"[TB] ĐÓN GIÁNG SINH, RINH QUÀ XỊN
Soạn 5G135 gửi 191: 135K/30 ngày có 120GB (4GB/ngày), miễn phí xem TV360 4K, 20GB lưu trữ trên MyBox (chi tiết xem tại https://viettel.vn/5G135).
Đặc biệt, đăng ký gói trước 31/12/2024 để nhận ngay Voucher giảm 20% học phí Khóa học AI - Prompt Engineer từ Perico Talent trị giá 120K (Voucher nhận sau khi đăng ký 30 phút).
CT dành riêng cho Quý khách. LH 198 (0đ).",0,0,0,0,0,0,0,0,0,0
COM_800,"G:iaoD'jch;H:UB:E-TTa:ng:2O:0_O:To:y~Xe,ngMatol)xLQhekW.dmfv.tech))zalo.me(x",1,1,1,1,1,1,1,1,1,1
COM_801,"[TB] CƠ HỘI CUỐI SĂN ƯU ĐÃI GIẢM 25%
Tặng 25% giá gói SD70: Chỉ còn 52.500đ/30 ngày có 30GB (1GB/ngày). Gói cước gia hạn sau 30 ngày với giá gốc 70.000đ.
CT dành riêng cho Quý khách khi mua gói trên ứng dụng My Viettel hoặc tại https://vietteltelecom.vn/Noel/SD70 trước ngày 31/12/2024. LH 198 (0đ).",0,0,0,0,0,0,0,0,0,0
COM_802,"[TB] Tien ich Loi nhan thoai cua Viettel: Quy khach co cuoc goi nho tu TB 02888885555 vao luc 13:45 30/12/2024. De nghe loi nhan thoai, vui long bam goi 106232 (mien phi).",0,0,0,0,0,0,0,0,0,0
COM_803,"Tin nhan sai cu phap. De tra cuu thong tin, soan TTTB SoGiayTo gui 1414 (SoGiayTo la so dung de dang ky thong tin thue bao). Chi tiet LH 198 (0d). Tran trong!",0,0,0,0,0,0,0,0,0,0
COM_804,"Cam on Quy Khach da su dung dich vu Mobile cua Viettel. Viettel kinh tang Quy khach Voucher giam 20% tren tong hoa don mua hang tren he sinh thai Viettel++, su dung tai Gau bong Bemori, ma uu dai la 7PKWU2. Han su dung 30-09-2025 23:59. De lua chon cac uu dai hap dan khac, vui long truy cap https://myvt.page.link/vt10. Chi tiet LH 18008098 (mien phi).",0,0,0,0,0,0,0,0,0,0
COM_805,Viettel TB: Quy khach duoc mien phi xem phim va cac kenh truyen hinh tren TV360 theo chuong trinh khuyen mai khi dang ky/ gia han thanh cong goi cuoc Mobile Internet. Quy khach vui long truy cap https://tv360.vn/ de su dung dich vu. Chi tiet LH 18008119 (0d). Tran trong.,0,0,0,0,0,0,0,0,0,0
COM_806,"Viettel thong bao: De bao mat thong tin khach hang trong qua trinh su dung. Viettel se quan ly thong tin thue bao bang ma ca nhan. Ma ca nhan cua Quy khach la UT3H6J. Quy khach luu lai ma ca nhan de thuc hien cac giao dich voi Viettel: chan 01 chieu, tra cuoc, thay doi thong tin, chuyen nhuong hop dong... De xem huong dan, soan HD gui 143. Chi tiet L/H 198. Tran trong.",0,0,0,0,0,0,0,0,0,0
COM_807,"Quý khách đã hủy gia hạn gói 3TV95K, ưu đãi còn lại của gói 3TV95K vẫn được sử dụng đến hết chu kỳ. Để biết thông tin các ưu đãi khác, vui lòng bấm gọi *098#. Chi tiết LH 198 (0đ). Trân trọng.",0,0,0,0,0,0,0,0,0,0
COM_808,"Quy khach duoc tham gia trai nghiem mien phi 30 ngay su dung DV Imuzik. Het chuong trinh trai nghiem, DV se tu huy. De tai bai hat, soan BH TenBaiHat hoac BH MaBaiHat gui 1221 (cuoc tai 0d). De huy DV, soan HUY gui 1221. De nghe thu bai hat, truy cap: http://imuzik.vn (mien cuoc luu luong Data) hoac goi 1221 (300d/p). Chi tiet soan HD gui 1221 hoac LH 198 (mien phi). Tran trong.",0,0,0,0,0,0,0,0,0,0
COM_809,"De nghe nhac hoan toan MIEN PHI DATA va cap nhat nhung bai hat nhac cho hot nhat, moi Quy khach tai Ung dung Imuzik tai: http://s.viettel.vn/tai-app-imuzik. Chi tiet 198 (0d). Tu choi nhan tin, soan TC5 gui 1221. Tran trong.",0,0,0,0,0,0,0,0,0,0
COM_810,"[TB] Dung quen Ban dang co voucher MIEN PHI 5.000d khi nap dien thoai Viettel se HET HAN HOM NAY 31/12/2024. Mo app vao muc ""Uu dai cua toi"" hoac truy cap https://km.vtmoney.vn/314y/uudai2 de su dung uu dai ngay Ban nhe.",0,0,0,0,0,0,0,0,0,0
COM_811,"[TB] Tài khoản đủ đầy - Đón 2025 tài lộc
Tặng 25% giá trị tất cả thẻ nạp vào tài khoản viễn thông trong ngày 31/12/2024 và 01/01/2025. Tiền KM sử dụng TRUY CẬP INTERNET trong 15 ngày. CT áp dụng khi nạp thẻ online qua các ví điện tử, ứng dụng thanh toán hoặc tại https://km.vtmoney.vn/314y/kmdaitra. Chi tiết gọi 197 bấm phím 19 (0đ). Trân trọng.",0,0,0,0,0,0,0,0,0,0
COM_812,"Viettel thong bao: Quy khach da duoc lap hoa don so K24TVA3506248, ngay lap 30/12/2024, so tien 50000 VND. Quy khach co the tra cuu hoa don dien tu tai http://www.vietteltelecom.vn/hdbh theo ma so bi mat DBKPA3F5HL.",0,0,0,0,0,0,0,0,0,0
COM_813,"[TB] GỌI ĐIỆN THẢ GA, GIẢI TRÍ CỰC ĐÃ!
1. Soạn V90B: 90K/30 ngày có 30GB (1GB/ngày), miễn phí gọi điện
2. Soạn MXH120 gửi 191: 120K/30 ngày có ưu đãi gói V90B, thêm miễn phí data truy cập TikTok, YouTube, Facebook, nhắn tin Messenger
CT dành riêng cho Quý khách. Chi tiết gói truy cập https://viettel.vn/s/gt1 . LH 198 (0đ).",0,0,0,0,0,0,0,0,0,0
COM_814,"[TB] Theo Luật Viễn thông, từ ngày 01/07/2024, các thuê bao sẽ phải chịu trách nhiệm trước pháp luật về các số điện thoại mình đã đăng ký sử dụng với nhà mạng. Khuyến cáo thuê bao không chuyển SIM của mình cho người lạ sử dụng để tránh bị liên đới trách nhiệm.",0,0,0,0,0,0,0,0,0,0
COM_815,[TB] Viettel kinh moi Quy khach trai nghiem dich vu goi dien chat luong cao tren ha tang 4G - HD Call (cuoc goi tinh theo goi cuoc Quy khach dang su dung). Chi tiet truy cap ung dung My Viettel tai https://myvt.page.link/volte hoac LH 198 (0d). Tran trong.,0,0,0,0,0,0,0,0,0,0
COM_816,"T,DTCef[UZviSevgd.buoh.tech)ZALO.ME(eT:ha;n,Chu;c_A,CE;T-aiL'ocL'ii;X-i,Ma;C:O,Z^To,i,88,Ca{18aub94vi6hw}",1,1,1,1,1,1,1,1,1,1
COM_817,"[TB] Cảm ơn Quý khách đã đồng hành cùng Viettel trong năm qua. Soạn 2025 gửi 191 (0đ) để cùng Viettel nhìn lại 2024, chào 2025, gửi lời chúc năm mới tới người thân, bạn bè và nhận cơ hội trúng nhiều phần quà hấp dẫn. Trân trọng.",0,0,0,0,0,0,0,0,0,0
COM_818,"[QC] ASEAN CUP 2024: Việt Nam - Thái Lan. Chúng ta đã sẵn sàng cho trận chung kết tại sân vận động Việt Trì - Phú Thọ!
Đón xem trận chung kết lượt đi trực tiếp trên TV360 tại https://tv360.vn/ vào 20h ngày 02/01/2025. Chi tiết LH 198 (0đ). Từ chối QC, soạn TC4 gửi 199.",0,0,0,0,0,0,0,0,0,0
COM_819,"[TB] KHUYẾN MẠI CỰC ĐÃ, KHÔNG THỂ BỎ QUA!
Tặng 20% giá trị 3 thẻ nạp đầu tiên vào tài khoản viễn thông, tiền KM sử dụng để gọi và nhắn tin nội mạng trong 15 ngày.
CT dành riêng cho Quý khách đến ngày 01/02. LH 198 (0đ).",0,0,0,0,0,0,0,0,0,0
COM_820,"Chao Nam Moi 2025 !

Tang Lop Hoc 2 Ngay,
Hoc Qua Zoom

""DONG TIEN HANH PHUC""

Vao nhom Zalo
https://zalo.me/g/wsqcpu908

Hoc Mien Phi
Tang Them Qua Gia Tri",1,1,1,1,1,1,1,1,0,1
COM_821,"[TB] CHÀO 2025!
Quý khách có cơ hội nhận quà hấp dẫn và gửi lời chúc năm mới đến người thân khi truy cập viettel.vn/review2024.
Trải nghiệm 5G siêu tốc, soạn 5G135 gửi 191: 135K/30 ngày có 120GB (4GB/ngày), miễn phí xem TV360 chất lượng 4K, 20GB lưu dữ liệu trên MyBox (chi tiết gói tại https://viettel.vn/5G135). Gói cước gia hạn sau 30 ngày.
CT dành riêng cho Quý khách. LH 198 (0đ).",0,0,0,0,0,0,0,0,0,0
COM_822,"Quy khach duoc cong them 182 diem Viettel++ boi giao dich Tieu dung vien thong thang 12/2024. Thoi han su dung diem den 31/01/2026. Hay truy cap https://myvt.page.link/vtplus tren My Viettel hoac *098# de doi diem sang Data, SMS, Phut goi cung nhieu uu dai gia tri khac. Chi tiet LH 198. Tran trong.",0,0,0,0,0,0,0,0,0,0
COM_823,"SDTK 1018775106 den 19:00:46 ngay 04/01/2025 la 81,802 VND. GD moi nhat: -8,800 VND: THU PHI THUONG NIEN THE MC DEBIT 01/2025 SO THE 536892XXXXXX3168, TK 10187",0,0,0,0,0,0,0,0,0,0
COM_824,Có đơn tiktok nha thắng,0,0,0,0,0,0,0,0,0,0
COM_825,"DagN;h,ap~De^Ri-n:hL;ie'nCha,o_Co;Du;oc,L;i-Xj~N:ga,u:Nhj'e;nw<xdnhdB.vmbj.bid)ZALO.ME>fw",1,1,1,1,1,1,1,1,1,1
COM_826,"SDTK 1018775106 den 19:04:14 ngay 06/01/2025 la 66,802 VND. GD moi nhat: -15,000 VND: SHB THU PHI DICH VU SMS THONG BAO SO DU TK 1018775106 THANG 12/2024.",0,0,0,0,0,0,0,0,0,0
COM_827,"[TB] LÊN MẠNG SIÊU RẺ, SIÊU TỐC ĐỘ!
1. Soạn ST30K gửi 191: Chỉ 30K/7 ngày có 7GB, gia hạn sau 7 ngày
2. Soạn ST15K gửi 191: Chỉ 15K/3 ngày có 3GB, gia hạn sau 3 ngày
Chi tiết truy cập https://viettel.vn/dt2 . LH 198 (0đ).",0,0,0,0,0,0,0,0,0,0
COM_828,"[TB] MUA GÓI DATA - LÊN MẠNG THẢ GA
Soạn VM80 gửi 191: 80.000đ/30 ngày có 30GB tốc độ cao (1GB/ngày), thoải mái truy cập Internet. Gói cước gia hạn sau 30 ngày. Chi tiết LH 198 (0đ).",0,0,0,0,0,0,0,0,0,0
COM_829,CellphoneS: Ma OTP cua ban la 4060. Ma co hieu luc trong 3 phut. Vui long khong chia se ma nay voi bat ky ai.,0,0,0,0,0,0,0,0,0,0
COM_830,CellphoneS se goi dien hoac SMS xac nhan don dat hang WN0302510732 vao buoi sang (8h-10h). LH 18002097 (Mien phi). Cam on Anh/Chi da lua chon CellphoneS.,0,0,0,0,0,0,0,0,0,0
COM_831,Tiki: Ma xac minh dang ky tai khoan cua ban la 067381. Ma co hieu luc trong vong 15 phut. Khong chia se ma nay voi nguoi khac.,0,0,0,0,0,0,0,0,0,0
COM_832,"[TB] NẠP THẺ TẶNG TIỀN - DÙNG LIỀN DATA!
Tặng 20% giá trị tất cả thẻ nạp vào tài khoản viễn thông trong ngày 10/01/2025. Tiền KM sử dụng truy cập Internet trong 15 ngày. Nạp thẻ online tại các ví điện tử, ứng dụng thanh toán hoặc tại https://viettel.vn/naptienkm . Chi tiết gọi 197 bấm phím 19 (0đ). Trân trọng.",0,0,0,0,0,0,0,0,0,0
COM_833,"Cam on QK da mua hang tai CellphoneS. Diem Smember cua QK:840,000. DH cua QK tri gia 840,000 Hoa don VAT https://cps.onl/ymajtwftyg. Danh gia DV https://cps.onl/vc7je5wgun. Cam on QK",0,0,0,0,0,0,0,0,0,0
COM_834,"[TB] Thực hiện thủ tục cấp Phiếu lý lịch tư pháp trên ứng dụng VNeID - Nhanh chóng, tiết kiệm, hiệu quả.",0,0,0,0,0,0,0,0,0,0
COM_835,"(QC) TB 0962361423! Soan XNL gui 5282 de xem Facebook, YouTube, TikTok, Instagram, Zalo, Spotify... khong gioi han data 4G va co hoi trung 500K vao tai khoan goc khi trai nghiem goi data truc tuyen tong hop - DV Mydata. Cuoc phi chi 3.000d/ngay, gia han theo ngay. Chi tiet truy cap http://mydata.viettel.vn hoac LH 198 (0d). Tu choi QC, soan TC4 gui 199.",0,0,0,0,0,0,0,0,0,0
COM_836,"[QC] Tặng voucher di chuyển và đặt đồ ăn từ Grab khi mua gói SD30S. Phí gói 30.000đ/7 ngày có tối đa 2GB/ngày. CT áp dụng đến 15/02/2025 cho Khách hàng nhận tin nhắn và đăng ký tại https://myvt.page.link/SD30S. Chi tiết LH 198 (0đ). Từ chối QC, soạn TC3 gửi 199.",0,0,0,0,0,0,0,0,0,0
COM_837,"(QC) Tha ga choi game Free Fire voi 30GB DATA TOC DO CAO (1GB/ngay) va GIFTCODE VAT PHAM TIEP TE khi dang ky DV Data Free Fire. Soan FF30 gui 9748 (40.000d/30 ngay, gia han sau 30 ngay). Chi tiet tai https://freedataviettel.ff.garena.vn/ hoac LH 198 (0d). Tu choi QC, soan TC4 gui 199.",0,0,0,0,0,0,0,0,0,0
COM_838,"(QC) TB 0962361423! Soan XNM gui 5282 de xem Facebook, YouTube, TikTok, Instagram, Zalo, Spotify... khong gioi han data 4G va co hoi trung 500K vao tai khoan goc khi trai nghiem goi data truc tuyen tong hop - DV Mydata. Cuoc phi chi 3.000d/ngay, gia han theo ngay. Chi tiet truy cap http://mydata.viettel.vn hoac LH 198 (0d). Tu choi QC, soan TC4 gui 199.",0,0,0,0,0,0,0,0,0,0
COM_839,"[QC] Mua gói data - tặng voucher Grab (di chuyển và đặt đồ ăn). CT áp dụng đến 15/02/2025 cho Khách hàng nhận tin nhắn và đăng ký thành công gói data < 100.000đ trên ứng dụng My Viettel. Chi tiết truy cập https://viettel.vn/grab99 hoặc LH 198 (0đ). Từ chối QC, soạn TC3 gửi 199.",0,0,0,0,0,0,0,0,0,0
COM_840,"[QC] SIM kèm gói data - Giải pháp tiết kiệm cho Khách hàng sử dụng nhiều lưu lượng data. Giá SIM 50.000đ, gói cước đi kèm SIM chỉ từ 70K/tháng:
1. SD70: 70.000đ/30 ngày có 30GB (1GB/ngày)
2. 6SD120: 720.000đ/180 ngày có 360GB (2GB/ngày)
3. 12SD135: 1.620.000đ/360 ngày có 1.800GB (5GB/ngày)
Gói cước gia hạn khi hết chu kỳ. Đăng ký tại https://viettel.vn/simdata. LH 198 (0đ). Từ chối QC, soạn TC3 gửi 199.",0,0,0,0,0,0,0,0,0,0
COM_841,"[QC] MY VIETTEL HỖ TRỢ XỬ LÝ, BÁO LỖI đơn giản, tiện lợi với tính năng tự động phân tích thiết bị và có thể gửi phản ánh, báo lỗi cho nhân viên chăm sóc khách hàng. Trải nghiệm ngay tại http://viettel.vn/hotrodv. Chi tiết LH 18008119 (0đ). Từ chối QC, soạn TC3 gửi 199.",0,0,0,0,0,0,0,0,0,0
COM_842,"[TB] LÊN MẠNG SIÊU TỐC!
1. Soạn ST15K gửi 191: 15.000đ/3 ngày có 3GB.
2. Soạn ST30K gửi 191: 30.000đ/7 ngày có 7GB.
Gói cước gia hạn khi hết chu kỳ. LH 198 (0đ).",0,0,0,0,0,0,0,0,0,0
COM_843,"[TB] NẠP THẺ ONLINE - NHẬN NGAY KHUYẾN MẠI!
Tặng 20% giá trị tất cả thẻ nạp vào tài khoản viễn thông trong ngày 15/01/2025. Tiền KM sử dụng TRUY CẬP INTERNET trong 15 ngày. CT áp dụng khi nạp thẻ online qua các ví điện tử, ứng dụng thanh toán hoặc tại https://km.vtmoney.vn/314y/kmdaitra. Chi tiết gọi 197 bấm phím 19 (0đ). Trân trọng.",0,0,0,0,0,0,0,0,0,0
COM_844,"[QC] Khám phá Hành trình số My Viettel ngay hôm nay và săn giải đặc biệt trị giá 50 triệu đồng cùng cơ hội rinh hàng loạt voucher từ các thương hiệu Shopee, Grab, Golden Gate… Tham gia tại https://viettel.vn/Hanhtrinhso . Chi tiết LH 198 (0đ). Từ chối QC, soạn TC3 gửi 199.",0,0,0,0,0,0,0,0,0,0
COM_845,"Ban co the qua NAP DIEN THOAI MIEN PHI 10.000D trong MoMo, het han 31/1. Mo Vi > UU DAI > QUA CUA TOI dung ngay!",0,0,0,0,0,0,0,0,0,0
COM_846,"[TB] TẾT 5G - NẠP THẺ ĐỦ ĐẦY - DATA XÀI NGAY!
Tặng 20% giá trị tất cả thẻ nạp vào tài khoản viễn thông trong ngày 25/01/2025. Tiền KM sử dụng truy cập Internet trong 15 ngày. Nạp thẻ online tại các ví điện tử, ứng dụng thanh toán hoặc tại https://viettel.vn/naptienkm . Chi tiết gọi 197 bấm phím 19 (0đ). Trân trọng.",0,0,0,0,0,0,0,0,0,0
COM_847,"[TB] Tien ich Loi nhan thoai cua Viettel: Quy khach co cuoc goi nho tu TB 02888885555 vao luc 11:15 24/01/2025. De nghe loi nhan thoai, vui long bam goi 106233 (mien phi).",0,0,0,0,0,0,0,0,0,0
COM_848,SBamthamGjaNkangua:jthusm.wvbidv.link:nkieuNiemvuiiibdOV,1,1,0,1,1,1,1,1,1,1
COM_849,"Ban co 10.000D qua Nap Dien Thoai & 140.000D qua khac trong MoMo, het han 31/1. Mo Vi > UU DAI > QUA CUA TOI dung ngay!",0,0,0,0,0,0,0,0,0,0
COM_850,"[TB] CHUẨN BỊ DATA ĐÓN TẾT!
1. Soạn TET5G gửi 191: Chỉ 50K/5 ngày có 25GB (5GB/ngày), miễn phí gọi điện, SMS nội mạng, xem truyền hình, giải trí Tết chất lượng 4K trên TV360
2. Soạn ST15K gửi 191: Chỉ 15K/3 ngày có 3GB
Chi tiết gói xem tại https://viettel.vn/tst1 . LH 198 (0đ).",0,0,0,0,0,0,0,0,0,0
COM_851,"SDTK 1018775106 den 19:04:13 ngay 26/01/2025 la 55,802 VND. GD moi nhat: -11,000 VND: THU PHI QUAN LY TAI KHOAN KHONG HOAT DONG THANG 1 NAM 2025.",0,0,0,0,0,0,0,0,0,0
COM_852,"[TB] Tien ich Loi nhan thoai cua Viettel: Quy khach co cuoc goi nho tu TB 02888885555 vao luc 14:19 27/01/2025. De nghe loi nhan thoai, vui long bam goi 106234 (mien phi).",0,0,0,0,0,0,0,0,0,0
COM_853,"<#> 93211 là mã Facebook của bạn
Laz+nxCarLW",0,0,0,0,0,0,0,0,0,0
COM_854,"DV Nhac cho Imuzik da huy do het CTKM trai nghiem mien phi 30 ngay. Quy khach duoc giam 50% cuoc thue bao thang dau va tai khong gioi han nhac cho. Moi quy khach soan GC5 gui 1221 de dang ky lai DV (chi 7.500d/thang dau tien, sau KM, phi DV 15.000d/thang), DV gia han hang thang. De cap nhat cac ban nhac cho moi nhat, truy cap https://imuzik.vn (mien cuoc data) hoac goi 1221 (300d/p). Chi tiet soan HD gui 1221 hoac lien he 198 (mien phi). Tran trong.",0,0,0,0,0,0,0,0,0,0
COM_855,"Quy khach duoc tham gia trai nghiem mien phi 30 ngay DV Thong bao cuoc goi nho MCA. DV giup Quy khach biet duoc cac cuoc goi den so thue bao cua minh trong luc tat may, het pin. DV se tu huy sau khi ket thuc chuong trinh. Neu khong co nhu cau su dung, soan HUY gui 193. Chi tiet LH 198 (mien phi)",0,0,0,0,0,0,0,0,0,0
COM_856,"[TB] Nhân dịp Xuân Ất Tỵ 2025, Viettel kính chúc Quý khách Vạn sự như ý, An khang thịnh vượng. Trân trọng cảm ơn Quý khách đã luôn đồng hành cùng Viettel và rất mong được tiếp tục phục vụ trong thời gian tới.",0,0,0,0,0,0,0,0,0,0
COM_857,"[TB] Tien ich Loi nhan thoai cua Viettel: Quy khach co loi nhan tu TB 0395735726 vao luc 20:04 30/01/2025. Voi noi dung: Có.. De nghe loi nhan thoai, vui long bam goi 106201 (mien phi).",0,0,0,0,0,0,0,0,0,0
COM_858,"[QC] ĐỔI MẬT KHẨU WIFI VÀ KHỞI ĐỘNG LẠI MODEM đơn giản, dễ dàng với tính năng quản lý modem wifi trên MY VIETTEL. Mời Quý khách trải nghiệm tại http://viettel.vn/doimatkhauwifi . Chi tiết LH 18008119 (0đ). Từ chối QC, soạn TC3 gửi 199.",0,0,0,0,0,0,0,0,0,0
COM_859,"u#pmeFuycoY.dhka.tech)goo.gl<dT-h'amGi-a->->-Ma:C'o-d-e^Le;nD,e;n""2_O0~Ng'jn<MQMPGQPX>",1,1,1,1,1,1,1,1,1,1
COM_860,"foIVdankkinkaNgua^cmrcuo.trc2br2.me""quaDangcaPzTnk",1,1,1,1,1,1,1,1,1,1
COM_861,"[QC] Vay ngan ngay - giai ngan sieu toc den 5 TRIEU dong chi can CCCD. Tra gop 30-45 ngay. Dang ky online voi Viettel Money: https://viettelmoney.go.link/8EWu8 .Chi tiet LH 18009000 (0d). Tu choi QC, soan TC3, gui 199.",0,0,0,0,0,0,0,0,0,0
COM_862,"[TB] NẠP THẺ ĐỦ ĐẦY - DATA XÀI NGAY!
Tặng 20% giá trị tất cả thẻ nạp vào tài khoản viễn thông trong ngày 10/02/2025. Tiền KM sử dụng truy cập Internet trong 15 ngày. Nạp thẻ online tại các ví điện tử, ứng dụng thanh toán hoặc tại https://vtmoney.onelink.me/314y/km3 . Chi tiết gọi 197 bấm phím 19 (0đ). Trân trọng.",0,0,0,0,0,0,0,0,0,0
COM_863,ZaloPay: 718440 la ma OTP dang nhap Zalopay. OTP het han trong 5 phut. KHONG CHIA SE MA OTP VOI BAT KI AI. Lien he 1900545436 neu ban KHONG YEU CAU,0,0,0,0,0,0,0,0,0,0
COM_864,"Không có nội dung gì hết nữa chứ, hú hồn mẹ",0,0,0,0,0,0,0,0,0,0
COM_865,À Hải bảo chuyển á giờ t mới nhớ =)))),0,0,0,0,0,0,0,0,0,0
COM_866,"Thức cho lắm, muốn sống đến năm nhiêu tuổi nói luôn t chuẩn bị tiền phúng điếu, ngủ đi",0,0,0,0,0,0,0,0,0,0
COM_867,SNVtanqcot(wozxhkbmifdz)ckOingay^lgzfug.bdhxm.de~ZALO.ME^GiatrjcaoOMZ,1,1,1,1,1,1,1,1,1,1
COM_868,"[QC] Gói cước mới, tính năng mới! Khách hàng tự thiết kế gói cước với ưu đãi phút gọi, data và các dịch vụ tiện ích chỉ với 35.000đ/7 ngày. Trải nghiệm ngay trên ứng dụng My Viettel tại https://viettel.vn/diy. Chi tiết LH 198 (0đ). Từ chối QC, soạn TC3 gửi 199.",0,0,0,0,0,0,0,0,0,0
COM_869,"[TB] LƯỚT MẠNG THẢ GA - XEM TV MIỄN PHÍ
Soạn TV95K gửi 191: Chỉ 95K/30 ngày có 45GB (1,5GB/ngày) và miễn phí xem TV360.
Gói cước gia hạn sau 30 ngày. LH 198 (0đ).",0,0,0,0,0,0,0,0,0,0
COM_870,"[QC] 3h00 ngày 13/2, đại chiến giữa AS Monaco và Benfica: Ai sẽ giành được chiến thắng?
Đón xem trận độc quyền vòng loại trực tiếp giải C1 trên TV360 tại https://tv360.vn/ . Chi tiết LH 198 (0đ). Từ chối QC, soạn TC4 gửi 199.",0,0,0,0,0,0,0,0,0,0
COM_871,"Viettel TB: Quý khách đã sử dụng hết lưu lượng data trong ngày của gói 3TV95K. Để mua thêm, truy cập https://viettel.vn/goidata hoặc bấm gọi *098#. Chi tiết LH 198 (0đ). Trân trọng.",0,0,0,0,0,0,0,0,0,0
COM_872,"[TB] HẾT GÌ THÌ HẾT - ĐỪNG HẾT DATA!
1. Soạn ST5K gửi 191: 5K/ngày có 500MB
2. Soạn ST10K gửi 191: 10K/ngày có 2GB
Chi tiết gói cước tại https://viettel.vn/s/dt2. 
Đặc biệt: Truy cập https://myvt.page.link/ST5KM để mua gói ưu đãi 1GB với giá 5K. LH 198 (0đ).",0,0,0,0,0,0,0,0,0,0
COM_873,"[TB] NẠP THẺ ONLINE - DATA XÀI NGAY!
Tặng 20% giá trị tất cả thẻ nạp vào tài khoản viễn thông trong ngày 15/02/2025. Tiền KM sử dụng TRUY CẬP INTERNET trong 15 ngày. CT áp dụng khi nạp thẻ online qua các ví điện tử, ứng dụng thanh toán hoặc tại https://km.vtmoney.vn/314y/kmdaitra. Chi tiết gọi 197 bấm phím 19 (0đ). Trân trọng.",0,0,0,0,0,0,0,0,0,0
COM_874,"[QC] CHÀO 2025! Viettel gửi tặng Quý khách 30 ngày trải nghiệm miễn phí DV iSign Plus - cho phép thiết lập mỗi cuộc gọi kèm một tin nhắn hiển thị tự động giúp NHẬN DIỆN CUỘC GỌI DỄ DÀNG, NHANH CHÓNG!
Soạn DK8 gửi 9002 để đăng ký ngay, DV không tự động gia hạn.
Chi tiết truy cập https://isignplus.vn hoặc LH 198 (0đ). Từ chối QC, soạn TC4 gửi 199.",0,0,0,0,0,0,0,0,0,0
COM_875,.DbPHnNhaáànkTaàáy;Tld0koEBq.yqszalo.me]kKhuyêếềnnMaãạiiTuũyyệtVvờớii.Acol,1,1,1,1,1,1,1,1,1,1
COM_876,"[QC] 3h00 ngày 19/2, Bayern Munich - Celtic: Liệu Celtic có thể tạo lên phép màu ở sân khách?
Đón xem trận đấu độc quyền tại vòng loại trực tiếp lượt về giải C1 trên TV360 tại https://tv360.vn/ . Chi tiết LH 198 (0đ). Từ chối QC, soạn TC4 gửi 199.",0,0,0,0,0,0,0,0,0,0
COM_877,"[TB] Bộ Công an cảnh báo: Xuất hiện tình trạng tội phạm lợi dụng các hình ảnh, video của người dân được công khai trên không gian mạng để chỉnh sửa, cắt, ghép tạo nội dung nhạy cảm nhằm đe doạ, tống tiền. Khuyến cáo người dân: Cảnh giác khi nhận được các tin nhắn, cuộc gọi có nội dung như trên; Không chuyển tiền khi bị đe dọa; Khi phát hiện dấu hiệu bị lừa đảo, cưỡng đoạt tài sản cần nhanh chóng trình báo Cơ quan Công an nơi gần nhất và phản ánh qua ứng dụng VNeID.",0,0,0,0,0,0,0,0,0,0
COM_878,"Đăng ký nhận 100k, chơi game ngắm gái đẹp, website: https://338955.vip",0,0,0,0,0,0,0,0,0,0
COM_879,"[TB] Viettel kính mời Quý khách bật chế độ VoLTE trên máy điện thoại để sử dụng dịch vụ thoại chất lượng cao trên hạ tầng 4G - thoại Volte (cước như cuộc gọi thông thường, xem hướng dẫn tại https://viettel.vn/volte). Chi tiết LH 198 (0đ). Trân trọng.",0,0,0,0,0,0,0,0,0,0
COM_880,"Quy khach co don hang NVS502309034 (tien COD: 350.000 d) gui tu Kho Online Non Son - TONG KHO 0931319816 da duoc phan cong cho nhan vien Le Tan Phat 84966583733 di giao. So dien thoai lien he den quy khach de giao hang la so tong dai VIETTELPOST 0862526888. Quy khach vui long nhan cuoc goi va truy cap vao yk.vtp.vn/S/82wn43aBftEsBuwlfJyarA de xac nhan dia chi nhan hang.
Hotline: 1900.8095",0,0,0,0,0,0,0,0,0,0
COM_881,"Quy khach co don hang NVS502309034 (tien COD: 350.000 d) gui tu Kho Online Non Son - TONG KHO 0931319816 da duoc nhan vien VIETTELPOST Le Tan Phat 84966583733/ 0862526888 giao thanh cong. Quy khach vui long danh gia chat luong dich vu cua Viettel Post tai yk.vtp.vn/S/lf4lOiuORhiW90JgoF_SmA
Hotline: 19008095",0,0,0,0,0,0,0,0,0,0
COM_882,"[TB] NẠP THẺ ĐỦ ĐẦY - DATA XÀI NGAY!
Tặng 20% giá trị tất cả thẻ nạp vào tài khoản viễn thông trong ngày 25/02/2025. Tiền KM sử dụng truy cập Internet trong 15 ngày. Nạp thẻ online tại các ví điện tử, ứng dụng thanh toán hoặc tại https://viettel.vn/naptienkm . Chi tiết gọi 197 bấm phím 19 (0đ). Trân trọng.",0,0,0,0,0,0,0,0,0,0
COM_883,*VjgOLLìỉiXxịìSsiịêệuụHhóottTaáamChjjínnNghhijìnn<auZ0gVZHX.njzalo.me)NnhhậặnnQqủuầàHhấặppĐdăẫnnTtậạiỉYnLQYf,1,1,1,1,1,1,1,1,1,1
COM_884,"SDTK 1018775106 den 19:03:35 ngay 26/02/2025 la 50,000 VND. GD moi nhat: -5,802 VND: THU PHI QUAN LY TAI KHOAN KHONG HOAT DONG THANG 2 NAM 2025.",0,0,0,0,0,0,0,0,0,0
COM_885,"Chuong trinh trai nghiem mien phi 30 ngay DV Thong bao cuoc goi nho MCA da ket thuc. He thong da huy DV MCA cho Quy khach. De tiep tuc su dung DV, Quy khach vui long soan KM5 gui 193 (giam 50% cuoc dang ky chi con 2.750d/30 ngay dau tien, cac thang tiep theo cuoc DV 5.500d/30 ngay, gia han sau 30 ngay). Chi tiet LH 198 (mien phi).",0,0,0,0,0,0,0,0,0,0
COM_886,"[QC] Tặng voucher di chuyển từ Be khi mua gói SD30S. Phí gói 30.000đ/7 ngày có tối đa 2GB/ngày. CT áp dụng đến 15/03/2025 cho Khách hàng mua gói tại https://myvt.page.link/SD30S. Chi tiết LH 198 (0đ). Từ chối QC, soạn TC3 gửi 199.",0,0,0,0,0,0,0,0,0,0
COM_887,"[QC] Vay ngan ngay - giai ngan sieu toc den 5 TRIEU dong chi can CCCD. Tra gop 30-45 ngay. Dang ky online voi Viettel Money: https://viettelmoney.go.link/bY18O .Chi tiet LH 18009000 (0d). Tu choi QC, soan TC3, gui 199.",0,0,0,0,0,0,0,0,0,0
COM_888,"[QC] Độc quyền trên TV360: Siêu đại chiến vòng 16 giải bóng đá cúp C1. Đừng bỏ lỡ các trận đấu đỉnh cao lúc 3h00 ngày 05/03: Real Madrid - Atletico Madrid; Dortmund - LOSC Lille.
Soạn DK SP gửi 1331 (30.000đ/30 ngày) hoặc DK VIP gửi 1331 (80.000đ/30 ngày) để xem các trận đấu C1 độc quyền, phim bom tấn và chương trình giải trí khác trên TV360 với Data 4G/5G tốc độ cao từ Viettel tại https://tv360.vn/ . Gói cước gia hạn sau 30 ngày. LH 198 (0đ). Từ chối QC soạn TC4 gửi 199.",0,0,0,0,0,0,0,0,0,0
COM_889,"[QC] 3h00 ngày 5/3: Nội chiến máu lửa tại Champions League - Madrid chỉ có một ông vua!
Đón xem trận độc quyền vòng 1/8 giải bóng đá cúp C1 giữa Real Madrid và Aletico Madrid trên TV360 tại https://tv360.vn/ . Chi tiết LH 198 (0đ). Từ chối QC, soạn TC4 gửi 199.",0,0,0,0,0,0,0,0,0,0
COM_890,^xRqiTthhủưỏởnnggPphọọnnggBbaăoọTttámmChhínnNnghHìjjnN<ldknZ1qzv.djzalo.me<TthằầnntTằàiịđĐếểnnXEYeCg,1,1,1,1,1,1,1,1,1,1
COM_891,"Quy khach duoc cong them 74 diem Viettel++ boi giao dich Tieu dung vien thong thang 02/2025. Thoi han su dung diem den 31/03/2026. Hay truy cap https://myvt.page.link/vtplus tren My Viettel hoac *098# de doi diem sang Data, SMS, Phut goi cung nhieu uu dai gia tri khac. Chi tiet LH 198. Tran trong.",0,0,0,0,0,0,0,0,0,0
COM_892,So tien Quy khach thanh toan truoc cho account t008_ftth_thanglq24 DV Ftth Viettel se het vao thang nay. De tiep tuc dong cuoc truoc huong chiet khau ngay 2.5% truy cap https://viettel.vn/ttcd. Vui long bo qua tin nhan nay neu quy khach da dong cuoc. LH 18008119 (0d).,0,0,0,0,0,0,0,0,0,0
COM_893,"[TB] GÓI CƯỚC MỚI, GIÁ SIÊU HỜI!
1. Soạn ST7K gửi 191: 7K/ngày có 1GB
2. Soạn 5G10 gửi 191: 10K/ngày có 6GB
Ưu đãi sử dụng đến 24h ngày đăng ký. Các gói cước gia hạn theo ngày. Chi tiết LH 198 (0đ).",0,0,0,0,0,0,0,0,0,0
COM_894,"[TB] DATA THẢ GA, CHỈ TỪ 7K!
1. Soạn ST7K gửi 191: 7K/ngày có 1GB
2. Soạn 5G10 gửi 191: 10K/ngày có 6GB
Ưu đãi sử dụng đến 24h ngày đăng ký. Các gói cước gia hạn theo ngày. Chi tiết LH 198 (0đ).",0,0,0,0,0,0,0,0,0,0
COM_895,"[TB] MUA DATA SIÊU TỐC - MIỄN PHÍ GỌI ĐIỆN
Soạn SD70 gửi 191: Chỉ 70.000đ/30 ngày có 30GB data (1GB/ngày). Gói cước gia hạn sau 30 ngày. Đặc biệt, MIỄN PHÍ 50 phút gọi nội mạng khi Quý khách tham gia gói trước ngày 01/04.
CT dành riêng cho Quý khách. LH 198 (0đ).",0,0,0,0,0,0,0,0,0,0
COM_896,"[TB] NẠP THẺ ĐỦ ĐẦY - DATA XÀI NGAY!
Tặng 20% giá trị tất cả thẻ nạp vào tài khoản viễn thông trong ngày 10/03/2025. Tiền KM sử dụng truy cập Internet trong 15 ngày. Nạp thẻ online tại các ví điện tử, ứng dụng thanh toán hoặc tại https://viettel.vn/naptienkm . Chi tiết gọi 197 bấm phím 19 (0đ). Trân trọng.",0,0,0,0,0,0,0,0,0,0
COM_897,Quy khach (639615776): Dong truoc 1794000d (dong 6 tang thang). Phi DV 0d. Tra cuu tai https://myvt.page.link/myviettel. Tran trong.,0,0,0,0,0,0,0,0,0,0
COM_898,"[TB] NẠP THẺ ONLINE - DATA XÀI NGAY!
Tặng 20% giá trị tất cả thẻ nạp vào tài khoản viễn thông trong ngày 15/03/2025. Tiền KM sử dụng TRUY CẬP INTERNET trong 15 ngày. CT áp dụng khi nạp thẻ online qua các ví điện tử, ứng dụng thanh toán hoặc tại https://viettel.vn/pay/tt . Chi tiết gọi 197 bấm phím 19 (0đ). Trân trọng.",0,0,0,0,0,0,0,0,0,0
COM_899,"[KHAO SAT] VIETTEL kinh moi Quy khach danh gia chat luong dich vu: Quy khach co san sang gioi thieu dich vu INTERNET WIFI cua VIETTEL voi nguoi than va ban be? Vui long nhap so diem tu 0 den 10 (1-6: khong gioi thieu, 7-8: co kha nang gioi thieu, 9-10: san sang gioi thieu) va phan hoi lai tin nhan nay (mien phi).",0,0,0,0,0,0,0,0,0,0
COM_900,^UwXcĐđếệnnNnggaăyy[dYLpIZ.jwzalo.me]TtặậnnggPphọọnnggBbaăoọTtáắmmMmưủơoọiịNngghhjjìnnCsGeYr,1,1,1,1,1,1,1,1,1,1
COM_901,?LnGoTthhạâmmGgiiaăCchhợơiỉ<xlDEdl.xwzalo.me<KkhhuụyyẻếnnMmạãịiCcựụccHhóottCclhhíỉnBbẢẳyYCcáaVcWkHs,1,1,1,1,1,1,1,1,1,1
COM_902,"[TB] NẠP THẺ ĐỦ ĐẦY - DATA XÀI NGAY!
Tặng 20% giá trị tất cả thẻ nạp vào tài khoản viễn thông trong ngày 25/03/2025. Tiền KM sử dụng truy cập Internet trong 15 ngày. Nạp thẻ online tại các ví điện tử, ứng dụng thanh toán hoặc tại https://viettel.vn/naptienkm . Chi tiết gọi 197 bấm phím 19 (0đ). Trân trọng.",0,0,0,0,0,0,0,0,0,0
COM_903,"[QC] Dành tặng Quý khách ưu đãi tháng 3! iPhone 16 Pro Max 256GB chỉ còn 30.490.000đ; Samsung Galaxy S25 Ultra chỉ từ 26.990.000đ; Redmi Note 14 Series chỉ từ 4.490.000đ; Oppo Reno13 F chỉ 8.990.000đ và giảm thêm đến 200.000đ; Tecno camon 30s chỉ 4.790.000đ; HONOR X5b (4+64GB) chỉ 2.190.000đ; TCL 505 (4+128GB) chỉ 2.690.000đ. CT áp dụng đến 31/3 tại Viettel Store. Chi tiết truy cập https://m.viettelstore.vn hoặc LH 18008123 (0đ). Từ chối QC, soạn TC3 gửi 199.",0,0,0,0,0,0,0,0,0,0
COM_904,"Viettel TB: Từ ngày 30/03/2025, gói 3TV95K sẽ kết thúc. Để biết các ưu đãi dành riêng cho Quý khách, truy cập https://viettel.vn/goidata hoặc bấm gọi *098#. Chi tiết LH 198 (0đ). Trân trọng.",0,0,0,0,0,0,0,0,0,0
COM_905,"Viettel TB: Gói 3TV95K đã kết thúc. Để biết ưu đãi dành riêng cho Quý khách, truy cập https://viettel.vn/goidata hoặc bấm gọi *098#. Chi tiết LH 198 (0đ). Trân trọng.",0,0,0,0,0,0,0,0,0,0
COM_906,"Nhap ma OTP 3425 de xac thuc Dang nhap tren ung dung My Viettel. Ma OTP se het han sau 5p. Chi tiet LH 18008098 (0d) hoac truy cap https://viettel.vn/app. De dam bao an toan cho tai khoan cua Quy khach, vui long khong chia se ma xac thuc nay voi bat ky ai.",0,0,0,0,0,0,0,0,0,0
COM_907,"Quy khach la hoi vien Tiem nang chuong trinh Viettel++ chu ky tu 01/04/2025 den 01/04/2026. Hien tai Quy khach co 1.885 diem xet hang va 1.200 diem tieu dung. De biet chi tiet, vui long truy cap https://vietteltelecom.vn/vtplus hoac LH 198 (0d). Tran trong.",0,0,0,0,0,0,0,0,0,0
COM_908,"Luu luong con lai cua Quy khach la:
1024 MB (ST5KM) truy cap Internet den 00h00 ngay 02-04-2025.
Xin Quy khach luu y: Ngat ket noi internet truoc khi thuc hien tra cuu. LH 198 (0d). Tran trong.",0,0,0,0,0,0,0,0,0,0
COM_909,G-280834 is your Google verification code. Don't share your code with anyone.,0,0,0,0,0,0,0,0,0,0
COM_910,"[TB] TIKTOK, YOUTUBE, FACEBOOK THẢ GA!
Soạn MXH120 gửi 191: 120K/30 ngày có 30GB (1GB/ngày), miễn phí gọi điện, data truy cập TikTok, YouTube, Facebook và nhắn tin Messenger (tối đa 50GB/hướng sử dụng).
Chi tiết truy cập https://viettel.vn/s/MXH120 . Gói cước gia hạn sau 30 ngày.
CT dành riêng cho Quý khách. LH 198 (0đ).",0,0,0,0,0,0,0,0,0,0
COM_911,[TB] Mời Quý khách cập nhật thông tin thuê bao chính chủ theo Căn cước công dân mới dễ dàng và nhanh chóng trên My Viettel tại http://viettel.vn/thaydoigiayto. Chi tiết LH 198 (0đ). Trân trọng.,0,0,0,0,0,0,0,0,0,0
COM_912,"[QC] Tặng voucher di chuyển từ Be trị giá đến 100.000đ khi mua gói SD30S. Phí gói 30.000đ/7 ngày có tối đa 2GB/ngày. CT áp dụng đến 15/05/2025 cho khách hàng mua gói tại https://myviettel.go.link/8PinC. Chi tiết LH 198 (0đ). Từ chối QC, soạn TC3 gửi 199.",0,0,0,0,0,0,0,0,0,0
COM_913,"[QC] TNEX cung cấp dịch vụ cho vay nhanh đến 25 triệu đồng, lãi suất ưu đãi, kỳ hạn linh hoạt. Đăng ký ngay tại https://viettel.vn/s/TNEXSMS1 . Sản phẩm được cung cấp bởi công ty Tài chính trách nhiệm hữu hạn một thành viên TNEX. Chi tiết LH 1800599982 (0đ). Từ chối QC, soạn TC7 VT_MALL gửi 197.",0,0,0,0,0,0,0,0,0,0
COM_914,^ZqcWCCCùỰÙnNggCChơiiGGêmM✓atva.zoomzalo.me・NNhậnLLộƠộcc〉qprdhtyajwno…ChHHơƠiINNgggayyYCyUToZ,1,1,1,1,1,1,1,1,1,1
COM_915,"[QC] Mở thẻ tín dụng VIB hạn mức đến 50 triệu đồng, đăng ký 100% online. Miễn phí thường niên và phí rút tiền mặt. Tận hưởng ưu đãi đến 40% từ hệ sinh thái Privileges của VIB tại các thương hiệu hàng đầu Việt Nam. Đăng ký tại https://viettel.vn/vibsms4 hoặc LH 19002200 (1.000đ/p) để được tư vấn. Từ chối QC, soạn TC7 VT_MALL gửi 197.",0,0,0,0,0,0,0,0,0,0
COM_916,"Tai khoan cua Quy khach sap het. Soan:
1 gui 211 de cong 5 phut noi mang (800d/p), su dung trong 7 ngay
2 gui 211 de cong 1 phut ngoai mang (1.400d/p), su dung trong 7 ngay
3 gui 211 de cong 15 tin nhan noi mang (250d/tin), su dung trong 7 ngay
Chi tiet LH 198 (mien phi).",0,0,0,0,0,0,0,0,0,0
COM_917,PhNUiChA<Sakxfc.qpzalo.me<LiXiChynClhInNghjnUpOgroupsgooglecom!N,1,1,1,1,1,1,1,1,1,1
COM_918,"[TB] NAP THE ONLINE - CO THEM UU DAI 
Tang 35% gia tri tat ca the nap vao tai khoan vien thong trong ngay 08/04/2025 (20% de truy cap Internet, 15% de goi va nhan tin noi mang). Tien KM su dung trong 15 ngay. 
CT ap dung cho thue bao nhan duoc tin nhan va nap the online qua cac vi dien tu, ung dung thanh toan hoac tai https://viettel.vn/naptienkm . LH 198 (0d).",0,0,0,0,0,0,0,0,0,0
COM_919,"[QC] TRỰC TIẾP VÀ ĐỘC QUYỀN phát trên TV360 vào 02h00 ngày 9/4: Arsenal - Real Madrid!
Đón xem trận cầu tâm điểm nhất của vòng tứ kết lượt đi giải C1 tại https://tv360.vn/ . Chi tiết LH 18008119 (0đ) hoặc quan tâm Zalo OA TV360 tại https://zalo.me/tv360official . Từ chối QC, soạn TC4 gửi 199.",0,0,0,0,0,0,0,0,0,0
COM_920,"[TB] NẠP THẺ ĐỦ ĐẦY - DATA XÀI NGAY!
Tặng 20% giá trị tất cả thẻ nạp vào tài khoản viễn thông trong ngày 10/04/2025. Tiền KM sử dụng truy cập Internet trong 15 ngày. Nạp thẻ online tại các ví điện tử, ứng dụng thanh toán hoặc tại https://viettel.vn/naptienkm . Chi tiết gọi 197 bấm phím 19 (0đ). Trân trọng.",0,0,0,0,0,0,0,0,0,0
COM_921,"[QC] Trợ lý cuộc gọi VCall ID - Cảnh báo cuộc gọi làm phiền đã chính thức ra mắt trên My Viettel, giúp Bạn kiểm soát cuộc gọi, nói không với quảng cáo. Cài đặt và cập nhật tính năng ngay tại https://vietteltelecom.vn/vcall. Chi tiết LH 198 (0đ). Từ chối QC, soạn TC3 gửi 199.",0,0,0,0,0,0,0,0,0,0
COM_922,"[TB] NẠP THẺ ONLINE - CÓ THÊM ƯU ĐÃI
Tặng 35% giá trị tất cả thẻ nạp (20% để truy cập Internet, 15% để gọi và nhắn tin nội mạng) khi nạp tiền vào tài khoản viễn thông trong ngày 11/04. Tiền KM sử dụng trong 15 ngày. 
CT áp dụng khi nạp thẻ ONLINE qua các ví điện tử, ứng dụng thanh toán hoặc tại https://viettel.vn/naptienkm cho thuê bao nhận được tin nhắn. LH 198 (0đ).",0,0,0,0,0,0,0,0,0,0
COM_923,"[TB] NẠP THẺ ONLINE - DATA XÀI NGAY!
Tặng 20% giá trị tất cả thẻ nạp vào tài khoản viễn thông trong ngày 15/04/2025. Tiền KM sử dụng TRUY CẬP INTERNET trong 15 ngày. CT áp dụng khi nạp thẻ online qua các ví điện tử, ứng dụng thanh toán hoặc tại https://viettel.vn/pay/tt . Chi tiết gọi 197 bấm phím 19 (0đ). Trân trọng.",0,0,0,0,0,0,0,0,0,0
COM_924,"[TB] GÓI 5G MỚI, ƯU ĐÃI CỰC HỜI!
1. Soạn ST7K gửi 191: 7K có 1GB
2. Soạn 5G10 gửi 191: 10K có 6GB
Ưu đãi sử dụng đến 24h ngày đăng ký. Các gói cước gia hạn theo ngày. Chi tiết LH 198 (0đ).",0,0,0,0,0,0,0,0,0,0
COM_925,"[TB] ƯU ĐÃI DÀNH CHO KHÁCH HÀNG MỚI!
Soạn 3N gửi 191: 3.000đ/3 ngày (giá gốc 30.000đ) có 15GB (5GB/ngày), 15p gọi ngoại mạng, miễn phí 10p/cuộc gọi nội mạng, SMS nội mạng và TV360. Gói cước gia hạn với giá gốc sau 3 ngày.
CT áp dụng đến hết 30/04 cho lần đăng ký đầu tiên của Quý khách. LH 198 (0đ).",0,0,0,0,0,0,0,0,0,0
COM_926,"[TB] Nhân dịp Ngày Sách và Văn hoá đọc Việt Nam lần IV (21/4/2025), Bộ VHTTDL kêu gọi các tổ chức, doanh nghiệp và bạn đọc cả nước cùng nhau lan toả tình yêu sách, để mỗi người dân là một đại sứ văn hoá đọc, mỗi gia đình, cộng đồng là một không gian văn hoá đọc, để cùng sách bước vào kỷ nguyên mới, kỷ nguyên vươn mình của dân tộc.",0,0,0,0,0,0,0,0,0,0
COM_927,Tai khoan cua Quy khach khong du 5.000d de dang ky goi ST5KM. Quy khach vui long nap them tien de dang ky lai. Chi tiet LH 198 (0d). Tran trong.,0,0,0,0,0,0,0,0,0,0
COM_928,"Quy khach da duoc thanh toan 10000 VND tu nhan vien 8300240046, Ngay GD: 20/04/2025 19:36:05. Ma GD 2504207702210863. LH 18008098 (0d). Tran trong.",0,0,0,0,0,0,0,0,0,0
COM_929,Quy khach vua nap the thanh cong va duoc khuyen mai 20% gia tri the nap. Bam *102# de kiem tra tai khoan khuyen mai. Tran trong.,0,0,0,0,0,0,0,0,0,0
COM_930,"Quy khach co 12.404 dong trong tai khoan. Bam goi *098*3# de co 3GB voi 15.000d/3 ngay hoac *098*989# (30.000d/3 ngay) co 15GB (5GB/ngay), mien phi 10 phut/cuoc noi mang, 15 phut ngoai mang, SMS noi mang va TV360. Goi cuoc gia han khi het chu ky. De biet thong tin cac uu dai khac, bam goi *098# hoac truy cap https://vietteltelecom.vn/goidata. Chi tiet LH 198 (0d). Tran trong.",0,0,0,0,0,0,0,0,0,0
COM_931,Tin nhan khong hop le. Quy khach vui long goi 18008098 (mien phi) hoac truy cap www.vietteltelecom.vn de duoc tro giup. Xin cam on!,0,0,0,0,0,0,0,0,0,0
COM_932,Tai khoan goc cua ban con duoi 5.000d! Ban duoc MIEN PHI 100% LUU LUONG DATA khi truy cap App Viettel Money + HOAN TIEN 1.500d khi nap dien thoai 50.000d tren Viettel Money. Mo App nap ngay tai https://km.vtmoney.vn/314y/mm1 . Vui long duy tri ket noi mang de dam bao qua trinh truy cap App Viettel Money khong bi gian doan.,0,0,0,0,0,0,0,0,0,0
COM_933,"[TB] MỪNG ĐẠI LỄ, NHÂN 3 LƯU LƯỢNG!
Soạn HCM50 gửi 191: 50K/5 ngày có 25GB (5GB/ngày). Đặc biệt, tặng thêm 50GB (10GB/ngày) sử dụng tại TP. Hồ Chí Minh nhân dịp 50 năm giải phóng miền Nam, thống nhất đất nước.
Gói cước được miễn phí gọi điện, SMS nội mạng và xem TV360 (chi tiết tại https://viettel.vn/HCM50).
CT áp dụng đến ngày 30/04/2025. LH 198 (0đ).",0,0,0,0,0,0,0,0,0,0
COM_934,"[TB] ĐẠI LỄ 50 NĂM - VIETTEL TẶNG 50%!
Khuyến mại 50% giá trị tất cả thẻ nạp trong ngày 25/04/2025: 20% sử dụng truy cập Internet trong 15 ngày, 30% sử dụng gọi và nhắn tin nội mạng trong 5 ngày. Nạp thẻ online tại https://viettel.vn/naptienkm . Chi tiết gọi 197 bấm phím 19 (0đ). Trân trọng.",0,0,0,0,0,0,0,0,0,0
COM_935,"Ban co 10.000D qua Nap Dien Thoai & 140.000D qua khac trong MoMo, het han 30/4. Mo Vi > UU DAI > QUA CUA TOI dung ngay!",0,0,0,0,0,0,0,0,0,0
COM_936,"[TB] NẠP THẺ TẶNG TIỀN - DÙNG LIỀN DATA!
Tặng 20% giá trị tất cả thẻ nạp vào tài khoản viễn thông trong ngày 26/04. Tiền KM sử dụng TRUY CẬP INTERNET trong 15 ngày.
Nạp thẻ online tại các ví điện tử, ứng dụng thanh toán hoặc tại https://viettel.vn/naptienkm .
CT dành riêng cho Quý khách. LH 198 (0đ).",0,0,0,0,0,0,0,0,0,0
COM_937,"Ban co the qua NAP DIEN THOAI MIEN PHI 10.000D trong MoMo, het han 30/4. Mo Vi > UU DAI > QUA CUA TOI dung ngay!",0,0,0,0,0,0,0,0,0,0
COM_938,"[TB] 5G: MUA 2 TẶNG 1 - MỪNG 50 NĂM ĐẠI THẮNG!
Soạn 5G70 gửi 191: 70K/7 ngày có 8GB/ngày.
Đặc biệt: Từ 28/4 - 5/5, mua 2 lần gói 5G70 sẽ được tặng 1 lần đăng ký miễn phí. Quà tặng được áp dụng sau khi Quý khách nhận thông báo từ Viettel.
Gói cước gia hạn sau 7 ngày. Chi tiết LH 198 (0đ).",0,0,0,0,0,0,0,0,0,0
COM_939,[TB] Tang 20% gia tri tat ca the nap trong ngay 29/04/2025. Tien KM su dung TRUY CAP INTERNET trong 15 ngay. CT danh rieng cho TB cua Quy khach. LH 198 (0d).,0,0,0,0,0,0,0,0,0,0
COM_940,"[TB] 5G SIÊU TỐC - THẦN TỐC BỨT PHÁ
Mừng Đại Lễ, Viettel tặng 30K khi đăng ký gói:
1. Soạn 5GLQ190 gửi 191: 190K/30 ngày có 180GB (6GB/ngày)
2. Soạn 5GLQ210 gửi 191: 210K/30 ngày có 180GB (6GB/ngày), miễn phí gọi điện
Gói cước gia hạn sau 30 ngày. Chi tiết gói xem tại https://viettel.vn/5glq.
Tiền KM cộng trong 24h, dùng để truy cập Internet trong 5 ngày. CT dành riêng cho Quý khách đến hết 5/5/2025. LH 198 (0đ).",0,0,0,0,0,0,0,0,0,0
COM_941,"Quy khach da duoc thanh toan 10000 VND tu nhan vien 4300240030, Ngay GD: 30/04/2025 05:14:51. Ma GD 250430660416739. LH 18008098 (0d). Tran trong.",0,0,0,0,0,0,0,0,0,0
COM_942,Mang mũ bảo hiểm cho am,0,0,0,0,0,0,0,0,0,0
COM_943,"Quy khach da duoc thanh toan 10000 VND tu nhan vien 4300240030, Ngay GD: 01/05/2025 08:27:17. Ma GD 250501673740371. LH 18008098 (0d). Tran trong.",0,0,0,0,0,0,0,0,0,0
COM_944,Quý khách đã đăng ký thành công gói ST15K: 15.000đ/3 ngày có 3GB. Gói cước gia hạn sau 3 ngày. Truy cập https://viettel.vn/kttk để kiểm tra ưu đãi. Chi tiết LH 198 (0đ). Trân trọng.,0,0,0,0,0,0,0,0,0,0
COM_945,"Quy khach co 17.404 dong trong tai khoan. Bam goi *098*3# de co 3GB voi 15.000d/3 ngay hoac *098*989# (30.000d/3 ngay) co 15GB (5GB/ngay), mien phi 10 phut/cuoc noi mang, 15 phut ngoai mang, SMS noi mang va TV360. Goi cuoc gia han khi het chu ky. De biet thong tin cac uu dai khac, bam goi *098# hoac truy cap https://vietteltelecom.vn/goidata. Chi tiet LH 198 (0d). Tran trong.",0,0,0,0,0,0,0,0,0,0
COM_946,"Tai khoan cua Quy khach sap het. Soan:
1 gui 211 de cong 5 phut noi mang (800d/p), su dung trong 7 ngay
2 gui 211 de cong 1 phut ngoai mang (1.400d/p), su dung trong 7 ngay
3 gui 211 de cong 15 tin nhan noi mang (250d/tin), su dung trong 7 ngay
Chi tiet LH 18008098 (mien phi).",0,0,0,0,0,0,0,0,0,0
COM_947,"[TB] Tien ich Loi nhan thoai cua Viettel: Quy khach co loi nhan tu TB 0335232108 vao luc 20:36 01/05/2025. Voi noi dung: alo. De nghe loi nhan thoai, vui long bam goi 106202 (mien phi).",0,0,0,0,0,0,0,0,0,0
COM_948,"Viettel TB: Từ 0h-5h ngày 04/05/2025, gói ST15K sẽ gia hạn. Cước phí 15.000đ/3 ngày có 3GB. Quý khách đảm bảo thuê bao hoạt động 2 chiều và đủ tiền để gói cước gia hạn thành công. Để hủy gia hạn, soạn HUY ST15K gửi 191. Đặc biệt: Cập nhật nhiều ưu đãi HOT khi Nạp thẻ/Mua data qua Viettel Money tại https://viettelmoney.go.link/eiCbh. LH 198 (0đ). Trân trọng.",0,0,0,0,0,0,0,0,0,0
COM_949,"Viettel TB: Gói ST15K gia hạn không thành công. Để biết các ưu đãi khác, truy cập https://viettel.vn/goidata hoặc bấm gọi *098#. Chi tiết LH 198 (0đ). Trân trọng.",0,0,0,0,0,0,0,0,0,0
COM_950,[TB] Tien ich Loi nhan thoai cua Viettel: Quy khach co cuoc goi nho tu TB 0327396277 vao luc 13:20 04/05/2025.,0,0,0,0,0,0,0,0,0,0
COM_951,"Nhap ma OTP 6286 de xac thuc Dang nhap tren ung dung My Viettel. Ma OTP se het han sau 5p. Chi tiet LH 18008098 (0d) hoac truy cap https://viettel.vn/app. De dam bao an toan cho tai khoan cua Quy khach, vui long khong chia se ma xac thuc nay voi bat ky ai.",0,0,0,0,0,0,0,0,0,0
COM_952,"Quy khach da duoc thanh toan 10000 VND tu nhan vien 4300240030, Ngay GD: 04/05/2025 14:42:33. Ma GD 250504619134935. LH 18008098 (0d). Tran trong.",0,0,0,0,0,0,0,0,0,0
COM_953,"Quý khách đã đăng ký thành công gói ST7K: 7.000đ/ngày có 1GB sử dụng đến 23:59:59 ngày 04/05/2025. Truy cập https://viettel.vn/kttk để kiểm tra ưu đãi. Gói cước gia hạn theo ngày. Để hủy gia hạn, soạn HUY ST7K gửi 191. Chi tiết LH 198 (0đ). Trân trọng.",0,0,0,0,0,0,0,0,0,0
COM_954,"[TB] KHUYẾN MẠI 5G - MỪNG ĐẠI LỄ!
1. Soạn 5G30 gửi 191: 30K/3 ngày có 7GB/ngày
2. Soạn ST7K gửi 191: 7K có 1GB dùng đến 24h ngày đăng ký
Đặc biệt: Từ 28/4 - 5/5, mua 2 lần gói 5G30 sẽ được tặng 1 lần đăng ký miễn phí. Quà tặng được áp dụng sau khi Quý khách nhận thông báo từ Viettel.
Các gói cước gia hạn khi hết chu kỳ. Chi tiết LH 198 (0đ).",0,0,0,0,0,0,0,0,0,0
COM_955,"Moi Quy khach soan tin de tham gia DV Data Plus:
1 gui 9598 de cong 1024MB (cuoc 9144d, su dung trong vong 24h sau khi cong).
2 gui 9598 de cong 500MB (cuoc 6000d, su dung trong vong 24h sau khi cong).
Tin nhan co hieu luc trong 24h. Chi tiet LH 18008098 (mien phi).",0,0,0,0,0,0,0,0,0,0
COM_956,"Viettel TB: Gói ST7K gia hạn không thành công. Để biết các ưu đãi khác, truy cập https://viettel.vn/goidata hoặc bấm gọi *098#. Chi tiết LH 198 (0đ). Trân trọng.",0,0,0,0,0,0,0,0,0,0
COM_957,"[TB] Quy khach da dang ky thanh cong goi ST7K tren ung dung My Viettel ngay 04/05/2025 va duoc tang 01 ma uu dai giam 25% toi da 50k cho beBike, 01 ma uu dai giam 15% toi da 50k cho beCar. Quy khach truy cap link https://begroup.onelink.me/ZOqn/Viettel100k, bam chon DANG KY NGAY. Ma uu dai se duoc cap nhat tai muc Uu dai cua toi tren ung dung BE trong vong 48h. Chi tiet LH 198 (0d). Tran trong!",0,0,0,0,0,0,0,0,0,0
COM_958,"[TB] Thành phố khuyến nghị cơ quan, tổ chức khẩn trương thực hiện việc đăng ký tài khoản định danh điện tử cho đơn vị để sớm hưởng những tiện ích, kết nối được với các thông tin hữu ích của định danh điện tử đem lại.",0,0,0,0,0,0,0,0,0,0
COM_959,"[CẢNH BÁO] Xuất hiện tình trạng tội phạm tạo lập các website, facebook giả mạo trường đại học, trung tâm đào tạo, quảng cáo khóa huấn luyện, học kỳ/trại hè quân đội, công an... cho trẻ em nhằm tiếp cận phụ huynh có nhu cầu và dụ dỗ nộp tiền tham gia để chiếm đoạt tài sản. Khuyến cáo người dân: Nâng cao cảnh giác, chỉ đăng ký tham gia và chuyển tiền khi đã tìm hiểu rõ thông tin của đơn vị tổ chức. Khi phát hiện dấu hiệu bị lừa đảo chiếm đoạt tài sản, cần nhanh chóng trình báo Cơ quan Công an nơi gần nhất và phản ánh qua ứng dụng VNeID.",0,0,0,0,0,0,0,0,0,0
COM_960,"VNeID: Ma OTP 208193 co hieu luc trong 3 phut, su dung de xac thuc cho yeu cau dang ky tai khoan. Vi ly do bao mat, tuyet doi khong duoc cung cap ma OTP nay cho bat ky ai. Tran trong!",0,0,0,0,0,0,0,0,0,0
COM_961,"[QC] TRANG BỊ MIỄN PHÍ 04 CAMERA TRONG NHÀ khi Khách hàng Internet Viettel đăng ký DV Home Camera: Phí lắp đặt chỉ từ 100.000đ/camera, lưu trữ Cloud chỉ từ 40.000đ/tháng/camera. Truy cập https://www.viettel.vn/camera hoặc LH 18008168 (0đ) để biết chi tiết và đăng ký DV. Từ chối QC, soạn TC3 gửi 199.",0,0,0,0,0,0,0,0,0,0
COM_962,LiTTingTing]CYMfYw.lxzalo.me]DcLunClhinMuojNgginYugroupsgooglecom?Z,1,1,1,1,1,1,1,1,1,1
COM_963,"Quy khach da duoc thanh toan 10000 VND tu nhan vien 4300240030, Ngay GD: 07/05/2025 17:32:14. Ma GD 250507670385927. LH 18008098 (0d). Tran trong.",0,0,0,0,0,0,0,0,0,0
COM_964,"Quy khach co 10.046 dong trong tai khoan. Bam goi *098*3# de co 3GB voi 15.000d/3 ngay hoac *098*989# (30.000d/3 ngay) co 15GB (5GB/ngay), mien phi 10 phut/cuoc noi mang, 15 phut ngoai mang, SMS noi mang va TV360. Goi cuoc gia han khi het chu ky. De biet thong tin cac uu dai khac, bam goi *098# hoac truy cap https://vietteltelecom.vn/goidata. Chi tiet LH 198 (0d). Tran trong.",0,0,0,0,0,0,0,0,0,0
COM_965,"[QC] Tặng 5.000 điểm Viettel++ khi trải nghiệm các tính năng dành riêng cho THUÊ BAO INTERNET: Nâng cấp băng thông, đổi gói cước, hỗ trợ/báo lỗi dịch vụ, quản lý modem wifi từ xa, thay đổi thông tin (số điện thoại, địa chỉ) trên My Viettel tại http://viettel.vn/tienichcodinh. Chi tiết LH 18008119 (0đ). Từ chối QC, soạn TC3 gửi 199.",0,0,0,0,0,0,0,0,0,0
COM_966,"[QC] TẶNG 20.000 ĐIỂM VIETTEL++ KHI ĐỔI GÓI CƯỚC INTERNET TRÊN MY VIETTEL. Thao tác nhanh chóng, dễ dàng để nâng cao tốc độ đường truyền tại http://viettel.vn/doigoicodinh. Chi tiết LH 18008119 (0đ). Từ chối QC, soạn TC3 gửi 199.",0,0,0,0,0,0,0,0,0,0
COM_967,"[QC] Ưu đãi Truyền hình Viettel TV360: Tặng 1 tháng cước DV khi đóng trước cước 12 tháng, khám phá hơn 100 kênh Truyền hình (VTV, SCTV, THVL, HTV,...) chỉ từ 20.000đ/tháng. Đăng ký ngay tại https://vietteltelecom.vn/TV360. Chi tiết LH 18008168 (0đ). Từ chối QC, soạn TC3 gửi 199.",0,0,0,0,0,0,0,0,0,0
COM_968,"Doi thanh cong 200 diem tieu dung Viettel++ thanh 40 MB Data. Han su dung truoc 09/05/2025. Tong diem tieu dung con lai trong tai khoan Viettel++ cua Quy khach la 1.355 diem. De kiem tra lich su doi diem va lua chon uu dai hap dan khac, vui long truy cap https://vietteltelecom.vn/vtplus. Tran trong.",0,0,0,0,0,0,0,0,0,0
COM_969,"Tai khoan cua Quy khach sap het. Soan:
1 gui 211 de cong 25 phut noi mang (794d/p), su dung trong 7 ngay
2 gui 211 de cong 11 phut ngoai mang (1.369d/p), su dung trong 7 ngay
3 gui 211 de cong 85 tin nhan noi mang (230d/tin), su dung trong 15 ngay
4 gui 211 de cong 15 tin nhan ngoai mang (313d/tin), su dung trong 7 ngay
Chi tiet LH 18008098 (mien phi).",0,0,0,0,0,0,0,0,0,0
COM_970,"Doi thanh cong 200 diem tieu dung Viettel++ thanh 40 MB Data. Han su dung truoc 10/05/2025. Tong diem tieu dung con lai trong tai khoan Viettel++ cua Quy khach la 1.155 diem. De kiem tra lich su doi diem va lua chon uu dai hap dan khac, vui long truy cap https://vietteltelecom.vn/vtplus. Tran trong.",0,0,0,0,0,0,0,0,0,0
COM_971,Cuc Canh sat QLHC ve TTXH thong bao: Ho so dang ky tai khoan dinh danh dien tu cua cong dan Nguyen Van Thang da duoc phe duyet. De nghi truy cap ung dung VNeID hoac dia chi https://vneid.gov.vn de kich hoat tai khoan.,0,0,0,0,0,0,0,0,0,0
COM_972,"[TB] NẠP THẺ ĐỦ ĐẦY - DATA XÀI NGAY!
Tặng 20% giá trị tất cả thẻ nạp vào tài khoản viễn thông trong ngày 10/05/2025. Tiền KM sử dụng truy cập Internet trong 15 ngày. Nạp thẻ online tại các ví điện tử, ứng dụng thanh toán hoặc tại https://viettel.vn/naptienkm . Chi tiết gọi 197 bấm phím 19 (0đ). Trân trọng.",0,0,0,0,0,0,0,0,0,0
COM_973,BbAThuongTammTammCa)CbaqRy.rmzalo.me<gpuzdehmoirl]NguoiAEMwgroupsgooglecom*S,1,1,1,1,1,1,1,1,1,1
COM_974,"Cầu vượt sóng thần ở An Bình, Dĩ An đúng ko ba",0,0,0,0,0,0,0,0,0,0
COM_975,"[TB] Combo trả sau giá hời V120K: 120.000đ/tháng có 1,5GB/ngày, miễn phí 20p/cuộc nội mạng, 50p ngoại mạng. Gói cước gia hạn theo tháng. Đặc biệt: Đóng trước cước 6 tháng - tặng 1 tháng, 12 tháng - tặng 2 tháng. LH 18008168 (0đ) để được hỗ trợ đăng ký.",0,0,0,0,0,0,0,0,0,0
COM_976,Người ta nói gần bến xe mới miền đông,0,0,0,0,0,0,0,0,0,0
COM_977,"Quy khach da duoc thanh toan 10000 VND tu nhan vien 8300240017, Ngay GD: 12/05/2025 04:15:16. Ma GD 2505127717736315. LH 18008098 (0d). Tran trong.",0,0,0,0,0,0,0,0,0,0
COM_978,"Quy khach co 13.048 dong trong tai khoan. Bam goi *098*3# de co 3GB voi 15.000d/3 ngay hoac *098*989# (30.000d/3 ngay) co 15GB (5GB/ngay), mien phi 10 phut/cuoc noi mang, 15 phut ngoai mang, SMS noi mang va TV360. Goi cuoc gia han khi het chu ky. De biet thong tin cac uu dai khac, bam goi *098# hoac truy cap https://vietteltelecom.vn/goidata. Chi tiet LH 198 (0d). Tran trong.",0,0,0,0,0,0,0,0,0,0
COM_979,"[QC] Vay nhanh 3 PHUT - 30 TRIEU dong ve tay. Chi can CCCD, tra gop den 24 thang. Lai suat uu dai. Dang ky online voi Viettel Money: https://viettelmoney.go.link/Ngdub .Chi tiet LH 18009000 (0d). Tu choi QC, soan TC3 gui 199.",0,0,0,0,0,0,0,0,0,0
COM_980,"[TB] DATA CHO MỖI CHUYẾN ĐI!
1. Soạn ST7K gửi 191: 7K có 1GB
2. Soạn 5G10 gửi 191: 10K có 6GB
Ưu đãi sử dụng đến 24h ngày đăng ký. Các gói cước gia hạn theo ngày. Chi tiết LH 198 (0đ).",0,0,0,0,0,0,0,0,0,0
COM_981,"[TB] Tien ich Loi nhan thoai cua Viettel: Quy khach co loi nhan tu TB 0996649573 vao luc 09:00 13/05/2025. Voi noi dung: 123 bê phát mưa lì xì tiền tỷ mỗi ngày liên hệ chăm sóc khách hàng tham gia trang nhuận ngay tiền hưởng lên tới 8888000 truy cập ngay 12312379 chấm com. De nghe loi nhan thoai, vui long bam goi 106204 (mien phi).",0,0,0,0,0,0,0,0,0,0
COM_982,"[QC] MUA DATA - NGHE SÁCH NÓI KHÔNG GIỚI HẠN
Soạn VM80 gửi 191 (80.000đ/30 ngày) có 30GB data tốc độ cao (1GB/ngày), miễn phí nghe toàn bộ nội dung sách nói, truyện kể trên ứng dụng Mydio tại http://mydio.vn. DV gia hạn sau 30 ngày.
Chi tiết LH 198 (0đ). Từ chối QC, soạn TC4 gửi 199.",0,0,0,0,0,0,0,0,0,0
COM_983,HUYDATA ST15K gửi 191 đây nè ba,0,0,0,0,0,0,0,0,0,0
COM_984,"[TB] NẠP THẺ ONLINE - DATA XÀI NGAY!
Tặng 20% giá trị tất cả thẻ nạp vào tài khoản viễn thông trong ngày 15/05/2025. Tiền KM sử dụng TRUY CẬP INTERNET trong 15 ngày. CT áp dụng khi nạp thẻ online qua các ví điện tử, ứng dụng thanh toán hoặc tại https://viettel.vn/pay/tt . Chi tiết gọi 197 bấm phím 19 (0đ). Trân trọng.",0,0,0,0,0,0,0,0,0,0
COM_985,"VNeID: Ma OTP 143861 co hieu luc trong 3 phut, su dung de xac thuc cho yeu cau lay lai mat khau. Vi ly do bao mat, tuyet doi khong duoc cung cap ma OTP nay cho bat ky ai. Tran trong!",0,0,0,0,0,0,0,0,0,0
COM_986,"Quy khach da duoc thanh toan 10000 VND tu nhan vien 8300240011, Ngay GD: 19/05/2025 06:47:59. Ma GD 2505197724403335. LH 18008098 (0d). Tran trong.",0,0,0,0,0,0,0,0,0,0
COM_987,"Nhap ma OTP 7567 de xac thuc Dang nhap tren ung dung My Viettel. Ma OTP se het han sau 5p. Chi tiet LH 18008098 (0d) hoac truy cap https://viettel.vn/app. De dam bao an toan cho tai khoan cua Quy khach, vui long khong chia se ma xac thuc nay voi bat ky ai.",0,0,0,0,0,0,0,0,0,0
COM_988,"Quy khach co 12.570 dong trong tai khoan. Bam goi *098*3# de co 3GB voi 15.000d/3 ngay hoac *098*989# (30.000d/3 ngay) co 15GB (5GB/ngay), mien phi 10 phut/cuoc noi mang, 15 phut ngoai mang, SMS noi mang va TV360. Goi cuoc gia han khi het chu ky. De biet thong tin cac uu dai khac, bam goi *098# hoac truy cap https://vietteltelecom.vn/goidata. Chi tiet LH 198 (0d). Tran trong.",0,0,0,0,0,0,0,0,0,0
COM_989,"Nhap ma OTP 0254 de xac thuc Dang nhap tren ung dung My Viettel. Ma OTP se het han sau 5p. Chi tiet LH 18008098 (0d) hoac truy cap https://viettel.vn/app. De dam bao an toan cho tai khoan cua Quy khach, vui long khong chia se ma xac thuc nay voi bat ky ai.",0,0,0,0,0,0,0,0,0,0
COM_990,"<#> Mã WhatsApp của bạn: 672-500
Đừng cho ai biết mã này
4sgLq1p5sV6",0,0,0,0,0,0,0,0,0,0
COM_991,Tuần này hôm nào con rỗi,0,0,0,0,0,0,0,0,0,0
COM_992,"Quy khach da duoc thanh toan 10000 VND tu nhan vien 4300240030, Ngay GD: 25/05/2025 02:54:38. Ma GD 250525661647899. LH 18008098 (0d). Tran trong.",0,0,0,0,0,0,0,0,0,0
COM_993,"Quy khach co 11.944 dong trong tai khoan. Bam goi *098*3# de co 3GB voi 15.000d/3 ngay hoac *098*989# (30.000d/3 ngay) co 15GB (5GB/ngay), mien phi 10 phut/cuoc noi mang, 15 phut ngoai mang, SMS noi mang va TV360. Goi cuoc gia han khi het chu ky. De biet thong tin cac uu dai khac, bam goi *098# hoac truy cap https://vietteltelecom.vn/goidata. Chi tiet LH 198 (0d). Tran trong.",0,0,0,0,0,0,0,0,0,0
COM_994,"[TB] NẠP THẺ ĐỦ ĐẦY - DATA XÀI NGAY!
Tặng 20% giá trị tất cả thẻ nạp vào tài khoản viễn thông trong ngày 26/05/2025. Tiền KM sử dụng truy cập Internet trong 15 ngày. Nạp thẻ online tại các ví điện tử, ứng dụng thanh toán hoặc tại https://viettel.vn/naptienkm . Chi tiết gọi 197 bấm phím 19 (0đ). Trân trọng.",0,0,0,0,0,0,0,0,0,0
COM_995,"Quy khach co 26.944 dong trong tai khoan. Bam goi *098*3# de co 3GB voi 15.000d/3 ngay hoac *098*989# (30.000d/3 ngay) co 15GB (5GB/ngay), mien phi 10 phut/cuoc noi mang, 15 phut ngoai mang, SMS noi mang va TV360. Goi cuoc gia han khi het chu ky. De biet thong tin cac uu dai khac, bam goi *098# hoac truy cap https://vietteltelecom.vn/goidata. Chi tiet LH 198 (0d). Tran trong.",0,0,0,0,0,0,0,0,0,0
COM_996,"Quy khach da duoc thanh toan 20000 VND tu nhan vien 4300240030, Ngay GD: 27/05/2025 05:16:52. Ma GD 250527690772464. LH 18008098 (0d). Tran trong.",0,0,0,0,0,0,0,0,0,0
COM_997,"Viettel TB: Từ 0h-5h ngày 30/05/2025, gói ST15K sẽ gia hạn. Cước phí 15.000đ/3 ngày có 3GB. Quý khách đảm bảo thuê bao hoạt động 2 chiều và đủ tiền để gói cước gia hạn thành công. Để hủy gia hạn, soạn HUY ST15K gửi 191. Đặc biệt: Cập nhật nhiều ưu đãi HOT khi Nạp thẻ/Mua data qua Viettel Money tại https://viettelmoney.go.link/eiCbh. LH 198 (0đ). Trân trọng.",0,0,0,0,0,0,0,0,0,0
COM_998,"Doi thanh cong 200 diem tieu dung Viettel++ thanh 40 MB Data. Han su dung truoc 31/05/2025. Tong diem tieu dung con lai trong tai khoan Viettel++ cua Quy khach la 955 diem. De kiem tra lich su doi diem va lua chon uu dai hap dan khac, vui long truy cap https://vietteltelecom.vn/vtplus. Tran trong.",0,0,0,0,0,0,0,0,0,0
COM_999,"[TB] Bộ Văn hóa, Thể thao và Du lịch khuyến cáo: Trong thời gian gần đây, tình trạng một số tổ chức, cá nhân, người chuyển tải sản phẩm quảng cáo có ảnh hưởng tham gia hoạt động quảng cáo trên mạng xã hội sai sự thật, làm ảnh hưởng đến quyền lợi của người tiêu dùng. Người dân cần nâng cao cảnh giác đối với các thông tin quảng cáo, đặc biệt là quảng cáo về sữa, thuốc, thực phẩm chức năng, mỹ phẩm... để chọn lọc, đánh giá, kiểm tra chất lượng hàng hóa trước khi quyết định lựa chọn sản phẩm, hàng hóa, dịch vụ.",0,0,0,0,0,0,0,0,0,0
COM_1000,"Doi thanh cong 300 diem tieu dung Viettel++ thanh 60 MB Data. Han su dung truoc 31/05/2025. Tong diem tieu dung con lai trong tai khoan Viettel++ cua Quy khach la 555 diem. De kiem tra lich su doi diem va lua chon uu dai hap dan khac, vui long truy cap https://vietteltelecom.vn/vtplus. Tran trong.",0,0,0,0,0,0,0,0,0,0
COM_1001,CgDOiXoiOi<mmmQqM.uszalo.me(TriAnMootTRaamNghjnYggroupsgooglecom?O,1,1,1,1,1,1,1,1,1,1
COM_1002,"Doi thanh cong 200 diem tieu dung Viettel++ thanh 40 MB Data. Han su dung truoc 02/06/2025. Tong diem tieu dung con lai trong tai khoan Viettel++ cua Quy khach la 55 diem. De kiem tra lich su doi diem va lua chon uu dai hap dan khac, vui long truy cap https://vietteltelecom.vn/vtplus. Tran trong.",0,0,0,0,0,0,0,0,0,0
COM_1003,[PUBG] mã: 489880. có hiệu lực cho 3 phút.,0,0,0,0,0,0,0,0,0,0
COM_1004,"[QC] TẠO TÀI KHOẢN VÀ ĐĂNG NHẬP MY VIETTEL - NHẬN 10.000 ĐIỂM VIETTEL++. CT áp dụng cho thuê bao Internet, Truyền hình tạo tài khoản và đăng nhập ứng dụng My Viettel thành công tại https://viettel.vn/dangkytaikhoancd. Chi tiết LH 18008119 (0đ). Từ chối QC, soạn TC3 gửi 199.",0,0,0,0,0,0,0,0,0,0
COM_1005,"[QC] Tham gia chương trình Săn kho báu cùng Viettel trên Zalo tại https://viettel.vn/zalo/sankhobau và nhận ngay hàng ngàn quà tặng hấp dẫn (data, ưu đãi giảm giá…) với tổng giá trị đến 75 tỷ đồng. Chi tiết LH 198 (0đ). Từ chối QC soạn TC3 gửi 199.",0,0,0,0,0,0,0,0,0,0
COM_1006,,1,1,1,1,1,1,1,1,1,1
COM_1007,"Quy khach duoc cong them 1.495 diem Viettel++ boi giao dich Tieu dung vien thong thang 05/2025. Thoi han su dung diem den 30/06/2026. Hay truy cap https://vietteltelecom.vn/vtplus tren My Viettel hoac *098# de doi diem sang Data, SMS, Phut goi cung nhieu uu dai gia tri khac. Chi tiet LH 198. Tran trong.",0,0,0,0,0,0,0,0,0,0
COM_1008,"Quy khach da duoc thanh toan 50000 VND tu nhan vien 4500540010, Ngay GD: 06/06/2025 13:59:11. Ma GD 250606639203713. LH 18008098 (0d). Tran trong.",0,0,0,0,0,0,0,0,0,0
COM_1009,"Quy khach co 61.944 dong trong tai khoan. Bam goi *098*3# de co 3GB voi 15.000d/3 ngay hoac *098*989# (30.000d/3 ngay) co 15GB (5GB/ngay), mien phi 10 phut/cuoc noi mang, 15 phut ngoai mang, SMS noi mang va TV360. Goi cuoc gia han khi het chu ky. De biet thong tin cac uu dai khac, bam goi *098# hoac truy cap https://vietteltelecom.vn/goidata. Chi tiet LH 198 (0d). Tran trong.",0,0,0,0,0,0,0,0,0,0
COM_1010,Quy khach da dang ky thanh cong goi ST60N: 60.000d/30 ngay co 60GB (2GB/ngay). Goi cuoc gia han sau 30 ngay. Truy cap https://viettel.vn/kttk de kiem tra uu dai. Chi tiet LH 198 (0d). Tran trong.,0,0,0,0,0,0,0,0,0,0
COM_1011,"Tai khoan cua Quy khach sap het. Soan UT hoac Y gui 9118 de xac nhan cong 15000d vao tai khoan (cuoc DV 2250d). De cong muc thap hon, soan UTx gui 9118 (x la boi so cua 5) hoac bam 1588sodienthoai de yeu cau nguoi nghe la thue bao Viettel tra phi cuoc goi. Chi tiet soan HD gui 9118 hoac LH 18008098 (0d). Xin cam on.",0,0,0,0,0,0,0,0,0,0
COM_1012,Tai khoan goc cua ban con duoi 5.000d! Ban duoc MIEN PHI 100% LUU LUONG DATA khi truy cap App Viettel Money + HOAN TIEN 1.500d khi nap dien thoai 50.000d tren Viettel Money. Mo App nap ngay tai https://viettelmoney.go.link/7gQxR . Vui long duy tri ket noi mang de dam bao qua trinh truy cap App Viettel Money khong bi gian doan.,0,0,0,0,0,0,0,0,0,0
COM_1013,",?i_FNThuo:n'g""T;ag~A,n'hE,mokTKlNnns{wzsyhr.yxcv.link""eCXKPpNRyU,uD'ai,Tu,Cod:e_28_N'gan""D-en_88;Ca(rywuamnilqag)?qq:JJmq|,grQYNaV",1,1,1,1,1,1,1,1,1,1
COM_1014,"Tai khoan cua Quy khach sap het. Soan:
1 gui 211 de cong 60 phut noi mang (794d/p), su dung trong 15 ngay
2 gui 211 de cong 40 phut ngoai mang (1.369d/p), su dung trong 15 ngay
3 gui 211 de cong 100 tin nhan noi mang (230d/tin), su dung trong 15 ngay
4 gui 211 de cong 20 tin nhan ngoai mang (313d/tin), su dung trong 7 ngay
5 gui 211 de cong 3.072 MB data voi gia 23.400d, su dung trong 7 ngay
Chi tiet LH 18008098 (mien phi).",0,0,0,0,0,0,0,0,0,0
COM_1015,"[QC] 20h00 ngày 10/6: Việt Nam quyết đấu với Malaysia vì tấm vé Asian Cup.
Những chiến binh Sao Vàng sẽ ra sân với tinh thần quyết tâm cao nhất, cống hiến hết mình vì màu cờ sắc áo. Hãy cùng nhau tiếp lửa, cổ vũ cho đội tuyển Việt Nam trên hành trình chinh phục mục tiêu lớn! Đón xem trận đấu trên TV360 tại https://tv360.vn/ . Chi tiết LH 18008119 (0đ). Từ chối QC, soạn TC4 gửi 199.",0,0,0,0,0,0,0,0,0,0
COM_1016,"[QC] TẶNG 10.000 ĐIỂM VIETTEL++ KHI ĐĂNG KÝ TÀI KHOẢN MY VIETTEL. CT áp dụng cho thuê bao di động tạo tài khoản lần đầu và đăng nhập ứng dụng My Viettel thành công tại https://viettel.vn/dangkytaikhoan. Chi tiết LH 198 (0đ). Từ chối QC, soạn TC3 gửi 199.",0,0,0,0,0,0,0,0,0,0
COM_1017,"[TB] NẠP THẺ ĐỦ ĐẦY - DATA XÀI NGAY!
Tặng 20% giá trị tất cả thẻ nạp vào tài khoản viễn thông trong ngày 10/06/2025. Tiền KM sử dụng truy cập Internet trong 15 ngày. Nạp thẻ online tại các ví điện tử, ứng dụng thanh toán hoặc tại https://viettel.vn/naptienkm . Chi tiết gọi 197 bấm phím 19 (0đ). Trân trọng.",0,0,0,0,0,0,0,0,0,0
COM_1018,"[TB] Tien ich Loi nhan thoai cua Viettel: Quy khach co cuoc goi nho tu TB 0946855470 vao luc 13:28 09/06/2025. De nghe loi nhan thoai, vui long bam goi 106205 (mien phi).",0,0,0,0,0,0,0,0,0,0
COM_1019,"[TB] CHỈ 120K/tháng - gọi điện, lướt mạng thả ga với V120K: Có 1,5GB/ngày, 50p ngoại mạng, miễn phí 20p/cuộc nội mạng. Gói cước gia hạn theo tháng.
CT áp dụng cho thuê bao chuyển trả sau qua ứng dụng My Viettel tại https://myvt.page.link/chuyentrasau . LH 198 (0đ).",0,0,0,0,0,0,0,0,0,0
COM_1020,"[TB] Toàn dân tích cực hưởng ứng Tháng hành động phòng, chống ma túy (tháng 6), Ngày quốc tế phòng, chống ma túy và Ngày toàn dân phòng, chống ma túy (ngày 26/6).",0,0,0,0,0,0,0,0,0,0
COM_1021,"[QC] Thưởng thức các siêu phẩm điện ảnh: Na Tra (Ma Đồng Giáng Thế, Hổ Cánh Cụt Và Biệt Đội Rừng Xanh 2), Bé Trứng (Náo Loạn Châu Phi) cùng hàng loạt phim bom tấn của Galaxy Play trên TV360 tại https://tv360.vn/page/galaxy - Không mất phí data 5G/4G. Soạn DK GA1 để đăng ký gói Galaxy Mobile (59.000đ/30 ngày). DV gia hạn sau 30 ngày. LH 18008119 (0đ). Từ chối QC, soạn TC4 gửi 199.",0,0,0,0,0,0,0,0,0,0
COM_1022,"[QC] Thang nay het tien? VAY NGAN NGAY den 5 TRIEU dong sau 1 phut, chi can CCCD. Tra gop 30-45 ngay. Dang ky online voi Viettel Money: https://viettelmoney.go.link/bY18O .Chi tiet LH 18009000 (0d). Tu choi QC, soan TC3 gui 199.",0,0,0,0,0,0,0,0,0,0
COM_1023,"Tai khoan cua Quy khach sap het, soan UT hoac Y gui 9778 (trong vong 48h) de duoc cong 10.000d, su dung trong 96 gio tu DV Fast Airtime. Tai khoan cong se duoc tru khi Quy khach nap the. Tai khoan cong chua su dung het se bi huy khi het thoi gian su dung (Tai khoan cong chi su dung goi, nhan tin noi mang va ngoai mang). Tu choi nhan tin nhan, soan TC gui 9778. Chi tiet LH 18008098 (mien phi).",0,0,0,0,0,0,0,0,0,0
COM_1024,YQMOgCCứCChHơơiii|samzalo.me⇽Đưượ0cTTặẶngThHưỤởõngMMộộtTTrRrăămmNNNghìÌnNnCCChHHơiITThooỜảẢảiMMMáaiIwVxfSo,1,1,1,1,1,1,1,1,1,1
COM_1025,"Tai khoan cua Quy khach sap het, soan UT gui 9778 (trong vong 48h) de duoc cong 10.000d, su dung trong 96 gio tu DV Fast Airtime. Tai khoan cong se duoc tru khi Quy khach nap the. Tai khoan cong chua su dung het se bi huy khi het thoi gian su dung (Tai khoan cong chi su dung goi, nhan tin noi mang va ngoai mang). Tu choi nhan tin nhan, soan TC gui 9778. Chi tiet LH 18008098 (mien phi).",0,0,0,0,0,0,0,0,0,0
COM_1026,"[QC] XEM PHIM CẢ THÁNG VỚI GÓI V CINE TRÊN TV360. Soạn DK PH gửi 1331 để xem toàn bộ kho phim hấp dẫn, các phim bộ mới nhất và gần 160 kênh truyền hình tại https://tv360.vn/ với 100% data tốc độ cao. Cước phí 20.000đ/30 ngày, gia hạn sau 30 ngày. Chi tiết LH 198 (0đ). Từ chối QC, soạn TC4 gửi 199.",0,0,0,0,0,0,0,0,0,0
COM_1027,"[QC] Vay nhanh 3 PHUT - 30 TRIEU dong ve tay. Chi can CCCD, tra gop den 24 thang. Lai suat uu dai. Dang ky online voi Viettel Money: https://viettelmoney.go.link/5UxXz .Chi tiet LH 18009000 (0d). Tu choi QC, soan TC3 gui 199.",0,0,0,0,0,0,0,0,0,0
COM_1028,[TB] Chung một quyết tâm - Hãy hành động vì cộng đồng không ma tuý.,0,0,0,0,0,0,0,0,0,0
COM_1029,"Ban co the qua NAP DIEN THOAI MIEN PHI 10.000D trong MoMo, het han 30/6. Mo Vi > UU DAI > QUA CUA TOI dung ngay!",0,0,0,0,0,0,0,0,0,0
COM_1030,"[TB] NẠP THẺ ĐỦ ĐẦY - DATA XÀI NGAY!
Tặng 20% giá trị tất cả thẻ nạp vào tài khoản viễn thông trong ngày 25/06/2025. Tiền KM sử dụng truy cập Internet trong 15 ngày. Nạp thẻ online tại các ví điện tử, ứng dụng thanh toán hoặc tại https://viettel.vn/naptienkm . Chi tiết gọi 197 bấm phím 19 (0đ). Trân trọng.",0,0,0,0,0,0,0,0,0,0
COM_1031,"[TB] Tham gia phòng, chống ma túy là bảo vệ chính bạn, gia đình và xã hội - Vì tương lai tốt đẹp.",0,0,0,0,0,0,0,0,0,0
COM_1032,"GzOAlo(qBXPqk.kczalo.me]CoNgayMiot8TAmNganFtgroupsgooglecom,Q",1,1,1,1,1,1,1,1,1,1
COM_1033,"Ban co 10.000D qua Nap Dien Thoai & 140.000D qua khac trong MoMo, het han 30/6. Mo Vi > UU DAI > QUA CUA TOI dung ngay!",0,0,0,0,0,0,0,0,0,0
COM_1034,DaPNgafydep]rqefkj.vzzalo.me[tAnqjMoatLjtingenxJegroupsgooglecom?T,1,1,1,1,1,1,1,1,1,1
COM_1035,"[QC] Giải trí với chương trình truyền hình thực tế Vũ Trụ Đồng Tiền - độc quyền phát sóng vòng sơ loại trên TV360 tại http://s.viettel.vn/s3hOgZ . Chi tiết LH 18008119 (0đ). Từ chối QC, soạn TC4 gửi 199.",0,0,0,0,0,0,0,0,0,0
COM_1036,"Viettel TB: Từ 0h-5h ngày 06/07/2025, gói ST60N sẽ gia hạn. Cước phí 60.000đ/30 ngày có 60GB (2GB/ngày). Quý khách đảm bảo thuê bao hoạt động 2 chiều và đủ tiền để gói cước gia hạn thành công. Nếu tài khoản không đủ, gói cước sẽ gia hạn tương ứng với số tiền còn lại, tối thiểu 5.000đ (không áp dụng với thuê bao không gia hạn đủ 100% cước phí gói trong 60 ngày). Chiết khấu 2,5% khi nạp thẻ tại https://viettel.vn/nt. Để hủy gia hạn, soạn HUY gửi 191. LH 198 (0đ). Trân trọng.",0,0,0,0,0,0,0,0,0,0
COM_1037,"Viettel TB: Quý khách đã sử dụng hết lưu lượng data trong ngày của gói ST60N. Để mua thêm, truy cập https://viettel.vn/goidata hoặc bấm gọi *098#. Chi tiết LH 198 (0đ). Trân trọng.",0,0,0,0,0,0,0,0,0,0
COM_1038,"Viettel TB: Gói ST60N gia hạn không thành công. Gói cước sẽ được khôi phục khi thuê bao hoạt động 2 chiều và có đủ 60.000đ. Thời gian chờ khôi phục trước ngày 18/08/2025. Nếu tài khoản gốc không đủ, gói cước sẽ được khôi phục tương ứng với số tiền còn lại, tối thiểu 5.000đ (không áp dụng với thuê bao không gia hạn đủ 100% cước phí gói trong 60 ngày gần đây). Để hủy khôi phục, soạn HUY gửi 191. Chi tiết LH 198 (0d). Trân trọng.",0,0,0,0,0,0,0,0,0,0
COM_1039,"Moi Quy khach soan tin de tham gia cong MB data. Soan:
5 gui 211 de cong 3.072 MB data voi gia 23.400d, su dung trong 7 ngay
De cong tai nguyen khac, soan:
1 gui 211 de cong 60 phut noi mang (794d/p), su dung trong 15 ngay
2 gui 211 de cong 40 phut ngoai mang (1.369d/p), su dung trong 15 ngay
3 gui 211 de cong 100 tin nhan noi mang (230d/tin), su dung trong 15 ngay
4 gui 211 de cong 20 tin nhan ngoai mang (313d/tin), su dung trong 7 ngay
Chi tiet LH 18008098 (mien phi).",0,0,0,0,0,0,0,0,0,0
COM_1040,"Nhap ma xac thuc OTP 9021 de Dang nhap tren ung dung My Viettel. Chi tiet LH 18008098 (0d) hoac truy cap https://viettel.vn/app. De dam bao an toan cho tai khoan cua Quy khach, vui long khong chia se ma xac thuc nay voi bat ky ai.",0,0,0,0,0,0,0,0,0,0
COM_1041,"Quy khach da duoc thanh toan 50000 VND tu nhan vien 4300240030, Ngay GD: 06/07/2025 14:28:13. Ma GD 250706644620068. LH 18008098 (0d). Tran trong.",0,0,0,0,0,0,0,0,0,0
COM_1042,"Quy khach co 51.168 dong trong tai khoan. Bam goi *098*3# de co 3GB voi 15.000d/3 ngay hoac *098*989# (30.000d/3 ngay) co 15GB (5GB/ngay), mien phi 10 phut/cuoc noi mang, 15 phut ngoai mang, SMS noi mang va TV360. Goi cuoc gia han khi het chu ky. De biet thong tin cac uu dai khac, bam goi *098# hoac truy cap https://vietteltelecom.vn/goidata. Chi tiet LH 198 (0d). Tran trong.",0,0,0,0,0,0,0,0,0,0
COM_1043,"Quy khach da duoc thanh toan 10000 VND tu nhan vien 4300240030, Ngay GD: 06/07/2025 14:28:27. Ma GD 250706643916506. LH 18008098 (0d). Tran trong.",0,0,0,0,0,0,0,0,0,0
COM_1044,"Quy khach co 11.168 dong trong tai khoan. Bam goi *098*3# de co 3GB voi 15.000d/3 ngay hoac *098*989# (30.000d/3 ngay) co 15GB (5GB/ngay), mien phi 10 phut/cuoc noi mang, 15 phut ngoai mang, SMS noi mang va TV360. Goi cuoc gia han khi het chu ky. De biet thong tin cac uu dai khac, bam goi *098# hoac truy cap https://vietteltelecom.vn/goidata. Chi tiet LH 198 (0d). Tran trong.",0,0,0,0,0,0,0,0,0,0
COM_1045,"Tai khoan cua Quy khach sap het. Soan UT hoac Y gui 9118 de xac nhan cong 40000d vao tai khoan (cuoc DV 6000d). De cong muc thap hon, soan UTx gui 9118 (x la boi so cua 5) hoac bam 1588sodienthoai de yeu cau nguoi nghe la thue bao Viettel tra phi cuoc goi. Chi tiet soan HD gui 9118 hoac LH 18008098 (0d). Xin cam on.",0,0,0,0,0,0,0,0,0,0
COM_1046,"[TB] DATA THẢ GA CHỈ VỚI 10K!
1. Soạn 5G10 gửi 191: 10K/ngày có 6GB
2. Soạn 1N gửi 191: 10K/ngày có 5GB, 5 phút gọi ngoại mạng, miễn phí 10p/cuộc gọi nội mạng, SMS nội mạng và xem TV360
Gói cước gia hạn khi hết chu kỳ. Chi tiết LH 198 (0đ).",0,0,0,0,0,0,0,0,0,0
COM_1047,Tai khoan cua Quy khach sap het. Soan UT gui 9118 de xac nhan cong 5000d vao tai khoan (cuoc DV 750d). Chi tiet LH 18008098 (mien phi).,0,0,0,0,0,0,0,0,0,0
COM_1048,"Moi Quy khach soan tin de tham gia cong MB data. Soan
5 gui 211 de cong 3.072 MB data voi gia 23.400d, su dung trong 7 ngay
De cong tai nguyen khac, soan:
1 gui 211 de cong 60 phut noi mang (794d/p), su dung trong 15 ngay
2 gui 211 de cong 40 phut ngoai mang (1.369d/p), su dung trong 15 ngay
3 gui 211 de cong 100 tin nhan noi mang (230d/tin), su dung trong 15 ngay
4 gui 211 de cong 20 tin nhan ngoai mang (313d/tin), su dung trong 7 ngay
Chi tiet LH 18008098 (mien phi).",0,0,0,0,0,0,0,0,0,0
COM_1049,"[QC] Vay nhanh den 40 TRIEU dong voi TIN VAY tren Viettel Money. Chi can CCCD, thu tuc online 100%. Dang ky ngay: https://viettelmoney.go.link/1bPTU .Chi tiet LH 18009000 (0d). Tu choi QC, soan TC3 gui 199.",0,0,0,0,0,0,0,0,0,0
COM_1050,"[CẢNH BÁO] Cục An ninh mạng và Phòng, chống tội phạm sử dụng công nghệ cao cảnh báo: Xuất hiện tình trạng lừa đảo, giả mạo lực lượng chức năng xã/phường... thông báo về việc sắp xếp đơn vị hành chính mới trên cả nước. Các đối tượng yêu cầu người dân truy cập đường dẫn hoặc cài ứng dụng VNeID giả mạo chứa mã độc, dụ dỗ người dân để lấy mã OTP tài khoản ngân hàng hoặc dữ liệu sinh trắc học nhằm chiếm đoạt tài sản. Người dân cần cảnh giác, không làm theo các yêu cầu qua điện thoại, chỉ thực hiện cập nhật thông tin trực tiếp tại Công an xã/phường nơi sinh sống; trình báo đến cơ quan Công an nơi gần nhất để được hướng dẫn.",0,0,0,0,0,0,0,0,0,0
COM_1051,"[TB] NẠP THẺ ĐỦ ĐẦY - DATA XÀI NGAY!
Tặng 20% giá trị tất cả thẻ nạp vào tài khoản viễn thông trong ngày 10/07/2025. Tiền KM sử dụng truy cập Internet trong 15 ngày. Nạp thẻ online tại các ví điện tử, ứng dụng thanh toán hoặc tại https://viettel.vn/naptienkm . Chi tiết gọi 197 bấm phím 19 (0đ). Trân trọng.",0,0,0,0,0,0,0,0,0,0
COM_1052,"[TB] QUÀ ĐẬM SÂU, KHÔNG ĐÂU CÓ!
Soạn SD70 gửi 191: 70K/30 ngày có 30GB (1GB/ngày). Gói cước gia hạn sau 30 ngày.
Tặng thêm 7 ngày miễn phí data truy cập TikTok (tối đa 25GB) cho lần đăng ký đầu tiên trước ngày 31/07 của Quý khách. LH 198 (0đ).",0,0,0,0,0,0,0,0,0,0
COM_1053,"(QC) Ban yeu thich kinh doanh? Ban muon san pham, DV duoc quang cao den Khach hang don gian nhat, hieu qua nhat, tiet kiem nhat? DV Nhac cho doanh nghiep chinh la ban dong hanh cua Ban - giai phap toi uu dua san pham, DV den gan Khach hang. Soan DN gui 1221 (0d) hoac truy cap http://doanhnghiep.imuzik.vn de nhan vien Viettel lien he tu van tao ban nhac cho hap dan nhat. Cuoc DV tu 14.000d/30 ngay/thue bao, phi khoi tao 550.000d. LH 18008098 (0d). Tu choi QC, soan TC4 gui 199.",0,0,0,0,0,0,1,0,0,0
COM_1054,"Moi Quy khach soan tin de tham gia DV Data Plus:
1 gui 9598 de cong 2048MB (cuoc 15870d, su dung trong 5 ngay).
2 gui 9598 de cong 1024MB (cuoc 9144d, su dung trong vong 24h sau khi cong).
Tin nhan co hieu luc trong 24h. Chi tiet LH 18008098 (mien phi).",0,0,0,0,0,0,0,0,0,0
COM_1055,"[TB] ĐỪNG ĐỂ GIÁN ĐOẠN DATA
1. Soạn ST7K gửi 191: 7K có 1GB
2. Soạn 5G10 gửi 191: 10K có 6GB
Ưu đãi sử dụng đến 24h ngày đăng ký. Các gói cước gia hạn theo ngày. Chi tiết LH 198 (0đ).",0,0,0,0,0,0,0,0,0,0
COM_1056,"Moi Quy khach soan tin de tham gia cong MB data. Soan:
5 gui 211 de cong 2.048 MB data voi gia 15.870d, su dung trong 5 ngay
De cong tai nguyen khac, soan:
1 gui 211 de cong 53 phut noi mang (794d/p), su dung trong 15 ngay
2 gui 211 de cong 30 phut ngoai mang (1.369d/p), su dung trong 7 ngay
3 gui 211 de cong 100 tin nhan noi mang (230d/tin), su dung trong 15 ngay
4 gui 211 de cong 20 tin nhan ngoai mang (313d/tin), su dung trong 7 ngay
Chi tiet LH 18008098 (mien phi).",0,0,0,0,0,0,0,0,0,0
COM_1057,"q}CunpyvR.cndgz.link)yTh:uong-G-ui_HVT:ag""Tu:M:aC:OZ^28~N-g,in~To;i_88,N'gh:j-n<duikadjsdlxi>ZALO.Megoogle",1,1,1,1,1,1,1,1,1,1
COM_1058,"Doi thanh cong 300 diem tieu dung Viettel++ thanh 60 MB Data. Han su dung truoc 11/07/2025. Tong diem tieu dung con lai trong tai khoan Viettel++ cua Quy khach la 436 diem. De kiem tra lich su doi diem va lua chon uu dai hap dan khac, vui long truy cap https://vietteltelecom.vn/vtplus. Tran trong.",0,0,0,0,0,0,0,0,0,0
COM_1059,"[QC] Vay nhanh 3 PHUT - 30 TRIEU dong ve tay. Chi can CCCD, tra gop den 24 thang. Lai suat uu dai. Dang ky online voi Viettel Money: https://viettelmoney.go.link/Ngdub.Chi tiet LH 18009000 (0d). Tu choi QC, soan TC3 gui 199.",0,0,0,0,0,0,0,0,0,0
COM_1060,VNG: Activation code 136242 is used for VNGGames authentication,0,0,0,0,0,0,0,0,0,0
COM_1061,"[QC] SALE 20%: Gói xịn, Giá hời.
Soạn 3N gửi 191: 24.000đ/3 ngày (giá gốc 30.000đ) có 15GB (5GB/ngày), 15p gọi ngoại mạng, miễn phí 10p/cuộc gọi nội mạng, nhắn tin nội mạng, xem TV360.
Gói cước gia hạn với giá gốc sau 3 ngày. CT áp dụng với lần đăng ký đầu tiên trước 16/07 cho TB nhận được tin nhắn. LH 198 (0đ). Từ chối QC, soạn TC4 gửi 199.",0,0,0,0,0,0,0,0,0,0
COM_1062,"[TB] NẠP THẺ ONLINE - DATA XÀI NGAY!
Tặng 20% giá trị tất cả thẻ nạp vào tài khoản viễn thông trong ngày 15/07/2025. Tiền KM sử dụng TRUY CẬP INTERNET trong 15 ngày. CT áp dụng khi nạp thẻ online qua các ví điện tử, ứng dụng thanh toán hoặc tại https://viettel.vn/pay/tt . Chi tiết gọi 197 bấm phím 19 (0đ). Trân trọng.",0,0,0,0,0,0,0,0,0,0
COM_1063,"""ㅤ",1,1,1,1,1,1,1,1,1,1
COM_1064,"[TB] NẠP THẺ ONLINE - DATA XÀI NGAY!
Tặng 20% giá trị tất cả thẻ nạp vào tài khoản viễn thông trong ngày 15/07/2025. Tiền KM sử dụng TRUY CẬP INTERNET trong 15 ngày. CT áp dụng khi nạp thẻ online qua các ví điện tử, ứng dụng thanh toán hoặc tại https://km.vtmoney.vn/314y/kmdaitra. Chi tiết gọi 197 bấm phím 19 (0đ). Trân trọng.",0,0,0,0,0,0,0,0,0,0
COM_1065,"[CẢNH BÁO] Cục An ninh mạng và Phòng, chống tội phạm sử dụng công nghệ cao cảnh báo: Xuất hiện tình trạng lừa đảo, giả mạo doanh nghiệp lữ hành, cơ sở lưu trú, khách sạn, khu nghỉ dưỡng... quảng cáo thông tin về các chương trình du lịch. Người dân khi có nhu cầu tìm kiếm tour du lịch, đặt phòng khách sạn… thông qua mạng xã hội cần kiểm tra kỹ tính minh bạch của trang, lịch sử đổi tên, quốc gia của quản trị viên. Nếu thấy tài khoản mới được tạo lập hoặc mới đổi tên cần cảnh giác, kiểm tra kỹ thông tin từ nhiều nguồn khác nhau.",0,0,0,0,0,0,0,0,0,0
COM_1066,"[KHAO SAT] VIETTEL kinh moi Quy khach danh gia chat luong dich vu: Quy khach co san sang gioi thieu UNG DUNG TV360 voi nguoi than va ban be? Vui long nhap so diem tu 0 den 10 (0-6: khong gioi thieu, 7-8: co kha nang gioi thieu, 9-10: san sang gioi thieu) va phan hoi lai tin nhan nay (mien phi).",0,0,0,0,1,1,0,1,1,0
COM_1067,"[QC] Lào - Việt Nam: 17h ngày 19/7.
U23 Việt Nam chính thức ra quân.
Soạn 5GVS12 gửi 191: 12K/ngày có:
- 6GB data
- Xem thể thao và truyền hình trên TV360 không tốn data tại https://tv360.vn .
Ưu đãi sử dụng đến 24h ngày đăng ký, gia hạn theo ngày. LH 18008119 (0đ). Từ chối QC, soạn TC4 gửi 199.",0,0,0,0,0,0,0,0,0,0
COM_1068,"Tai khoan cua Quy khach sap het, soan UT hoac Y gui 9778 (trong vong 48h) de duoc cong 20.000d, su dung trong 96 gio tu DV Fast Airtime. Tai khoan cong se duoc tru khi Quy khach nap the. Tai khoan cong chua su dung het se bi huy khi het thoi gian su dung (Tai khoan cong chi su dung goi, nhan tin noi mang va ngoai mang). Tu choi nhan tin nhan, soan TC gui 9778. Chi tiet LH 18008098 (mien phi).",0,0,0,0,0,0,0,0,0,0
COM_1069,"[TB] NẠP THẺ ĐỦ ĐẦY - DATA XÀI NGAY!
Tặng 20% giá trị tất cả thẻ nạp vào tài khoản viễn thông trong ngày 25/07/2025. Tiền KM sử dụng truy cập Internet trong 15 ngày. Nạp thẻ online tại các ví điện tử, ứng dụng thanh toán hoặc tại https://viettel.vn/naptienkm . Chi tiết gọi 198 bấm phím 8 (0đ). Trân trọng.",0,0,0,0,0,0,0,0,0,0
COM_1070,EmGHestMik]fujhlu.ltzalo.me(TraourMotLitrQfgroupsgooglecom:O,1,1,1,1,1,1,1,1,1,1
COM_1071,"[QC] Chỉ với 3K - Cần chi wifi!
Soạn 1N gửi 191: Chỉ 3K (giá gốc 10K), có 5GB, 5 phút gọi ngoại mạng, miễn phí 10p/cuộc gọi nội mạng, SMS nội mạng, xem TV360. Ưu đãi sử dụng đến 24h ngày đăng ký, gói cước gia hạn theo ngày với giá gốc. CT áp dụng với lần đăng ký đầu tiên trước 31/07 cho TB nhận được tin nhắn. LH 198 (0đ). Từ chối QC, soạn TC4 gửi 199.",0,0,0,0,0,0,0,0,0,0
COM_1072,"[TB] Tien ich Loi nhan thoai cua Viettel: Quy khach co loi nhan tu TB 0936137922 vao luc 13:30 26/07/2025. Voi noi dung: alo. De nghe loi nhan thoai, vui long bam goi 106206 (mien phi).",0,0,0,0,0,0,0,0,0,0
COM_1073,"[TB] Toàn dân tích cực tham gia phòng, chống mua bán người. Khi phát hiện dấu hiệu liên quan đến mua bán người, hãy thông báo ngay cho cơ quan Công an gần nhất hoặc Tổng đài quốc gia 111 để được tư vấn, hỗ trợ, hướng dẫn kịp thời.",0,0,0,0,0,0,0,0,0,0
COM_1074,[TB] Tien ich Loi nhan thoai cua Viettel: Quy khach co cuoc goi nho tu TB 0762218747 vao luc 11:06 01/08/25.,0,0,0,0,0,0,0,0,0,0
COM_1075,"[QC] TẠO TÀI KHOẢN VÀ ĐĂNG NHẬP MY VIETTEL - NHẬN 10.000 ĐIỂM VIETTEL++. CT áp dụng cho thuê bao Internet, Truyền hình tạo tài khoản và đăng nhập ứng dụng My Viettel thành công tại https://myviettel.go.link/fVdKW. Điểm tặng sẽ được lưu trong ví voucher trên ứng dụng My Viettel. Chi tiết LH 18008119 (0đ). Từ chối QC, soạn TC3 gửi 199.",0,0,0,0,0,0,0,0,0,0
COM_1076,"[TB] LÊN MẠNG, GỌI ĐIỆN THẢ GA!
1. Soạn V90B gửi 191: 90K/30 ngày có 30GB (1GB/ngày), 30p gọi ngoại mạng, miễn phí 10p/cuộc gọi nội mạng
2. Soạn SD70 gửi 191: 70K/30 ngày có 30GB (1GB/ngày)
Gói cước gia hạn sau 30 ngày. CT dành riêng cho Quý khách. LH 198 (0đ).",0,0,0,0,0,0,0,0,0,0
COM_1077,"[QC] Thay đổi địa chỉ lắp đặt của thuê bao Internet, Truyền hình trên My Viettel đơn giản, dễ dàng, không mất thời gian ra cửa hàng. Truy cập https://myviettel.go.link/ibhUf để trải nghiệm dịch vụ. Chi tiết LH 18008119 (0đ). Từ chối QC, soạn TC3 gửi 199.",0,0,0,0,0,0,0,0,0,0
COM_1078,"Viettel TB: Từ 0h-5h ngày 05/08/2025, gói ST60N sẽ gia hạn. Cước phí 60.000đ/30 ngày có 60GB (2GB/ngày). Quý khách đảm bảo thuê bao hoạt động 2 chiều và đủ tiền để gói cước gia hạn thành công. Nếu tài khoản không đủ, gói cước sẽ gia hạn tương ứng với số tiền còn lại, tối thiểu 5.000đ (không áp dụng với thuê bao không gia hạn đủ 100% cước phí gói trong 60 ngày). Chiết khấu 2,5% khi nạp thẻ tại https://viettel.vn/nt. Để hủy gia hạn, soạn HUY gửi 191. LH 198 (0đ). Trân trọng.",0,0,0,0,0,0,0,0,0,0
COM_1079,"Quy khach da duoc thanh toan 50000 VND tu nhan vien 4300240030, Ngay GD: 05/08/2025 06:25:15. Ma GD 250805646239050. LH 18008098 (0d). Tran trong.",0,0,0,0,0,0,0,0,0,0
COM_1080,Viettel TB: Gói ST60N đã khôi phục thành công. Cước phí 50.000đ có 2GB/ngày; ưu đãi sử dụng đến 29/08/2025. Quý khách nạp thêm 10.000đ trước 24h ngày 29/08/2025 để tiếp tục sử dụng ưu đãi gói cước. Truy cập https://viettel.vn/kttk để kiểm tra ưu đãi. Chi tiết LH 198 (0đ). Trân trọng.,0,0,0,0,0,0,0,0,0,0
COM_1081,"Quy khach da duoc thanh toan 10000 VND tu nhan vien 4300240030, Ngay GD: 05/08/2025 06:26:10. Ma GD 250805647054476. LH 18008098 (0d). Tran trong.",0,0,0,0,0,0,0,0,0,0
COM_1082,Viettel TB: Gói ST60N đã được gia hạn sử dụng đến ngày 03/09/2025 với cước phí 10.000đ. Truy cập https://viettel.vn/kttk để kiểm tra ưu đãi. Chi tiết LH 198 (0đ). Trân trọng.,0,0,0,0,0,0,0,0,0,0
COM_1083,"Moi Quy khach soan tin de tham gia DV Data Plus:
1 gui 9598 de cong 3072MB (cuoc 23400d, su dung trong 7 ngay).
2 gui 9598 de cong 2048MB (cuoc 12000d, su dung trong vong 24h sau khi cong).
Tin nhan co hieu luc trong 24h. Chi tiet LH 18008098 (mien phi).",0,0,0,0,0,0,0,0,0,0
COM_1084,"Dz)CkTYIqnky.wnyl.bid)YGS""K:h_Ma,i_M:a-K,m;T:u_2:8;K-D,en:8;8,<hjgqueagpnms>-N:ghin_googlecomvn",1,1,1,1,1,1,1,1,1,1
COM_1085,"Moi Quy khach soan tin de tham gia cong MB data. Soan
5 gui 211 de cong 2.048 MB data voi gia 15.870d, su dung trong 5 ngay
De cong tai nguyen khac, soan:
1 gui 211 de cong 53 phut noi mang (794d/p), su dung trong 15 ngay
2 gui 211 de cong 30 phut ngoai mang (1.369d/p), su dung trong 7 ngay
3 gui 211 de cong 100 tin nhan noi mang (230d/tin), su dung trong 15 ngay
4 gui 211 de cong 20 tin nhan ngoai mang (313d/tin), su dung trong 7 ngay
Chi tiet LH 18008098 (mien phi).",0,0,0,0,0,0,0,0,0,0
COM_1086,"[QC] Vay nhanh 3 PHUT - 40 TRIEU dong ve tay. Chi can CCCD, tra gop den 24 thang. Lai suat uu dai. Dang ky online voi Viettel Money: https://viettelmoney.go.link/Ngdub .Chi tiet LH 18009000 (0d). Tu choi QC, soan TC3 gui 199.",0,0,0,0,0,0,0,0,1,0
COM_1087,"[QC] GIẢI TRÍ MIỄN PHÍ DATA! Chuyển từ thuê bao trả trước sang trả sau và trải nghiệm gói MXH120: 120K/tháng có 1GB/ngày, gói TV360 basic, miễn phí: 10 phút/cuộc gọi nội mạng, 30 phút ngoại mạng, 30 SMS, data truy cập TikTok + YouTube + Facebook + nhắn tin Messenger. Chuyển sang trả sau tại https://vietteltelecom.vn/tsmxh . CT dành riêng cho Quý khách. LH 198 (0đ). Từ chối QC, soạn TC3 gửi 199.",0,0,0,0,0,0,0,0,0,0
COM_1088,"Tai khoan vien thong cua Quy khach hien con duoi 1.000d. Moi Quy khach nap them tien vao tai khoan vien thong hoac goi *911# de duoc cong truoc 20.000d (phi: 3.000d). Neu tai khoan vien thong het tien, cuoc phat sinh tiep theo se duoc tru vao tai khoan Tien di dong (neu co). DAC BIET khuyen mai 50% GIA TRI NAP TIEN vao chu nhat hang tuan tren My Viettel (https://vietteltelecom.vn/naptienkm). LH 18008098 (0d). Tran trong.",0,0,0,0,0,0,0,0,0,0
COM_1089,Ma OTP Vinhomes cua Quy khach la: 340115,0,0,0,0,0,0,0,0,0,0
COM_1090,"[QC] Duy nhất tại TV360, bình chọn thí sinh vào vòng Chung kết Vũ Trụ Đồng Tiền. Mua ngay gói V Cine chỉ từ 10.000đ tại https://tv360.vn/packages để có 20 lượt bình chọn. Gói cước gia hạn sau 30 ngày với giá từ 20.000đ. Chi tiết LH 18008119 (0đ). Từ chối QC, soạn TC4 gửi 199.",0,0,0,0,0,0,0,0,0,0
COM_1091,"Doi thanh cong 200 diem tieu dung Viettel++ thanh 40 MB Data. Han su dung truoc 14/08/2025. Tong diem tieu dung con lai trong tai khoan Viettel++ cua Quy khach la 536 diem. De kiem tra lich su doi diem va lua chon uu dai hap dan khac, vui long truy cap https://vietteltelecom.vn/vtplus. Tran trong.",0,0,0,0,0,0,0,0,0,0
COM_1092,"[TB] NẠP THẺ ONLINE - DATA XÀI NGAY!
Tặng 20% giá trị tất cả thẻ nạp vào tài khoản viễn thông trong ngày 15/08/2025. Tiền KM sử dụng TRUY CẬP INTERNET trong 15 ngày. CT áp dụng khi nạp thẻ online qua các ví điện tử, ứng dụng thanh toán hoặc tại https://viettel.vn/pay/tt . Chi tiết gọi 198, bấm phím 8 (0đ). Trân trọng.",0,0,0,0,0,0,0,0,0,0
COM_1093,"[TB] Tien ich Loi nhan thoai cua Viettel: Quy khach co loi nhan tu TB 03133 vao luc 17:11 14/08/2025. Voi noi dung: kính chào quý khách viettel xin được giới thiệu chương trình siêu khuyến mại quý khách có thể đổi 20000 đồng trong tài khoản gốc thành 100000 đồng tiền khuyến mại để gọi nội mạng nhắn tin nội mạng và truy cập internet trong 15 ngày để tham gia chương trình quý khách vui lòng nói tôi đồng ý hoặc nói từ chối nếu không đồng ý tham gia kính chào quý khách viettel xin được giới thiệu chương trình siêu khuyến mại quý khách có thể đổi 20000 đồng trong tài khoản gốc thành 100000 đồng tiền khuyến mại để gọi nội mạng nhắn tin nội mạng và truy cập internet trong 15 ngày để tham gia chương trình quý khách vui lòng nói tôi đồng ý hoặc nói từ chối nếu không đồng ý tham gia xin lỗi quý khách viettel xin phép gọi lại sau ạ. De nghe loi nhan thoai, vui long bam goi 106208 (mien phi).",0,0,0,0,1,0,0,0,0,0
COM_1094,"M,o-T:k-T,an-T:u:1:00""K,a:De'n_5'99;Qs$gKvtwbX.fgbtr.online>kxG-N'gan~googlecomvn",1,1,0,1,1,1,1,1,1,1
COM_1095,"Tai khoan cua Quy khach sap het, soan UT hoac Y gui 9778 (trong vong 48h) de duoc cong 25.000d, su dung trong 96 gio tu DV Fast Airtime. Tai khoan cong se duoc tru khi Quy khach nap the. Tai khoan cong chua su dung het se bi huy khi het thoi gian su dung (Tai khoan cong chi su dung goi, nhan tin noi mang va ngoai mang). Tu choi nhan tin nhan, soan TC gui 9778. Chi tiet LH 18008098 (mien phi).",0,0,0,0,0,0,0,0,0,0
COM_1096,"[QC] Vay nhanh 3 PHUT - 40 TRIEU dong ve tay. Chi can CCCD, tra gop den 24 thang. Lai suat uu dai. Dang ky online voi Viettel Money: https://viettelmoney.go.link/fLcIg .Chi tiet LH 18009000 (0d). Tu choi QC, soan TC3 gui 199.",0,0,0,0,0,0,0,0,0,0
COM_1097,"[QC] Độc quyền phát sóng giải Siêu cúp Đức trên TV360: Stuttgart - Bayern Munich vào 1h30 ngày 17/8.
Soạn 5GVS12 gửi 191 chỉ 12.000đ/ngày có:
- 6GB data
- Xem thể thao và truyền hình trên TV360 không tốn data tại https://tv360.vn .
Gói cước gia hạn theo ngày. LH 18008119 (0đ). Từ chối QC, soạn TC4 gửi 199.",0,0,0,0,0,0,0,0,0,0
COM_1098,"Tai khoan cua Quy khach sap het, soan UT gui 9778 (trong vong 48h) de duoc cong 25.000d, su dung trong 96 gio tu DV Fast Airtime. Tai khoan cong se duoc tru khi Quy khach nap the. Tai khoan cong chua su dung het se bi huy khi het thoi gian su dung (Tai khoan cong chi su dung goi, nhan tin noi mang va ngoai mang). Tu choi nhan tin nhan, soan TC gui 9778. Chi tiet LH 18008098 (mien phi).",0,0,0,0,0,0,0,0,0,0
COM_1099,"[QC] Vay nhanh den 40 TRIEU dong voi TIN VAY tren Viettel Money. Chi can CCCD, thu tuc online 100%. Dang ky ngay: https://viettelmoney.go.link/6ecY2 .Chi tiet LH 18009000 (0d). Tu choi QC, soan TC3 gui 199.",0,0,0,0,0,0,0,0,0,0
COM_1100,"[TB] Nhân dịp kỷ niệm 80 năm Quốc Khánh Việt Nam, Viettel gửi tặng Quý khách 80.000 điểm Viettel++. Truy cập https://ketnoitronniemvui.tv360.vn , làm theo hướng dẫn để nhận điểm và đổi lấy nhiều ưu đãi hấp dẫn trên ứng dụng My Viettel. Chi tiết LH 198 (0đ). Trân trọng.",0,0,0,0,0,0,0,0,0,0
COM_1101,"[TB] MỪNG 2/9 - Kết nối trọn niềm vui!
1. Soạn 1 gửi 191 để xác nhận tham gia gói 5G29: 29K/3 ngày có 8GB/ngày (đã bao gồm 4GB được tặng khi đăng ký/gia hạn từ 19/8-2/9), xem kho phim lịch sử trên TV360, 80 phút gọi điện, 80SMS nội mạng. Chi tiết gói tại viettel.vn/5G29. 
2. Soạn 2 gửi 191 để nhận thông tin chuỗi sự kiện chào mừng 2/9 và khuyến mại HOT từ Viettel.
CT áp dụng đến hết 2/9/2025. LH 198 (0đ).",0,0,0,0,0,0,0,0,0,0
COM_1102,"[TB] NẠP THẺ ĐỦ ĐẦY - DATA XÀI NGAY!
Tặng 20% giá trị tất cả thẻ nạp vào tài khoản viễn thông trong ngày 25/08/2025. Tiền KM sử dụng truy cập Internet trong 15 ngày. Nạp thẻ online tại các ví điện tử, ứng dụng thanh toán hoặc tại https://viettel.vn/naptienkm . Chi tiết gọi 198 bấm phím 8 (0đ). Trân trọng.",0,0,0,0,0,0,0,0,0,0
COM_1103,"[QC] Mở thẻ tín dụng VPBank miễn phí thường niên, hạn mức đến 100 triệu, trả góp 0đ cùng hoàn tiền tới 15%. Để đăng ký nhận link mở thẻ và đồng ý cung cấp số điện thoại của QK cho VPBank (qua đối tác Viettel, CTCP Thịnh Phát) để nhận hướng dẫn mở thẻ, soạn VP gửi 1798 (MP). Từ chối QC, soạn TC gửi 1313.",0,0,0,0,0,0,0,0,0,0
COM_1104,"[QC] TẶNG 10.000 ĐIỂM VIETTEL++ KHI ĐĂNG KÝ TÀI KHOẢN MY VIETTEL. CT áp dụng cho thuê bao di động tạo tài khoản lần đầu và đăng nhập ứng dụng My Viettel thành công tại https://myviettel.go.link/ikQMm. Điểm tặng sẽ được lưu trong ví voucher trên ứng dụng My Viettel. Chi tiết LH 198 (0đ). Từ chối QC, soạn TC3 gửi 199.",0,0,0,0,0,0,0,0,1,1
COM_1105,"[TB] Tu 30/08/2025 00:00:00 den 30/08/2025 05:00:00, Viettel thuc hien nang cap he thong de phuc vu Khach hang tot hon. Viec nay co the lam gian doan Dich vu co dinh (Internet, Truyen hinh, Dien thoai co dinh) cua mot so Khach hang. Mong Quy khach thong cam. Khi can ho tro vui long goi 18008119 (0d).",0,0,0,0,0,0,0,0,0,0
COM_1106,"[QC] Chào mừng kỷ niệm 80 năm Quốc Khánh 2/9. Quý khách liên kết Viettel Money với VNeID để nhận tiền an sinh xã hội từ Chính phủ (xem hướng dẫn tại https://viettelmoney.go.link/lienketVNeID ). Nếu đã thực hiện, vui lòng bỏ qua tin nhắn. Chi tiết LH 18009000 (0đ). Từ chối QC, soạn TC3 gửi 199.",0,0,0,0,0,0,0,0,0,0
COM_1107,"[TB] 2/9 - KẾT NỐI TRỌN NIỀM VUI. Tặng 29% giá trị tất cả thẻ nạp trong ngày 2/9 vào tài khoản viễn thông. Tiền KM sử dụng truy cập Internet trong 15 ngày. Nạp thẻ online tại các ví điện tử, ứng dụng thanh toán hoặc tại https://viettel.vn/naptienkm . Chi tiết gọi 198 bấm phím 2 (0đ). Trân trọng.",0,0,0,0,0,0,0,0,0,0
COM_1108,"[TB] Mung ngay Quoc khanh Viet Nam 2/9, lien ket Viettel Money voi VNeID ngay hom nay de nhan tien An sinh xa hoi tu Chinh Phu vao tai khoan. Neu da lien ket vui long bo qua. Chi tiet xem tai https://viettelmoney.go.link/lienketVNeID . Lien he 18009000 (0d). Tran trong!",0,0,0,0,0,0,0,0,0,0
COM_1109,"Viettel TB: Từ 0h-5h ngày 04/09/2025, gói ST60N sẽ gia hạn. Cước phí 60.000đ/30 ngày có 60GB (2GB/ngày). Quý khách đảm bảo thuê bao hoạt động 2 chiều và đủ tiền để gói cước gia hạn thành công. Nếu tài khoản không đủ, gói cước sẽ gia hạn tương ứng với số tiền còn lại, tối thiểu 5.000đ (không áp dụng với thuê bao không gia hạn đủ 100% cước phí gói trong 60 ngày). Chiết khấu 2,5% khi nạp thẻ tại https://viettel.vn/nt. Để hủy gia hạn, soạn HUY gửi 191. LH 198 (0đ). Trân trọng.",0,0,0,0,0,0,0,0,0,0
COM_1110,"[QC] Trải nghiệm các tính năng dành riêng cho THUÊ BAO CỐ ĐỊNH TRÊN MY VIETTEL: Nâng cấp băng thông, đổi gói cước, hỗ trợ/báo lỗi dịch vụ, quản lý modem wifi từ xa, thay đổi thông tin (số điện thoại, địa chỉ) chỉ với thao tác đơn giản, dễ dàng tại https://myviettel.go.link/3maKg. Chi tiết LH 18008119 (0đ). Từ chối QC, soạn TC3 gửi 199.",0,0,0,0,0,0,0,0,0,0
COM_1111,"Viettel TB: Gói ST60N đã kết thúc. Để biết các ưu đãi khác, truy cập https://viettel.vn/goidata hoặc bấm gọi *098#. Chi tiết LH 198 (0đ). Trân trọng.",0,0,0,0,0,0,0,0,0,0
COM_1112,"Quy khach da duoc thanh toan 10000 VND tu nhan vien 4500240001, Ngay GD: 05/09/2025 13:12:03. Ma GD 250905657548285. LH 18008098 (0d). Tran trong.",0,0,0,0,0,0,0,0,0,0
COM_1113,"Quy khach co 60.005 dong trong tai khoan. Bam goi *098*3# de co 3GB voi 15.000d/3 ngay hoac *098*989# (30.000d/3 ngay) co 15GB (5GB/ngay), mien phi 10 phut/cuoc noi mang, 15 phut ngoai mang, SMS noi mang va TV360. Goi cuoc gia han khi het chu ky. De biet thong tin cac uu dai khac, bam goi *098# hoac truy cap https://vietteltelecom.vn/goidata. Chi tiet LH 198 (0d). Tran trong.",0,0,0,0,0,0,0,0,0,0
COM_1114,"Quy khach da duoc thanh toan 50000 VND tu nhan vien 4500240001, Ngay GD: 05/09/2025 13:11:50. Ma GD 250905656558183. LH 18008098 (0d). Tran trong.",0,0,0,0,0,0,0,0,0,0
COM_1115,"Nhap ma xac thuc OTP 8051 de Dang nhap tren ung dung My Viettel. Chi tiet LH 18008098 (0d) hoac truy cap https://viettel.vn/app. De dam bao an toan cho tai khoan cua Quy khach, vui long khong chia se ma xac thuc nay voi bat ky ai.",0,0,0,0,0,0,0,0,0,0
COM_1116,Thue bao 84377326330 vua tra cuu chi tiet cuoc tren MyViettel. Tran trong,0,0,0,0,0,0,0,0,0,0
COM_1117,"Dang ky khong thanh cong do chuong trinh khong ap dung cho thue bao. De biet cac uu dai khac, truy cap https://viettel.vn/goidata hoac bam goi *098#. Chi tiet LH 198 (0d). Tran trong.",0,0,0,0,0,0,0,0,0,0
COM_1118,"Doi thanh cong 100 diem tieu dung Viettel++ thanh 20 MB Data. Han su dung truoc 06/09/2025. Tong diem tieu dung con lai trong tai khoan Viettel++ cua Quy khach la 442 diem. De kiem tra lich su doi diem va lua chon uu dai hap dan khac, vui long truy cap https://vietteltelecom.vn/vtplus. Tran trong.",0,0,0,0,0,0,0,0,0,0
COM_1119,"[QC] Xem ngay Singapore - Việt Nam tại Vòng loại U23 Châu Á 2026, 19h ngày 6/9.
Soạn 5GVS12 gửi 191 chỉ 12.000đ/ngày có:
- 6GB data
- Xem thể thao và truyền hình trên TV360 không tốn data tại https://tv360.vn/page/sport
Ưu đãi sử dụng đến 24h ngày đăng ký. Gói cước gia hạn theo ngày. LH 18008119 (0đ). Từ chối QC, soạn TC4 gửi 199.",0,0,0,0,0,0,0,0,0,0
COM_1120,"Doi thanh cong 100 diem tieu dung Viettel++ thanh 20 MB Data. Han su dung truoc 07/09/2025. Tong diem tieu dung con lai trong tai khoan Viettel++ cua Quy khach la 342 diem. De kiem tra lich su doi diem va lua chon uu dai hap dan khac, vui long truy cap https://vietteltelecom.vn/vtplus. Tran trong.",0,0,0,0,0,0,0,0,0,0
COM_1121,"[QC] Tặng 5.000 điểm Viettel++ khi trải nghiệm các tính năng dành riêng cho THUÊ BAO INTERNET: Nâng cấp băng thông, đổi gói cước, báo lỗi dịch vụ, quản lý modem wifi từ xa, thay đổi thông tin thuê bao (số điện thoại, địa chỉ) trên My Viettel tại https://myviettel.go.link/3maKg. 
Điểm tặng sẽ được lưu trong ví voucher trên ứng dụng My Viettel. Chi tiết LH 18008119 (0đ). Từ chối QC, soạn TC3 gửi 199.",0,0,0,0,0,0,0,0,0,0
COM_1122,"[TB] Trả sau giá hời - Data, gọi thả ga
Gói V120K - Giá 120K/tháng có:
- 1,5GB/ngày.
- 50p ngoại mạng, miễn phí 20p/cuộc nội mạng. 
Gói cước gia hạn theo tháng. CT dành riêng cho Quý khách. LH 18008168 (0đ) để đăng ký.",0,0,0,0,0,0,0,0,0,0
COM_1123,"Moi Quy khach LO QUANG THANG, co ma hop dong 639615776/HKD_TVH_TPTV_TRUONGT/18092024B truy cap https://viettel.vn/qrpay/41EE847616A9A3DA718FC11F858D0739EF77EBC1D3812DDDDF302725C3365406 de lay ma QR code va thuc hien thanh toan tren
ung dung ngan hang/vi dien tu de duoc huong uu dai. LH 198 (0d) hoac nhan vien tu van Tran Thi Sinh -B SDT 868623059. Tran trong!",0,0,0,0,0,0,0,0,0,0
COM_1124,"[QC] Thang nay het tien? VAY NGAN NGAY den 7 TRIEU dong chi can CCCD. Tra gop 30-45 ngay. Dang ky online voi Viettel Money: https://viettelmoney.go.link/bY18O .Chi tiet LH 18009000 (0d). Tu choi QC, soan TC3 gui 199.",0,0,0,0,0,0,0,0,0,1
COM_1125,"[QC] Trang bị Camera khi đăng ký DV Home Camera Viettel: Phí hòa mạng chỉ từ 180.000đ/Camera, cước lưu trữ Cloud từ 20.000đ/tháng/Camera. Truy cập https://viettel.vn/camera9 hoặc LH 18008168 (0đ) để tìm hiểu và đăng ký dịch vụ. Từ chối QC, soạn TC3 gửi 199.",0,0,0,0,0,0,0,0,0,0
COM_1126,"[TB] Tien ich Loi nhan thoai cua Viettel: Quy khach co cuoc goi nho tu TB 0327673754 vao luc 17:45 19/09/2025. De nghe loi nhan thoai, vui long bam goi 106210 (mien phi).",0,0,0,0,0,0,0,0,0,0
COM_1127,"So tien cuoc Quy khach da thanh toan truoc cho account t008_ftth_thanglq24 DV Ftth Viettel se het vao thang nay. De tiep tuc tham gia chuong trinh dong cuoc truoc voi uu dai hap dan, moi Quy khach nhan ma QR thanh toan Online 
tren ung dung Ngan hang, truy cap https://viettel.vn/vx/internetqrcode/BADB0FCEC821CDDCD7ED599E2EA22307. LH 18008119 (0d). Tran trong.",0,0,0,0,0,0,0,0,0,0
COM_1128,"[QC] Độc quyền trên TV360: Barcelona - PSG lúc 2h00 ngày 2/10. PSG hành quân đến chảo lửa Camp Nou.
Soạn DK SP gửi 1331 (30.000đ/30 ngày, gia hạn sau 30 ngày) để xem các trận đấu cúp C1 và Bundesliga độc quyền không tốn data tại https://tv360.vn/. LH 18008119 (0đ). Từ chối QC, soạn TC4 gửi 199.",0,0,0,0,0,0,0,0,0,0
COM_1129,(VIB) Ma xac thuc: 097538 (hieu luc trong 03 phut) de xac thuc khach hang dang ky moi. Lien he 19002200 (1.000 dong/phut) de duoc ho tro.,0,0,0,0,0,0,0,0,0,0
COM_1130,"(VIB) Ma OTP: 431120 (hieu luc trong 03 phut) de dang ky tai khoan thanh toan Digi, MyVIB. Lien he 19002200 (1.000 dong/phut) de duoc ho tro.",0,0,0,0,0,0,0,0,0,0
COM_1131,Ma kich hoat: 574949 co hieu luc trong 2 phut de dang ky su dung Smart OTP. Chi tiet vui long lien he or 19002200 (1.000 dong/phut),0,0,0,0,0,0,0,0,0,0
COM_1132,[TrustCA] Ma OTP: 780460 cho giao dich xac thuc ky so cua Quy khach voi MyVIB. Khong chia se ma OTP nay voi bat ky ai. OTP hieu luc trong 5 phut.,0,0,0,0,0,0,0,0,0,0
COM_1133,[TB] Mời Quý khách cập nhật thông tin thuê bao chính chủ theo Căn cước công dân mới dễ dàng và nhanh chóng trên My Viettel tại https://myviettel.go.link/3H3AL. Chi tiết LH 198 (0đ). Trân trọng.,0,0,0,0,0,0,0,0,0,0
COM_1134,UsRNgafydep)hkfhzo.cnrapple.com>BjiuNalmLopTajmgroupsgooglecomIbW,1,1,1,1,1,1,1,1,1,1
COM_1135,"Tong cuoc DV internet cua Quy khach LO QUANG THANG ma hop dong 639615776 thang 09/2025 la 109.633d. Quy khach vui long thanh toan truoc ngay 15/10. De nhan ma QR thanh toan Online tren ung dung ngan hang, truy cap https://viettel.vn/qrpay/7ED76F16FE3EE64AFA9F5A0FD77D855E .
Neu da thanh toan, vui long bo qua tin nhan nay. LH 18008119 (0d). Tran trong.",0,0,0,0,0,0,0,0,0,0
COM_1136,"Viettel TB: Từ 0h-5h ngày 08/10/2025, gói ST60N sẽ gia hạn. Cước phí 60.000đ/30 ngày có 60GB (2GB/ngày). Quý khách đảm bảo thuê bao hoạt động 2 chiều và đủ tiền để gói cước gia hạn thành công. Nếu tài khoản không đủ, gói cước sẽ gia hạn tương ứng với số tiền còn lại, 
tối thiểu 5.000đ (không áp dụng với thuê bao không gia hạn đủ 100% cước phí gói trong 60 ngày). Chiết khấu 2,5% khi nạp thẻ tại https://viettel.vn/nt. Để hủy gia hạn, soạn HUY gửi 191. LH 198 (0đ). Trân trọng.",0,0,0,0,0,0,0,0,0,0
COM_1137,"[QC] DATA LƯỚT MẠNG CẢ NGÀY.
Soạn GIC70N gửi 191: Chỉ 70K/30 ngày, có 1GB/ngày, nghe toàn bộ nội dung sách nói Mydio. DV gia hạn sau 30 ngày. 
Lưu ý: CT dành riêng cho thuê bao từ 6-22 tuổi đang sử dụng gói cước GIC của Viettel. Để chuyển đổi sang gói cước GIC, soạn GIC gửi 195. LH 198 (0đ). Từ chối QC, soạn TC4 gửi 199.",0,0,0,0,0,0,0,0,0,0
COM_1138,"[TB] GÓI THOẠI CHO CON, CHA MẸ AN TÂM.
Chỉ 30K/30 ngày, con bạn nhận được 10 phút gọi ngoại mạng, miễn phí 10 phút/cuộc nội mạng (tối đa 200 phút); DV gia hạn sau 30 ngày. Để đăng ký, soạn GIC30N gửi 191 trên SIM của con. 
Lưu ý: CT dành riêng cho thuê bao từ 6-22 tuổi đang sử dụng gói cước GIC của Viettel. Đăng ký ngay SIM GIC cho con tại gic.viettel.vn hoặc soạn GIC gửi 195 để chuyển đổi sang gói cước GIC. LH 198 (0đ).",0,0,0,0,0,0,0,0,0,0
COM_1139,"[QC] Vay nhanh linh hoat 3 PHUT - 50 TRIEU dong ve tay. Chi can CCCD, tra gop den 48 thang. Lai suat uu dai. Dang ky online voi Viettel Money: https://viettelmoney.go.link/fLcIg .Chi tiet LH 18009000 (0d). Tu choi QC, soan TC3 gui 199.",0,0,0,0,0,0,0,0,0,0
COM_1140,"Quy khach da duoc thanh toan 50000 VND tu nhan vien 4500240001, Ngay GD: 08/10/2025 06:05:25. Ma GD 251008621470918. LH 18008098 (0d). Tran trong.",0,0,0,0,0,0,0,0,0,0
COM_1141,Viettel TB: Gói ST60N đã khôi phục thành công. Cước phí 50.000đ có 2GB/ngày; ưu đãi sử dụng đến 01/11/2025. Quý khách nạp thêm 10.000đ trước 24h ngày 01/11/2025 để tiếp tục sử dụng ưu đãi gói cước. Truy cập https://viettel.vn/kttk để kiểm tra ưu đãi. Chi tiết LH 198 (0đ). Trân trọng.,0,0,0,0,0,0,0,0,0,0
COM_1142,"Quy khach co 10.005 dong trong tai khoan. Bam goi *098*3# de co 3GB voi 15.000d/3 ngay hoac *098*989# (30.000d/3 ngay) co 15GB (5GB/ngay), mien phi 10 phut/cuoc noi mang, 15 phut ngoai mang, SMS noi mang va TV360. Goi cuoc gia han khi het chu ky.
De biet thong tin cac uu dai khac, bam goi *098# hoac truy cap https://vietteltelecom.vn/goidata. Chi tiet LH 198 (0d). Tran trong.",0,0,0,0,0,0,0,0,0,0
COM_1143,"Quy khach da duoc thanh toan 10000 VND tu nhan vien 4500240001, Ngay GD: 08/10/2025 06:05:59. Ma GD 251008621510865. LH 18008098 (0d). Tran trong.",0,0,0,0,0,0,0,0,0,0
COM_1144,Viettel TB: Gói ST60N đã được gia hạn sử dụng đến ngày 06/11/2025 với cước phí 10.000đ. Truy cập https://viettel.vn/kttk để kiểm tra ưu đãi. Chi tiết LH 198 (0đ). Trân trọng.,0,0,0,0,0,0,0,0,0,0
COM_1145,"[QC] TẶNG 20.000 ĐIỂM VIETTEL++ KHI ĐỔI GÓI CƯỚC INTERNET TRÊN MY VIETTEL. Thao tác nhanh chóng, dễ dàng để nâng cao tốc độ đường truyền tại https://myviettel.go.link/1sXhJ. Điểm tặng sẽ được lưu trong ví voucher trên ứng dụng My Viettel. Chi tiết LH 18008119 (0đ). Từ chối QC, soạn TC3 gửi 199.",0,0,0,0,0,0,0,0,0,0
COM_1146,"[TB] RINH IPHONE 17 LIỀN TAY!
Từ ngày 18/09/2025 - 31/12/2025, khi Quý khách mua gói cước 5G chu kỳ 30 ngày trở lên sẽ được nhận 01 mã dự thưởng để tham gia chương trình quay số ""Lướt 5G - Rinh quà bất ngờ"" trúng điện thoại iPhone 17 và Samsung Galaxy A06 5G. Chi tiết thể lệ chương trình xem tại http://viettel.vn/luot5g.
LH 198 (0đ).",0,0,0,0,0,0,0,0,0,0
COM_1147,"[TB] NẠP THẺ ĐỦ ĐẦY - DATA XÀI NGAY!
Tặng 20% giá trị tất cả thẻ nạp vào tài khoản viễn thông trong ngày 10/10/2025. Tiền KM sử dụng truy cập Internet trong 15 ngày. Nạp thẻ online tại các ví điện tử, ứng dụng thanh toán hoặc tại https://viettel.vn/naptienkm . Chi tiết gọi 197 bấm phím 19 (0đ). Trân trọng.",0,0,0,0,0,0,0,0,0,0
COM_1148,Ma OTP Vinhomes cua Quy khach la: 019267,0,0,0,0,0,0,0,0,0,0
COM_1149,"[QC] Mua sắm tại Viettel Store số 245 Nguyễn Thị Định, phường Bình Trưng, TP. Hồ Chí Minh với ưu đãi khủng: iPhone 17 chỉ từ 24.990.000đ, phụ kiện chỉ từ 39.000đ, combo SIM số đẹp kèm gói cước chỉ 180.000đ có 300GB. CT áp dụng đến 31/10/2025. Chi tiết truy cập https://tinyurl.com/ymrbznzp hoặc LH 18008123 (0đ). Từ chối QC, soạn TC3 gửi 199.",0,0,0,0,0,0,0,0,0,0
COM_1150,"[QC] XEM BUNDESLIGA - SĂN VÉ ĐI ĐỨC CÙNG TV360! Soạn DK SP gửi 1331 (30.000đ/30 ngày, gia hạn sau 30 ngày) để xem các giải thể thao hấp dẫn trên TV360 và có cơ hội trúng 1 cặp vé bay thẳng đến Đức xem trực tiếp Bundesliga, điện thoại Oppo Reno 14 F 5G hoặc áo đấu có chữ ký của các cầu thủ tham gia giải Bundesliga. Chương trình áp dụng từ 12/8 - 12/11/2025. Chi tiết LH 18008119 (0đ)). Từ chối QC, soạn TC4 gửi 199.",0,0,0,0,0,0,0,0,0,0
COM_1151,"[TB] Mừng 25 năm Viettel Telecom - Cảm ơn Quý khách đã lựa chọn và đồng hành!
Để nhận ưu đãi điểm Viettel++ tương ứng với số năm Quý khách đã gắn bó cùng Viettel, truy cập https://vietteltelecom25.tv360.vn . CT áp dụng từ 15-25/10/2025. Chi tiết LH 198 (0đ). Trân trọng!",0,0,0,0,0,0,0,0,0,0
COM_1152,"Viettel TB: Quy khach LO QUANG THANG ma hop dong 639615776 con 109633d cuoc dich vu internet chua duoc thanh toan. Vui long thanh toan truoc ngay 25/10/2025. De nhan ma QR thanh toan Online tren ung dung ngan hang, 
truy cap https://viettel.vn/qrpay/7ED76F16FE3EE64AFA9F5A0FD77D855E . Quy khach da thanh toan vui long bo qua tin nhan nay. LH 18008119 (0d). Tran trong.",0,0,0,0,0,0,0,0,0,0
COM_1153,[TB] MTTQ Việt Nam kêu gọi chung tay ủng hộ đồng bào bị thiệt hại do bão lũ gây ra. Các tài khoản tiếp nhận: 55102025 tại Vietinbank; 8639699999 tại BIDV; 1400666102025 tại Agribank; 8888881010 tại Vietcombank; 0606 tại MBbank.,0,0,0,0,0,0,0,0,0,0
COM_1154,MxIDangKi[KGTLTE.birapple.com]CoQuaNamTamNghinBgroupsgooglecomaM,1,1,1,1,1,1,1,1,1,1
COM_1155,"[QC] Cơ hội TRÚNG XE MÁY HONDA SH 125i PHIÊN BẢN THỂ THAO khi hòa mạng Internet Viettel và đóng trước cước từ 6 tháng trở lên, cước thuê bao chỉ từ 220.000đ/tháng. LH 18008168 (0đ) để được tư vấn gói cước và phí hòa mạng. CT áp dụng từ 1/10 - 31/12/2025 tại TP. Hồ Chí Minh. Từ chối QC, soạn TC3 gửi 199.",0,0,0,0,0,0,0,0,0,0
COM_1156,"[QC] Từ ngày 24-26/10/2025, Viettel mời bạn ghé Tiệm trà sữa công nghệ GIC tại Chợ Bến Thành, tham gia trải nghiệm nhận quà liền tay: mua SIM, đăng ký gói cước GIC - nhận ngay trà sữa cùng hàng ngàn phần quà hấp dẫn. Đặc biệt, đừng bỏ lỡ chương trình gặp gỡ, 
giao lưu cùng anh trai JSOL và cơ hội nhận vé YFest Viettel tại TP. Hồ Chí Minh. Xem thông tin chi tiết sự kiện tại https://viettel.vn/tiemtrasuaGIC. LH 198 (đ). Từ chối QC, soạn TC3 gửi 199.",0,0,0,0,0,0,0,0,0,0
COM_1157,"[TB] NẠP THẺ ĐỦ ĐẦY - DATA XÀI NGAY!
Tặng 20% giá trị tất cả thẻ nạp vào tài khoản viễn thông trong ngày 25/10/2025. Tiền KM sử dụng truy cập Internet trong 15 ngày. Nạp thẻ online tại các ví điện tử, ứng dụng thanh toán hoặc tại https://viettel.vn/naptienkm . Chi tiết gọi 197 bấm phím 19 (0đ). Trân trọng.",0,0,0,0,0,0,0,0,0,0
COM_1158,"Quy khach da thanh toan 109.633d cuoc DV Ftth account t008_ftth_thanglq24. De tra cuu cuoc su dung va hoa don dien tu, vui long truy cap ung dung My Viettel tai https://vietteltelecom.vn/tc hoac bam goi *098#. LH 198 (0d).",0,0,0,0,0,0,0,0,0,0
COM_1159,"Nhap ma xac thuc OTP 7502 de Dang nhap tren ung dung My Viettel. Chi tiet LH 18008098 (0d) hoac truy cap https://viettel.vn/app. De dam bao an toan cho tai khoan cua Quy khach, vui long khong chia se ma xac thuc nay voi bat ky ai.",0,0,0,0,0,0,0,0,0,0
COM_1160,Thue bao 84377326330 cua Quy khach vua dang nhap tren http://viettel.vn. Xin cam on!,0,0,0,0,0,0,0,0,0,0
COM_1161,Nhap ma OTP 6919 de xac thuc lien ket thue bao 84377326330. Vui long khong chia se ma xac thuc nay voi bat ki ai. Tran trong.,0,0,0,0,0,0,0,0,0,0
COM_1162,Viettel da tiep nhan yeu cau Thu cuoc dong truoc cua Quy khach voi ma don hang 6258618059. Nhan vien Viettel se lien he Quy khach trong thoi gian som nhat. Cam on Quy khach da dong hanh cung Viettel. Chi tiet lien he 18008168 (mien phi). Tran trong.,0,0,0,0,0,0,0,0,0,0
COM_1163,Thong bao: Don hang 6258618062 cua Quy khach da duoc hen lai tu 11:30:00 27/10/2025 den 12:00:00 27/10/2025 tai dia chi S107-0402 Vinhome Grand Park Cau Xay P.Long Thanh My Tp.Thu Duc TPHCM Cau Xay-P.Long Thanh My Phuong Tang Nhon Phu Thanh pho Ho Chi Minh. Nhan vien Viettel se lien he voi Quy khach de ho tro. Chi tiet lien he 18008168 (mien phi). Tran trong.,0,0,0,0,0,0,0,0,0,0
COM_1164,Quy khach (639615776): Dong truoc 1794000d (dong 6 thang). Phi DV 0d. Tra cuu tai https://vietteltelecom.vn/dccd. Tran trong.,0,0,0,0,0,0,0,0,0,0
COM_1165,"[QC] GIA NHẬP GIC, ĐẪM DATA, ĐẬM CÁ TÍNH!
Thắng đời 1-0 khi trở thành thành viên GIC:
- Gói cước rẻ mà data ""khủng long"" mỗi ngày.
- Đặc quyền ""sít rịt"": Sở hữu kho Topping data truy cập TikTok, Facebook, YouTube... không giới hạn dung lượng, đồng giá 10K.
- Ngập tràn voucher ưu đãi ""đủ wow"".
Nhanh tay soạn GIC gửi 195 để gia nhập Vũ trụ số GIC - chân ái cho giới trẻ! LH 198 (0đ). Từ chối QC, soạn TC4 gửi 199.",0,0,0,0,0,0,0,0,0,0
COM_1166,"[QC] LẮP ĐẶT INTERNET VIETTEL CHO DOANH NGHIỆP với gói cước PRO2: Tốc độ tối đa 1.000Mbps (tối thiểu 500Mbps), modem công nghệ WIFI 6 mới nhất, cam kết băng thông quốc tế. Giá cước chỉ 500.000đ/tháng, tặng thêm 1-2 tháng sử dụng khi đóng trước cước 6-12 tháng. Phí hòa mạng 300.000đ. Chi tiết LH 18008168 (0đ). Từ chối QC, soạn TC3 gửi 199.",0,0,0,0,0,0,0,0,0,0
COM_1167,"[QC] Kính mời Quý khách trải nghiệm miễn phí bảo tàng số, hệ sinh thái sản phẩm Viettel từ 01-02/11/2025 và tham dự sự kiện âm nhạc Viettel Y-Fest vào 19h30 ngày 02/11/2025 cùng các nghệ sĩ: SƠN TÙNG MTP, SOOBIN, TRÚC NHÂN, VŨ CÁT TƯỜNG... tại Phố Đi Bộ Nguyễn Huệ, TP. Hồ Chí Minh. Chi tiết LH 198 (0đ). Từ chối QC, soạn TC3 gửi 199.",0,0,0,0,0,0,0,0,0,0
COM_1168,[Viettel TB]: Phan anh cua Quy khach ve dich vu INTERNET tai dia chi S107-0402 Vinhome Grand Park Cau Xay P.Long Thanh My Tp.Thu Duc TPHCM da duoc tiep nhan. Nhan vien ky thuat: Duong Tan Duc So dien thoai: 0969590414 se lien he ho tro xu ly truoc 10:38 05/11/2025. Tran trong!,0,0,0,0,0,0,0,0,0,0
COM_1169,"[QC] Độc quyền trên TV360: Liverpool - Real Madrid lúc 3h00 ngày 5/11. 
Soạn DK SP gửi 1331 (30.000đ/30 ngày, gia hạn sau 30 ngày) để xem các trận đấu cúp C1 và Bundesliga độc quyền không tốn data tại https://tv360.vn/. LH 18008119 (0đ). Từ chối QC, soạn TC4 gửi 199.",0,0,0,0,0,0,0,0,0,0
COM_1170,"Viettel TB: Từ 0h-5h ngày 07/11/2025, gói ST60N sẽ gia hạn. Cước phí 60.000đ/30 ngày có 60GB (2GB/ngày). Quý khách đảm bảo thuê bao hoạt động 2 chiều và đủ tiền để gói cước gia hạn thành công. Nếu tài khoản không đủ, gói cước sẽ gia hạn tương ứng với số tiền còn lại, tối thiểu 5.000đ (không áp dụng với thuê bao không gia hạn đủ 100% cước phí gói trong 60 ngày). Chiết khấu 2,5% khi nạp thẻ tại https://viettel.vn/nt. Để hủy gia hạn, soạn HUY gửi 191. LH 198 (0đ). Trân trọng.",0,0,0,0,0,0,0,0,0,0
COM_1171,"Quy khach da dung het luu luong Data toc do cao. De tiep tuc su dung DV va lua chon goi Mobile Internet phu hop danh rieng cho TB cua Quy khach, vui long bam goi *098#. LH 198 (mien phi). Tran trong.",0,0,0,0,0,0,0,0,0,0
COM_1172,"Viettel TB: Gói ST60N gia hạn không thành công. Gói cước sẽ được khôi phục khi thuê bao hoạt động 2 chiều và có đủ 60.000đ. Thời gian chờ khôi phục trước ngày 06/05/2026. Nếu tài khoản gốc không đủ, gói cước sẽ được khôi phục tương ứng với số tiền còn lại, tối thiểu 5.000đ (không áp dụng với thuê bao không gia hạn đủ 100% cước phí gói trong 60 ngày gần đây). Để hủy khôi phục, soạn HUY gửi 191. Chi tiết LH 198 (0d). Trân trọng.",0,0,0,0,0,0,0,0,0,0
COM_1173,"Quy khach da duoc thanh toan 50000 VND tu nhan vien 8300240041, Ngay GD: 07/11/2025 07:15:52. Ma GD 2511077855759672. LH 18008098 (0d). Tran trong.",0,0,0,0,0,0,0,0,0,0
COM_1174,"Doi thanh cong 100 diem tieu dung Viettel++ thanh 20 MB Data. Han su dung truoc 08/11/2025. Tong diem tieu dung con lai trong tai khoan Viettel++ cua Quy khach la 742 diem. De kiem tra lich su doi diem va lua chon uu dai hap dan khac, vui long truy cap https://vietteltelecom.vn/vtplus. Tran trong.",0,0,0,0,0,0,0,0,0,0
COM_1175,Viettel TB: Gói ST60N đã khôi phục thành công. Cước phí 50.000đ có 2GB/ngày; ưu đãi sử dụng đến 01/12/2025. Quý khách nạp thêm 10.000đ trước 24h ngày 01/12/2025 để tiếp tục sử dụng ưu đãi gói cước. Truy cập https://viettel.vn/kttk để kiểm tra ưu đãi. Chi tiết LH 198 (0đ). Trân trọng.,0,0,0,0,0,0,0,0,0,0
COM_1176,ROnGiaNhap<EUJTWH.xoapple.com]LiXiTazmTamNganhATHgroupsgooglecomT,1,1,1,1,1,1,1,1,1,1
COM_1177,"[QC] CHƠI MINI GAME - 100% TRÚNG QUÀ
Viettel gửi Bạn kho quà ""cực cháy"" tại https://viettel.vn/zalo/sankhobau với hàng ngàn quà tặng hấp dẫn (tổng giá trị đến 75 tỷ đồng). Chi tiết liên hệ 198 (0đ). Từ chối QC, soạn TC3 gửi 199.",0,0,0,0,0,0,0,0,0,0
COM_1178,TVlMoTKTagNgayMotTrazmNgan(tjrzaf.xoapple.com[oeWygroupsgooglecomp,1,1,1,1,1,1,1,1,1,1
COM_1179,"[TB] NẠP THẺ ĐỦ ĐẦY - DATA XÀI NGAY!
Tặng 20% giá trị tất cả thẻ nạp vào tài khoản viễn thông trong ngày 10/11/2025. Tiền KM sử dụng truy cập Internet trong 15 ngày. Nạp thẻ online tại các ví điện tử, ứng dụng thanh toán hoặc tại https://viettel.vn/naptienkm . Chi tiết gọi 197 bấm phím 19 (0đ). Trân trọng.",0,0,0,0,0,0,0,0,0,0
COM_1180,"[QC] Vay nhanh den 40 TRIEU dong voi TIN VAY tren Viettel Money. Chi can CCCD, thu tuc online 100%. Dang ky ngay:https://viettelmoney.go.link/1bPTU . Chi tiet LH 18009000 (0d). Tu choi QC, soan TC3 gui 199.",0,0,0,0,0,0,0,0,0,0
COM_1181,"[QC] Tham gia ngay chương trình Chiến binh đua top Cúp TV360 tại https://tv360.vn/game/st để có cơ hội nhận các phần quà hấp dẫn: Điện thoại iPhone 17 Promax, Airpods, iPad Air M3… Chi tiết LH 18008119 (0đ). Từ chối QC, soạn TC4 gửi 199.",0,0,0,0,0,0,0,0,0,0
COM_1182,"[QC] Vay nhanh linh hoat 3 PHUT - 50 TRIEU dong ve tay. Chi can CCCD, tra gop den 48 thang. Lai suat uu dai. Dang ky online voi Viettel Money: https://viettelmoney.go.link/4WQNv .Chi tiet LH 18009000 (0d). Tu choi QC, soan TC3 gui 199.",0,0,0,0,0,0,0,0,0,0
COM_1183,"[TB] NẠP THẺ ONLINE - DATA XÀI NGAY!
Tặng 20% giá trị tất cả thẻ nạp vào tài khoản viễn thông trong ngày 15/11/2025. Tiền KM sử dụng truy cập Internet trong 15 ngày. CT áp dụng khi nạp thẻ online qua các ví điện tử, ứng dụng thanh toán hoặc tại https://viettel.vn/pay/tt . Chi tiết gọi 197, bấm phím 19 (0đ). Trân trọng.",0,0,0,0,0,0,0,0,0,0
COM_1184,"[QC] ĐỘI TUYỂN VIỆT NAM XUẤT TRẬN! Đón xem trận đấu Lào - Việt Nam đầy kịch tính được phát sóng lúc 19:00 Thứ 4 ngày 19/11 trên TV360 tại https://tv360.vn/page/sport . Chi tiết LH 18008119 (0đ). Từ chối QC, soạn TC4 gửi 199.",0,0,0,0,0,0,0,0,0,0
COM_1185,"(QC) BLACK WEEK - Tuan le Sale lon nhat nam! Co hoi Trung Vang + Ring ngay iPhone 17 Pro Max mien phi. 6666 Voucher doc quyen. Dien thoai giam toi 37%. Mua phu kien tu 6K. Ap dung tu 21-30/11. Mua tai https://hhmb.net/BFD2025 - LH 19002091 (1000d/p). De tu choi QC, Soan TC HoangHaMobi gui 1313",0,0,0,0,0,0,0,0,0,0
COM_1186,"[TB] NÂNG CẤP ĐIỆN THOẠI - NHẬN ƯU ĐÃI 5G.
Tặng 15GB data trải nghiệm trên hạ tầng 5G trong 15 ngày (1GB/ngày) khi Quý khách nâng cấp lên điện thoại 5G. Để nhận ưu đãi, sử dụng máy 5G và soạn 5G gửi 191.
Chương trình áp dụng 1 lần đến hết ngày 30/11/2025, dành riêng cho Quý khách. Chi tiết LH 198 (0đ).",0,0,0,0,0,0,0,0,0,0
COM_1187,"[TB] NẠP THẺ ĐỦ ĐẦY - DATA XÀI NGAY!
Tặng 20% giá trị tất cả thẻ nạp vào tài khoản viễn thông trong ngày 25/11/2025. Tiền KM sử dụng truy cập Internet trong 15 ngày. Nạp thẻ online tại các ví điện tử, ứng dụng thanh toán hoặc tại https://viettel.vn/naptienkm . Chi tiết gọi 197 bấm phím 19 (0đ). Trân trọng.",0,0,0,0,0,0,0,0,0,0
COM_1188,"[TB] CMND đăng ký thuê bao của Quý khách đã hết hiệu lực từ 1/1/2025 (theo quy định của luật Căn cước). Để tiếp tục sử dụng dịch vụ, vui lòng cập nhật thông tin CC/CCCD mới nhất qua ứng dụng My Viettel tại https://viettel.vn/doigiayto . Chi tiết LH 198 (0đ). Trân trọng!",0,0,0,0,0,0,0,0,0,0
COM_1189,"888TO tai app nhan ngay 58k~88K,phat qua khung 8888 ty.combo thuong khung 18.888k,Nhan thuong ngay tai https://ads888to44.com/?cid=5269523",0,0,0,0,0,0,0,0,0,0
COM_1190,"(TPBank) Hoa don Vi Tra Sau Momo T11.2025 cua QK co du no 2,497,253VND. QK co the TT toan bo du no hoac TT toi thieu truoc ngay 05/12/2025. Vui long bo qua neu da TT",0,0,0,0,0,0,0,0,0,0
COM_1191,"Quy khach duoc cong them 300 diem Viettel++ boi giao dich Tieu dung vien thong thang 11/2025. Thoi han su dung diem den 31/12/2026. Hay truy cap https://vietteltelecom.vn/vtplus tren My Viettel hoac *098# de doi diem sang Data, SMS, Phut goi cung nhieu uu dai gia tri khac. Chi tiet LH 198. Tran trong.",0,0,0,0,0,0,0,0,0,0
COM_1192,"[QC] MIỄN PHÍ XEM MƯA ĐỎ - ĐỘC QUYỀN TRÊN TV360!
Soạn MXH100 gửi 191 (100K/30 ngày) để nhận ưu đãi: 
- 30GB (1GB/ngày).
- Miễn phí data truy cập TikTok, YouTube và Meta (Facebook, tin Messenger, Threads, Instagram).
Gói cước gia hạn sau 30 ngày.
MIỄN PHÍ xem phim chất lượng hình ảnh 4K sắc nét tại https://tv360.vn/muado.
CT dành riêng cho Quý khách. LH 198 (0đ). Từ chối QC, soạn TC4 gửi 199.",0,0,0,0,0,0,0,0,0,0
COM_1193,"Quy khach duoc cong them 2 diem Viettel++ boi giao dich Tieu dung vien thong thang 11/2025. Thoi han su dung diem den 31/12/2026. Hay truy cap https://vietteltelecom.vn/vtplus tren My Viettel hoac *098# de doi diem sang Data, SMS, Phut goi cung nhieu uu dai gia tri khac. Chi tiet LH 198. Tran trong.",0,0,0,0,0,0,0,0,0,0
COM_1194,"Viettel TB: Từ 0h-5h ngày 07/12/2025, gói ST60N sẽ gia hạn. Cước phí 60.000đ/30 ngày có 60GB (2GB/ngày). Quý khách đảm bảo thuê bao hoạt động 2 chiều và đủ tiền để gói cước gia hạn thành công. Nếu tài khoản không đủ, gói cước sẽ gia hạn tương ứng với số tiền còn lại, tối thiểu 5.000đ (không áp dụng với thuê bao không gia hạn đủ 100% cước phí gói trong 60 ngày). Chiết khấu 2,5% khi nạp thẻ tại https://viettel.vn/nt. Để hủy gia hạn, soạn HUY gửi 191. LH 198 (0đ). Trân trọng.",0,0,0,0,0,0,0,0,0,0
COM_1195,"Cbr$eWyPXefyl.kjew.bid)TF,Dk_{ccmffywuxojs}""Tk-Gui,Den~8~8:Nghin~",1,1,1,1,0,0,0,0,0,0
COM_1196,"Viettel TB: Gói ST60N gia hạn không thành công. Gói cước sẽ được khôi phục khi thuê bao hoạt động 2 chiều và có đủ 60.000đ. Thời gian chờ khôi phục trước ngày 05/06/2026. Nếu tài khoản gốc không đủ, gói cước sẽ được khôi phục tương ứng với số tiền còn lại, tối thiểu 5.000đ (không áp dụng với thuê bao không gia hạn đủ 100% cước phí gói trong 60 ngày gần đây). Để hủy khôi phục, soạn HUY gửi 191. Chi tiết LH 198 (0d). Trân trọng.",0,0,0,0,0,0,0,0,0,0
COM_1197,"Quy khach da duoc thanh toan 50000 VND tu nhan vien 4500540010, Ngay GD: 07/12/2025 08:48:45. Ma GD 251207631660598. LH 18008098 (0d). Tran trong.",0,0,0,0,0,0,0,0,0,0
COM_1198,"[TB] GỌI ĐIỆN, LƯỚT MẠNG CẢ NGÀY.
1. Soạn SD70 gửi 191: Chỉ 70K/30 ngày có 30GB (1GB/ngày).
2. Soạn V90B gửi 191: Chỉ 90K/30 ngày có 30GB (1GB/ngày), 30 phút ngoại mạng, miễn phí 10 phút/cuộc nội mạng.
Các gói cước gia hạn sau 30 ngày. CT dành riêng cho Quý khách. LH 198 (0đ).",0,0,0,0,0,0,0,0,0,0
COM_1199,"[TB] NẠP THẺ ĐỦ ĐẦY - DATA XÀI NGAY!
Tặng 20% giá trị tất cả thẻ nạp vào tài khoản viễn thông trong ngày 10/12/2025. Tiền KM sử dụng truy cập Internet trong 15 ngày. Nạp thẻ online tại các ví điện tử, ứng dụng thanh toán hoặc tại https://viettel.vn/naptienkm . Chi tiết gọi 197 bấm phím 19 (0đ). Trân trọng.",0,0,0,0,0,0,0,0,0,0
COM_1200,"WL)KIPwppvdW.nferw.de(k;Thua-1-Trju~Dua_Lai-1""Trju_Sog,Hanh,Vog:Loai:Cup~Tgioi~Lien~He""Cskh;Dong:Tien""Mo_Dau~Gui,88%,",1,1,1,1,1,1,1,1,1,1
COM_1201,"[QC] Độc quyền trên TV360: Real Madrid - Man City, 3h00 ngày 11/12. Soạn DK SP gửi 1331 (30.000đ/30 ngày, gia hạn sau 30 ngày) để xem các trận đấu thể thao đặc sắc tại http://s.viettel.vn/UEFALPTV1 . LH 18008119 (0đ). Từ chối QC, soạn TC4 gửi 199.",0,0,0,0,0,0,0,0,0,0
COM_1202,"[TB] NẠP THẺ ONLINE - DATA XÀI NGAY!
Tặng 20% giá trị tất cả thẻ nạp vào tài khoản viễn thông trong ngày 15/12/2025. Tiền KM sử dụng truy cập Internet trong 15 ngày. CT áp dụng khi nạp thẻ online qua các ví điện tử, ứng dụng thanh toán hoặc tại https://viettel.vn/pay/tt . Chi tiết gọi 197, bấm phím 19 (0đ). Trân trọng.",0,0,0,0,0,0,0,0,0,0
COM_1203,[TB] CMND đăng ký thuê bao của Quý khách đã hết hiệu lực từ 1/1/2025 (theo quy định luật Căn cước). Quý khách vui lòng mang CC/CCCD đến điểm giao dịch Viettel để được hỗ trợ. Chi tiết LH 198 (0đ). Trân trọng.,0,0,0,0,0,0,0,0,0,0
COM_1204,MCREDIT T/B Ma OTP xac thuc ky HD1000725120976254 cua QK la 980611.OTP co gia tri trong 3 phut.QK luu y KHONG CUNG CAP cho bat ky ai.LH:1900636769.Xin cam on!,0,0,0,0,0,0,0,0,0,0
COM_1205,Mcredit T/B: QK da ky HD 1000725120976254 va giai ngan thanh cong 10000000VND. LH 1900636769,0,0,0,0,1,1,1,1,0,0
COM_1206,G-905151 là mã xác minh Google của bạn. Đừng chia sẻ với bất kỳ ai.,0,0,0,0,0,0,0,0,0,0
COM_1207,"[TB] Cảm ơn Quý khách đã đồng hành cùng Viettel trong năm 2025. Truy cập antuongviettel.tv360.vn để nhìn lại các sự kiện ấn tượng và nhận phần quà hấp dẫn, tạo những bức ảnh AI thật độc đáo. LH 198 (0đ). Trân trọng!",0,0,0,0,0,0,0,0,0,0
COM_1208,[TB] Giáng sinh an lành - Năm mới vẹn toàn! Viettel kính chúc Quý khách một mùa lễ ấm áp và năm mới thành công. Chân thành cảm ơn Quý khách đã luôn tin tưởng lựa chọn dịch vụ.,0,0,0,0,0,0,0,0,0,0
COM_1209,"Tai ngay app pkwin dang ki tai khoan nhan ngay 58k-nap dau tang 188k cho no hu,ban ca tai https://bit.ly/497zddL",1,1,1,1,1,1,1,1,1,1
COM_1210,"[TB] NẠP THẺ ĐỦ ĐẦY - DATA XÀI NGAY!
Tặng 20% giá trị tất cả thẻ nạp vào tài khoản viễn thông trong ngày 25/12/2025. Tiền KM sử dụng truy cập Internet trong 15 ngày. Nạp thẻ online tại các ví điện tử, ứng dụng thanh toán hoặc tại https://viettel.vn/naptienkm . Chi tiết gọi 197 bấm phím 19 (0đ). Trân trọng.",0,0,0,0,0,0,0,0,0,0
COM_1211,"[TB] CMND đăng ký thuê bao của Quý khách đã hết hiệu lực từ 1/1/2025 (theo luật Căn cước). Để tiếp tục sử dụng, vui lòng dùng điện thoại thông minh có hỗ trợ quét CC/CCCD gắn chip, truy cập https://viettel.vn/doigiayto , tải/đăng nhập My Viettel và cập nhật thông tin mới nhất hoặc đến cửa hàng giao dịch Viettel để được hỗ trợ. 
Tặng 50.000đ vào tài khoản khuyến mại khi thực hiện online qua My Viettel trước 1/1/2026, ưu đãi cộng vào ngày hôm sau. LH 198 (0đ).",0,0,0,0,0,0,0,0,0,0
COM_1212,Dang ky 666 K-Tai App nhan 108K-Khuyen mai nap dau 100% Lixi moi ngay 88.888K VIP 108.888K https://pk7989.com/a666,1,1,1,1,1,1,1,1,1,1
COM_1213,"Viettel thong bao: Tu ngay 30/12/2025 gia cuoc goi trong zone cua Quy khach la 890d/phut (noi mang) va 1190d/phut (ngoai mang), gia cuoc goi ngoai zone (noi mang, ngoai mang) la 1190d/phut. Tran trong.",0,0,0,0,0,0,0,0,0,0
COM_1214,HD T1.2026 Vi Tra Sau den han trong ky nghi Tet 2026. QK vui long TT truoc 05/01/2026 tai App MoMo de tranh anh huong LSTD. Bo qua neu da TT,0,0,0,0,0,0,0,0,0,0
COM_1215,"Quy khach duoc cong them 300 diem Viettel++ boi giao dich Tieu dung vien thong thang 12/2025. Thoi han su dung diem den 31/01/2027. Hay truy cap https://vietteltelecom.vn/vtplus tren My Viettel hoac *098# de doi diem sang Data, SMS, Phut goi cung nhieu uu dai gia tri khac. Chi tiet LH 198. Tran trong.",0,0,0,0,0,0,0,0,0,0
COM_1216,"Viettel TB: Từ 0h-5h ngày 06/01/2026, gói ST60N sẽ gia hạn. Cước phí 60.000đ/30 ngày có 60GB (2GB/ngày). Quý khách đảm bảo thuê bao hoạt động 2 chiều và đủ tiền để gói cước gia hạn thành công. Nếu tài khoản không đủ, gói cước sẽ gia hạn tương ứng với số tiền còn lại, tối thiểu 5.000đ (không áp dụng với thuê bao không gia hạn đủ 100% cước phí gói trong 60 ngày). Chiết khấu 2,5% khi nạp thẻ tại https://viettel.vn/nt. Để hủy gia hạn, soạn HUY gửi 191. LH 198 (0đ). Trân trọng.",0,0,0,0,0,0,0,0,0,0
COM_1217,"[QC] U23 Việt Nam - U23 Jordan lúc 18h30 ngày 06/01/2026. Đồng hành cùng U23 Việt Nam thi đấu tại Vòng Chung kết U23 Châu Á 2026 trên TV360! Soạn DK SP gửi 1331 (30.000đ/30 ngày, gia hạn sau 30 ngày) để xem các trận đấu giải C1 và Bundelisga độc quyền, không tốn data 4G/5G tại http://s.viettel.vn/tv360.10 . Chi tiết LH 18008119 (0đ). Từ chối QC, soạn TC4 gửi 199.",0,0,0,0,0,0,0,0,0,0
COM_1218,"Quy khach duoc cong them 7 diem Viettel++ boi giao dich Tieu dung vien thong thang 12/2025. Thoi han su dung diem den 31/01/2027. Hay truy cap https://vietteltelecom.vn/vtplus tren My Viettel hoac *098# de doi diem sang Data, SMS, Phut goi cung nhieu uu dai gia tri khac. Chi tiet LH 198. Tran trong.",0,0,0,0,0,0,0,0,0,0
COM_1219,"Viettel TB: Gói ST60N gia hạn không thành công. Gói cước sẽ được khôi phục khi thuê bao hoạt động 2 chiều và có đủ 60.000đ. Thời gian chờ khôi phục trước ngày 05/07/2026. Nếu tài khoản gốc không đủ, gói cước sẽ được khôi phục tương ứng với số tiền còn lại, tối thiểu 5.000đ (không áp dụng với thuê bao không gia hạn đủ 100% cước phí gói trong 60 ngày gần đây). Để hủy khôi phục, soạn HUY gửi 191. Chi tiết LH 198 (0d). Trân trọng.",0,0,0,0,0,0,0,0,0,0
COM_1220,"[QC] MỞ LÀ 100% TRÚNG QUÀ.
Viettel tặng Quý khách ưu đãi giá trị lên đến 50K khi tham gia mở quà CT Săn kho báu tại https://viettel.vn/SanKhobau. Mỗi khách hàng chỉ có một lượt chơi duy nhất. LH 198 (0đ). Từ chối QC, soạn TC4 gửi 199.",0,0,0,0,0,0,0,0,0,0
COM_1221,"Doi thanh cong 100 diem tieu dung Viettel++ thanh 20 MB Data. Han su dung truoc 08/01/2026. Tong diem tieu dung con lai trong tai khoan Viettel++ cua Quy khach la 1.142 diem. De kiem tra lich su doi diem va lua chon uu dai hap dan khac, vui long truy cap https://vietteltelecom.vn/vtplus. Tran trong.",0,0,0,0,0,0,0,0,0,0
COM_1222,8qbet tai khoan moi tao theo link duoi nhan code 58k. Nap dau nhan 58.8k. Rut k gioi han 888888k! Tai https://dx3389.8qbet16.com,0,0,0,0,1,1,1,1,1,1
COM_1223,"Doi thanh cong 100 diem tieu dung Viettel++ thanh 20 MB Data. Han su dung truoc 09/01/2026. Tong diem tieu dung con lai trong tai khoan Viettel++ cua Quy khach la 1.042 diem. De kiem tra lich su doi diem va lua chon uu dai hap dan khac, vui long truy cap https://vietteltelecom.vn/vtplus. Tran trong.",0,0,0,0,0,0,0,0,0,0
COM_1224,"[QC] Bạn là Fan hâm mộ của Tottenham, Bayern Munich hay Juventus...? Đừng bỏ lỡ Hội Fan tranh tài trên ứng dụng TV360 tại https://tv360.vn/game/c1 . Cuộc cạnh tranh giữa các cộng đồng yêu bóng đá với cơ hội nhận quà hấp dẫn: Cặp vé xem chung kết cúp C1 Châu Âu, điện thoại Samsung, tivi Samsung... Chi tiết LH 18008119 (0đ). Từ chối QC, soạn TC4 gửi 199.",0,0,0,0,0,0,0,0,0,0
COM_1225,"Doi thanh cong 100 diem tieu dung Viettel++ thanh 20 MB Data. Han su dung truoc 09/01/2026. Tong diem tieu dung con lai trong tai khoan Viettel++ cua Quy khach la 942 diem. De kiem tra lich su doi diem va lua chon uu dai hap dan khac, vui long truy cap https://vietteltelecom.vn/vtplus. Tran trong.",0,0,0,0,0,0,0,0,0,0
COM_1226,"[TB] NẠP THẺ ONLINE - DATA XÀI NGAY!
Tặng 50% giá trị tất cả thẻ nạp vào tài khoản viễn thông trong ngày 10/01/2026. Tiền KM sử dụng truy cập Internet trong 15 ngày. CT áp dụng khi nạp thẻ online qua các ví điện tử, ứng dụng thanh toán hoặc tại https://viettel.vn/pay/tt . Chi tiết gọi 197, bấm phím 19 (0đ). Trân trọng.",0,0,0,0,0,0,0,0,0,0
COM_1227,"[TB] CMND đăng ký thuê bao của Quý khách đã hết hiệu lực từ 1/1/2025 (theo luật Căn cước). Để tiếp tục sử dụng, vui lòng dùng điện thoại thông minh có hỗ trợ quét CC/CCCD gắn chip, truy cập https://viettel.vn/doigiayto , tải/đăng nhập My Viettel và cập nhật thông tin mới nhất hoặc đến cửa hàng giao dịch Viettel để được hỗ trợ. Chi tiết LH 198 (0đ). Trân trọng.",0,0,0,0,0,0,0,0,0,0
COM_1228,"Dang ky 99K,Tai App nhan 58K,Khuyen mai nap dau 100% Lixi moi ngay 88.888K VIP 108.888K https://m.791179.com/Account/Register?f=739106",0,0,0,0,1,1,1,1,1,1
COM_1229,"[QC] Vay nhanh linh hoat 3 PHUT - 50 TRIEU dong. Chi can CCCD, tra gop den 48 thang. Lai suat chi tu 2.2%/thang. Dang ky online voi Viettel Money: https://viettelmoney.go.link/fLcIg .Chi tiet LH 18009000 (0d). Tu choi QC, soan TC3 gui 199.",0,0,0,0,0,0,0,0,0,0
COM_1230,"[QC] Thang nay het tien? VAY NGAN NGAY nhan den 7 TRIEU chi sau 1 phut, chi can CCCD. Tra gop 30-45 ngay. Dang ky online voi Viettel Money: https://viettelmoney.go.link/bY18O .Chi tiet LH 18009000 (0d). Tu choi QC, soan TC3, gui 199.",0,0,0,0,0,0,0,0,0,0
COM_1231,"Quý khách vừa nạp thẻ thành công và được khuyến mại 50% để truy cập Internet (0,48d/50KB) trong 15 ngày, bấm gọi *102# để kiểm tra. Chi tiết LH 198 (0đ). Trân trọng.",0,0,0,0,0,0,0,0,0,0
COM_1232,"Quy khach da duoc thanh toan 50000 VND tu nhan vien 4500240001, Ngay GD: 10/01/2026 16:31:50. Ma GD 260110621672685. LH 18008098 (0d). Tran trong.",0,0,0,0,0,0,0,0,0,0
COM_1233,Viettel TB: Gói ST60N đã khôi phục thành công. Cước phí 50.000đ có 2GB/ngày; ưu đãi sử dụng đến 03/02/2026. Quý khách nạp thêm 10.000đ trước 24h ngày 03/02/2026 để tiếp tục sử dụng ưu đãi gói cước. Truy cập https://viettel.vn/kttk để kiểm tra ưu đãi. Chi tiết LH 198 (0đ). Trân trọng.,0,0,0,0,0,0,0,0,0,0
COM_1234,"Quy khach da duoc thanh toan 10000 VND tu nhan vien 4500240001, Ngay GD: 10/01/2026 16:32:03. Ma GD 260110621404662. LH 18008098 (0d). Tran trong.",0,0,0,0,0,0,0,0,0,0
COM_1235,Viettel TB: Gói ST60N đã được gia hạn sử dụng đến ngày 08/02/2026 với cước phí 10.000đ. Truy cập https://viettel.vn/kttk để kiểm tra ưu đãi. Chi tiết LH 198 (0đ). Trân trọng.,0,0,0,0,0,0,0,0,0,0
COM_1236,"[QC] 5G SIÊU TỐC - CHÁY CÙNG U23! 
Đăng ký gói MXH100 để xem truyền hình trực tiếp trận U23 Việt Nam - U23 Ả Rập Saudi ngày 12/1 trên TV360. Soạn MXH100 gửi 191: 100K/30 ngày có 30GB (1GB/ngày), miễn phí data truy cập TikTok, YouTube, Meta (Facebook, tin Messenger, Threads, Instagram). Gói cước gia hạn sau 30 ngày. CT dành riêng cho Quý khách. LH 198 (0đ). Từ chối QC, soạn TC4 gửi 199.",0,0,0,0,0,0,0,0,0,0
COM_1237,"HD 1000725120976254 ngay 20/01/2026 den han thanh toan 2,071,000d. Nhap ma MC19619593080 vao MoMo de TT. Vui long bo qua neu da TT. LH 1900636769",0,0,0,0,0,0,0,0,0,0
COM_1238,"[QC] Vay nhanh linh hoat 3 PHUT - 50 TRIEU dong. Chi can CCCD, tra gop den 48 thang. Lai suat chi tu 2.2%/thang. Dang ky online voi Viettel Money: https://viettelmoney.go.link/4WQNv .Chi tiet LH 18009000 (0d). Tu choi QC, soan TC3 gui 199.",0,0,0,0,0,0,0,0,0,0
COM_1239,"Cam on ban da dang ky, 2251 la ma so kham cua ban",0,0,0,0,0,0,0,0,0,0
COM_1240,"[QC] ĐÓN XEM TỨ KẾT - 5G SIÊU NÉT! 
Đăng ký gói MXH100 để xem truyền hình trực tiếp trận U23 Việt Nam - U23 UAE ngày 16/1 trên TV360. Soạn MXH100 gửi 191: 100K/30 ngày có 30GB (1GB/ngày), miễn phí data truy cập TikTok, YouTube, Meta (Facebook, tin Messenger, Threads, Instagram). Gói cước gia hạn sau 30 ngày. CT dành riêng cho Quý khách. LH 198 (0đ). Từ chối QC, soạn TC4 gửi 199.",0,0,0,0,0,0,0,0,0,0
COM_1241,"[QC] Tứ kết U23 Việt Nam - U23 UAE lúc 22:30 ngày 16/01/2026. Đón xem màn so tài đỉnh cao trên TV360! Soạn DK SP gửi 1331 (30.000đ/30 ngày, gia hạn sau 30 ngày) để xem các trận đấu giải C1 và Bundesliga độc quyền, không tốn data 4G/5G tại http://s.viettel.vn/tv360.10 . Chi tiết LH 18008119 (0đ). Từ chối QC, soạn TC4 gửi 199.",0,0,0,0,0,0,0,0,0,0
COM_1242,"[TB] CMND đăng ký thuê bao của Quý khách đã hết hiệu lực từ 1/1/2025 (theo luật Căn cước). Để tiếp tục sử dụng, vui lòng dùng điện thoại thông minh có hỗ trợ quét CC/CCCD gắn chip, truy cập https://viettel.vn/doigiayto, tải/đăng nhập My Viettel và cập nhật thông tin mới nhất hoặc đến cửa hàng giao dịch Viettel để được hỗ trợ. 
Tặng 50.000đ vào tài khoản khuyến mại khi thực hiện online qua My Viettel trước 1/2/2026, ưu đãi cộng vào ngày hôm sau. LH 198 (0đ).",0,0,0,0,0,0,0,0,0,0
COM_1243,"[TB] Ứng dụng Tuyên giáo và Dân vận - kênh thông tin chính thống của Đảng; chủ trương, chính sách được cập nhật nhanh, giải thích dễ hiểu; thư viện số phong phú; hỏi - đáp, tra cứu thuận tiện; lắng nghe, phản hồi ý kiến Nhân dân. 
Mời Nhân dân tham gia sử dụng: https://tgdv.vtscloud.vn/installation",0,0,0,0,0,0,0,0,0,0
COM_1244,Tai khoan cua Quy khach sap het. Soan UT gui 9118 de xac nhan cong 20000d vao tai khoan (cuoc DV 3000d). Chi tiet LH 18008098 (mien phi).,0,0,0,0,0,0,0,0,0,0
COM_1245,NOHU tang CODE 50k mien phi cho khach VIP: <FMN4BMHS>Link: https://nohucode50k.club,1,1,1,0,1,1,1,1,1,1
COM_1246,"[TB] Chung tay vì một cộng đồng không ma tuý, toàn dân hãy tố giác tội phạm, tệ nạn ma tuý đến số hotline Cục trưởng Cục Cảnh sát ĐTTP về ma tuý: 0769040404. Bảo mật tuyệt đối người cung cấp tin, thông tin giá trị sẽ được xem xét khen thưởng.",0,0,0,0,0,0,0,0,0,0
COM_1247,"[QC] Mở thẻ tín dụng VPBank miễn phí thường niên, hạn mức đến 100 triệu, trả góp 0đ cùng hoàn tiền tới 15%. Để đăng ký nhận link mở thẻ và đồng ý cung cấp số điện thoại của QK cho VPBank (qua đối tác Viettel, CTCP Thịnh Phát) và nhận hướng dẫn mở thẻ, soạn VP gửi 1798 (MP). Từ chối QC, soạn TC gửi 1313.",0,0,0,0,0,0,0,0,0,0
COM_1248,"[TB] NẠP THẺ ĐỦ ĐẦY - DATA XÀI NGAY!
Tặng 20% giá trị tất cả thẻ nạp vào tài khoản viễn thông trong ngày 26/01/2026. Tiền KM sử dụng truy cập Internet trong 15 ngày. Nạp thẻ online tại các ví điện tử, ứng dụng thanh toán hoặc tại https://viettel.vn/naptienkm . Chi tiết gọi 197 bấm phím 19 (0đ). Trân trọng.",0,0,0,0,0,0,0,0,0,0
COM_1249,"[TB] CƠ HỘI DUY NHẤT!
Gói ST15K chỉ còn 3.000đ/3 ngày (giá gốc 15.000đ) có 3GB. Gói cước gia hạn với giá gốc sau 3 ngày. CT áp dụng với lần đăng ký đầu tiên đến 31/01 cho thuê bao nhận được tin nhắn. LH 198 (0đ). Để đăng ký:
Soạn 1 gửi 191.",0,0,0,0,0,0,0,0,0,0
COM_1250,"[TB] CƠ HỘI DUY NHẤT!
Gói ST15K chỉ còn 3.000đ/3 ngày (giá gốc 15.000đ) có 3GB. Gói cước gia hạn với giá gốc sau 3 ngày. CT áp dụng với lần đăng ký đầu tiên đến 31/01 cho thuê bao nhận được tin nhắn. LH 198 (0đ). Để đăng ký:
Soạn ST15K gửi 191.",0,0,0,0,0,0,0,0,0,0
COM_1251,"[TB] DÙNG DATA - GIÁ CHỈ 1K!
Chỉ 1.000đ/ngày có ngay 1GB sử dụng đến 24h, gia hạn theo ngày. Ưu đãi áp dụng cho 3 lần đăng ký/gia hạn đầu tiên trước 01/02 cho thuê bao nhận được tin nhắn.
Sau KM, gói cước gia hạn với giá 7.000đ. LH 198 (0đ). Để tham gia:
Soạn ST7K gửi 191.",0,0,0,0,0,0,0,0,0,0
COM_1252,"FPT ID Ma OTP cua QK la 253881, hieu luc 2 phut. FPT ID dung dang nhap cac App FPT, KHONG chia se ma nay voi bat ky ai, ke ca NV FPT.
@accounts.fpt.vn #253881",0,0,0,0,0,1,0,0,0,0
COM_1253,"Cam on ban da hoan tat kiem tra diem tin dung CIC tren MoMo. De dang nhap ung dung CIC, vui long su dung: Ten dang nhap: 0377326330, Mat khau: x!{qvB=!C+2+",0,0,0,0,0,0,0,0,0,0
COM_1254,"[QC] Xem các phim Hàn - Trung được phát song song trên TV360, không quảng cáo: Yết Hí, Danh Dự Cuối Cùng, Hoa Máu, Thái Bình Niên... tại https://tv360.vn/movies. Soạn DK PH gửi 1331 (20.000đ/30 ngày) để đăng ký gói Vcine TV360. Gói cước gia hạn sau 30 ngày. Chi tiết LH 18008119 (0đ). Từ chối QC, soạn TC4 gửi 199.",0,0,0,0,0,0,0,0,0,0
COM_1255,"[TB] Sắm Data cho cả nhà cùng 5G Family.
Soạn MXH100 gửi 191: 100K/30 ngày có 1GB/ngày, miễn phí data truy cập TikTok, YouTube, các ứng dụng của Meta (Facebook, Threads, Instagram, nhắn tin Messenger). Gói cước gia hạn sau 30 ngày. CT dành riêng cho Quý khách.
ĐẶC BIỆT: Chiết khấu đến 20% và nhận 10.000 điểm Viettel++ khi tham gia nhóm gia đình trước ngày 1/4/2026 tại https://vietteltelecom.vn/5gfml.
Chi tiết LH 198 (0đ).",0,0,0,0,0,0,0,0,0,0
COM_1256,"Quy khach duoc cong them 300 diem Viettel++ boi giao dich Tieu dung vien thong thang 01/2026. Thoi han su dung diem den 28/02/2027. Hay truy cap https://vietteltelecom.vn/vtplus tren My Viettel hoac *098# de doi diem sang Data, SMS, Phut goi cung nhieu uu dai gia tri khac. Chi tiet LH 198. Tran trong.",0,0,0,0,1,0,0,0,0,0
COM_1257,UaDDangKi)TPSDeI.byrapple.com[LiXiNamMuoiKaTgroupsgooglecomiP,1,1,1,1,1,1,1,1,1,1
COM_1258,"[TB] GỌI ĐIỆN, LƯỚT MẠNG CẢ NGÀY.
1. Soạn SD90 gửi 191: Chỉ 90K/30 ngày có 45GB (1,5GB/ngày).
2. Soạn V120B gửi 191: Chỉ 120K/30 ngày có 45GB (1,5GB/ngày), 50 phút ngoại mạng, miễn phí 10 phút/cuộc nội mạng.
Gói cước gia hạn sau 30 ngày. CT dành riêng cho Quý khách. LH 198 (0đ).",0,0,0,0,0,0,0,0,0,0
COM_1259,"Quy khach duoc cong them 9 diem Viettel++ boi giao dich Tieu dung vien thong thang 01/2026. Thoi han su dung diem den 28/02/2027. Hay truy cap https://vietteltelecom.vn/vtplus tren My Viettel hoac *098# de doi diem sang Data, SMS, Phut goi cung nhieu uu dai gia tri khac. Chi tiet LH 198. Tran trong.",0,0,0,0,0,0,0,0,0,0
COM_1260,"[TB] SẮM GÓI DATA DÀNH RIÊNG CHO TẾT!
Soạn TET26 gửi 191: 50K/5 ngày có:
- 26GB.
- 260p gọi nội mạng.
- Xem hài Tết, phim Tết, show Tết, thể thao, giải trí trên TV360.
Gói cước gia hạn sau 5 ngày. Chi tiết gói xem tại https://vietteltelecom.vn/tet26. LH 198 (0đ).",0,0,0,0,0,0,0,0,1,0
COM_1261,"(QC) Soan XNM gui 5388: 2.000d/ngay co ngay 250MB de nghe hang nghin sach noi, truyen audio chat luong cao tren Mydio tai http://mydio.vn. Goi cuoc gia han theo ngay. Chi tiet LH 18008098 (0d). Tu choi QC, soan TC4 gui 199.",0,0,0,0,0,0,0,0,0,0
COM_1262,"Doi thanh cong 500 diem tieu dung Viettel++ thanh 100 MB Data. Han su dung truoc 07/02/2026. Tong diem tieu dung con lai trong tai khoan Viettel++ cua Quy khach la 742 diem. De kiem tra lich su doi diem va lua chon uu dai hap dan khac, vui long truy cap https://vietteltelecom.vn/vtplus. Tran trong.",0,0,0,0,0,0,0,0,0,0
COM_1263,"Viettel TB: Từ 0h-5h ngày 09/02/2026, gói ST60N sẽ gia hạn. Cước phí 60.000đ/30 ngày có 60GB (2GB/ngày). Quý khách đảm bảo thuê bao hoạt động 2 chiều và đủ tiền để gói cước gia hạn thành công. Nếu tài khoản không đủ, gói cước sẽ gia hạn tương ứng với số tiền còn lại, tối thiểu 5.000đ (không áp dụng với thuê bao không gia hạn đủ 100% cước phí gói trong 60 ngày). Chiết khấu 2,5% khi nạp thẻ tại https://viettel.vn/nt. Để hủy gia hạn, soạn HUY gửi 191. LH 198 (0đ). Trân trọng.",0,0,0,0,0,0,0,0,0,0
COM_1264,"[QC] RỰC LỬA BUNDESLIGA: Bayern Munich - Hoffenheim! Đón xem màn so tài kịch tính lúc 23:30 Chủ nhật, ngày 8/2 trên TV360. Soạn DK SP gửi 1331 (30.000đ/30 ngày, gia hạn sau 30 ngày) để xem các trận đấu độc quyền giải C1 và Bundesliga, không tốn data 4G/5G tại https://tv360.vn/ . Chi tiết gọi 18008119 (0đ). Từ chối quảng cáo, soạn TC4 gửi 199.",0,0,0,0,0,0,0,0,1,0
COM_1265,"[TB] Đề nghị người dân chấp hành nghiêm các quy định của pháp luật về quản lý, sử dụng vũ khí, vật liệu nổ, công cụ hỗ trợ và pháo. Khi phát hiện hành vi vi phạm, cần báo ngay cho cơ quan Công an nơi gần nhất hoặc gửi tố giác, kiến nghị, phản ảnh qua ứng dụng VNeID.",0,0,0,0,0,0,0,0,0,0
COM_1266,"[TB] Tien ich Loi nhan thoai cua Viettel: Quy khach co loi nhan tu TB 0345938346 vao luc 20:33 08/02/2026. Voi noi dung: Alo ủa cái này là cái này chờ alo.. De nghe loi nhan thoai, vui long bam goi 106211 (mien phi).",0,0,0,0,0,0,0,0,0,0
COM_1267,"Viettel TB: Gói ST60N gia hạn không thành công. Gói cước sẽ được khôi phục khi thuê bao hoạt động 2 chiều và có đủ 60.000đ. Thời gian chờ khôi phục trước ngày 08/08/2026. Nếu tài khoản gốc không đủ, gói cước sẽ được khôi phục tương ứng với số tiền còn lại, tối thiểu 5.000đ (không áp dụng với thuê bao không gia hạn đủ 100% cước phí gói trong 60 ngày gần đây). Để hủy khôi phục, soạn HUY gửi 191. Chi tiết LH 198 (0d). Trân trọng.",0,0,0,0,0,0,0,0,0,0
COM_1268,"[TB] CMND đăng ký thuê bao của Quý khách đã hết hiệu lực từ 1/1/2025 (theo quy định luật Căn cước). Quý khách vui lòng dùng điện thoại thông minh có hỗ trợ quét CC/CCCD gắn chip, truy cập https://viettel.vn/doigiayto , tải/đăng nhập My Viettel và cập nhật thông tin mới nhất hoặc đến cửa hàng giao dịch Viettel để được hỗ trợ. 
Tặng 7GB dùng trong 7 ngày khi thực hiện online qua My Viettel trước 02/03/2026, ưu đãi cộng vào ngày hôm sau. Chi tiết LH 198 (0đ). Trân trọng.",0,0,0,0,0,0,0,0,0,0
COM_1269,"Doi thanh cong 200 diem tieu dung Viettel++ thanh 40 MB Data. Han su dung truoc 12/02/2026. Tong diem tieu dung con lai trong tai khoan Viettel++ cua Quy khach la 542 diem. De kiem tra lich su doi diem va lua chon uu dai hap dan khac, vui long truy cap https://vietteltelecom.vn/vtplus. Tran trong.",0,0,0,0,0,0,0,0,0,0
COM_1270,"[TB] SỐ DƯ ĐỦ ĐẦY - ĐÓN TẾT SUM VẦY!
Tặng 26% giá trị tất cả thẻ nạp vào tài khoản viễn thông trong ngày 13/02/2026. Tiền khuyến mại sử dụng truy cập Internet trong 15 ngày. Nạp thẻ online tại các ví điện tử, ứng dụng thanh toán hoặc tại https://viettel.vn/naptienkm . Chi tiết gọi 197 bấm phím 19 (0đ). Trân trọng.",0,0,0,0,0,0,0,0,0,0
COM_1271,"HD 1000725120976254 ngay 20/02/2026 den han thanh toan 2,071,000d. Nhap ma MC19619593080 vao MoMo de TT. Vui long bo qua neu da TT. LH 1900636769",0,0,0,0,1,0,0,1,0,0
COM_1272,"[TB] Nhân dịp Xuân Bính Ngọ 2026, Viettel kính chúc Quý khách và Gia đình một năm mới An Khang, Thịnh Vượng. Trân quý gửi tặng Quý khách 12.268 điểm Viettel++ với ý nghĩa 12 tháng trong năm 2026 Lộc Vẹn Toàn. Kính mời Quý khách truy cập https://tv360.vn/game/lixi để nhận điểm. Viettel trân trọng cảm ơn Quý khách đã tin yêu và đồng hành.",0,0,0,0,0,0,0,0,0,0
COM_1273,"[QC] TẾT VẸN TOÀN - HÂN HOAN KẾT NỐI
Cơ hội trúng 1 chỉ vàng, voucher Shopee 100K, tiền viễn thông 260K cùng hàng ngàn quà tặng hấp dẫn khi mua gói cước 5G, gói Nine từ 30 ngày trở lên hoặc tham gia nhóm gia đình 5G Family. Chương trình áp dụng đến hết 18/3/2026, chi tiết xem tại https://tv360.vn/game/tet2026. Liên hệ 198 (0đ). Từ chối quảng cáo, soạn TC4 gửi 199.",0,0,0,0,0,0,0,0,0,0
COM_1274,"Doi thanh cong 200 diem tieu dung Viettel++ thanh 40 MB Data. Han su dung truoc 16/02/2026. Tong diem tieu dung con lai trong tai khoan Viettel++ cua Quy khach la 342 diem. De kiem tra lich su doi diem va lua chon uu dai hap dan khac, vui long truy cap https://vietteltelecom.vn/vtplus. Tran trong.",0,0,0,0,0,0,0,0,0,0
COM_1275,"[TB] Ngày 15/3/2026, tất cả cử tri cả nước đi bầu cử đại biểu Quốc hội khóa XVI và đại biểu Hội đồng nhân dân các cấp nhiệm kỳ 2026 - 2031. Tham gia bầu cử đại biểu Quốc hội khóa XVI và đại biểu Hội đồng nhân dân các cấp nhiệm kỳ 2026 - 2031 là quyền lợi và nghĩa vụ của mỗi cử tri. Trân trọng!",0,0,0,0,0,0,0,0,0,0
COM_1276,QfGDangKi]zLsuuH.obrapple.com(CoQuaNamTamNganUgroupsgooglecomgP,1,1,1,1,1,1,0,1,1,1
COM_1277,"Moi Quy khach soan tin de tham gia DV Data Plus:
1 gui 9598 de cong 2048MB (cuoc 15870d, su dung trong 5 ngay).
2 gui 9598 de cong 2048MB (cuoc 12000d, su dung trong vong 24h sau khi cong).
Tin nhan co hieu luc trong 24h. Chi tiet LH 18008098 (mien phi).",0,0,0,0,0,0,0,0,0,0
COM_1278,Lut ePobG.Pyapple.com VaoTagNgayMotTramNgincLzVgroupsgooglecomr,1,1,1,1,1,1,0,1,1,1
COM_1279,"[TB] MIỄN PHÍ DATA LƯỚT MẠNG XÃ HỘI.
Soạn MXH100 gửi 191: 100K/30 ngày có 1GB/ngày, miễn phí data truy cập TikTok, YouTube, Meta (Facebook, Threads, Instagram, nhắn tin Messenger).
Gói cước gia hạn sau 30 ngày. Chương trình dành riêng cho Quý khách. Liên hệ 198 (0đ).",0,0,0,0,0,0,0,0,0,0
COM_1280,"Doi thanh cong 200 diem tieu dung Viettel++ thanh 40 MB Data. Han su dung truoc 21/02/2026. Tong diem tieu dung con lai trong tai khoan Viettel++ cua Quy khach la 42 diem. De kiem tra lich su doi diem va lua chon uu dai hap dan khac, vui long truy cap https://vietteltelecom.vn/vtplus. Tran trong.",0,0,0,0,1,0,0,1,0,0
COM_1281,"Quy khach da duoc thanh toan 20000 VND tu nhan vien 8300240018, Ngay GD: 20/02/2026 19:10:14. Ma GD 2602207949504088. LH 18008098 (0d). Tran trong.",0,0,0,0,0,1,0,0,1,0
COM_1282,"Quy khach co 20.005 dong trong tai khoan. Bam goi *098*3# de co 3GB voi 15.000d/3 ngay hoac *098*989# (30.000d/3 ngay) co 15GB (5GB/ngay), mien phi 10 phut/cuoc noi mang, 15 phut ngoai mang, SMS noi mang va TV360. Goi cuoc gia han khi het chu ky. De biet thong tin cac uu dai khac, bam goi *098# hoac truy cap https://vietteltelecom.vn/goidata. Chi tiet LH 198 (0d). Tran trong.",0,0,0,0,0,0,0,0,0,0
COM_1283,"Nhap ma xac thuc OTP 1101 de Dang nhap tren ung dung My Viettel. Chi tiet LH 18008098 (0d) hoac truy cap https://viettel.vn/app. De dam bao an toan cho tai khoan cua Quy khach, vui long khong chia se ma xac thuc nay voi bat ky ai.",0,0,0,0,0,0,0,0,0,0
COM_1284,Viettel TB: Gói ST60N đã khôi phục thành công. Cước phí 20.000đ có 2GB/ngày; ưu đãi sử dụng đến 01/03/2026. Quý khách nạp thêm 40.000đ trước 24h ngày 01/03/2026 để tiếp tục sử dụng ưu đãi gói cước. Truy cập https://viettel.vn/kttk để kiểm tra ưu đãi. Chi tiết LH 198 (0đ). Trân trọng.,0,0,0,0,0,0,0,0,0,0
COM_1285,Đăng ký gói ST15K không thành công do tài khoản không đủ 15.000đ. Quý khách nạp thêm tiền để đăng ký lại. Đặc biệt: Cập nhật nhiều ưu đãi HOT khi Nạp thẻ/Mua data qua Viettel Money tại https://viettelmoney.go.link/eiCbh. LH 198 (0đ). Trân trọng.,0,0,0,0,0,0,0,0,0,0
COM_1286,"Uu dai tang Quy khach theo chinh sach cua goi cuoc Mobile Internet: xem cac kenh truyen hinh, kho phim da dang, cac giai the thao dinh cao tren TV360 tai https://tv360.vn (chi xem tren dien thoai, may tinh bang, may tinh). Chi tiet LH 18008119 (0d).",0,0,0,0,0,0,0,0,0,0
COM_1287,"Sau khi hủy gia hạn gói ST15K, ưu đãi còn lại sẽ được sử dụng đến hết chu kỳ. Để xác nhận hủy, soạn Y gửi 191. Để từ chối hủy gia hạn và được tặng thêm 614MB khi gói cước gia hạn thành công chu kỳ tiếp theo, soạn N gửi 191. Chi tiết LH 198 (0đ). Trân trọng.",0,0,0,0,0,0,0,0,0,0
COM_1288,"Gói ST15K đã hủy gia hạn thành công. Để biết các ưu đãi khác, truy cập https://viettel.vn/goidata hoặc bấm gọi *098#. Chi tiết LH 198 (0đ). Trân trọng.",0,0,0,0,0,0,0,0,0,0
COM_1289,"Viettel TB: Từ 0h-5h ngày 23/02/2026, gói ST15K sẽ gia hạn. Cước phí 15.000đ/3 ngày có 3GB. Quý khách đảm bảo thuê bao hoạt động 2 chiều và đủ tiền để gói cước gia hạn thành công. Để hủy gia hạn, soạn HUY ST15K gửi 191. Đặc biệt: Cập nhật nhiều ưu đãi HOT khi Nạp thẻ/Mua data qua Viettel Money tại https://viettelmoney.go.link/eiCbh. LH 198 (0đ). Trân trọng.",0,0,0,0,0,0,0,0,0,0
COM_1290,"[TB] NẠP THẺ LIỀN TAY - KHAI XUÂN MAY MẮN!
Tặng 26% giá trị tất cả thẻ nạp vào tài khoản viễn thông trong ngày 23/02/2026. Tiền khuyến mại sử dụng truy cập Internet trong 15 ngày. Nạp thẻ online tại các ví điện tử, ứng dụng thanh toán hoặc tại https://viettel.vn/naptienkm . Chi tiết gọi 197 bấm phím 19 (0đ). Trân trọng.",0,0,0,0,0,0,0,0,0,0
COM_1291,"Nhap ma xac thuc OTP 1312 de Dang nhap tren ung dung My Viettel. Chi tiet LH 18008098 (0d) hoac truy cap https://viettel.vn/app. De dam bao an toan cho tai khoan cua Quy khach, vui long khong chia se ma xac thuc nay voi bat ky ai.",0,0,0,0,0,0,0,0,0,0
COM_1292,Thue bao 84962361423 cua Quy khach vua dang nhap ung dung My Viettel - http://viettel.vn/app tren mot thiet bi co ten: CPH2577. Xin cam on!,0,0,0,0,0,0,0,0,0,0
COM_1293,"Quy khach da duoc thanh toan 50000 VND tu nhan vien 8300240046, Ngay GD: 23/02/2026 06:21:50. Ma GD 2602237951391961. LH 18008098 (0d). Tran trong.",0,0,0,0,0,0,0,0,0,0
COM_1294,"Quy khach co 67.566 dong trong tai khoan. Bam goi *098*3# de co 3GB voi 15.000d/3 ngay hoac *098*989# (30.000d/3 ngay) co 15GB (5GB/ngay), mien phi 10 phut/cuoc noi mang, 15 phut ngoai mang, SMS noi mang va TV360. Goi cuoc gia han khi het chu ky. De biet thong tin cac uu dai khac, bam goi *098# hoac truy cap https://vietteltelecom.vn/goidata. Chi tiet LH 198 (0d). Tran trong.",0,0,0,0,0,0,0,0,0,0
COM_1295,"Quý khách vừa nạp thẻ thành công và được khuyến mại 26% để truy cập Internet (0,48d/50KB) trong 15 ngày, bấm gọi *102# để kiểm tra. Chi tiết LH 198 (0đ). Trân trọng.",0,0,0,0,0,0,0,0,0,0
COM_1296,"Viettel TB: Gói ST15K đã kết thúc. Để biết các ưu đãi khác, truy cập https://viettel.vn/goidata hoặc bấm gọi *098#. Chi tiết LH 198 (0đ). Trân trọng.",0,0,0,0,0,0,0,0,0,0
COM_1297,[PUBG] mã: 606101. có hiệu lực cho 3 phút.,0,0,0,0,0,0,0,0,1,0
COM_1298,"Quý khách đã đăng ký thành công gói ST7K: 7.000đ/ngày có 1GB sử dụng đến 23:59:59 ngày 24/02/2026. Truy cập https://viettel.vn/kttk để kiểm tra ưu đãi. Gói cước gia hạn theo ngày. Để hủy gia hạn, soạn HUY ST7K gửi 191. Chi tiết LH 198 (0đ). Trân trọng.",0,0,0,0,0,0,0,0,0,0
COM_1299,"Viettel TB: Gói ST7K đã gia hạn thành công. Truy cập https://viettel.vn/kttk để kiểm tra ưu đãi. Để hủy gia hạn, soạn HUY ST7K gửi 191. Chi tiết LH 198 (0đ). Trân trọng.",0,0,0,0,0,0,0,0,0,0
COM_1300,"Viettel TB: Quý khách đã sử dụng hết lưu lượng data của gói ST7K. Để mua thêm, truy cập https://viettel.vn/goidata hoặc bấm gọi *098#. Chi tiết LH 198 (0đ). Trân trọng.",0,0,0,0,0,0,0,0,0,0
COM_1301,"Nhap ma OTP 8371 de xac thuc Dang nhap tren ung dung My Viettel. Chi tiet LH 18008098 (0d) hoac truy cap https://viettel.vn/app. De dam bao an toan cho tai khoan cua Quy khach, vui long khong chia se ma xac thuc nay voi bat ky ai.",0,0,0,0,0,0,0,0,0,0
COM_1302,Viettel TB: Chương trình gia hạn gói ST60N theo số dư tài khoản sẽ hết hạn vào 0h ngày 02/03/2026. Quý khách nạp thêm 40.000đ để gói cước gia hạn thành công. Chi tiết LH 198 (0đ). Trân trọng.,0,0,0,0,0,0,0,0,0,0
COM_1303,"[TB] Thời gian nhận điểm Viettel++ lì xì đầu xuân sẽ hết hạn vào 03/03/2026. Quý khách truy cập ngay https://tv360.vn/game/lixi để nhận điểm và đổi sang ưu đãi: data tốc độ cao, phút gọi, SMS cùng nhiều voucher hấp dẫn. Chi tiết liên hệ 198 (0đ). Trân trọng.",0,0,0,0,0,0,0,0,0,0
COM_1304,"[TB] THOẢI MÁI DATA LƯỚT MẠNG XÃ HỘI.
Soạn MXH100 gửi 191: 100K/30 ngày có 1GB/ngày, miễn phí data truy cập TikTok, YouTube, Meta (Facebook, Threads, Instagram, nhắn tin Messenger).
Gói cước gia hạn sau 30 ngày. Chương trình dành riêng cho Quý khách. Liên hệ 198 (0đ).",0,0,0,0,0,0,0,0,0,0
COM_1305,"Viettel TB: Gói ST60N gia hạn không thành công. Gói cước sẽ khôi phục khi thuê bao hoạt động 2 chiều và có đủ 60.000đ trước ngày 29/08/2026. Nếu tài khoản gốc không đủ, gói cước sẽ được khôi phục tương ứng với số tiền còn lại, tối thiểu 5.000đ (không áp dụng với thuê bao gia hạn không đủ 100% cước phí gói trong 60 ngày gần đây). Để hủy khôi phục, soạn HUY gửi 191. Chi tiết LH 198 (0d). Trân trọng.",0,0,0,0,0,0,0,0,0,0
COM_1306,"[TB] TẾT VẸN TOÀN - FLASH SALE 26%!
Duy nhất trên My Viettel đến 03/03, lúc 12h-15h và 19h-22h hàng ngày.
Chỉ còn 74K/30 ngày (giá gốc 100K) để sở hữu gói MXH100:
+ 1GB/ngày.
+ Miễn phí data truy cập TikTok, YouTube, Meta (Facebook, Threads, Instagram, nhắn tin Messenger).
Đăng ký ngay tại https://vietteltelecom.vn/2026_MXH100.
Gói cước gia hạn với giá gốc sau 30 ngày. Chương trình dành riêng cho Quý khách. Liên hệ 198 (0đ).",0,0,0,0,0,0,0,0,0,0
COM_1307,"[QC] Vất vả mang quà quê lên phố? 
Gửi hàng qua Tomato Box tiết kiệm, tiện lợi! Tạo đơn nhanh trong 1 phút, lấy hàng tận nhà. Truy cập https://vietteltelecom.vn/donhangvtpost hoặc liên hệ 19008095 (200đ/p từ thuê bao Viettel) để tạo đơn hàng. Nhập mã TOM26 để được giảm giá 10% (đơn hàng trên 2kg). Từ chối quảng cáo, soạn TC7 VT_MALL gửi 197.",0,0,0,0,0,0,0,0,0,0
COM_1308,"(TPBank) Hoa don Vi Tra Sau Momo T02.2026 cua QK co du no 3,384,717VND. QK co the TT toan bo du no hoac TT toi thieu truoc ngay 05/03/2026. Vui long bo qua neu da TT",0,0,0,0,0,0,0,0,0,0
COM_1309,[TB] Tien ich Loi nhan thoai cua Viettel: Quy khach co cuoc goi nho tu TB 0707200012 vao luc 16:38 04/03/26.,0,0,0,0,0,0,0,0,0,0
COM_1310,"Quy khach duoc cong them 100 diem Viettel++ boi giao dich Tieu dung vien thong thang 02/2026. Thoi han su dung diem den 31/03/2027. Hay truy cap https://vietteltelecom.vn/vtplus tren My Viettel hoac *098# de doi diem sang Data, SMS, Phut goi cung nhieu uu dai gia tri khac. Chi tiet LH 198. Tran trong.",0,0,0,0,0,0,0,0,0,0
COM_1311,"Tai khoan cua Quy khach sap het, soan UT gui 9778 (trong vong 48h) de duoc cong 20.000d, su dung trong 120 gio tu DV Fast Airtime. Tai khoan cong se duoc tru khi Quy khach nap the. Tai khoan cong chua su dung het se bi huy khi het thoi gian su dung (Tai khoan cong chi su dung goi, nhan tin noi mang va ngoai mang). Tu choi nhan tin nhan, soan TC gui 9778. Chi tiet LH 18008098 (mien phi).",0,0,0,0,0,0,0,0,0,0
COM_1312,"Quy khach duoc cong them 259 diem Viettel++ boi giao dich Tieu dung vien thong thang 02/2026. Thoi han su dung diem den 31/03/2027. Hay truy cap https://vietteltelecom.vn/vtplus tren My Viettel hoac *098# de doi diem sang Data, SMS, Phut goi cung nhieu uu dai gia tri khac. Chi tiet LH 198. Tran trong.",0,0,0,0,0,0,0,0,0,0
COM_1313,"So tien cuoc Quy khach da thanh toan truoc cho account t008_ftth_thanglq24 DV Ftth Viettel se het vao thang nay. De tiep tuc tham gia chuong trinh dong cuoc truoc voi uu dai hap dan, moi Quy khach nhan ma QR thanh toan Online tren ung dung Ngan hang, truy cap https://viettel.vn/vx/internetqrcode/4740FC88543B8D6926CD324FCCA4C0A5. LH 18008119 (0d). Tran trong.",0,0,0,0,0,0,0,0,0,0
COM_1314,"[QC] Đài Bắc Trung Hoa - Việt Nam lúc 12h00 ngày 07/03. Đồng hành cùng đội tuyển Việt Nam thi đấu tại Giải vô địch bóng đá nữ Châu Á 2026 với TV360. Soạn DK30 gửi 1331 (50.000đ/30 ngày, gia hạn sau 30 ngày) để xem các trận đấu đỉnh cao trong nước, quốc tế và các trận đấu độc quyền tại giải C1, Bundesliga, phim phát song song mới nhất, không tốn data 4G/5G tại http://s.viettel.vn/tv360.10 . Chi tiết gọi 18008119 (0đ). Từ chối quảng cáo, soạn TC4 gửi 199.",0,0,0,0,0,0,0,0,0,0
COM_1315,"[TB] CMND đăng ký thuê bao của Quý khách đã hết hiệu lực từ 1/1/2025 (theo quy định luật Căn cước). Quý khách vui lòng dùng điện thoại thông minh có hỗ trợ quét CC/CCCD gắn chip, truy cập https://viettel.vn/doigiayto, tải và đăng nhập My Viettel, cập nhật thông tin CC/CCCD mới nhất hoặc đến cửa hàng giao dịch Viettel để được hỗ trợ. Chi tiết liên hệ 198 (0đ). Trân trọng.",0,0,0,0,0,0,0,0,0,0
COM_1316,"[TB] 5G KẾT NỐI, LAN TỎA YÊU THƯƠNG!
Nhân dịp 8/3, cùng Viettel tặng quà đến những người yêu thương!
Soạn TANG 5G10 SĐT gửi 191 để tặng gói 5G10 (10K/lần, người nhận có 6GB sử dụng đến 24h, SĐT là số điện thoại của người nhận).
Chi tiết liên hệ 198 (0đ).",0,0,0,0,0,0,0,0,0,0
COM_1317,"Doi thanh cong 100 diem tieu dung Viettel++ thanh 20 MB Data. Han su dung truoc 09/03/2026. Tong diem tieu dung con lai trong tai khoan Viettel++ cua Quy khach la 42 diem. De kiem tra lich su doi diem va lua chon uu dai hap dan khac, vui long truy cap https://vietteltelecom.vn/vtplus. Tran trong.",0,0,0,0,0,0,0,0,0,0
COM_1318,"Quy khach co 103.753 dong trong tai khoan. Bam goi *098*3# de co 3GB voi 15.000d/3 ngay hoac *098*989# (30.000d/3 ngay) co 15GB (5GB/ngay), mien phi 10 phut/cuoc noi mang, 15 phut ngoai mang, SMS noi mang va TV360. Goi cuoc gia han khi het chu ky. De biet thong tin cac uu dai khac, bam goi *098# hoac truy cap https://vietteltelecom.vn/goidata. Chi tiet LH 198 (0d). Tran trong.",0,0,0,0,0,0,0,0,0,0
COM_1319,"Quy khach da duoc thanh toan 100000 VND tu nhan vien 4500240001, Ngay GD: 08/03/2026 16:54:23. Ma GD 260308673761843. LH 18008098 (0d). Tran trong.",0,0,0,0,0,0,0,0,0,0
COM_1320,"Nhap ma xac thuc OTP 0678 de Dang nhap tren ung dung My Viettel. Chi tiet LH 18008098 (0d) hoac truy cap https://viettel.vn/app. De dam bao an toan cho tai khoan cua Quy khach, vui long khong chia se ma xac thuc nay voi bat ky ai.",0,0,0,0,0,0,0,0,0,0
COM_1321,"Quý khách đã đăng ký thành công gói SD90: 90.000đ/30 ngày có 45GB (1,5GB/ngày). Gói cước gia hạn sau 30 ngày. Truy cập https://viettel.vn/kttk để kiểm tra ưu đãi. Chi tiết LH 198 (0đ). Trân trọng.",0,0,0,0,0,0,0,0,0,0
COM_1322,"[TB] THOẢI MÁI DATA LƯỚT MẠNG XÃ HỘI.
Soạn MXH100 gửi 191: 100K/30 ngày có 1GB/ngày, miễn phí data truy cập TikTok, YouTube, Meta (Facebook, Threads, Instagram, nhắn tin Messenger).
Gói cước gia hạn sau 30 ngày. Chương trình dành riêng cho Quý khách. Lliên hệ 198 (0đ).",0,0,0,0,0,0,0,0,0,0
COM_1323,"[TB] NẠP THẺ LIỀN TAY - DATA XÀI NGAY!
Tặng 20% giá trị tất cả thẻ nạp vào tài khoản viễn thông trong ngày 10/03/2026. Tiền khuyến mại sử dụng truy cập Internet trong 15 ngày. Nạp thẻ online tại các ví điện tử, ứng dụng thanh toán hoặc tại https://viettel.vn/naptienkm . Chi tiết gọi 197 bấm phím 19 (0đ). Trân trọng.",0,0,0,0,0,0,0,0,0,0
COM_1324,"les pJPSek.Wcapple.com VaoDayTangAENamTramK,sPHmgroupsgooglecomY",1,1,1,0,1,1,0,1,1,1
COM_1325,"[QC] Trả sau giá hời - Data, gọi thả ga!
Gói V120K (120K/tháng) có:
- 1,5GB/ngày.
- 50p ngoại mạng, miễn phí 20p/cuộc nội mạng. 
Gói cước gia hạn theo tháng. CT dành riêng cho Quý khách. LH 18008168 (0đ) để đăng ký. Từ chối QC, soạn TC4 gửi 199.",0,0,0,0,0,0,0,0,0,0
COM_1326,"(TINVAY) Nhờ hỗ trợ. NGUYỄN DUY ĐĂNG KHOA có sdt 0975931949 đang chậm nợ, nhảy nợ nhóm 2 nợ xấu trên hệ thống NHNN. A/C nhắc
NGUYỄN DUY ĐĂNG KHOA vào THANH TOÁN GẤP khoản vay quá hạn số tiền 2.456.000 tránh ảnh hưởng nợ xấu và liên quan đến PHÁP LÝ",1,1,1,1,0,0,1,0,0,1
COM_1327,[TB] Ủy ban Bầu cử Thành phố Hồ Chí Minh trân trọng kính mời cử tri Thành phố tham gia bầu cử đại biểu Quốc hội khóa XVI và đại biểu Hội đồng nhân dân các cấp nhiệm kỳ 2026 - 2031 vào ngày 15/03/2026.,0,0,0,0,0,0,0,0,0,0
COM_1328,"HD 1000725120976254 ngay 20/03/2026 den han thanh toan 2,022,000d. Nhap ma MC19619593080 vao MoMo de TT. Vui long bo qua neu da TT. LH 1900636769",0,0,0,0,1,0,0,0,0,1
COM_1329,"[TB] NGÀY HỘI BẦU CỬ - NẠP THẺ CHUNG VUI!
Tặng 20% giá trị tất cả thẻ nạp vào tài khoản viễn thông trong ngày 15/03/2026. Tiền KM sử dụng truy cập Internet trong 15 ngày. Chương trình áp dụng khi nạp thẻ online qua các ví điện tử, ứng dụng thanh toán hoặc tại https://viettel.vn/pay/tt . Chi tiết gọi 197, bấm phím 19 (0đ). Trân trọng.",0,0,0,0,0,0,0,0,0,0
COM_1330,"[QC] Vay nhanh den 55 TRIEU dong voi TIN VAY tren Viettel Money. Chi can CCCD, thu tuc online 100%, lai suat chi tu 1.8%/thang. Dang ky ngay:https://viettelmoney.go.link/1bPTU . Chi tiet LH 18009000 (0d). Tu choi QC, soan TC3 gui 199.",0,0,0,0,0,0,0,0,0,0
COM_1331,"[QC] 1 cham giai ngan den 40 TRIEU dong, chi can CCCD, lai suat chi tu 1.9%/thang. Dang ky Vay nhanh Mcredit voi Viettel Money: https://viettelmoney.go.link/6qBN1 .Chi tiet LH 18009000 (0d). Tu choi QC, soan TC3, gui 199.",0,0,0,0,0,0,0,0,0,0
COM_1332,G-793735 is your Google verification code. Don't share your code with anyone.,0,0,0,0,1,0,0,0,0,0
COM_1333,"Tai khoan cua Quy khach sap het, soan UT hoac Y gui 9778 (trong vong 48h) de duoc cong 15.000d, su dung trong 96 gio tu DV Fast Airtime. Tai khoan cong se duoc tru khi Quy khach nap the. Tai khoan cong chua su dung het se bi huy khi het thoi gian su dung (Tai khoan cong chi su dung goi, nhan tin noi mang va ngoai mang). Tu choi nhan tin nhan, soan TC gui 9778. Chi tiet LH 18008098 (mien phi).",0,0,0,0,0,0,0,0,0,0
COM_1334,"[PXLN TIN VAY] Nho Ho Tro KH NGUYỄN DUY ĐĂNG KHOA hop dong VM10078924169. Co Khoan Vay Tin Chap da chuyen NO QUA HAN nhung van CO TINH KHONG Thanh Toan. Nho nhan KH Thanh Toan GAP tien ky T3 2.497.000 de khong anh huong den No Xau Ngan Hang Nha Nuoc va lien quan den phap ly. Nho a/c nhac nho, cam on!",1,1,1,1,0,0,1,0,0,1
COM_1335,"Tai khoan cua Quy khach sap het, soan UT gui 9778 (trong vong 48h) de duoc cong 15.000d, su dung trong 96 gio tu DV Fast Airtime. Tai khoan cong se duoc tru khi Quy khach nap the. Tai khoan cong chua su dung het se bi huy khi het thoi gian su dung (Tai khoan cong chi su dung goi, nhan tin noi mang va ngoai mang). Tu choi nhan tin nhan, soan TC gui 9778. Chi tiet LH 18008098 (mien phi).",0,0,0,0,0,0,0,0,0,0
COM_1336,"[TB] Goi data ban dang su dung se het han vao ngay mai! Tiet kiem hon khi su dung cac goi cuoc sau:
1. 5G135N co 180GB/30 ngay chi 128.250d
2. 5G180B co 180GB/30 ngay + mien phi goi chi 171.000d
3. 5GMXH200 co 210GB/30 ngay + mien phi goi chi 190.000d
Mua ngay tai https://viettelmoney.vn/data . Luu y: Danh sach goi cuoc kha dung co the thay doi tuy theo dieu kien thue bao tai thoi diem mua. LH 18009000 (0d).",0,0,0,0,0,0,0,0,0,0
COM_1337,"[TB] NẠP THẺ LIỀN TAY - DATA XÀI NGAY!
Tặng 20% giá trị tất cả thẻ nạp vào tài khoản viễn thông trong ngày 25/03/2026. Tiền khuyến mại sử dụng truy cập Internet trong 15 ngày. Nạp thẻ online tại các ví điện tử, ứng dụng thanh toán hoặc tại https://viettel.vn/naptienkm . Chi tiết gọi 197 bấm phím 19 (0đ). Trân trọng.",0,0,0,0,0,0,0,0,0,0
COM_1338,"[TB] CMND đăng ký thuê bao của Quý khách đã hết hiệu lực từ 1/1/2025 (theo quy định luật Căn cước). Quý khách vui lòng dùng điện thoại thông minh có hỗ trợ quét CC/CCCD gắn chip, truy cập https://viettel.vn/doigiayto, tải/đăng nhập My Viettel và cập nhật thông tin CC/CCCD mới nhất hoặc đến cửa hàng giao dịch Viettel để được hỗ trợ. Tặng 50.000đ vào tài khoản khuyến mại khi thực hiện online qua My Viettel trước 01/04/2026, ưu đãi cộng vào ngày hôm sau. Chi tiết liên hệ 198 (0đ). Trân trọng.",0,0,0,0,0,0,0,0,0,0
COM_1339,"[QC] Cơ hội TRÚNG XE MÁY HONDA SH 125i PHIÊN BẢN THỂ THAO khi hòa mạng Combo Internet + Truyền hình hoặc Combo Internet + Camera Viettel và đóng trước cước từ 6 tháng, giá chỉ từ 215.000đ/tháng. Chương trình áp dụng tại TP. Hồ Chí Minh từ 1/4 - 31/12/2026. Chi tiết gọi 18008168 (0đ). Từ chối quảng cáo, soạn TC3 gửi 199.",0,0,0,0,0,0,0,0,0,0
COM_1340,"(TPBank) Hoa don Vi Tra Sau Momo T03.2026 cua QK co du no 4,563,286VND. QK co the TT toan bo du no hoac TT toi thieu truoc ngay 05/04/2026. Vui long bo qua neu da TT",0,0,0,0,1,1,0,1,0,0
COM_1341,"HdaKhjQKNapDauDuocLixi:100,Ca uHvUcu.mqobidv.com groupsgooglecomw",1,1,1,1,1,1,1,1,1,1
COM_1342,"[TB] CMND đăng ký thuê bao của Quý khách đã hết hiệu lực từ 1/1/2025 (theo quy định luật Căn cước). Quý khách vui lòng dùng điện thoại thông minh có hỗ trợ quét CC/CCCD gắn chip, truy cập https://viettel.vn/doigiayto, tải/đăng nhập My Viettel và cập nhật thông tin CC/CCCD mới nhất hoặc đến cửa hàng giao dịch Viettel để được hỗ trợ. Tặng 50.000đ vào tài khoản khuyến mại khi thực hiện online qua My Viettel trước 01/05/2026, ưu đãi cộng vào ngày hôm sau. Chi tiết liên hệ 198 (0đ). Trân trọng.",0,0,0,0,0,0,0,0,0,0
COM_1343,"[TB] LƯỚT NET SIÊU MƯỢT VỚI 5G.
Soạn 5G135N gửi 191 để xác nhận đăng ký gói cước: 135K/30 ngày có 180GB (6GB/ngày), xem TV360 gói Tiêu chuẩn.
Gói cước gia hạn sau 30 ngày. Chương trình dành riêng cho Quý khách. Liên hệ 198 (0đ).",0,0,0,0,0,0,0,0,0,0
COM_1344,"Quy khach duoc cong them 594 diem Viettel++ boi giao dich Tieu dung vien thong thang 03/2026. Thoi han su dung diem den 30/04/2027. Hay truy cap https://vietteltelecom.vn/vtplus tren My Viettel hoac *098# de doi diem sang Data, SMS, Phut goi cung nhieu uu dai gia tri khac. Chi tiet LH 198. Tran trong.",0,0,0,0,0,0,0,0,0,0
COM_1345,"Viettel TB: Từ 0h-5h ngày 07/04/2026, gói SD90 sẽ gia hạn. Cước phí 90.000đ/30 ngày có 45GB (1,5GB/ngày). Quý khách đảm bảo thuê bao hoạt động 2 chiều và đủ tiền để gói cước gia hạn thành công. Nếu tài khoản gốc không đủ, gói cước sẽ gia hạn tương ứng với số tiền còn lại, tối thiểu 10.000đ (không áp dụng với thuê bao không gia hạn đủ 100% cước phí gói trong 60 ngày). Để hủy gia hạn, soạn HUY gửi 191. Chi tiết LH 198 (0đ). Trân trọng.",0,0,0,0,0,0,0,0,0,0
COM_1346,Ma OTP Vinhomes cua Quy khach la: 902879,0,0,0,0,0,1,1,0,0,0
COM_1347,"Viettel TB: Gói SD90 đã gia hạn đến ngày 10/04/2026 với cước phí 10.000đ có 1,5GB/ngày. Quý khách nạp thêm 80.000đ trước 24h ngày 10/04/2026 để tiếp tục gia hạn gói cước. Truy cập https://viettel.vn/kttk để kiểm tra ưu đãi. Chi tiết LH 198 (0đ). Trân trọng.",0,0,0,0,0,0,0,0,0,0
COM_1348,"Tai khoan cua Quy khach sap het. Soan UT hoac Y gui 9118 de xac nhan cong 20000d vao tai khoan (cuoc DV 3000d). Muon cong muc thap hon, soan UTx gui 9118 (x la gia tri can cong va la boi so cua 5, 1 don vi cua x tuong ung 1.000d, toi thieu x=10. Vi du: UT10 de cong 10.000d vao tai khoan) hoac bam 1588sodienthoai de yeu cau nguoi nghe la thue bao Viettel tra phi cuoc goi. Chi tiet soan HD gui 9118 hoac LH 18008098 (0d). Xin cam on.",0,0,0,0,0,0,0,0,0,0
COM_1349,"[QC] U20 Việt Nam - U20 Bangladesh lúc 20h00 ngày 07/04.
Đồng hành cùng đội tuyển Việt Nam thi đấu tại Giải vô địch bóng đá nữ Châu Á 2026 với TV360! Soạn DK SP gửi 1331 (30.000đ/30 ngày, gia hạn sau 30 ngày) để xem các trận đấu đỉnh cao trong nước, quốc tế và các trận đấu độc quyền tại giải C1, Bundesliga, không tốn data 4G/5G tại http://s.viettel.vn/tv360.9 . Chi tiết gọi 18008119 (0đ). Từ chối quảng cáo, soạn TC4 gửi 199.",0,0,0,0,0,0,0,0,0,0
COM_1350,"[QC] GIA NHẬP GIC, ĐẪM DATA, ĐẬM CÁ TÍNH!
Trải nghiệm khác biệt khi trở thành thành viên GIC:
- Gói cước rẻ chỉ từ 30K/tháng.
- Data ""khủng long"" mỗi ngày.
- Đặc quyền ""sít rịt"": Sở hữu kho Topping data truy cập TikTok, Facebook, YouTube... không giới hạn dung lượng, đồng giá 10K.
- Ngập tràn ưu đãi chấn động.
Nhanh tay soạn GIC gửi 195 để gia nhập Vũ trụ số GIC - chân ái cho giới trẻ! Liên hệ 198 (0đ). Từ chối quảng cáo, soạn TC4 gửi 199.",0,0,0,0,0,0,0,0,0,0
COM_1351,"[QC] Vay nhanh linh hoat 3 PHUT - 60 TRIEU dong. Chi can CCCD, tra gop den 48 thang. Lai suat chi tu 2.2%/thang. Dang ky online voi Viettel Money: https://viettelmoney.go.link/4WQNv .Chi tiet LH 18009000 (0d). Tu choi QC, soan TC3 gui 199.",0,0,0,0,0,0,0,0,0,0
COM_1352,G-119973 is your Google verification code. Don't share your code with anyone.,0,0,0,0,1,0,0,0,0,1
COM_1353,Viettel TB: Chương trình gia hạn gói SD90 theo số dư tài khoản sẽ hết hạn vào 0h ngày 11/04/2026. Quý khách nạp thêm 80.000đ để gói cước gia hạn thành công. Chi tiết LH 198 (0đ). Trân trọng.,0,0,0,0,0,0,0,0,0,0
COM_1354,"[TB] NẠP THẺ LIỀN TAY - DATA XÀI NGAY!
Tặng 20% giá trị tất cả thẻ nạp vào tài khoản viễn thông trong ngày 10/04/2026. Tiền khuyến mại sử dụng truy cập Internet trong 15 ngày. Nạp thẻ online tại các ví điện tử, ứng dụng thanh toán hoặc tại https://viettel.vn/naptienkm . Chi tiết gọi 197 bấm phím 19 (0đ). Trân trọng.",0,0,0,0,0,0,0,0,0,0
COM_1355,rwdNeuAENapDau GZheok.ORbidv.com LayLuonHaiTramKagroupsgooglecomq,1,1,1,1,1,1,1,1,1,1
COM_1356,"Viettel TB: Chương trình gia hạn gói SD90 theo số dư tài khoản đã kết thúc. Gói cước sẽ khôi phục khi thuê bao hoạt động 2 chiều và có đủ 90.000đ. Thời gian chờ khôi phục trước ngày 10/07/2026. Nếu tài khoản gốc không đủ, 
gói cước sẽ khôi phục tương ứng với số tiền còn lại, tối thiểu 10.000đ (không áp dụng với thuê bao không gia hạn đủ 100% cước phí gói trong 60 ngày gần đây). Để hủy khôi phục, soạn HUY gửi 191. Chi tiết LH 198 (0đ). Trân trọng.",0,0,0,0,0,0,0,0,0,0
COM_1357,"Quy khach da duoc thanh toan 100000 VND tu nhan vien 4500240001, Ngay GD: 11/04/2026 10:30:21. Ma GD 260411630782582. LH 18008098 (0d). Tran trong.",0,0,0,0,0,0,0,0,0,0
COM_1358,"Quy khach co 100.005 dong trong tai khoan. Bam goi *098*3# de co 3GB voi 15.000d/3 ngay hoac *098*989# (30.000d/3 ngay) co 15GB (5GB/ngay), mien phi 10 phut/cuoc noi mang, 15 phut ngoai mang, SMS noi mang va TV360. 
Goi cuoc gia han khi het chu ky. De biet thong tin cac uu dai khac, bam goi *098# hoac truy cap https://vietteltelecom.vn/goidata. Chi tiet LH 198 (0d). Tran trong.",0,0,0,0,0,0,0,0,0,0
COM_1359,Viettel TB: Gói ST60N đã khôi phục thành công. Cước phí 60.000đ/30 ngày có 60GB (2GB/ngày). Truy cập https://viettel.vn/kttk để kiểm tra ưu đãi. Chi tiết LH 198 (0đ). Trân trọng.,0,0,0,0,0,0,0,0,0,0
COM_1360,"Moi Quy khach soan tin de tham gia cong MB data. Soan:
5 gui 211 de cong 3.072 MB data voi gia 23.400d, su dung trong 7 ngay
De cong tai nguyen khac, soan:
1 gui 211 de cong 60 phut noi mang (794d/p), su dung trong 15 ngay
2 gui 211 de cong 60 phut ngoai mang (1.369d/p), su dung trong 15 ngay
3 gui 211 de cong 100 tin nhan noi mang (230d/tin), su dung trong 15 ngay
4 gui 211 de cong 20 tin nhan ngoai mang (313d/tin), su dung trong 7 ngay
Chi tiet LH 18008098 (mien phi).",0,0,0,0,0,0,0,0,0,0
COM_1361,"[QC] VAY NHANH - DUYET DE! Nhan den 40 TRIEU tren Viettel Money chi voi CCCD, lai suat chi tu 1.7%/thang. Vay online nhanh tai day: https://viettelmoney.go.link/eygWA .Chi tiet LH 18009000 (0d). Tu choi QC, soan TC3, gui 199.",0,0,0,0,0,0,0,0,0,0
COM_1362,"[TB] NẠP THẺ LIỀN TAY - Viettel tặng 50% giá trị thẻ nạp đầu tiên vào tài khoản viễn thông, tiền KM sử dụng truy cập Internet trong 15 ngày. Chương trình áp dụng từ thời điểm Quý khách nhận được tin nhắn đến 21/04, 
nạp thẻ ngay để khôi phục gói SD90 (90K/30 ngày có 1,5GB/ngày). Giảm thêm 2,5% khi nạp tại https://viettel.vn/pay/tt . Liên hệ 198 (0đ).",0,0,0,0,0,0,0,0,0,0
COM_1363,"Nhap ma xac thuc OTP 7961 de Dang nhap tren ung dung My Viettel. Chi tiet LH 18008098 (0d) hoac truy cap https://viettel.vn/app. De dam bao an toan cho tai khoan cua Quy khach, vui long khong chia se ma xac thuc nay voi bat ky ai.",0,0,0,0,0,0,0,0,0,0
COM_1364,Nhap ma OTP 0542 de xac nhan yeu cau thay doi giay to tren My Viettel. Tran trong!,0,0,0,0,0,0,0,0,0,0
COM_1365,TB: Yeu cau thay doi giay to cua Quy khach da duoc phe duyet thanh cong. Tran trong!,0,0,0,0,0,0,0,0,0,0
COM_1366,"Nhap ma xac thuc OTP 4612 de Dang nhap tren ung dung My Viettel. Chi tiet LH 18008098 (0d) hoac truy cap https://viettel.vn/app. De dam bao an toan cho tai khoan cua Quy khach, vui long khong chia se ma xac thuc nay voi bat ky ai.",0,0,0,0,0,0,0,0,0,0
COM_1367,Viettel thong bao: Yeu cau cap nhat thong tin thue bao cua Quy khach tren My Viettel da duoc phe duyet. Tran Trong!,0,0,0,0,0,0,0,0,0,0
COM_1368,"Quý khách được tặng 50.000đ theo chương trình khuyến mại khi cập nhật thông tin thuê bao di động. Tiền khuyến mại sử dụng trong 15 ngày: 25.000đ để gọi và nhắn tin nội mạng, 25.000đ để truy cập Internet (0,48đ/50KB). Chi tiết LH 198 (0đ). Trân trọng!",0,0,0,0,0,0,0,0,0,0
COM_1369,"HD 1000725120976254 ngay 20/04/2026 den han thanh toan 2,070,000d. Nhap ma MC19619593080 vao MoMo de TT. Vui long bo qua neu da TT. LH 1900636769",0,0,0,0,0,0,0,0,0,0
COM_1370,"[TB] NẠP THẺ ONLINE - TẶNG NGAY 20%!
Duy nhất ngày 15/04: Tặng 20% giá trị tất cả thẻ nạp (dùng truy cập data trong 15 ngày). Chương trình áp dụng khi nạp thẻ online qua các ví điện tử/app hoặc tại https://viettel.vn/pay/tt . Chi tiết gọi 197 (phím 19, 0đ). Trân trọng.",0,0,0,0,0,0,0,0,0,0
COM_1371,UrA bpdFWr.DeBidv.com KhiAeNapTienNhanQua:2OOKgroupsgooglecom,1,1,1,1,1,1,1,1,1,1
COM_1372,"K/H A Tuan co don hang HBT1504260106 da den Thu Duc (804 Song Hanh, XLHN, P Hiep Phu Q9). Vui long den nhan hang trong ngay. Cam on QK. Hotline: 1900.633.614",0,0,0,1,0,0,0,0,0,0
COM_1373,ZdeNeuQKNapTien RrFsWs.DeBidv.com TangNgay:20OKgroupsgooglecomB,1,1,1,1,1,1,1,1,1,1
COM_1374,G-091359 is your Google verification code. Don't share your code with anyone.,0,0,0,0,0,0,0,0,0,0
COM_1375,"Tai khoan cua Quy khach sap het, soan UT gui 9778 (trong vong 48h) de duoc cong 25.000d, su dung trong 168 gio tu DV Fast Airtime. Tai khoan cong se duoc tru khi Quy khach nap the. Tai khoan cong chua su dung het se bi huy khi het thoi gian su dung
(Tai khoan cong chi su dung goi, nhan tin noi mang va ngoai mang). Tu choi nhan tin nhan, soan TC gui 9778. Chi tiet LH 18008098 (mien phi).",0,0,0,0,0,0,0,0,0,0
COM_1376,"Tai khoan vien thong cua Quy khach con duoi 1.000d. Moi Quy khach nap them tien hoac goi *911# hoac nhan UT20 gui 9118 de duoc ung truoc 20.000d (cuoc phi: 3.000d). Khi tai khoan vien thong het tien, cuoc su dung dich vu se duoc tru vao tai khoan Tien di dong (neu co).
Chi tiet lien he 18008098 (0d). Tran trong.",0,0,0,0,0,0,0,0,0,0
COM_1377,Lew pemDi.DeBidv.com NeuQKNapTienTangQua:1OOCagroupsgooglecom,1,1,1,1,1,1,1,1,1,1
COM_1378,"[TB] VUI LỄ RỘN RÀNG, TÀI KHOẢN SẴN SÀNG!
Tặng 30% giá trị tất cả thẻ nạp trong ngày 24/04/2026. Tiền KM sử dụng truy cập Internet trong 15 ngày. Nạp thẻ online tại các ví điện tử, ứng dụng thanh toán hoặc tại https://viettel.vn/naptienkm . Chi tiết gọi 197 (phím 19, 0đ). Trân trọng.",0,0,0,0,0,0,0,0,0,0
COM_1379,"[TB] MUA 2 ĐƯỢC 3, CHƠI LỄ THẢ GA!
Soạn 5G10 gửi 191: 10K có 6GB sử dụng đến 24h ngày đăng ký, gia hạn theo ngày.
Đặc biệt: Mua gói 2 lần trước 04/05 sẽ được tặng 1 lần đăng ký miễn phí. Quà tặng áp dụng sau 1 ngày, khi có tin nhắn thông báo từ VIETTEL.
Chương trình dành riêng cho Quý khách. Chi tiết gọi 198 (0đ).",0,0,0,0,0,0,0,0,0,0
COM_1380,mILLapTKhoan0k33TraoPhanQua881K zDFrab.Ncbidv.com FSgroupsgooglecom,1,1,1,1,1,1,1,1,1,1
COM_1381,MpQThamGia0k33 GqbccI.Acbidv.com NhanMaKM362KgroupsgooglecomULB,1,1,1,1,1,1,1,1,1,1
COM_1382,"[QC] INTERNET MẠNH - AN TÂM TRỌN VẸN!
Tặng ngay bộ cảm biến khói thông minh giúp gia đình yên tâm hơn mỗi ngày khi đăng ký Internet Viettel: Giá cước chỉ từ 240.000đ/tháng, đường truyền tốc độ từ 500Mbps.
Áp dụng tại Hà Nội và TP. Hồ Chí Minh.
Chi tiết gọi 18008168 (0đ). Từ chối QC: TC3 gửi 199.",0,0,0,0,0,0,0,0,0,0
COM_1383,"[QC] SIÊU PHẨM DÃ SỬ ""QUYẾT CHIẾN VƯƠNG TRIỀU"": Tái hiện cuộc chiến khốc liệt giành tự do trước những thế lực xâm lược hùng mạnh. Theo dõi những âm mưu chính trị tàn khốc và các trận chiến định đoạt vận mệnh vương quốc trên TV360 tại http://s.viettel.vn/QCVT . 
Soạn DK PH gửi 1331 (20.000đ/30 ngày, gia hạn sau 30 ngày) để đăng ký gói Vcine TV360. Chi tiết gọi 18008119 (0đ). Từ chối quảng cáo, soạn TC4 gửi 199.",0,0,0,0,0,0,0,0,0,0
COM_1384,"Quy khach duoc cong them 309 diem Viettel++ boi giao dich Tieu dung vien thong thang 04/2026. Thoi han su dung diem den 31/05/2027. Hay truy cap https://vietteltelecom.vn/vtplus tren My Viettel hoac *098# de doi diem sang Data, SMS,
Phut goi cung nhieu uu dai gia tri khac. Chi tiet LH 198. Tran trong.",0,0,0,0,0,0,0,0,0,0
COM_1385,"(TPBank) Hoa don Vi Tra Sau Momo T04.2026 da den han. Du no: 1,853,030VND. Vui long TT toan bo, TT toi thieu, chuyen doi tra gop TRONG HOM NAY. Bo qua neu da TT",0,0,0,0,0,0,0,0,0,0
COM_1386,"Quy khach duoc cong them 65 diem Viettel++ boi giao dich Tieu dung vien thong thang 04/2026. Thoi han su dung diem den 31/05/2027. Hay truy cap https://vietteltelecom.vn/vtplus tren My Viettel hoac *098# de doi diem sang Data, SMS, Phut goi cung nhieu uu dai gia tri khac. Chi tiet LH 198. Tran trong.",0,0,0,0,0,0,0,0,0,0
COM_1387,"Tong cuoc DV internet cua Quy khach LO QUANG THANG ma hop dong 639615776 thang 04/2026 la 299.000d. Quy khach vui long thanh toan truoc ngay 15/05. De nhan ma QR thanh toan Online tren ung dung ngan hang, truy cap https://viettel.vn/qrpay/7ED76F16FE3EE64AFA9F5A0FD77D855E . 
Neu da thanh toan, vui long bo qua tin nhan nay. LH 18008119 (0d). Tran trong.",0,0,0,0,0,0,0,0,0,0
COM_1388,"[QC] U17 Việt Nam ra sân gặp U17 Yemen lúc 0:00 ngày 7/5 trên TV360! 
Cùng cổ vũ “Chiến binh Sao Vàng” tại http://s.viettel.vn/tv360.9 . 
Chi tiết gọi 18008119 (0đ). Từ chối QC: TC4 gửi 199.",0,0,0,0,0,0,0,0,0,0
COM_1389,rZwDenNgayNhanCode<elrfqxyjrbea>28Ca mDaexO.Ucbidv.com Lgroupsgooglecom,1,1,1,1,1,1,1,1,1,1
COM_1390,rueTaoTK kvFtPW.Ucbidv.com TangKM288KagroupsgooglecomTWc,1,1,1,1,1,1,1,1,1,1
COM_1391,LeWVaoNgayTraoQua143Ngin iixmeE.Fubidv.com legroupsgooglecom,1,1,1,1,1,1,1,1,1,1
COM_1392,rahTriAnKH jOhqU.Axbidv.com :1TramKKhjNapgroupsgooglecomJ,1,1,1,1,1,1,1,1,1,1
COM_1393,"Viettel TB: Từ 0h-5h ngày 11/05/2026, gói ST60N sẽ gia hạn. Cước phí 60.000đ/30 ngày có 60GB (2GB/ngày). Quý khách đảm bảo thuê bao hoạt động 2 chiều và đủ tiền để gói cước gia hạn thành công. Nếu tài khoản gốc không đủ, 
gói cước sẽ gia hạn tương ứng với số tiền còn lại, tối thiểu 5.000đ (không áp dụng với thuê bao không gia hạn đủ 100% cước phí gói trong 60 ngày). Chiết khấu 2,5% khi nạp thẻ tại https://viettel.vn/nt. Để hủy gia hạn, soạn HUY gửi 191. Liên hệ 198 (0đ). Trân trọng.",0,0,0,0,0,0,0,0,0,0
COM_1394,"[TB] NẠP THẺ LIỀN TAY, DATA XÀI NGAY!
Tặng 20% giá trị tất cả thẻ nạp trong ngày 11/05/2026. Tiền KM sử dụng truy cập Internet trong 15 ngày. Nạp thẻ online tại các ví điện tử, ứng dụng thanh toán hoặc tại https://viettel.vn/naptienkm . Chi tiết gọi 197 (phím 19, 0đ). Trân trọng.",0,0,0,0,0,0,0,0,0,0
COM_1395,Viettel TB: Gói ST60N đã gia hạn đến ngày 28/05/2026 với cước phí 35.000đ có 2GB/ngày. Quý khách nạp thêm 25.000đ trước 24h ngày 28/05/2026 để tiếp tục gia hạn gói cước. Truy cập https://viettel.vn/kttk để kiểm tra ưu đãi. Chi tiết liên hệ 198 (0đ). Trân trọng.,0,0,0,0,0,0,0,0,0,0
COM_1396,"Tai khoan cua Quy khach sap het, soan UT hoac Y gui 9778 (trong vong 48h) de duoc cong 10.000d, su dung trong 60 gio tu DV Fast Airtime. Tai khoan cong se duoc tru khi Quy khach nap the. Tai khoan cong chua su dung het se bi huy khi het thoi gian su dung 
(Tai khoan cong chi su dung goi, nhan tin noi mang va ngoai mang). Tu choi nhan tin nhan, soan TC gui 9778. Chi tiet LH 18008098 (mien phi).",0,0,0,0,0,0,0,0,0,0
COM_1397,"Tai khoan cua Quy khach sap het. Soan:
1 gui 211 de cong 60 phut noi mang (794d/p), su dung trong 15 ngay
2 gui 211 de cong 35 phut ngoai mang (1.369d/p), su dung trong 15 ngay
3 gui 211 de cong 100 tin nhan noi mang (230d/tin), su dung trong 15 ngay
4 gui 211 de cong 20 tin nhan ngoai mang (313d/tin), su dung trong 7 ngay
5 gui 211 de cong 2.048 MB data voi gia 15.870d, su dung trong 5 ngay
Chi tiet LH 18008098 (mien phi).",0,0,0,0,0,0,0,0,0,0
COM_1398,oloTaoTKhoanTraoLiXi524Ngin TUTwol.Ucbidv.com xDgroupsgooglecom,1,1,1,1,1,1,1,1,1,1
COM_1399,"Tai khoan cua Quy khach sap het, soan UT gui 9778 (trong vong 48h) de duoc cong 10.000d, su dung trong 60 gio tu DV Fast Airtime. Tai khoan cong se duoc tru khi Quy khach nap the. Tai khoan cong chua su dung het se bi huy khi het thoi gian su dung (Tai khoan cong chi su dung goi, nhan tin noi mang va ngoai mang). Tu choi nhan tin nhan, soan TC gui 9778. Chi tiet LH 18008098 (mien phi).",0,0,0,0,0,0,0,0,0,0
COM_1400,"[TB] Viettel TPHCM thông báo: Để KHÔNG bị chặn dịch vụ, thuê bao cần xác thực thông tin (Thông tư 08/2026/TT-BKHCN).
Kính mời Quý khách mang CC/CCCD đến điểm hỗ trợ Viettel: các điểm giao dịch Viettel, cửa hàng Thế giới Di động, Điện Máy Xanh, FPT Shop, CellphoneS, từ 9h - 20h để thực hiện. Liên hệ 0978787821 (cước gọi di động).
Quý khách đã xác thực, vui lòng bỏ qua tin nhắn này. Trân trọng!",0,0,0,0,0,0,0,0,0,0
COM_1401,"[TB] XÁC THỰC ONLINE - TẶNG NGAY ƯU ĐÃI! 
Quý khách sử dụng điện thoại có hỗ trợ quét CC/CCCD gắn chip, truy cập https://viettel.vn/xacthucTB hoặc vào ứng dụng My Viettel để thực hiện.
Xác thực thành công, Quý khách sẽ NHẬN 50.000đ. Tiền KM cộng vào ngày hôm sau.
Chi tiết liên hệ 198 (0đ). Trân trọng.",0,0,0,0,0,0,0,0,0,0
COM_1402,"[QC] Mua gói 5G10MFB: Chỉ 10.000đ có 6GB truy cập Internet và 2GB truy cập Meta (Facebook, tin nhắn Messenger, Threads, Instagram).
Đăng ký ngay tại https://vietteltelecom.vn/5G10MFB . Gói cước không gia hạn.
Chi tiết liên hệ 198 (0đ). Từ chối QC: TC3 gửi 199.",0,0,0,0,0,0,0,0,0,0
COM_1403,rmMoTKhoanRinhQuaVip1OOK' OYhkr.BIDVoa.com yLgroupsgooglecom,1,1,1,1,1,1,1,1,1,1
COM_1404,"HD 1000725120976254 ngay 20/05/2026 den han thanh toan 2,022,000d. Nhap ma MC19619593080 vao MoMo de TT. Vui long bo qua neu da TT. LH 1900636769",0,0,0,0,0,0,0,0,0,0
COM_1405,"[TB] NẠP THẺ ONLINE - TẶNG NGAY 20%!
Duy nhất ngày 15/05: Tặng 20% giá trị tất cả thẻ nạp (dùng truy cập data trong 15 ngày). Chương trình áp dụng khi nạp thẻ online qua các ví điện tử/app hoặc tại https://viettel.vn/pay/tt . Chi tiết gọi 197 (phím 19, 0đ). Trân trọng.",0,0,0,0,0,0,0,0,0,0
COM_1406,"[TB] XÁC THỰC AN TOÀN!
Để đầu THÁNG 6 không bị CHẶN DỊCH VỤ theo Thông tư 08/2026/TT-BKHCN, Quý khách thực hiện như sau:
- Xác thực online với điện thoại có hỗ trợ quét CC/CCCD gắn chip tại https://viettel.vn/xacthucTB để nhận 50.000đ vào ngày hôm sau.
- Hoặc mang CC/CCCD gắn chip đến điểm giao dịch Viettel để được hỗ trợ.
Chi tiết gọi 198 (0đ). Trân trọng.",0,0,0,0,0,0,0,0,0,0
COM_1407,"DOI THU NO nhan duoc LENH XU LY NO cua ONG/BA: NGUYEN DUY DANG KHOA va nhung nguoi lien quan VI PHAM NGHIA VU THANH TOAN HD VM10078924169.Chung toi se tien hanh DEN NHA trong tuan nay DIEU TRA NHAN THAN cung THAM CHIEU tai CUC DAN SO TINH de CUNG CAP BANG CHUNG CHO QUA TRINH TO TUNG ,KHOI KIEN THEO DUNG QUY DINH CUA PHAP LUAT. Yeu cau nghe may hop tac.",1,1,1,0,1,1,1,1,1,1
COM_1408,"VNG: Ma OTP cua ban la 658061, thoi han 5 phut. Vui long khong cung cap cho bat ky ai.",0,0,0,0,0,0,0,0,0,0
COM_1409,"[QC] VŨ LÂM LINH - KHI NAM HIỆP TRIỂN CHIÊU LÊN ĐƯỜNG PHÁ ÁN! 
Cùng Dương Dương và Chương Nhược Nam tạo nên hành trình trừ gian diệt ác, lật tẩy âm mưu đen tối của Tương Dương Vương. Đón xem siêu phẩm võ hiệp mãn nhãn tại https://tv360.vn/vulamlinh . Soạn DK PH gửi 1331 (30.000đ/30 ngày, gia hạn sau 30 ngày). 
Chi tiết gọi 18008119 (0đ). Từ chối QC: TC4 gửi 199.",0,0,0,0,0,0,0,0,0,0
COM_1410,"[TB] Viettel Hồ Chí Minh thông báo: Để KHÔNG bị chặn dịch vụ, thuê bao cần xác thực thông tin (Thông tư 08/2026/TT-BKHCN).
Kính mời Quý khách mang CC/CCCD đến điểm hỗ trợ Viettel: Lê Văn Việt, 258 Lê Văn Việt, Phường Tăng Nhơn Phú, từ 8h - 20h để thực hiện. Liên hệ 0379557557 (cước gọi di động).
Quý khách đã xác thực, vui lòng bỏ qua tin nhắn này. Trân trọng!",0,0,0,0,0,0,0,0,0,0
COM_1411,"Tai Ngay 8QBET nhan phan thuong 588,88K , Nap dau 50K thuong len den 8.000K https://invip.run/bjD5L",1,1,1,1,1,1,1,1,1,1
COM_1412,wQUserMoi OtwbWd.Bidvjr.com NhanUuDai1OONgangroupsgooglecomVrh,1,1,1,1,1,1,1,1,1,1
COM_1413,"Viettel TB: Quy khach LO QUANG THANG ma hop dong 639615776 con 299000d cuoc dich vu internet chua duoc thanh toan. Vui long thanh toan truoc ngay 25/05/2026. De nhan ma QR thanh toan Online tren ung dung ngan hang, 
truy cap https://viettel.vn/qrpay/7ED76F16FE3EE64AFA9F5A0FD77D855E . Quy khach da thanh toan vui long bo qua tin nhan nay. LH 18008119 (0d). Tran trong.",0,0,0,0,0,1,0,0,0,0
COM_1414,"Phương tiện biển số 51H-329.52 của bạn vi phạm tốc độ, mức phạt 3.000.000đ. Tra cứu và nộp phạt, liên hệ 19008508.",1,1,1,1,0,0,0,0,1,1
COM_1415,"Thuê bao của Quý khách chưa xác thực thông tin, Quý khách vui lòng thực hiện 1 trong 3 cách sau: 
- Dùng điện thoại có hỗ trợ quét CC/CCCD gắn chip và xác thực tại https://viettel.vn/tammi/xacthuc08. Nhận 50.000đ (cộng ngày hôm sau) khi hoàn thành. 
- Mang CC/CCCD gắn chip đến điểm giao dịch Viettel để được hỗ trợ. 
- Truy cập VNeID, mục Ví giấy tờ, chọn thông báo chờ xác nhận tích hợp để thực hiện. 
Hỗ trợ: 198 (0đ).",0,0,0,0,0,0,0,0,0,0
COM_1416,"[TB] NẠP THẺ LIỀN TAY, DATA XÀI NGAY!
Tặng 20% giá trị tất cả thẻ nạp trong ngày 25/05/2026. Tiền KM sử dụng truy cập Internet trong 15 ngày. Nạp thẻ online tại các ví điện tử, ứng dụng thanh toán hoặc tại https://viettel.vn/naptienkm . Chi tiết gọi 197 (phím 19, 0đ). Trân trọng.",0,0,0,0,0,0,0,0,0,0
COM_1417,"Sở Khoa học và Công nghệ Thành phố Hồ Chí Minh đề nghị chủ thuê bao thực hiện xác thực thông tin thuê bao di động trước ngày 15/06/2026 để bảo vệ quyền lợi người sử dụng; phòng, chống lừa đảo, đảm bảo an toàn thông tin cá nhân theo Thông tư 08/2026/TT-BKHCN. Chủ thuê bao thực hiện xác thực theo một trong các hình thức sau:
(1) Ứng dụng VNeID của Bộ Công an;
(2) Xác thực trên ứng dụng của nhà mạng viễn thông;
(3) Đến các điểm giao dịch gần nhất trong khu vực.
Trường hợp số thuê bao đã sử dụng để đăng ký tài khoản định danh điện tử mức độ 2 thì không phải xác thực lại thông tin.",0,0,0,0,0,0,0,0,0,0
COM_1418,"[TB] Ưu đãi GIỜ VÀNG - Đồng hành XÁC THỰC.
Trước 24h hôm nay, Quý khách hoàn thành xác thực thuê bao online sẽ nhận 100.000đ tiền khuyến mại (cộng ngày hôm sau). Vui lòng dùng điện thoại hỗ trợ quét CC/CCCD gắn chip truy cập https://viettel.vn/xacthucTB (app My Viettel) để thực hiện.
Chi tiết gọi 198 (0đ). Trân trọng.",0,0,0,0,0,0,0,0,0,0
COM_1419,"Nhap ma OTP 7774 de xac thuc Dang nhap tren ung dung My Viettel. Chi tiet LH 18008098 (0d) hoac truy cap https://viettel.vn/app. De dam bao an toan cho tai khoan cua Quy khach, vui long khong chia se ma xac thuc nay voi bat ky ai.",0,0,0,0,0,0,0,0,0,0
COM_1420,Ma xac thuc cua Quy khach khi mo chan dich vu co dinh tren ung dung My Viettel la 3204. Quy khach vui long nhap ma nay de hoan thanh viec mo chan. Xin cam on!,0,0,0,0,0,0,0,0,0,0
COM_1421,VTMONEY: Nhap ma xac thuc OTP 4804 de dang nhap SDT 84377326330,0,0,0,0,0,0,0,0,0,0
COM_1422,Ma xac thuc cua Quy khach khi mo chan dich vu co dinh tren ung dung My Viettel la 4545. Quy khach vui long nhap ma nay de hoan thanh viec mo chan. Xin cam on!,0,0,0,0,0,0,0,0,0,0
COM_1423,"Quy khach da thanh toan 299.000d cuoc DV Ftth account t008_ftth_thanglq24. De tra cuu cuoc su dung va hoa don dien tu, vui long truy cap ung dung My Viettel tai https://vietteltelecom.vn/tc hoac bam goi *098#. LH 198 (0d).",0,0,0,0,0,0,0,0,0,0
COM_1424,"[TB] Viettel TPHCM thông báo: Để KHÔNG bị chặn dịch vụ, thuê bao cần xác thực thông tin (Thông tư 08/2026/TT-BKHCN).
Kính mời Quý khách mang CC/CCCD đến điểm hỗ trợ Viettel: các điểm giao dịch Viettel, cửa hàng Thế giới Di động, Điện Máy Xanh, từ 9h - 20h để thực hiện. Liên hệ 0379557557 (cước gọi di động).
Quý khách đã xác thực, vui lòng bỏ qua tin nhắn này. Trân trọng!",0,0,0,0,0,0,0,0,0,0
COM_1425,Viettel TB: Chương trình gia hạn gói ST60N theo số dư tài khoản sẽ hết hạn vào 0h ngày 29/05/2026. Quý khách nạp thêm 25.000đ để gói cước gia hạn thành công. Chi tiết LH 198 (0đ). Trân trọng.,0,0,0,0,0,0,0,0,0,0
COM_1426,"[TB] Xác thực để tránh gián đoạn sử dụng 4G/5G.
Thuê bao 0962361423 chưa xác thực thông tin, Quý khách vui lòng thực hiện 1 trong 3 cách sau:
• Dùng điện thoại hỗ trợ quét CC/CCCD gắn chip để xác thực tại https://viettel.vn/tammi/xacthuc08 (app Viettel Tammi). Nhận 50.000đ (cộng ngày hôm sau) khi hoàn thành.
• Mang CC/CCCD gắn chip đến điểm giao dịch Viettel để được hỗ trợ.
• Truy cập VNeID, mục Ví giấy tờ, chọn thông báo chờ xác nhận tích hợp để thực hiện.
Hỗ trợ: 198 (0đ).",0,0,0,0,0,0,0,0,0,0
COM_1427,"[TB] Quý khách đang sử dụng thuê bao CHƯA XÁC THỰC. 
Xác thực CHÍNH CHỦ & an toàn, Quý khách sử dụng máy điện thoại có hỗ trợ quét CC/CCCD gắn chip, truy cập https://viettel.vn/xacthucTB (Ứng dụng MyViettel) để không bị gián đoạn gọi và dùng Data. 
Nhận ưu đãi 50.000đ (cộng vào hôm sau) khi hoàn thành. 
Chi tiết liên hệ 198 (0đ).",0,0,0,0,0,0,0,0,0,0
COM_1428,"Viettel TB: Chương trình gia hạn gói ST60N theo số dư tài khoản đã kết thúc. Gói cước sẽ được khôi phục khi thuê bao hoạt động 2 chiều và có đủ 60.000đ. Thời gian chờ khôi phục trước ngày 25/11/2026. Nếu tài khoản gốc không đủ, 
gói cước sẽ được khôi phục tương ứng với số tiền còn lại, tối thiểu 5.000đ (không áp dụng với thuê bao không gia hạn đủ 100% cước phí gói trong 60 ngày gần đây). Để hủy khôi phục, soạn HUY gửi 191. Chi tiết liên hệ 198 (0d). Trân trọng.",0,0,0,0,0,0,0,0,0,0
COM_1429,"Doi thanh cong 200 diem tieu dung Viettel++ thanh 40 MB Data. Han su dung truoc 30/05/2026. Tong diem tieu dung con lai trong tai khoan Viettel++ cua Quy khach la 1.151 diem. De kiem tra lich su doi diem va lua chon uu dai hap dan khac, 
vui long truy cap https://vietteltelecom.vn/vtplus. Tran trong.",0,0,0,0,0,0,0,0,0,0
COM_1430,"Moi Quy khach soan tin de tham gia cong MB data. Soan:
5 gui 211 de cong 2.048 MB data voi gia 15.870d, su dung trong 5 ngay
De cong tai nguyen khac, soan:
1 gui 211 de cong 60 phut noi mang (794d/p), su dung trong 15 ngay
2 gui 211 de cong 35 phut ngoai mang (1.369d/p), su dung trong 15 ngay
3 gui 211 de cong 100 tin nhan noi mang (230d/tin), su dung trong 15 ngay
4 gui 211 de cong 20 tin nhan ngoai mang (313d/tin), su dung trong 7 ngay
Chi tiet LH 18008098 (mien phi).",0,0,0,0,0,0,0,0,0,0
COM_1431,"Quy khach co 101.902 dong trong tai khoan. Bam goi *098*3# de co 3GB voi 15.000d/3 ngay hoac *098*989# (30.000d/3 ngay) co 15GB (5GB/ngay), mien phi 10 phut/cuoc noi mang, 15 phut ngoai mang,
SMS noi mang va TV360. Goi cuoc gia han khi het chu ky. De biet thong tin cac uu dai khac, bam goi *098# hoac truy cap https://vietteltelecom.vn/goidata. Chi tiet LH 198 (0d). Tran trong.",0,0,0,0,0,0,0,0,0,0
COM_1432,Viettel TB: Gói ST60N đã khôi phục thành công. Cước phí 60.000đ/30 ngày có 60GB (2GB/ngày). Truy cập https://viettel.vn/kttk để kiểm tra ưu đãi. Chi tiết liên hệ 198 (0đ). Trân trọng.,0,0,0,0,0,0,0,0,0,0
COM_1433,"[TB] Sở Khoa học và Công nghệ Thành phố Hồ Chí Minh đề nghị chủ thuê bao thực hiện xác thực thông tin thuê bao di động trước ngày 15/06/2026 để bảo vệ quyền lợi người sử dụng; phòng, chống lừa 
đảo, đảm bảo an toàn thông tin cá nhân theo Thông tư 08/2026/TT-BKHCN. Chủ thuê bao thực hiện xác thực theo một trong các hình thức sau:
(1) Ứng dụng VNeID của Bộ Công an;
(2) Xác thực trên ứng dụng của nhà mạng viễn thông;
(3) Đến các điểm giao dịch gần nhất trong khu vực.
Trường hợp số thuê bao đã sử dụng để đăng ký tài khoản định danh điện tử mức độ 2 thì không phải xác thực lại thông tin.",0,0,0,0,0,0,0,0,0,0
COM_1434,"[TB] Chủ đề Ngày toàn dân tiết kiệm, chống lãng phí năm 2026 là ""Tiết kiệm năng lượng, thịnh vượng tương lai"". Đề nghị toàn dân hưởng ứng vì một tương lai thịnh vượng, một lối sống xanh, tích cực.",0,0,0,0,0,0,0,0,0,0
COM_1435,"[TB] Thuê bao của Quý khách vẫn CHƯA XÁC THỰC. 
Thời gian XÁC THỰC CHÍNH CHỦ để không bị gián đoạn gọi điện, truy cập Internet sắp hết. 
Vui lòng sử dụng máy có hỗ trợ quét CC/CCCD gắn chip, xác thực tại https://viettel.vn/xacthucTB (app My Viettel). 
Nhận ưu đãi 50.000đ (cộng vào hôm sau) khi hoàn thành. 
Chi tiết liên hệ 198 (0đ).",0,0,0,0,0,0,0,0,0,0
COM_1436,"[TB] Viettel Hồ Chí Minh thông báo: Để KHÔNG bị chặn dịch vụ, thuê bao cần xác thực thông tin (Thông tư 08/2026/TT-BKHCN).
Kính mời Quý khách mang CC/CCCD đến điểm hỗ trợ Viettel: Văn phòng khu khố 36, 38, Kế 170 Nguyễn Văn Tăng, Phường Long Bình (Đối diện trường Nguyễn Huệ), từ 9h - 17h30 ngày 1/6 - 7/6 để thực hiện. Liên hệ 0379557557 (cước gọi di động).
Quý khách đã xác thực, vui lòng bỏ qua tin nhắn này. Trân trọng!",0,0,0,0,0,0,0,0,0,0
COM_1437,"CHUNG TOI Q.D DANG TAT CA HINH ANH,CMND,Thong tin khoan vay cua NGUYEN DUY DANG KHOA va HINH ANH NGUOI THAN, NGUOI LIEN QUAN len MXH, phat to roi ve dia phuong
va noi Cu tru va noi lam viec de truy tim KH. Anh huong uy tin, Toi khong chiu trach nhiem. Neu muon hoa giai,YEU CAU THANH TOAN GAP trong ngay hom nay.",0,0,0,0,0,0,0,0,0,0
COM_1438,"[TB] DATA SẴN SÀNG, CHẲNG CẦN WIFI!
1. Soạn ST7K gửi 191: 7K có 1GB sử dụng đến 24h ngày đăng ký.
2. Soạn 5G20 gửi 191: 20K/3 ngày có 6GB.
Các gói cước gia hạn khi hết chu kỳ.
Chi tiết liên hệ 198 (0đ).",0,0,0,0,0,0,0,0,0,0
COM_1439,roVaoWeb TxeRr.BidvXz.com RinhCode66DiemgroupsgooglecomMin,1,1,1,0,1,1,1,1,1,1
COM_1440,"Nhap ma xac thuc OTP 0799 de Dang nhap tren ung dung My Viettel. Chi tiet LH 18008098 (0d) hoac truy cap https://viettel.vn/app. De dam bao an toan cho tai khoan cua Quy khach, vui long khong chia se ma xac thuc nay voi bat ky ai.",0,0,0,0,0,0,0,0,0,0
COM_1441,EmDenNgay jfDHYc.Bidvit.com TangPhanQua66NghingroupsgooglecomWpu,1,1,1,1,1,1,1,1,1,1
COM_1442,"[TB] HẠN CUỐI xác thực CHÍNH CHỦ!
Thuê bao 0377326330 đăng ký tên NGUYỄN VĂN THẮNG cần xác thực như sau:
- Nếu thông tin đúng, dùng điện thoại hỗ trợ quét CC/CCCD gắn chip truy cập https://viettel.vn/xacthucTB (app My Viettel) để xác thực. Tặng 50.000đ (cộng vào hôm sau) khi hoàn thành.
- Nếu thông tin không đúng, mang CC/CCCD đến cửa hàng Viettel (xem địa chỉ tại https://vietteltelecom.vn/vx/cua-hang/ ) để cập nhật.
- Gọi 18008098 (0đ) nếu cần hỗ trợ miễn phí tại nhà.",0,0,0,0,0,0,0,0,0,0
COM_1443,"[TB] HẠN CUỐI xác thực CHÍNH CHỦ!
Thuê bao 0962361423 đăng ký tên NGUYỄN VĂN THẮNG cần xác thực như sau:
- Nếu thông tin đúng, dùng điện thoại hỗ trợ quét CC/CCCD gắn chip truy cập https://viettel.vn/xacthucTB (app My Viettel) để xác thực. Tặng 50.000đ (cộng vào hôm sau) khi hoàn thành.
- Nếu thông tin không đúng, mang CC/CCCD đến cửa hàng Viettel (xem địa chỉ tại https://vietteltelecom.vn/vx/cua-hang/ ) để cập nhật.
- Gọi 18008098 (0đ) nếu cần hỗ trợ miễn phí tại nhà.",0,0,0,0,0,0,0,0,0,0
COM_1444,"Tong cuoc DV internet cua Quy khach LO QUANG THANG ma hop dong 639615776 thang 05/2026 la 299.000d. Quy khach vui long thanh toan truoc ngay 15/06. De nhan ma QR thanh toan 
Online tren ung dung ngan hang, truy cap https://viettel.vn/qrpay/7ED76F16FE3EE64AFA9F5A0FD77D855E . Neu da thanh toan, vui long bo qua tin nhan nay. LH 18008119 (0d). Tran trong.",0,0,0,0,0,0,0,0,0,0
COM_1445,"Quý khách CHƯA XÁC THỰC thông tin thuê bao. Để đảm bảo dịch vụ Data không bị gián đoạn, vui lòng truy cập app MyViettel để thực hiện XÁC THỰC hoặc liên hệ 198 hỗ trợ (0đ).",0,0,0,0,0,0,0,0,0,0
COM_1446,"Nhap ma OTP 4452 de xac thuc Dang nhap tren ung dung My Viettel. Chi tiet LH 18008098 (0d) hoac truy cap https://viettel.vn/app. De dam bao an toan cho tai khoan cua Quy khach, vui long khong chia se ma xac thuc nay voi bat ky ai.",0,0,0,0,0,0,0,0,0,0
COM_1447,"Nhap ma xac thuc OTP 4681 de Dang nhap tren ung dung My Viettel. Chi tiet LH 18008098 (0d) hoac truy cap https://viettel.vn/app. De dam bao an toan cho tai khoan cua Quy khach, vui long khong chia se ma xac thuc nay voi bat ky ai.",0,0,0,0,0,0,0,0,0,0
COM_1448,Thue bao 84962361423 cua Quy khach vua dang nhap ung dung My Viettel - http://viettel.vn/app tren mot thiet bi co ten: iPhone (iPhone 11). Xin cam on!,0,0,0,0,0,0,0,0,0,0
COM_1449,Nhap ma OTP 6708 de xac nhan yeu cau thay doi giay to tren My Viettel. Tran trong!,0,0,0,0,0,0,0,0,0,0
COM_1450,Don hang Thay doi giay to cua KH 6314126301 da cap nhat thanh cong. Cam on quy khach da su dung dich vu cua Viettel. Chi tiet lien he 18008168 (mien phi). Tran trong.,0,0,0,0,0,0,0,0,0,0
COM_1451,Quy khach vua Xac thuc/Thay doi thanh cong thong tin khach hang cua thue bao 962361423. Moi Quy khach truy cap https://vietteltelecom.vn/kttk de tra cuu thong tin cac uu dai danh rieng cho thue bao. Chi tiet LH 198 (0d). Tran trong.,0,0,0,0,0,0,0,0,0,0
COM_1452,"[TB] Tong chi tieu vien thong cua ban trong 3 thang gan day TANG>50% so voi gia goi data ban dang dung. Nang cap ngay goi Data de kiem soat chi phi:
1. 5G150N co 240GB/30 ngay chi 142.500d
2. 5G180B co 180GB/30 ngay + mien phi goi chi 171.000d
3. 5GMXH200 co 210GB/30 ngay + mien phi goi chi 190.000d
Mua ngay tai https://viettelmoney.vn/data . Danh sach goi cuoc kha dung co the thay doi tuy theo dieu kien thue bao tai thoi diem mua. LH 18009000 (0d).",0,0,0,0,0,0,0,0,0,0
COM_1453,"Quý khách được tặng 50.000đ theo chương trình khuyến mại khi xác thực thông tin thuê bao di động. Tiền khuyến mại sử dụng trong 5 ngày: 25.000đ để gọi và nhắn tin nội mạng, 25.000đ để truy cập Internet (0,48đ/50KB).
Soạn TK gửi 191 để kiểm tra ưu đãi. Chi tiết liên hệ 198 (0đ). Trân trọng!",0,0,0,0,0,0,0,0,0,0
COM_1454,"Moi Quy khach soan tin de tham gia DV Data Plus:
1 gui 9598 de cong 3072MB (cuoc 23400d, su dung trong 7 ngay).
2 gui 9598 de cong 2048MB (cuoc 13800d, su dung trong 3 ngay).
Tin nhan co hieu luc trong 24h. Chi tiet LH 18008098 (mien phi).",0,0,0,0,0,0,0,0,0,0
COM_1455,"[TB] NẠP THẺ LIỀN TAY, DATA XÀI NGAY!
Tặng 20% giá trị tất cả thẻ nạp trong ngày 10/06/2026. Tiền KM sử dụng truy cập Internet trong 15 ngày. Nạp thẻ online tại các ví điện tử, ứng dụng thanh toán hoặc tại https://viettel.vn/naptienkm . Chi tiết gọi 197 (phím 19, 0đ). Trân trọng.",0,0,0,0,0,0,0,0,0,0
COM_1456,"Nha Cai MU88 Truc Tuyen nap rut nhanh 24/24
TAI APP:nap tien 100k tang Km dau 18k và KM 158k http://e9zo.com/r/6MTIf6euOx
Nhap ma gioi thieu: 95026556.
UIIBC",1,1,1,1,1,1,1,1,1,1
COM_1457,"Sự kiện hoàn mới! Đăng nhận
98k ! http://gamevip05.vip",1,1,1,1,1,1,1,1,1,1
COM_1458,"Tìm bạn tình một đêm quanh đây. Kín đáo, không ràng buộc, an toàn tuyệt đối. Đăng ký miễn phí ngay bây giờ tại http://733.momo-live.vip bạn sẽ có bạn tình 1 đêm say đắm và cuồng nhiệt",1,1,1,1,1,0,1,1,1,1
COM_1459,"Dky B99. WIN , Ma Code cua A/C la: QM6E5PASGKA8 nap dau tang 240%, nhan qua lien tay, free vong quay may man 999k
Http://kiemtien.vin",1,1,1,1,1,1,1,1,1,1
COM_1460,"click vào để đăng ký tài khoản, www.470411.com hôm qua dùng 100k mà trang web tặng và kiếm được 9 triệu
ADD zalo : 0562049601",1,1,1,1,0,0,1,1,1,1
COM_1461,"859j ChucMung QK da nhan duoc cöde tri an 899'k, Vao: athd.cc/2MS6x7 ,chöi thu T.xiü, slot, tlmn..x3 nap lan dau, NapRut 1:1 7q8v",1,1,1,1,1,1,1,1,1,1
COM_1462,"Es https://ixzK.Giftpro1.com mo tai khoan nhan 2'0'0k, uu dai nap lan dau 1'0'0% khong can dieu kien phuc tap cF",1,1,1,1,1,1,1,1,1,1
COM_1463,FP https://TdRewf.FreeKM.me Tri an cung QH88 dang nhap nhan lixi 2'8k~8'8'8K uu dai chi danh rieng cho sdt nhan duoc tin nhan nay pR,1,1,1,1,1,1,1,1,1,1
COM_1464,Nhà 51/9 dg 475. Anh còn ở ko. Anh xác minh lại em Dũng công an khu vực. Ko phải lừa đảo cung cấp thông tin em cái.???,1,1,1,1,0,1,1,1,0,1
COM_1465,"3vO
Tham:Gia,Co'Ngay:108Ca:Nap:Dau_Tang:100-Phan;Tram'Mo'Ngay
qEexh.kejda.me O0R",1,1,1,1,1,1,1,1,1,1
COM_1466,Ky Tham Gja' Nha'n Ngay Qu'a Khung Len De'n 5'O'OK.Va Nhie'u Uu Dai Kha'c! W8RQ.mogfC.org Sp,1,1,1,1,1,1,1,1,1,1
COM_1467,"Rj https://DWOK.gemhay.me dang ky tai khoan nhan ngay 2'9'9k, nap dau duoc thuong 1'0'0% xs",1,1,1,1,1,1,1,1,1,1
COM_1468,"Nguyen Thi Huyen Trang wYjN BAn CHi can TIm hiEU ibit.ly/bVGgB THEO TOi VA CHaC CHaN nHaN nUA TRIeu
zZcY",1,1,1,1,1,1,1,1,1,1
COM_1469,"WI Tham Gia Nhan 200 Ka. Nap Dau Nhan Uu Dai Khung!
nY5c.GeqrE.me wo",1,1,1,1,1,1,1,1,1,1
COM_1470,6cqp DK täq 2OOk lien he CSKH nhän thuöng link DK bit.ly/cannava125,1,1,1,1,1,1,1,1,1,1
COM_1471,Nắm lấy cơ hội 300% Bonus Kiếm tiền không giới hạn: t.ly/hLXI,1,1,1,1,1,1,1,1,1,1
COM_1472,[NESTLE VN] Ma OTP tren https://qrco.de/bdlrXb cua ban la 3767.,1,1,1,1,1,0,1,0,1,0
COM_1473,G xin-camon-cacban>77.726.6code-moinaozmZAWjxfwi,1,1,1,1,1,1,1,1,1,1
COM_1474,T -H-U -O-N- G C -H-A-O M -U-N- G 1 -T - R sadttr.aezalo.me,1,1,1,1,1,1,1,1,1,1
COM_1475,điền ngay mã này 660 5 ?>>>,1,1,1,1,1,1,1,1,1,1
COM_1476,"BS)QsTehek.lngxa.bid<Skt;Dong""Tien:Khoi,Dau""Gui-88%:Cuu:Nguy,Thua-Cuoc_100%~",1,1,1,1,1,1,1,1,1,1
COM_1477,Ma OTP cua ban la: 455171. De xac minh so dien thoai nay thuoc tai khoan của ban vui long xac thuc tai https://evn.io.vn/?wa=U2FsdGVkX1+VZkgg1pdKEWDn8eKOuHd7Nky-h0mqWOrfPnTniGNpAVzhx-4VrqcF0&otp=455171,1,1,1,1,1,1,1,1,1,1
COM_1478,Vui long truy cap de thanh toan tien phat giao thong thang nay va tranh phi phat do nop tre: gov-dichvucong.com,1,1,1,1,1,1,1,1,1,1
COM_1479,"Thong bao: Quy khach con mot khoan phat giao thong chua duoc thanh toan. Vui long thanh toan som de tranh cac khoan phi phat phat sinh: 
dichvuconggov-vn.com",1,1,1,1,1,1,1,1,1,1
COM_1480,"Cảnh sát Giao thông Việt Nam: Hiện tại, bạn đang có một khoản tiền phạt chưa thanh toán trong tài khoản. Vui lòng thanh toán khoản phí này càng sớm càng tốt để tránh những bất tiện không đáng có. Để biết thêm thông tin, vui lòng truy cập: https://dichvucongg.top/vn",1,1,1,1,0,1,1,0,1,1
COM_1481,"Cảnh sát Giao thông Việt Nam: Hồ sơ vi phạn giao thông được lưu trữ dưới tên của bạn. Để biết thêm thông tin, vui lòng truy cập https://Schvucongs.top/vn",1,1,1,1,0,1,1,0,1,1
COM_1482,"Chi cục Thuế khu vực XIV thông báo: Hộ kinh doanh [NAME] ; Địa chỉ: Phường Buôn Ma Thuột, Đắk Lắk triển khai định danh điện tử cho cơ quan, tổ chức trên địa bàn để được hoàn thuế 5.000.000₫, cài đặt ứng dụng Tổng cục thuế eTax Mobile tại: http://etaxmobi.tongcucthue.ung dung.app/",1,1,1,1,1,0,0,0,1,1
COM_1483,"Bộ giao thông vận tải, xin thông báo ông/bà có biên lai chưa nộp phạt. Hôm nay là thông báo cuối cùng. Yêu cầu nhanh chóng giải quyết mọi thắc mắc Vui lòng liên hệ : 0782320830",1,1,1,1,1,1,1,1,0,0
COM_1484,"Con đang cấp cứu ở bệnh viện sau tai nạn, cần đóng viện phí gấp 7.000.000đ. Bố/mẹ chuyển vào STK 7553087040089 TPBank giúp con, số con bị hỏng rồi ạ.",1,1,1,1,1,1,0,1,1,1
COM_1485,Đơn hàng SPX234728660 đang giữ tại bưu cục do thiếu cước 20.000đ. Vui lòng thanh toán vào STK 0339850514 (VPBank) trước 18h hôm nay để được giao.,1,1,1,1,0,0,1,0,1,1
COM_1486,"Trang Facebook của bạn vi phạm bản quyền, sẽ bị vô hiệu hóa trong 24 giờ. Nếu cần kháng nghị, vui lòng liên hệ bộ phận hỗ trợ qua 0376182378.",1,1,1,1,1,0,1,1,0,1
COM_1487,Đơn hàng JT698187057 đang giữ tại bưu cục do thiếu cước 55.000đ. Vui lòng thanh toán vào STK 7157132805 (VPBank) trước 18h hôm nay để được giao.,1,1,1,1,1,1,0,1,1,1
COM_1488,Quý khách chưa cập nhật sinh trắc học nên tài khoản Vietcombank sẽ tạm ngưng giao dịch từ ngày mai. Vui lòng liên hệ 19005567 để được hỗ trợ cập nhật.,1,1,1,1,1,1,1,1,0,1
COM_1489,"Bưu điện: bạn có 1 bưu phẩm chứa tài liệu pháp lý chưa nhận. Liên hệ tổng đài 19006099 để được hướng dẫn, quá hạn sẽ chuyển Bộ Công an.",1,1,1,1,0,0,1,0,1,1
COM_1490,"Anh ơi em đang kẹt viện phí cho mẹ 40.000.000đ, mai em gửi lại liền. Anh chuyển gấp giúp em số 448351779 TPBank với, em cảm ơn anh nhiều.",1,1,1,1,1,1,1,1,1,1
COM_1491,"Xin chào, Bạn có muốn tìm công việc bán thời gian không ? với mức lương 5tr-30tr 1 tháng mỗi ngày ít nhất 500k không phí phụ thu. công việc đơn giản, làm tại nhà nếu bạn muốn tham gia với công việc này xin hãy liên hệ ngày với zalo ID:+849187591
dưới 23t xin vui lòng không tham gia
Sao chép liên kết vào trình
duyệt :https://zalo.me/
8491875
1 đến 1 dịch vụ",1,1,1,1,1,0,1,0,1,1
COM_1492,"Chào chị. Tôi là Hùng - công chức tại Cơ quan Thuế vừa trao đổi điện thoại với chị. Để làm tờ khai thuế online, mời chị truy cập và tài app của Cơ quan tại link: thuedjentuu.vn
Sau khi đã tải app xong, chị hãy phản hồi lại tin nhắn này để chúng tôi theo dõi và hướng dẫn các bước tiếp theo.",1,1,1,1,0,1,1,1,1,0
COM_1493,"Kíng gui Phu Huynh thong tin kiem tra tieng Anh, giup dinh huong tot hon cho su phat trien cac ky nang tieng anh cua con: Link https://bit.ly/ibischooltest",1,1,1,1,1,1,0,0,1,1
COM_1494,"Phat hien tai khoan cua ban dang nhap khac vung bat thuong, vui long dang nhap https://acb vn.net de xac nhan thong tin va thay doi mat khau",1,1,1,1,1,1,1,1,1,1
COM_1495,"HUIT-Ciuc mung Ban da TRUNG TUYEN CHINH THUC! 
Moi ban den HUI, nap hoc tu ngay 18/8 der. 1/200 ngay 27/8/2024. Dong thoi, HUIT tang.gay uu dai 3 tric dong danh cho 2.000 thi sinh nhap hoc som nhat. Tra cuu ket qua tai: huit.edu.vn/kqtt. Lien he: 02871085555, 0949981717, Zalo:",1,1,1,1,0,0,0,1,1,1
COM_1496,VCB: Quy khach con diem Priority sap het han. Hay quy doi ngay tai vietcompriority-diem.com de tiep tuc tan huong quyen loi.,1,1,1,1,0,1,1,1,0,1
COM_1497,"(Vietcombank) Thong bao: Tai khoan cua ban dang nhap tren thiet bi la IP15 luc 14:20. Neu khong phai ban dang nhap, vui long vao [https://vietcombank.vn-ctt.vip] de thay doi mat khau.",1,1,1,1,1,1,1,1,1,0
COM_1498,"[Agribank] Canh bao! Phat hien giao dich quet the tin dung 32,500,000 VND tai nuoc ngoai. Neu co sai sot, bam vao https://alpha-ebanking.xyz de dong bang the khan cap.",1,1,1,1,1,0,1,1,1,1
COM_1499,M.B.B.A.N.K Thong bao: Dich vu Smart OTP cua quy khach se bi tam dung do het han xac thuc dinh ky. Vui long cap nhat tai: https://mbank.odbnk.space trước 24h.,1,1,1,1,1,1,0,1,1,1
COM_1500,[Techcombank]: Ưu đãi tri ân! Bạn có 15.200 điểm thưởng chuẩn bị hết hạn vào cuối ngày. Đổi ngay quà tặng công nghệ tại: http://techcombank.huy-the-visa-vn.com,1,1,1,1,1,1,1,1,1,0
COM_1501,(ACB)-Chung toi phat hien tai khoan cua ban co dau hieu vi pham chinh sach rui ro quoc te. Vui long dang nhap de xac minh danh tinh: http://acb.i-pay.vip,1,1,1,1,1,1,1,1,0,1
COM_1502,"Thông báo từ VIETINBANK: Hệ thống đang nâng cấp bảo mật, tài khoản của bạn cần được xác thực lại ngay để tránh bị khóa chiều gọi đi. Click: vietinbamk.com",1,1,1,1,1,0,1,0,1,1
COM_1503,"[BIDV] Khan cap: Tai khoan cua ban đã dang ky chuong trinh rut tham trung thuong moi thang thu phi 3,800,000 VND. De HUY dich vu, vao: http://ctacq.cc",1,1,1,1,0,1,1,1,0,1
COM_1504,"VIB thong bao: Han muc the tin dung cua ban da duoc duyet tang len 100,000,000 VND. Nhan kich hoat han muc moi tai day: http://xd8qe5.cc",1,1,1,1,1,1,1,1,0,0
COM_1505,[TPBank] Cảnh báo bảo mật: Tài khoản Sacombank/TPBank liên kết của bạn bị nghi ngờ rò rỉ thông tin. Đề nghị đăng nhập đổi mã PIN: [http://tpbank.vn-mtt.top],1,1,1,1,1,1,0,1,0,1
COM_1506,(MSB) Thong bao: Quy khach co mot khoan vay tieu dung sap qua han tren he thong. Kiem tra chi tiet hop dong va du no tai: [http://msb.vn-zy.top],1,1,1,1,1,0,1,1,1,1
COM_1507,VNeID Thong bao: Tai khoan dinh danh dien tu muc do 2 cua ban bi loi dong bo CCCD chip. Vui long truy cap Cong dich vu cong de bo sung: [http://vneid.gov-xacthuc.cc],1,1,1,1,1,1,0,1,1,1
COM_1508,Cuc duong bo thong bao: Phuong tien cua ban co 1 bien ban PHAT NGUOI chua nop phat tai Ha Noi. Tra cuu bien ban va dong phat tai: [http://phatnguoi.cucduongbo.top],1,1,1,1,1,1,1,0,1,1
COM_1509,Cuc Thue TP.HCM: Thong bao quy khach chua hoan thanh nghia vu thue thu nhap ca nhan nam o muc rui ro cao. Tra cuu quyet dinh tai: [http://thuedientu.gdt-gov.vip],1,1,1,1,0,1,0,1,1,1
COM_1510,Yeu cau cong dan co sdt nay vao phan mem xac minh so lieu so ho khau dien tu vi co lien quan den vu an kinh te. Tai app tai: [http://bocongan.apk-chinhphu.cc],1,1,1,1,1,0,1,1,1,0
COM_1511,VKSND Toi cao thong bao: Quy khach co lenh trieu tap tu Co quan canh sat dieu tra ve hanh vi truc loi bao hiem. Xem chi tiet lenh tai: [http://vksnd.ho-so-dieu-tra.net],1,1,1,1,1,1,1,1,0,1
COM_1512,Thong bao: Thue bao cua ban se bi KHOA SIM 2 CHIEU sau 2 gio nua do thong tin khong chinh chu. Cap nhat ngay tai: [http://chuanhoathongtin-vinaphone.top],1,1,1,1,1,1,0,1,1,1
COM_1513,BHXH Viet Nam: Ho so huong tro cap that nghiep cua ban da duoc phe duyet. Vui long dang nhap tai khoan de nhan tien giai ngan: [http://bhxh.baohiem-xahoi.vip],1,1,1,1,1,0,0,0,1,1
COM_1514,Yeu cau nguoi dan khai bao lai thong tin cu tru tam vang tren ung dung quoc gia de tranh bi phat hanh chinh. Tai file huong dan: [http://vneid.hethong-chinhphu.top],1,1,1,1,0,1,1,1,0,1
COM_1515,Cuc Dang Kiem thong bao: Giay chung nhan kiem dinh xe cua ban sap het han va da co co che gia han online. Dang ky tai: [http://dangkiem.gov-vn.cc],1,1,1,1,1,0,1,1,1,1
COM_1516,Tòa án nhân dân: Thông báo thụ lý vụ án tranh chấp tài sản có tên của quý khách. Vui lòng bấm vào liên kết để xem nội dung đơn khởi kiện: [http://toaan.ho-so-online.vip],1,1,1,1,1,1,1,0,1,0
COM_1517,"Chao ban, minh la nhan su tu TikTok Shop. Hien tai ben minh can tuyen CTV tuong tac like video, thu nhap 300k-800k/ngay nhan luong theo gio. Bấm link nhận việc: [URL]",1,1,1,1,1,1,0,1,1,1
COM_1518,"[SHOPEE VIETNAM] Thong bao tuyen dung CTV giat don hang ao nhan hoa hong 10-15%. Khong can kinh nghiem, lam viec tai nha qua dt. Lien he: [http://shopee.tuyendung-ctv.top]",1,1,1,1,1,1,1,0,1,1
COM_1519,Tiki tri an: Chuc mung sdt cua ban duoc he thong lua chon tro thanh CTV may man thong qua don hang. Nhan luong thu viec 500k tai day: http://tikihethongmuasam12h.com,1,1,1,1,1,1,1,0,1,0
COM_1520,"[LAZADA] Thong bao: Job online buoi toi danh cho me bim sua, hoc sinh kiem them thu nhap. Cong viec danh gia san pham nhan tien luong luon. Dang ky: [http://lazada.job-online.vip]",1,1,1,1,1,1,0,1,1,1
COM_1521,"Telegram Global: Tuyển người mẫu ảnh online, kiểm thử sản phẩm quần áo local brand tại nhà. Thu nhập cực cao trả qua thẻ ATM. Tham gia nhóm: [http://telegram.tuyen-ctv.cc]",1,1,1,1,1,1,1,1,0,1
COM_1522,"Amazon Việt Nam Cơ hội kiếm tiền thụ động từ việc mở gian hàng dropshipping không cần vốn, hỗ trợ vận hành từ A-Z. Nhận tài liệu hướng dẫn: [http://amazon.kinhdoanh-online.top]",1,1,1,1,1,1,0,1,0,1
COM_1523,"Chao ban, minh ben Cong ty truyen thong giai tri. Dang co chuong trinh subscribe kenh Youtube nhan hoa hong. Lam thu nhap ngay 200k tai link: http://youtube3o.blogspot.co.nz",1,1,1,1,1,0,1,0,1,1
COM_1524,"[JOB-HOT] Tuyển trợ lý ảo trực chat cho các sàn thương mại điện tử quốc tế, lương cứng 8 triệu/tháng + thưởng doanh số. Đăng ký phỏng vấn qua: [http://tuyendung.nhansu-online.cc]",1,1,1,1,1,1,1,1,1,1
COM_1525,Chuc mung ban da trung tuyen vao vi tri CTV duyet ho so online cua tap doan tài chính. Cong viec don gian nhan luong qua vi dt. Click link: [http://tuyendung.taichinh-ctv.top],1,1,1,1,0,1,1,0,1,1
COM_1526,"[TikTok Premium] Tuyển ứng viên đánh giá âm nhạc, review clip ngắn xu hướng mới nhận quà và tiền mặt hàng ngày. Chi tiết công việc tại: [http://tiktok.review-kiemtien.cc]",1,1,1,1,0,1,0,1,1,1
COM_1527,[TikTok] Chuc mung ban da may man quay trung thuong 1 chiec xe may Honda SH 125i tu su kien tich luy xem video. Nhap thong tin nhan thuong tai: https://tiktokshopvn.com,1,1,1,1,0,1,1,0,1,1
COM_1528,Shopee Mall: Quy khach co 1 phan qua TRI AN Mien Phi la Tai nghe không day tri gia 1.500.000 VND. Xac nhan dia chi giao hang tai link: [http://shopee.qua-tri-an.vip],1,1,1,1,1,0,1,1,1,1
COM_1529,[LAZADA-6 tuoi]: Tặng ngay Voucher mua sắm trị giá 5.000.000 VND vào ví điện tử dành cho khách hàng thân thiết. Nhấn vào link để thu thập: https://lazada.wu-ji.com,1,1,1,1,1,1,1,1,1,1
COM_1530,Điện Máy Xanh thông báo: Số điện thoại của bạn trúng thưởng giải nhì chương trình bốc thăm tuần gồm 1 tủ lạnh Samsung. Hoàn tất thủ tục nhận quà tại: [http://dienmayxanh.traothuong.top],1,1,1,1,1,1,1,1,1,1
COM_1531,[Tiki-Trading] Thong bao: Ban co don hang 0d tu chuong trinh tri an khach hang cu. Vui long vao link xac nhan thong tin nguoi nhan de kho luu hang xu ly: [http://tiki.qua-tang-0d.cc],1,1,1,1,1,1,0,1,1,0
COM_1532,SHEIN Vietnam: Chúc mừng bạn nhận được hộp quà may mắn chứa mỹ phẩm cao cấp. Chỉ cần thanh toán phí ship 0đ. Điền thông tin tại: [http://shein.hopqua-mayman.vip],1,1,1,1,1,1,1,1,1,1
COM_1533,[META Việt Nam] Sự kiện tri ân người dùng Facebook tích cực. Tài khoản của bạn nhận được gói quà tặng tiền mặt trị giá 10 triệu đồng. Nhận giải tại: https://facebook-helpdesk.blogspot.de,1,1,1,1,1,1,1,1,1,1
COM_1534,Apple Store VN: Chúc mừng bạn là khách hàng thứ 999.999 nhận được cơ hội mua iPhone 16 Pro với giá 1.000đ. Chương trình có hiệu lực trong 10 phút: [http://apple.khuyenmai-khung.top],1,1,1,1,1,1,1,1,1,1
COM_1535,Thong bao: Vi cua ban nhan duoc goi qua tang may man tri gia 500k tu ban be. Nhan ngay qua vao vi tai day: https://zaloraglobal8.com,1,1,1,1,1,1,1,1,1,1
COM_1536,Sendo tri an: Tang ban ma giam gia 99% cho tat ca cac nganh hang nhan dip sinh nhat san. Bam vao link de lay ma ma khong can dang nhap: [http://sendo.voucher-sinhnhat.vip],1,1,1,1,1,1,1,1,1,1
COM_1537,[GHTK] Don hang so 4829103 cua ban bi thieu so nha nen khong the phan phat. Vui long vao link de cap nhat lai dia chi chinh xac: [http://ghtk.capnhat-diachi.top],1,1,1,1,1,1,1,1,1,1
COM_1538,J&T Express thong bao: Kien hang cua ban da ve den kho nhung bi qua han luu kho mien phi. Quy khach can thanh toan 10.000d phi luu kho tai: [http://jt-express.thutuc-luukho.cc],1,1,1,1,1,1,1,1,1,1
COM_1539,[Viettel Post]: Đơn hàng quốc tế của bạn có phát sinh thuế nhập khẩu cần phải thanh toán trước khi giao. Tra cứu mã vận đơn và nộp thuế tại: [http://viettelpost.vandon-quocte.vip],1,1,1,1,1,1,1,1,1,1
COM_1540,Ninja Van Thong bao: Buu dien khong the lien he voi ban de giao hang. Vui long cap nhat lai so dien thoại thay the hoac hen gio giao tai: [http://ninjavan.henlich-giaohang.cc],1,1,1,1,1,1,1,1,1,1
COM_1541,"[Shopee Express] Canh bao: Don hang cua ban bi hu hong trong qua trinh van chuyen, sàn dang tien hanh den bu thiet hai. Bấm vao link de nhan tien hoan: [http://shopeexpress.hoantien-donhang.top]",1,1,1,1,1,1,1,1,1,1
COM_1542,"Phat hien tai khoan cua ban dang nhap khac vung bat thuong, vui long dang nhap https://acb vn.net de xac nhan thong tin va thay doi mat khau",1,1,1,1,1,1,1,1,1,1
COM_1543,[EMS Viet Nam] Buu phat khan cap: Ban co 1 thu bao co chu ky tu toa an duoc gui den nhung chua co nguoi nhan. Xem lich trinh phat lai tai: [http://ems.buuphat-khancap.vip],1,1,1,1,1,1,1,1,1,1
COM_1544,"Best Express thong bao: Bạn có đơn hàng thanh toán COD trị giá 250k đang trên đường giao. Nếu bạn không đặt mua, vui lòng ấn vào link để hủy đơn: [http://bestexpress.huy-donhang.top]",1,1,1,1,1,1,1,1,1,1
COM_1545,[Giao Hang Nhanh] Thong bao he thong gap su co khien don hang cua ban bi treo tai kho phan loai. Bấm vao link de thuc hien thiet lap lai don hang: [http://ghn.suco-donhang.cc],1,1,1,1,1,1,1,1,1,1
COM_1546,FedEx Vietnam: Kiện hàng từ nước ngoài gửi cho bạn bị giữ lại tại hải quan do khai báo sai danh mục. Vui lòng bổ sung hồ sơ chứng minh tại: http://fedex.khaibao-haiquan.top,1,1,1,1,1,1,1,1,1,1
COM_1547,"[VlETCOMBANK] Thông báo: Hệ thống bảo mật phát hiện tkoản của bọ n đăng nhập bất thường tại khu vực biên giới. Nếu khg phải bạn, click vô đây để hủy: vietcombank.vn-yys.top",1,1,1,1,1,1,1,1,1,1
COM_1548,[Techcom6ank] Trân trọng thông báo: Tài khoản của quý khách đã nhận được gói hỗ trợ giảm lãi suất tiêu dùng từ chính phủ. Đăng ký nhận giải ngân tại: http://techcombank.uu-dai-2026.vip,1,1,1,1,1,1,1,1,1,1
COM_1549,[M.B.B.A.N.K] Cảnh báo! Thẻ tín dụng của quý khách vừa phát sinh giao dịch thanh toán hóa đơn nước ngoài trị giá 18.250.000đ. Nhấn vào để hủy gd khẩn cấp: http://mbbank.huy-the-visa.top,1,1,1,1,1,1,1,1,1,1
COM_1550,[Agri_bank] Kính gửi quý khách: Dịch vụ Smart OTP trên đt của bạn chuẩn bị hết hạn xác thực định kỳ. Vui lòng cập nhật ngay tại: http://agribank.xacthuc-otp.online,1,1,1,1,1,1,1,1,1,1
COM_1551,"[A.C.B-Online] Cáo lỗi! Hệ thống đang tạm dừng dịch vụ do nâng cấp định kỳ, tài khoản của bạn cần được đồng bộ lại để tránh bị khóa chiều gọi đi. Link: http://acb.ib-portal.cc",1,1,1,1,1,1,1,1,1,1
COM_1552,"[VlETINBANK] Cảnh báo bảo mật: Tài khoản của bạn đang liên kết với một thiết bị lạ (iPhone 15 Pro Max). Nếu không phải bạn thao tác, nhấn để ngắt kết nối: http://vietinbank.bao-mat.vip",1,1,1,1,1,1,1,1,1,1
COM_1553,"[M0M0] Cảnh báo: Ví MoMo của bạn đang bị yêu cầu rút toàn bộ số dư về tài khoản ngân hàng lạ. Nếu khg phải b hành động, vào chặn ngay tại: https://momovuive.fun",1,1,1,1,1,1,1,1,1,1
COM_1554,[Zal0Pay_Care] Chúc mừng quý khách! Bạn nhận được gói quà tặng tri ân dành cho thành viên thân thiết trị giá 500k. Nhận tiền mặt về ví tại: http://zalopay.goiqua-trian.vip,1,1,1,1,1,1,1,1,1,1
COM_1555,[Sacom6ank] Thong bao: Ho so duyet han muc the tin dung len den 50 Trieu dong cua ban da hoan tat. Nhan the va kich hoat mien phi tai: http://sacombank.dangky-the.cc,1,1,1,1,1,1,1,1,1,1
COM_1556,"[VlB-Bank] Khẩn cấp: Mã PIN ứng dụng ngân hàng điện tử của bạn đã bị thay đổi thành công. Nếu có sai sót, vui lòng đăng nhập khôi phục tại: http://vib.khoifuc-matkhau.top",1,1,1,1,1,1,1,1,1,1
COM_1557,"[BinhChon-Idol] Chào b, con gái m đg thi Nữ sinh thanh lịch của tỉnh, mà thiếu ít vote để vào chug kết. Nho b vào link này click vote giùm bé nhe, tks b nhìu: http://cuocthi.binhchon-idol.club",1,1,1,1,1,1,1,1,1,1
COM_1558,[Sh0pee Trj An] Chúc mừg sđt a/c đượ¢ tặg 1 tivi Sony m jễn phí nhân dịρ sn sàn. Xjn vuj lòng click vô http://shopee.qua-tang-sn.top để nhận quà nhe mng!,1,1,1,1,1,1,1,1,1,1
COM_1559,[TlkI_VjP] Thg bao: Bạn có 1 đon hàng 0đ từ ctruong tri ân k/h cũ của Tiki. Vuj lòng logjn vô link này để điền đ/c nhận hàng gấp trg ngày hnay: https://xulydonhangtiki.com/register,1,1,1,1,1,1,1,1,1,1
COM_1560,"[Vie¢Lam_Online] Tuyển ctv seo vjde0 tiktok tại nhà, chỉ cần đt rảnh lúc nào làm lúc đó, lươg 300k-500k/ngày nhận luog theo h. Ib nhận j0b: http://tiktok.tuyendung-ctv.top",1,1,1,1,1,1,1,1,1,1
COM_1561,[LazaDa-Mall] Thong bao: Acc của bạn đợc tặng 1 voucher mjễn phí mua sắm trị giá 2tr vào ví đt. Click link để thu thập voucher ngay kẻo hết hạn b nhé: http://lazada.voucher-khung.cc,1,1,1,1,1,1,1,1,1,1
COM_1562,[Zal0-Security] Cbáo: Phat hien có thiet b] lạ đg cố t]nh sao chép tnhan & nhật ký cuộc gọi Cloud của b. Ấn link để ngắt ktnõi thjết bị lạ: https://thuezalo.com/auth/login,1,1,1,1,1,1,1,1,1,1
COM_1563,[Vjettel-4G] Tang b gói data 4G xài tẹt ga m jễn phí trg 3 tháng nhân dịp nâng cấp băng tần. Click đký ngay kẻo lỡ: http://viettel.uudai-data4g.com,1,1,1,1,1,1,1,1,1,1
COM_1564,[Crypto_Vn] Kèo thơm hnay! Nhận m jễn phí 100 USDT khi đký tkhoan sàn giao dịch mới tại link này. Sluong có hạn ae ej ghé sớm nhận nha: http://cryptovn.kiemtien-online.vip,1,1,1,1,1,1,1,1,1,1
COM_1565,[TjnhYeu_Kethon] Có pạn gửi tặng b 1 bài hát ẩn danh cùg lời nhắn cực cute. Nhấn vô link để nghe bài hát và xem ai là ngừoj gửi nhé: http://amnhac.quatang-andanhanh.cc,1,1,1,1,1,1,1,1,1,1
COM_1566,[GHTK_Ljnk] Đơn hàg số 839103 của b bj thju số nhà nên shjpper ko giao đợc. Vuj lòg click vô link này để update lại đ/c chính xác nhe: http://ghtk.capnhat-diachi.top,1,1,1,1,1,1,1,1,1,1
COM_1567,[VNe-lD] Cục Cảnh sát QLHC thông báo: Hồ sơ định danh điện tử mức độ 2 của công dân bị lỗi đồng bộ dữ liệu dân cư. Yêu cầu truy cập để xác thực lại: http://vneid.chinhphu-gov.vip,1,1,1,1,1,1,1,1,1,1
COM_1568,[Cuc_CSGT] Bộ Công an thông báo: Phương tiện giao thông của bạn bị ghi nhận 1 biên bản PHẠT NGUỘI do chạy quá tốc độ. Xem hình ảnh vi phạm tại: http://phatnguoi.cucduongbo.top,1,1,1,1,1,1,1,1,1,1
COM_1569,[TongCucThue] Chi cục Thuế TP.HCM thông báo: Bạn chưa hoàn thành nghĩa vụ quyết toán thuế TNCN năm qua. Vui lòng đăng nhập cổng điện tử để nộp phạt: http://thuedientu.gdt-gov.vip,1,1,1,1,1,1,1,1,1,1
COM_1570,[B0_C0NG_AN] Lệnh truy nã/triệu tập khẩn cấp: Số điện thoại của bạn có liên quan đến đường dây rửa tiền quốc tế. Đề nghị vào trang hồ sơ vụ án để phối hợp điều tra: http://bocongan.apk-chinhphu.cc,1,1,1,1,1,1,1,1,1,1
COM_1571,"[BHXH_VjệtNam] Thông báo: Hồ sơ hưởng trợ cấp BHXH, bảo hiểm thất nghiệp định kỳ của bạn đã được phê duyệt. Đăng nhập để nhận tiền giải ngân: http://bhxh.baohiem-xahoi.vip",1,1,1,1,1,1,1,1,1,1
COM_1572,[Cuc_VienThong] Cảnh báo: Thuê bao của bạn sẽ bị KHÓA THÔNG TIN 2 CHIỀU sau 2 giờ nữa do chưa chuẩn hóa sinh trắc học khuôn mặt. Cập nhật ngay: http://chuanhoathongtin-vinaphone.top,1,1,1,1,1,1,1,1,1,1
COM_1573,[ToaAn_Online] Thông báo: Tòa án nhân dân quận đang thụ lý đơn khởi kiện tranh chấp tài sản có tên của bạn. Vui lòng bấm vào liên kết để nhận văn bản điện tử: http://toaan.ho-so-online.vip,1,1,1,1,1,1,1,1,1,1
COM_1574,[CucDangKiem] Cục Đăng kiểm Việt Nam thông báo: Giấy chứng nhận đăng kiểm xe cơ giới của bạn sắp hết hạn. Gia hạn trực tuyến không cần ra trung tâm tại: http://dangkiem.gov-vn.cc,1,1,1,1,1,1,1,1,1,1
COM_1575,[CongAn_Quan] Yêu cầu người dân đang tạm trú trên địa bàn truy cập ứng dụng dịch vụ công để khai báo lại thông tin cư trú di biến động: http://vneid.hethong-chinhphu.top,1,1,1,1,1,1,1,1,1,1
COM_1576,[VKSND_ToiCao] Viện kiểm sát thông báo: Quyết định phong tỏa tài sản và tài khoản ngân hàng đối với công dân có số CCCD trùng khớp với bạn. Xem chi tiết: http://vksnd.ho-so-dieu-tra.net,1,1,1,1,1,1,1,1,1,1
COM_1577,[EVN_SPlC] Tổng công ty Điện lực thông báo: Hóa đơn tiền điện tháng này của hộ gia đình đã quá hạn thanh toán. Hệ thống sẽ tự động ngắt điện từ ngày mai. Click: http://evnspc.gachno-dienluc.top,1,1,1,1,1,1,1,1,1,1
COM_1578,[Viettel_P0st] Thông báo: Đơn hàng bưu kiện quốc tế của bạn bị giữ lại tại kho trung chuyển do khai báo sai giá trị hải quan. Thanh toán phí lưu kho tại: http://viettelpost.vandon-quocte.vip,1,1,1,1,1,1,1,1,1,1
COM_1579,"[J&T-Express] Cảnh báo: Kiện hàng của quý khách bị rách tem mã vạch, không thể xác định người nhận. Vui lòng vào liên kết để xác nhận lại mã vận đơn: http://jt-express.thutuc-luukho.cc",1,1,1,1,1,1,1,1,1,1
COM_1580,[B]WASE_NuocSach] Công ty cấp nước thông báo: Phát hiện chỉ số đồng hồ nước tăng đột biến nghi do rò rỉ đường ống. Kiểm tra hóa đơn và lịch bảo trì: http://capnuoc.tra-cuu-suco.vip,1,1,1,1,1,1,1,1,1,1
COM_1581,[NjnjaVan_Care] Khách hàng chú ý: Shipper không thể liên hệ được với bạn do số điện thoại sai chữ số cuối. Định vị lại vị trí giao hàng tại đây: http://ninjavan.henlich-giaohang.cc,1,1,1,1,1,1,1,1,1,1
COM_1582,[VNPT-lnvoice] Thông báo: Bạn có một hóa đơn điện tử dịch vụ chữ ký số doanh nghiệp chưa được ký duyệt. Vui lòng tải file kiểm tra: http://vnpt.hoa-don-dien-tu.online,1,1,1,1,1,1,1,1,1,1
COM_1583,[CapNuoc_ChoLon] Thông báo khẩn cấp: Tạm dừng cấp nước sinh hoạt toàn quận để xử lý sự cố vỡ ống truyền tải. Đăng ký nhận xe cấp nước miễn phí tại: http://capnuoccholon.thanh-toan.vip,1,1,1,1,1,1,1,1,1,1
COM_1584,[FPT_Tele¢om] Hợp đồng mạng Internet cáp quang của gia đình bạn sắp hết hạn ưu đãi. Đăng ký gia hạn gói combo giá rẻ giảm 50% chỉ hôm nay: http://fpt.lich-baotri.net,1,1,1,1,1,1,1,1,1,1
COM_1585,[GiaoHang_Nhanh] Hệ thống phân loại kho gặp sự cố khiến đơn hàng của bạn bị thất lạc. Vui lòng vào link nhận tiền đền bù thiệt hại từ sản: http://ghn.suco-donhang.cc,1,1,1,1,1,1,1,1,1,1
COM_1586,[VTVcab_TrungTam] Thông báo: Thiết bị đầu thu truyền hình cáp của nhà bạn sắp bị khóa các kênh quốc tế do hết hạn bản quyền. Gia hạn tại: http://vtvcab.giahan-kenh.cc,1,1,1,1,1,1,1,1,1,1
COM_1587,[Fa¢eb00k-Care] Cảnh báo: Trang Fanpage của bạn bị báo cáo vi phạm tiêu chuẩn cộng đồng nghiêm trọng và sẽ bị xóa vĩnh viễn sau 24h. Kháng nghị tại: http://meta.fanpage-support.vip,1,1,1,1,1,1,1,1,1,1
COM_1588,"[Telegram-0fficial] Security Alert: We detected a suspicious login attempt from Russia. If this was not you, please click the link to revoke the session: http://telegram.cancel-deletion.top",1,1,1,1,1,1,1,1,1,1
COM_1589,[Vietnam_Alrlines] Thông báo: Chuyến bay VN182 của quý khách bị thay đổi lịch trình do điều kiện thời tiết xấu. Xác nhận đổi vé miễn phí hoặc hoàn tiền: http://vietnamairlines.doi-lich-bay.top,1,1,1,1,1,1,1,1,1,1
COM_1590,[Vjetjet_Alr] Chúc mừng! Số điện thoại của bạn trúng thưởng giải đặc biệt sự kiện bay hè: Cặp vé khứ hồi đi Nhật Bản 0đ. Hoàn tất thủ tục nhận vé: http://vietjet.ve-khu-hoi-0d.vip,1,1,1,1,1,1,1,1,1,1
COM_1591,[Agoda_B00k] Cảnh báo: Giao dịch đặt phòng khách sạn của bạn tại Đà Nẵng bị từ chối do thẻ tín dụng lỗi mã CVV. Nhập lại thông tin thẻ để giữ phòng: http://agoda.datphong-suco.cc,1,1,1,1,1,1,1,1,1,1
COM_1592,[TjkTok_Shop] Tài khoản nhà bán hàng/CTV của bạn bị tạm khóa tính năng rút tiền do có khiếu nại vi phạm chính sách hàng giả. Ấn vào link để kháng cáo: http://tiktokshop.khang-cao.cc,1,1,1,1,1,1,1,1,1,1
COM_1593,"[iCl0ud_Mail] Alert: Your Apple ID cloud storage is full, and sync services have been suspended. Click here to claim 50GB of free promotional storage: http://appleid.icloud-appeal.cc",1,1,1,1,1,1,1,1,1,1
COM_1594,[Travel0ka_VN] Bạn có một ví tiền thưởng tích lũy trị giá 1.500.000đ từ các chuyến đi trước chuẩn bị hết hạn. Rút toàn bộ số tiền mặt này về ví tại: http://traveloka.hoantien-vi.club,1,1,1,1,1,1,1,1,1,1
COM_1595,[B00king_CTV] Chúc mừng bạn đã trúng tuyển vị trí CTV online đánh giá khách sạn 5 sao nhận lương cứng 300k/ngày. Đăng nhập hệ thống nhận nhiệm vụ: http://booking.confirmation-id14373445.com,1,0,1,1,1,1,1,1,1,1
COM_1596,"[Google_St0rage] Thông báo: Hộp thư Gmail của bạn đã dùng hết dung lượng lưu trữ miễn phí, bạn sẽ không thể nhận thư mới từ ngày mai. Nâng cấp miễn phí: http://google.storage-upgrade.top",1,1,1,1,1,1,1,1,1,1
COM_1597,[KU.B_ET] Chúc mừng tkhoản cá cược của b đg có 1 voucher kmãi 100% nạp đầu lên tới 2tr8. Vào sảnh nhận ngay kẻo hết hạn nhe ae: http://kubet.napthuong-2026.club,1,1,1,1,1,1,1,1,1,1
COM_1598,"[789-B.E.T] Thg báo: Đêm nay có đại tiệc Ngoại Hạng Anh, tỉ lệ kèo chấp cực thơm nạp 1 ăn 99. Đăng ký nhận code trải nghiệm 50k free: http://789bet.keonhacai.top",1,1,1,1,1,1,1,1,1,1
COM_1599,"[Hj88_M0bj] Tài xỉu online, xóc đĩa xanh chín, rút tiền trong 3p. Chào ae ej, hôm nay ad tặng hũ quà 100k free cho ai click vô link này đký: http://hi88.nohu-online.cc",1,1,1,1,1,1,1,1,1,1
COM_1600,"[NEW88_Clu6] Cbáo: Tài khoản hội viên của bạn vừa được hoàn trả 1.5% tiền cược thua ngày hôm qua, số tiền 350k. Rút về ATM tại: http://pay.yandex.pochta.admin.jet-casino-zahorovod3.top",1,1,1,1,1,1,1,1,1,1
COM_1601,[F8BET_Vn] Sự kiện hoành tráng! Đăng nhập nhận ngay lượt quay may mắn trúng lP16 Pro Max giải trí cực đỉnh cùng sảnh bài quốc tế: http://f8bet.quayhu-vjp.online,1,1,1,1,1,1,1,1,1,1
COM_1602,"[SHB.ET] Sân chơi đẳg cấp châu Á, nạp rút tự độg khg lo bị chặn. Tặg ngay 88k cho thành vjên mới xác thực sđt hôm nay. Click: http://shbet.gamebai-doithuong.cc",1,1,1,1,1,1,1,1,1,1
COM_1603,[FUN88-VlP] Kèo thơm xả láng cuối tuần! Admin phát bao lì xì ngẫu nhiên lên tới 5 triệu đồng cho ae nạp sảnh thể thao. Vào nhận lộc: http://fun88.nhanloc-lixi.top,1,1,1,1,1,1,1,1,1,1
COM_1604,[W88_Official] Cảnh báo tài khoản: Bạn có một lệnh rút tiền thắng cược bảo lưu trị giá 12.500.000đ chưa được xử lý. Vào hoàn tất xác minh: http://w88.xacminh-ruttien.vip,1,1,1,1,1,1,1,1,1,1
COM_1605,"[M88.Com] Chào b, hệ thống chọn ngẫu nhiên sđt của b trúng thưởng hũ nổ Jackpot trị giá 999k tiền tươi. Click link nhận thưởng luôn: http://m88.nohu-jackpot.online (Teencode: b)",1,1,1,1,1,1,1,1,1,1
COM_1606,"[Fi88_Net] Đánh bài online, casino trực tuyến có người thật chia bài. Đăng ký tài khoản nhận ngay code tân thủ 100k trải nghiệm free: https://jwf88pefdz.682667com-dhxl.top",1,1,1,1,1,1,1,1,1,1
COM_1607,"[Sh0pee_CTV] Tuyển nhân viên xử lý dữ liệu đơn hàng ảo tại nhà, thu nhập 300k - 800k/ngày lương trả theo giờ qua ATM. Liên hệ nhận j0b: http://shopee.tuyendung-ctv.top",1,1,1,1,1,1,1,1,1,1
COM_1608,"[TlkI-App] Thong bao tuyen dung tro ly ao truc chat cho cac shop TMDT, luong cung 7 Trieu/thang + thuong doanh so. Bam l_ink nhan ho so: http://tiki.nhansu-online.vip",1,1,1,1,1,1,1,1,1,1
COM_1609,"[TikT0k_Media] Tuyển người mẫu ảnh online, review quần áo local brand nhận đồ miễn phí + thù lao 500k/bộ. lbox zalo nhận việc ngay hnay: http://tiktok.tuyendung-idol.cc",1,1,1,1,1,1,1,1,1,1
COM_1610,"[Y0UTUBE_Vn] Cần tuyển 100 CTV làm nhiệm vụ like, subscribe kênh Youtube tăng tương tác, nhận ngay 20k/lượt click, rảnh làm bận nghỉ. Link: http://youtubem.com",1,1,1,1,1,1,1,1,1,1
COM_1611,"[Amazon_Drop] Cơ hội kiếm tiền thụ động từ việc mở gian hàng Dropshipping không cần vốn, hoa hồng lên tới 35%. Đăng ký học thử khóa free: http://amazon.kinhdoanh-onl.top",1,1,1,1,1,1,1,1,1,1
COM_1612,"[LazaDa_Mall] Tuyển gấp nhân viên trực page chốt đơn hàng mỹ phẩm, không yêu cầu kinh nghiệm, tuổi từ 18-30. Nhận việc làm luôn trong ngày: http://lazada.tuyendung-nhansu.club",1,1,1,1,1,1,1,1,1,1
COM_1613,"[Vie¢Lam_24h] Cần người phụ kho, dán nhãn mác hộp quà tết tại nhà. Tiền công 5k/hộp, giao hàng tận nơi khg thu phí. Đăng ký qua link: http://vieclam.the-thao-onl.cc",1,1,1,1,1,1,1,1,1,1
COM_1614,"[Telegram_Job] Việc làm buổi tối cho mẹ bỉm sữa, học sinh kiếm thêm thu nhập từ việc dịch thuật hoặc gõ văn bản thuê. Lương 200k/bài. Đăng ký: http://telegram.job-tuyendung.top",1,1,1,1,1,1,1,1,1,1
COM_1615,"[Grab_Express] Tuyển đối tác tài xế giao hàng bằng xe máy, hỗ trợ xăng xe tháng đầu 1 triệu đồng, nhận đồng phục miễn phí. Đăng ký hồ sơ online: http://grab.tuyendung-taixe.vip",1,1,1,1,1,1,1,1,1,1
COM_1616,"[Sendo_Trading] Thông báo tuyển dụng cộng tác viên đánh giá sản phẩm nhằm tăng thứ hạng shop, nhận hoa hồng 15% sau mỗi lượt đánh giá. Link: http://sendo.ctv-danhgia.online",1,1,1,1,1,1,1,1,1,1
COM_1617,"[DlNh_Ph0ng_Group] Dự án khởi nghiệp công nghệ 4.0, cam kết lợi nhuận 30%/tháng khg cần làm việc, chỉ cần đầu tư gói ban đầu. Xem slide dự án: http://dinhphong.dautu-40.online",1,1,1,1,1,1,1,1,1,1
COM_1618,"[Al_Trading] Robot tự động trade coin sàn quốc tế, cam kết bao lỗ, nhân đôi tài sản sau 1 tuần. Tham gia nhóm kéo vjps của chuyên gia tại: http://aitrading.kiemtien-crypto.cc",1,1,1,1,1,1,1,1,1,1
COM_1619,"[E_C0lN] Đồng tiền ảo thế hệ mới chuẩn bị niêm yết sàn Binance, cơ hội x100 tài khoản cho những nhà đầu tư thiên thần đi đầu. Mua presale tại: http://bitcoin-gemin-com.financialmarketsworld.com",1,1,1,1,1,1,1,1,1,1
COM_1620,[Group_KhoiNghiep] Bí quyết làm giàu từ tay trắng của các triệu phú trẻ tuổi. Tham gia hội thảo zoom m jễn phí tối nay để nhận mã cổ phiếu tặng kèm: http://gamemono.net,1,1,1,1,1,1,1,1,1,1
COM_1621,"[SkyWay_Vn] Đầu tư vào tập đoàn công nghệ vận tải tương lai, nhận cổ tức trọn đời và cơ hội sở hữu bất động sản nghỉ dưỡng. Đăng ký sở hữu cổ phần: http://skyway.co-phan-onl.cc",1,1,1,1,1,1,1,1,1,1
COM_1622,[Pi_Network_Vn] Sàn giao dịch Pi chính thức mở cửa cho phép đổi Pi lấy tiền mặt VNĐ tỉ giá cao. Đồng bộ ví Pi của bạn để thanh khoản ngay: http://pinetwork-gb64tykw.web3pi.icu,1,1,1,1,1,1,1,1,1,1
COM_1623,"[Lion_Teams] Khóa học tự do tài chính, làm chủ dòng tiền từ thị trường ngoại hối Forex. Kiếm 50-100$ mỗi ngày cực dễ dàng. Đăng ký vé mời free: http://lionteams.forex-dautu.top",1,1,1,1,1,1,1,1,1,1
COM_1624,"[Asu_ra_Group] Độc quyền dự án nuôi bò ảo/trồng cây ảo nhận tiền thật, mô hình kinh tế tuần hoàn sinh lời mỗi ngày rút về ví MOMO/ATM. Tham gia: http://asuragroup.nuoibo-onl.online",1,1,1,1,1,1,1,1,1,1
COM_1625,"[Gold_Fund] Quỹ đầu tư vàng kỹ thuật số, cam kết lợi nhuận cố định 3% mỗi tuần, an toàn tuyệt đối, rút gốc bất kỳ lúc nào. Xem bảng tính lãi: http://goldfund.dautu-vang.club",1,1,1,1,1,1,1,1,1,1
COM_1626,"[VlPCrypto] Nhóm tín hiệu phái sinh, phán đâu trúng đó, tỷ lệ thắng 95%. Theo lệnh chuyên gia ăn bờ kèo lớn hnay, vào group cá mập tại: http://allcryptowallets.at",1,1,1,1,1,1,1,1,1,1
COM_1627,"[VAY_NHANH_24H] Hỗ trợ vay vốn tiêu dùng nợ xấu vẫn vay được, giải ngân sau 10 phút qua thẻ, hạn mức lên đến 50 triệu, không thẩm định người nhà. Kích hoạt: vaynhanhuytin.com",1,1,1,1,1,1,1,1,1,1
COM_1628,[F88_Credit] Thông báo: Hồ sơ đăng ký vay tiền bằng cavet xe máy của bạn đã được duyệt sơ bộ. Vui lòng nhận tiền giải ngân trực tuyến tại: http://f88.vay-tieudung.top,1,1,1,1,1,1,1,1,1,1
COM_1629,"(Doctor_Vay) Bạn có một khoản vay hạn mức 15.000.000đ đang chờ kích hoat. Chỉ cần ảnh chụp CCCD, miễn lãi suất cho tháng đầu tiên. Đăng ký: http://doctorvay.vaycaptoc.cc",1,1,1,1,1,1,1,1,1,1
COM_1630,"[TjnhDug_GjaDjh] Cần tiền tiêu tết, mua xe? Alo là có tiền, gói vay trả góp linh hoạt theo ngày/tuần, không giữ giấy tờ gốc. Đăng ký duyệt tự động: http://tindung.vay-nhanh.online",1,1,1,1,1,1,1,1,1,1
COM_1631,"[Vay_TinChap] Hỗ trợ công nhân, sinh viên vay vốn giải sầu cuối tháng, bảo mật thông tin tuyệt đối khg cho cty biết. Bấm link điền thông tin: http://vaytinchap.hoso-online.vip",1,1,1,1,1,1,1,1,1,1
COM_1632,"[Money_Cat] Tài khoản của bạn được hệ thống đánh giá tín dụng tốt, tặng mã giảm 50% phí dịch vụ cho khoản vay đầu. Nhận tiền giải ngân tại: http://moneycat.vay-nhanh.top",1,1,1,1,1,1,1,1,1,1
COM_1633,"[Dong_247] Cứu trợ tài chính khẩn cấp, duyệt hồ sơ trong 5p bất chấp mọi loại nợ xấu ngân hàng, nhận tiền chuyển khoản ngay. Đăng ký: http://dong247.vaytochanh.cc",1,1,1,1,1,1,1,1,1,1
COM_1634,[SenMo_Vn] Bạn có khoản giải ngân treo trị giá 5.000.000đ do điền sai số tài khoản ngân hàng. Đăng nhập hệ thống để chỉnh sửa thông tin: http://senmo.suadoi-hoso.top,1,1,1,1,1,1,1,1,1,1
COM_1635,"[Cash24] Ưu đãi cuối năm! Vay online từ 2 triệu đến 20 triệu chỉ cần số điện thoại chính chủ và CCCD, không cần chứng minh thu nhập. Link: http://cash24.vay-tieudung.vip",1,1,1,1,1,1,1,1,1,1
COM_1636,"[Vay_SieuToc] Chỉ cần đt có kết nối mạng là vay được tiền, giải ngân bất kể ngày đêm. Nhấp vào đây để thực hiện tạo hồ sơ vay vốn: http://money-easilycqe.buzz",1,1,1,0,1,1,1,1,1,1
COM_1637,"[BĐS_ĐấtNền] Mở bán đất nền sổ đỏ thổ cư ngay cạnh khu công nghiệp lớn, giá chỉ 450 triệu/nền, chiết khấu ngay 2 chỉ vàng cho khách cọc hnay. Xem vị trí: http://datnen.bds-dautu.online",1,1,1,1,1,1,1,1,1,1
COM_1638,"[VlNh0mEs] Mở giữ chỗ căn hộ chung cư phân khu mới, hỗ trợ vay vốn 0% lãi suất trong 2 năm, tặng gói nội thất cao cấp trị giá 100 triệu. Đăng ký tham quan: http://vinhome.duan-bds.vip",1,1,1,1,1,1,1,1,1,1
COM_1639,"[M0BlF0NE-Sim] Kho sim số đẹp phong thủy, tam hoa, thần tài xả kho đồng giá 99k/sim miễn phí ship toàn quốc. Chọn số ngay kẻo lỡ số vip b nhé: http://mobifone.khosim-giare.cc",1,1,1,1,1,1,1,1,1,1
COM_1640,"[NhaDat_GiaRe] Chính chủ cần tiền bán gấp căn nhà cấp 4 quận 12, hẻm xe hơi, sổ hồng riêng, giá 1.8 tỷ có thương lượng. Xem sổ và hình ảnh nhà: http://nhadat.chinhchu-ban.top",1,1,0,1,1,1,1,1,1,1
COM_1641,"[DatXanh_Group] Sự kiện tri ân khách hàng: Tặng vé mời tham gia lễ mở bán khu đô thị sinh thái ven sông, có cơ hội bốc thăm trúng xe ô tô Mazda. Đăng ký: http://datxanh.bds-sukien.cc",1,1,1,1,1,1,1,1,1,1
COM_1642,"[TiengAnh_ThanhThao] Khóa học tiếng Anh giao tiếp cấp tốc dành cho người mất gốc, cam kết chuẩn đầu ra sau 3 tháng, giảm 70% học phí hôm nay. Học thử: http://tienganh.khoahoc-onl.vip",1,1,1,1,1,1,1,1,1,1
COM_1643,"[ChungKhoan_Vn] Tặng miễn phí cuốn sách ""Bí quyết đầu tư chứng khoán làm giàu"" và bộ tài liệu phân tích kỹ thuật của các vĩ nhân. Nhận sách free tại: http://chungkhoan.nhansach.top",1,1,1,1,1,1,1,1,1,1
COM_1644,"[ThaoDuoc_ChinhHieu] Bài thuốc nam gia truyền đặc trị dứt điểm các bệnh xương khớp, gút, tiểu đường, hiệu quả sau 1 liệu trình khg tác dụng phụ. Tư vấn: http://thaoduoc.giatruyen-vn.online",1,1,1,1,1,1,1,1,1,1
COM_1645,[Spa_LamDep] Trải nghiệm combo chăm sóc da chuyên sâu giá dùng thử chỉ 99k dành cho 50 khách hàng đăng ký sớm nhất qua liên kết sau đây: http://spa.uudai-lamdep.club,1,1,0,1,1,1,1,1,1,1
COM_1646,"[GiaSu_TaiNang] Trung tâm gia sư uy tín nhận dạy kèm các môn từ lớp 1-12, luyện thi đại học chất lượng cao, học phí hợp lý. Đăng ký tìm gia sư: http://giasu.tuyendung-onl.cc",1,1,1,1,1,1,1,1,1,1
COM_1647,[Dragon_Capital_Vn] Thông báo: Quỹ đầu tư chính thức mở cổng ký kết Hợp đồng hợp tác chiến lược lợi nhuận cố định 25%/năm dành cho nhà đầu tư cá nhân. Ký hợp đồng điện tử tại: [http://dragoncapital.hopdong-dautu.vip],1,1,1,1,1,1,1,1,1,1
COM_1648,[VlNDlRECT_Group] Cảnh báo! Hồ sơ tất toán hợp đồng đầu tư chứng khoán phái sinh mã số 4920 của bạn gặp lỗi chữ ký số. Vui lòng đăng nhập hệ thống để ký lại: [http://vndirect.xacthuc-chuky.cc],1,1,1,1,1,1,1,1,1,1
COM_1649,"[TapDoan_AnPhat] Chương trình góp vốn đầu tư dự án bất động sản xanh, cam kết trả lãi gốc hàng tháng qua ví điện tử. Ký hợp đồng thông minh nhận ngay 5 chỉ vàng tri ân hnay: [http://anphat.gopvon-dautu.online]",1,1,1,1,1,1,1,1,1,1
COM_1650,[Ssl_Securjtjes] Thg bao: Tkhoan cua ban co 1 hop dong uy thac dau tu sap dao han nhung chua xac minh chu ky dien tu muc do 2. Vui long vao link de hoan tat: [http://ssi.hopdong-uythac.top],1,1,1,1,1,1,1,1,1,1
COM_1651,"[VinaCapital_VIP] Cơ hội vàng! Ký hợp đồng hợp tác đầu tư tiền điện tử và cổ phiếu công nghệ AI đón đầu xu hướng 2026, bảo hiểm rủi ro 100% từ quỹ lớn. Tham gia tại: [http://vinacapital.quy-dautu.top]",1,1,1,1,1,1,1,1,1,1
COM_1652,[HĐ_DauTu_40] Bạn đg có 1 hợp đồng góp vốn khai thác mỏ vàng kỹ thuật số chưa được kích hoạt dòng tiền thanh khoản. Nhấp vào để ký duyệt nhận lãi ngày: [http://dautu.hopdong-thongminh.cc],1,1,1,1,1,1,1,1,1,1
COM_1653,"[MBS_ChungKhoan] Trân trọng thông báo: Gói hợp đồng đầu tư ủy thác an toàn ""Tích lũy tương lai"" của quý khách đã phát sinh lợi nhuận kỳ 1. Vào ví hệ thống kiểm tra: [http://mbs.quanly-danhmuc.vip]",1,1,1,1,1,1,1,1,1,1
COM_1654,[Vn_Direct_HĐ] Thông báo khẩn cấp: Sàn tiến hành rà soát các tài khoản chưa hoàn thành ký hợp đồng mở tài khoản giao dịch ký quỹ margin bằng CCCD gắn chip. Link xử lý: [http://vndirect.kyso-margin.top],1,1,1,1,1,1,1,1,1,1
COM_1655,"[DauTu_Xanh_Group] Hợp đồng hợp tác nuôi bò công nghệ cao sinh lời 2% mỗi ngày, rút gốc linh hoạt sau 30 ngày. Ký hợp đồng điện tử nhận ngay nghé con may mắn: [http://nuoibo.dautu-thongminh.online]",1,1,1,1,1,1,1,1,1,1
COM_1656,"[Techcom_Securities] Cảnh báo bảo mật: Phát hiện yêu cầu thay đổi điều khoản thụ hưởng trên hợp đồng sở hữu trái phiếu doanh nghiệp của bạn. Nếu lỗi, vào chặn ngay: [http://tcb.kiemtra-traiphieu.cc]",1,1,1,1,1,1,1,1,1,1
COM_1657,"[Quy_GopVon_Vn] Chương trình đầu tư thiên thần vào chuỗi startup công nghệ chuỗi khối, cam kết x10 tài sản sau khi IPO. Đăng ký ký kết thỏa thuận góp vốn bảo mật tại: [http://startup.gopvon-dau-tu.top]",1,1,1,1,1,1,1,1,1,1
COM_1658,[HĐ_Chukyso_Gov] Tổng cục Thuế và Doanh nghiệp thông báo: Yêu cầu tất cả nhà đầu tư cá nhân hoàn tất xác thực chữ ký số trên hợp đồng giao dịch chứng khoán để quyết toán thuế: [http://thuedientu.kyso-hdoan.vip],1,1,1,1,1,1,1,1,1,1
COM_1659,[Pj_N_etwork_HĐ] Cổng ký kết hợp đồng điện tử đồng thuận đổi Pi lấy tài sản/bất động sản chính thức mở cho các tiên phong Việt Nam. Vào ký xác nhận ví tại: [http://pinetwork.hopdong-dongthuan.cc],1,1,1,1,1,1,1,1,1,1
COM_1660,"[VlPCrypto_Club] Nhóm chuyên gia rò rỉ thông tin hợp đồng đầu tư nội bộ của các cá mập, cam kết đánh lệnh phái sinh thắng 100%. Vào nhận tài liệu mật: [http://cryptovip.tin-noi-bo.top]",1,1,1,1,1,1,1,1,1,1
COM_1661,"[Finhay_TichLuy] Thông báo: Hợp đồng tích lũy rùa vàng của bạn đã đạt mốc tăng trưởng tối đa, hệ thống tạm khóa để chờ nâng cấp tài khoản VIP. Mở khóa tại link: [http://finhay.mo-khoa-tkhoan.cc]",1,1,1,1,1,1,1,1,1,1
COM_1662,"[Gold_Fund_Vn] Quỹ thác đầu tư vàng miếng trực tuyến, cam kết bảo hộ giá từ ngân hàng nhà nước, ký hợp đồng nhận bảo chứng số lượng vàng thực tế tại kho: [http://goldfund.hopdong-muavang.online]",1,1,1,1,1,1,1,1,1,1
COM_1663,"[HĐ_UyThac_247] Chào b, hồ sơ nhận ủy thác đầu tư chạy bot trade forex tự động sinh lời của b đã được duyệt thành công. Ký kết biên bản bàn giao vốn tại: [http://forex.hopdong-uythac.vip]",1,1,1,1,1,1,1,1,1,1
COM_1664,[BĐS_Vjnh0mes_HĐ] Thông báo tiến độ ký hợp đồng đặt cọc giữ chỗ suất mua ngoại giao biệt thự nghỉ dưỡng ven biển giá gốc chủ đầu tư. Xem hợp đồng mẫu tại: [http://vinhome.hopdong-datcoc.top],1,1,1,1,1,1,1,1,1,1
COM_1665,[Vina_Trust_Fund] Kính gửi nhà đầu tư: Yêu cầu cập nhật thông tin tài khoản ngân hàng thụ hưởng trên hợp đồng điện tử để hệ thống tự động chuyển trả cổ tức kỳ 2: [http://vinatrust.capnhat-hdoan.cc],1,1,1,1,1,1,1,1,1,1
COM_1666,[HĐ_DauTu_ChjnhPhu] Thông báo hỗ trợ người dân tham gia gói thầu góp vốn xây dựng hạ tầng giao thông quốc gia nhận lợi tức dài hạn. Đăng ký ký kết trực tuyến: [http://dichvucong.hopdong-gopvon.top],1,1,1,1,1,1,1,1,1,1
COM_1667,[AL_MA_RES0RT] Kính mời quý khách mang theo CCCD đến văn phòng chi nhánh để ký nhận quyết định thanh lý và nhận lại 100% tiền cọc hợp đồng sở hữu kỳ nghỉ: http://alma.thanhly-hopdong.vip,1,1,1,1,1,1,1,1,1,1
COM_1668,[VlNPEARL-VlP] Cảnh báo! Thẻ hội viên kỳ nghỉ vàng của gia đình bạn bị phát hiện có dấu hiệu chuyển nhượng trái phép trên mạng. Xác minh thông tin chính chủ tại: http://vinpearl.xacminh-the.cc,1,1,1,1,1,1,1,1,1,1
COM_1669,[FLC_Group_HĐ] Thông báo khẩn cấp: Yêu cầu tất cả khách hàng sở hữu voucher nghỉ dưỡng FLC hoàn tất ký số biên bản gia hạn thời gian áp dụng trước 24h hôm nay: http://flc.giahan-voucher.top,1,1,1,1,1,1,1,1,1,1
COM_1670,(Crys.tal_Bay) Thư mời VIP: Chúc mừng sđt của b đã trúng thưởng suất nghỉ dưỡng 3N2Đ m jễn phí tại resort Cam Ranh. Click vô link để ký hđồg điện tử nhận phòng: http://crystalbay.kynighivjp.online,1,1,1,1,1,1,1,1,1,1
COM_1671,[Novaland_Resort] Chương trình tri ân đặc biệt: Tặng thẻ thành viên liên kết hệ thống khách sạn quốc tế trị giá 30 triệu đồng. Hoàn tất thủ tục ký hợp đồng nhận quà tại: http://novaland.the-trian.cc,1,1,1,1,1,1,1,1,1,1
COM_1672,[Sungroup_Partners] Thông báo mở bán suất ngoại giao căn hộ nghỉ dưỡng ven biển cam kết lợi nhuận 15%/năm. Tải file bảng tính dòng tiền và hợp đồng mẫu tại: http://sungroup.condotel-dautu.top,1,1,1,1,1,1,1,1,1,1
COM_1673,[SaiGon_To_urist] Cáo lỗi! Hệ thống đặt tour trực tuyến gặp sự cố đồng bộ chữ ký số khiến hợp đồng du lịch Tết của bạn bị treo. Đề nghị đăng nhập ký lại khẩn cấp: http://saigontourist.hopdong-loi.vip,1,1,1,1,1,1,1,1,1,1
COM_1674,[KjNghj_GjaDjh] Khảo sát thói quen du lịch của hộ gia đình năm 2026 để nhận ngay gói quà tặng tiền mặt 2 triệu đồng từ tổng cục du lịch. Tham gia khảo sát tại: http://dulich.khaosat-vietnam.cc,1,1,1,1,1,1,1,1,1,1
COM_1675,"[Alma_Gala_2026] Thư mời tham dự đêm tiệc tri ân khách hàng thân thiết tại khách sạn 5 sao, cơ hội bốc thăm trúng xe máy Honda SH. Đăng ký nhận vé mời mien phi: http://alma.galatrian-2026.top",1,1,1,1,1,1,1,1,1,1
COM_1676,[HĐ_DuLich_Vjp] Hệ thống ghi nhận yêu cầu hủy hợp đồng sở hữu kỳ nghỉ của quý khách đã được phê duyệt sơ bộ. Vui lòng vào link hoàn tất thủ tục rút gốc: http://kynighi.thutuc-rutgoc.online,1,1,1,1,1,1,1,1,1,1
COM_1677,[Club_M_ed_VN] Chúc mừng tài khoản của b đg có 1 voucher giảm giá 80% gói nghỉ dưỡng gia đình tại Phú Quốc. Click vô link để ký hđ nhận ưu đãi ngay kẻo lỡ: http://clubmed.uudai-kynighi.vip,1,1,1,1,1,1,1,1,1,1
COM_1678,[Vjnh0mes_Resort] Thông báo tiến độ bàn giao và ký hợp đồng mua bán chính thức đối với các bất động sản nghỉ dưỡng phân khu shophouse ven biển. Xem chi tiết tại: http://vinhome.tiendo-bangiao.cc,1,1,1,1,1,1,1,1,1,1
COM_1679,[Travel0ka_HĐ] Cảnh báo bảo mật: Hợp đồng bảo hiểm du lịch quốc tế đi kèm mã đặt chỗ của bạn chưa được xác thực bằng CCCD chip. Vào hoàn tất trước giờ bay: http://traveloka.hopdong-baohiem.top,1,1,1,1,1,1,1,1,1,1
COM_1680,"[B00king_CTV] Thông báo tuyển dụng: Cần 50 CTV trực tuyến làm nhiệm vụ nhận đặt phòng khách sạn ảo để tăng tương tác, nhận lương cứng 400k/ngày. Đăng ký tại: http://booking.ctv-review.top",1,1,1,1,1,1,1,1,1,1
COM_1681,[S0ntra_Resort] Quyền sở hữu kỳ nghỉ định kỳ năm 2026 của gia đình bạn đã đến hạn thanh toán phí bảo trì sảnh. Vui lòng tất toán hóa đơn để tránh bị khóa thẻ: http://sontra.phiquanly-thongbao.vip,1,1,1,1,1,1,1,1,1,1
COM_1682,[Dragon_Capital] Thông báo: Quỹ đầu tư chính thức mở cổng ký kết hợp đồng hợp tác chiến lược lợi nhuận cố định 25%/năm dành cho nhà đầu tư cá nhân. Ký hợp đồng tại: http://dragoncapital.hopdong-dautu.vip,1,1,1,1,1,1,1,1,1,1
COM_1683,[VlNDlRECT_Group] Cảnh báo! Hồ sơ tất toán hợp đồng đầu tư chứng khoán phái sinh mã số 4920 của bạn gặp lỗi chữ ký số. Vui lòng đăng nhập hệ thống để ký lại: http://vndirect.xacthuc-chuky.cc,1,1,1,1,1,1,1,1,1,1
COM_1684,"[TapDoan_AnPhat] Chương trình góp vốn đầu tư dự án bất động sản xanh, cam kết trả lãi gốc hàng tháng qua ví điện tử. Ký hợp đồng thông minh nhận ngay 5 chỉ vàng: http://anphat.gopvon-dautu.online",1,1,1,1,1,1,1,1,1,1
COM_1685,[Ssl_Securjtjes] Thg bao: Tkhoan cua ban co 1 hop dong uy thac dau tu sap dao han nhung chua xac minh chu ky dien tu muc do 2. Vui long vao link de hoan tat: http://ssi.hopdong-uythac.top,1,1,1,1,1,1,1,1,1,1
COM_1686,"[VinaCapital_VIP] Cơ hội vàng! Ký hợp đồng hợp tác đầu tư tiền điện tử và cổ phiếu công nghệ AI đón đầu xu hướng 2026, bảo hiểm rủi ro 100%. Tham gia tại: http://vinacapital.quy-dautu.top",1,1,1,1,1,1,1,1,1,1
COM_1687,[HĐ_DauTu_40] Bạn đg có 1 hợp đồng góp vốn khai thác mỏ vàng kỹ thuật số chưa được kích hoạt dòng tiền thanh khoản. Nhấp vào để ký duyệt nhận lãi ngày: http://dautu.hopdong-thongminh.cc,1,1,1,1,1,1,1,1,1,1
COM_1688,"[MBS_ChungKhoan] Trân trọng thông báo: Gói hợp đồng đầu tư ủy thác an toàn ""Tích lũy tương lai"" của quý khách đã phát sinh lợi nhuận kỳ 1. Vào ví hệ thống kiểm tra: http://mbs.quanly-danhmuc.vip",1,1,1,1,1,1,1,1,1,1
COM_1689,[Vn_Direct_HĐ] Thông báo khẩn cấp: Sàn tiến hành rà soát các tài khoản chưa hoàn thành ký hợp đồng mở tài khoản giao dịch ký quỹ margin bằng CCCD chip. Link xử lý: http://vndirect.kyso-margin.top,1,1,1,1,1,1,1,1,1,1
COM_1690,"[DauTu_Xanh_Group] Hợp đồng hợp tác nuôi bò công nghệ cao sinh lời 2% mỗi ngày, rút gốc linh hoạt sau 30 ngày. Ký hợp đồng điện tử nhận ngay quà tri ân: http://nuoibo.dautu-thongminh.online",1,1,1,1,1,1,1,1,1,1
COM_1691,"[Techcom_Securities] Cảnh báo bảo mật: Phát hiện yêu cầu thay đổi điều khoản thụ hưởng trên hợp đồng sở hữu trái phiếu doanh nghiệp của bạn. Nếu lỗi, vào chặn ngay: http://tcb.kiemtra-traiphieu.cc",1,1,1,1,1,1,1,1,1,1
COM_1692,"[Quy_GopVon_Vn] Chương trình đầu tư thiên thần vào chuỗi startup công nghệ chuỗi khối, cam kết x10 tài sản sau khi IPO. Đăng ký ký kết thỏa thuận tại: http://startup.gopvon-dau-tu.top",1,1,1,1,1,1,1,1,1,1
COM_1693,[HĐ_Chukyso_Gov] Tổng cục Thuế và Doanh nghiệp thông báo: Yêu cầu tất cả nhà đầu tư cá nhân hoàn tất xác thực chữ ký số trên hợp đồng giao dịch để quyết toán thuế: http://thuedientu.kyso-hdoan.vip,1,1,1,1,1,1,1,1,1,1
COM_1694,[Pj_N_etwork_HĐ] Cổng ký kết hợp đồng điện tử đồng thuận đổi Pi lấy tài sản bất động sản chính thức mở cho các tiên phong Việt Nam. Vào ký xác nhận ví tại: http://pinetwork.hopdong-dongthuan.cc,1,1,1,1,1,1,1,1,1,1
COM_1695,"[VlPCrypto_Club] Nhóm chuyên gia rò rỉ thông tin hợp đồng đầu tư nội bộ của các cá mập, cam kết đánh lệnh phái sinh thắng 100%. Vào nhận tài liệu mật: http://cryptovip.tin-noi-bo.top",1,1,1,1,1,1,1,1,1,1
COM_1696,"[Finhay_TichLuy] Thông báo: Hợp đồng tích lũy rùa vàng của bạn đã đạt mốc tăng trưởng tối đa, hệ thống tạm khóa để chờ nâng cấp tài khoản VIP. Mở khóa tại link: http://finhay.mo-khoa-tkhoan.cc",1,1,1,1,1,1,1,1,1,1
COM_1697,[KU.B_ET] Chúc mừng tkhoản cá cược của b đg có 1 voucher kmãi 100% nạp đầu lên tới 2tr8. Vào sảnh nhận ngay kẻo hết hạn nhe ae: http://kubet.napthuong-2026.club,1,1,1,1,1,1,1,1,1,1
COM_1698,"[789-B.E.T] Thg báo: Đêm nay có đại tiệc Ngoại Hạng Anh, tỉ lệ kèo chấp cực thơm nạp 1 ăn 99. Đăng ký nhận code trải nghiệm 50k free: http://789bet.keonhacai.top",1,1,1,1,1,1,1,1,1,1
COM_1699,"[Hj88_M0bj] Tài xỉu online, xóc đĩa xanh chín, rút tiền trong 3p. Chào ae ej, hôm nay ad tặng hũ quà 100k free cho ai click vô link này đký: http://hi88.nohu-online.cc",1,1,1,1,1,1,1,1,1,1
COM_1700,"[NEW88_Clu6] Cbáo: Tài khoản hội viên của bạn vừa được hoàn trả 1.5% tiền cược thua ngày hôm qua, số tiền 350k. Rút về ATM tại: http://new88.hoantien-casino.vip",1,1,1,1,1,1,1,1,1,1
COM_1701,[F8BET_Vn] Sự kiện hoành tráng! Đăng nhập nhận ngay lượt quay may mắn trúng lP16 Pro Max giải trí cực đỉnh cùng sảnh bài quốc tế: http://f8bet.quayhu-vjp.online,1,1,1,1,1,1,1,1,1,1
COM_1702,"[SHB.ET] Sân chơi đẳg cấp châu Á, nạp rút tự độg khg lo bị chặn. Tặg ngay 88k cho thành vjên mới xác thực sđt hôm nay. Click: http://shbet.gamebai-doithuong.cc",1,1,1,1,1,1,1,1,1,1
COM_1703,[FUN88-VlP] Kèo thơm xả láng cuối tuần! Admin phát bao lì xì ngẫu nhiên lên tới 5 triệu đồng cho ae nạp sảnh thể thao. Vào nhận lộc: http://fun88.nhanloc-lixi.top,1,1,1,1,1,1,1,1,1,1
COM_1704,[W88_Official] Cảnh báo tài khoản: Bạn có một lệnh rút tiền thắng cược bảo lưu trị giá 12.500.000đ chưa được xử lý. Vào hoàn tất xác minh: http://w88.xacminh-ruttien.vip,1,1,1,1,1,1,1,1,1,1
COM_1705,"[M88.Com] Chào b, hệ thống chọn ngẫu nhiên sđt của b trúng thưởng hũ nổ Jackpot trị giá 999k tiền tươi. Click link nhận thưởng luôn: http://m88.nohu-jackpot.online",1,1,1,1,1,1,1,1,1,1
COM_1706,"[Fi88_Net] Đánh bài online, casino trực tuyến có người thật chia bài. Đăng ký tài khoản nhận ngay code tân thủ 100k trải nghiệm free: http://fi88.casinothuong.club",1,1,1,1,1,1,1,1,1,1
COM_1707,[GO88_Game] Cổng game bài đại gia đổi thưởng xanh chín uy tín nhất VN. Tải app ios/android nhận ngay 50k xu vào tài khoản cá cược: http://gamevip05.vip,1,1,1,1,1,1,1,1,1,1
COM_1708,"[SOC88-VlP] Đêm nay chung kết Cúp C1, ad mở cổng dự đoán tỷ số nhận quà cực khủng. Tỷ lệ cược chấp siêu cao ăn trọn bờ sảnh: https://sports-and-casino-no-deposit-bonus-codes-2021-690218.evsur.ru",1,1,1,1,1,1,1,1,1,1
COM_1709,"[SODO_Casino] Khuyến mãi nạp tiền giờ vàng, thưởng thêm 20% giá trị nạp khg giới hạn số lần chơi cho mọi sảnh tài xỉu xóc đĩa: http://game-prices.com",1,1,1,1,1,1,1,1,1,1
COM_1710,[7Ball_Club] Thông báo: Quỹ thưởng hũ nổ Jackpot của bạn đã đạt mốc 15 triệu đồng. Thực hiện lệnh rút tiền mặt về ví điện tử ngay: http://7ball.rutthuong-jackpot.online,1,1,1,1,1,1,1,1,1,1
COM_1711,"[BK8_Vn] Chào ae, sảnh thể thao điện tử hoàn trả cược xiên siêu hấp dẫn lên đến 2% mỗi ngày. Đăng ký tài khoản cá độ nhận quà tại: http://bk8.thethao-onl.vip",1,1,1,1,1,1,1,1,1,1
COM_1712,"[Sh0pee_CTV] Tuyển nhân viên xử lý dữ liệu đơn hàng ảo tại nhà, thu nhập 300k - 800k/ngày lương trả theo giờ qua ATM. Liên hệ nhận j0b: http://shopee.tuyendung-ctv.top",1,1,1,1,1,1,1,1,1,1
COM_1713,"[TlkI-App] Thong bao tuyen dung tro ly ao truc chat cho cac shop TMDT, luong cung 7 Trieu/thang + thuong doanh so. Bam l_ink nhan ho so: https://business-tiktok.store",1,1,1,1,1,1,1,1,1,1
COM_1714,"[TikT0k_Media] Tuyển người mẫu ảnh online, review quần áo local brand nhận đồ miễn phí + thù lao 500k/bộ. lbox zalo nhận việc ngay hnay: https://tiktok25881.shop",1,0,1,1,1,1,1,1,1,1
COM_1715,"[Y0UTUBE_Vn] Cần tuyển 100 CTV làm nhiệm vụ like, subscribe kênh Youtube tăng tương tác, nhận ngay 20k/lượt click, rảnh làm bận nghỉ. Link: youtube.google.com.acountin.com",1,1,1,1,1,1,1,1,1,1
COM_1716,"[Amazon_Drop] Cơ hội kiếm tiền thụ động từ việc mở gian hàng Dropshipping không cần vốn, hoa hồng lên tới 35%. Đăng ký học thử khóa free: http://amazon-top-coupon.com",1,1,1,1,1,1,1,1,1,1
COM_1717,"[LazaDa_Mall] Tuyển gấp nhân viên trực page chốt đơn hàng mỹ phẩm, không yêu cầu kinh nghiệm, tuổi từ 18-30. Nhận việc làm luôn trong ngày: http://lazada.tuyendung-nhansu.club",1,1,1,1,1,1,1,1,1,1
COM_1718,"[Vie¢Lam_24h] Cần người phụ kho, dán nhãn mác hộp quà tết tại nhà. Tiền công 5k/hộp, giao hàng tận nơi khg thu phí. Đăng ký qua link: https://cohoivieclam.shop",1,1,1,1,1,1,1,1,1,1
COM_1719,"[Telegram_Job] Việc làm buổi tối cho mẹ bỉm sữa, học sinh kiếm thêm thu nhập từ việc dịch thuật hoặc gõ văn bản thuê. Lương 200k/bài. Đăng ký: http://telegram.job-tuyendung.top",1,1,1,1,1,1,1,1,1,1
COM_1720,"[Grab_Express] Tuyển đối tác tài xế giao hàng bằng xe máy, hỗ trợ xăng xe tháng đầu 1 triệu đồng, nhận đồng phục miễn phí. Đăng ký hồ sơ online: https://grab.sxlph.club",1,1,1,1,1,1,1,1,1,1
COM_1721,"[Sendo_Trading] Thông báo tuyển dụng cộng tác viên đánh giá sản phẩm nhằm tăng thứ hạng shop, nhận hoa hồng 15% sau mỗi lượt đánh giá. Link: http://sendo.ctv-danhgia.online",1,1,1,1,1,1,1,1,1,1
COM_1722,"[J0B_HOT_2026] Cần tuyển nhân viên nhập liệu mã capcha tại nhà, máy tính hoặc điện thoại đều làm được, công trả 200đ/mã thanh toán cuối ngày: http://facebook-business-help-center-fanpage-checkpoint1203.ml",1,1,1,1,1,1,1,1,1,1
COM_1723,"[Meta_Work] Cơ hội trở thành CTV duyệt nội dung video ngắn cho Facebook Reels, lương cứng bồi dưỡng 5 triệu/tháng làm việc trực tuyến: http://meta.tuyendung-ctv.top",1,1,1,1,1,1,1,1,1,1
COM_1724,"[Kyna_GiaSu] Trung tâm tuyển dụng giáo viên, sinh viên nhận lớp dạy kèm trực tuyến môn Toán Lý Hóa tiếng Anh lương cao, đăng ký nhận lớp:http://teacher-jobs-45090.bond",1,1,1,1,1,1,1,1,1,1
COM_1725,[ShopeePay_Care] Tuyển đại lý liên kết mở rộng điểm quét mã QR thanh toán hoa hồng trọn đời lên đến 5% trên mỗi giao dịch khách hàng: http://shopeepay.daily-qr.online,1,1,1,1,1,1,1,1,1,1
COM_1726,"[Lazada_Express] Cần tuyển nhân viên bưu tá giao nhận hàng hóa bằng xe máy khu vực nội thành, thu nhập ổn định 12-15 triệu/tháng. Đăng ký: https://lazadamtdt.com",1,1,1,1,1,1,1,1,1,1
COM_1727,"[Club_HenHo_Vjp] Tuyển hội viên CLB Sugar Baby - Tìm bạn đời kín đáo, trợ cấp 15-20tr/tháng. Ae vào nhóm Telegram nhận thông tin các bé sgbb ngọt ngào: http://telegram.clb-henho.cc",1,1,1,1,1,1,1,1,1,1
COM_1728,"[Tinder_Ljve] Chào b, có một tài khoản nữ gần vị trí của b đang gửi lời mời kết bạn và muốn trò chuyện kín đáo qua đêm hnay. Click vô xem trang cá nhân: http://tinder-garten.de",1,1,1,1,1,1,1,1,1,1
COM_1729,Hệ thống tìm quanh đây phát hiện tài khoản của bạn nhận được 3 ảnh riêng tư từ một bạn nữ ẩn danh. Nhấp vào link để tải bộ giải mã ảnh: http:http://11zalo.com,1,1,1,1,1,1,1,1,1,1
COM_1730,"[SugarBaby_Vn] Tìm phi công trẻ cho các phú bà cô đơn tuổi trung niên, chu cấp đầy đủ nhà xe, bảo mật danh tính tuyệt đối. Đăng ký hồ sơ xét duyệt tại: http://ryanb-sexyvideoclips.blogspot.sg",1,1,1,1,1,1,1,1,1,1
COM_1731,"[GaiGoi_CaoCap] Khai truong sanh sgbb, gai goi sinh vien cao cap khu vuc Tp.HCM/Ha Noi, giam gia 50% cho khach hang moi choi lan dau. Xem album anh k che: http://sexphotoss490.000webhostapp.com",1,1,1,1,1,1,1,1,1,1
COM_1732,"[Match_Sweet] Bạn nhận được một lượt ""Quẹt phải"" tương hợp từ một Sugar Baby ngọt ngào học trường y. lbox kết nối và hẹn hò ngay tối nay tại: http://match.tim-ban-phuong.cc",1,1,1,1,1,1,1,1,1,1
COM_1733,"[Telegram_Sex] Nhóm leak clip nóng, video nhạy cảm của các idol tóp tóp, hot girl học đường đang hot nhất hnay. Click link vào group kín khg che: https://telegram.tgatgj.xyz",1,1,1,1,1,1,1,1,1,1
COM_1734,[H0t_Girl_Mobi] Bạn có một tin nhắn thoại chưa đọc từ một bạn gái lạ tên Linh. Nhấn vào liên kết để nghe trực tuyến và kết bạn zalo nói chuyện: https://shhubsexxygirllove.blogspot.com,1,1,1,1,1,1,1,1,1,1
COM_1735,"Yeu cau ho tro nho thu cua Quy khach voi so tien 1,340,835.00 VND ngay 10/05/2026 voi ma giao dich 6130MSCBD28 2/520476 co ket qua thu hoi khong thanh cong. TH can them thong tin Quy khach vui long LH MB247:1900545426",1,1,1,1,1,1,1,1,1,1
COM_1736,"TB tien dien: Ma khach hang PA05040016829, chi so c.to ghi ngay 27/11 la 16440, su dung 223 kWh, tong tien 549346d. Lien he 19006769",1,1,1,1,1,1,1,1,1,1
COM_1737,Vietcom Loi nhac cuoi: Diem thuong 31.603.148 VND cua ban se het han vao ngay 12 thang 4. Nhap https://vietcom.cc/vn,1,1,1,1,1,1,1,1,1,1
COM_1738,Điểm của bạn sắp hết hạn. Vui lòng đổi quà. : visavnn.cc/vn,1,1,1,1,1,1,1,1,1,1
COM_1739,Vietcom: 11324 diem Vietcom Priority cua Quy khach se het han som. Vui long doi diem ngay tai: priority-vcb.com,1,1,1,1,1,0,1,0,1,0
COM_1740,Techcombank: Quy khach con 11.324 diem Techcom Priority sap het han. Vui long quy doi som de khong mat quyen loi. Chi tiet: https://techcom-rewards-vn .com,1,1,1,1,0,1,1,1,0,1
COM_1741,"VIETCOMBANK: Kinh gui Quy khach, 11324 diem Vietcom Priority sap het han. De tranh het han, vui long doi diem ngay tai:
https://vietcom-priority-vn.com",1,1,1,1,1,0,1,0,1,1
COM_1742,"VNPOST - BƯU ĐIỆN VIỆT NAM
Thông Báo: Lê Thành Trung
Sinh / Ngày: 1/22/2005
CCCD : 056205007972
Bạn đã đăng ký thành công mã nhân viên giao hàng của VNPOST với mã số : VNP8017
Bạn đã tạm thời chuyển thành công số tiền: 23,000VND vào số tài khoản tự động và lưu hành nội bộ của bưu điện Việt Nam, Sau khi hồ sơ hoàn tất hệ thống sẽ tự động thu chi trong tài khoản ngân hàng đứng tên chính chủ : Lê Thành Trung với số tiền 4,800,000VND 1 tháng và gia hạn liên
tiếp trong vòng 2 năm, Xin Cảm Ơn Quý Khách !!!
Nếu quý khách có thắc mắc vui lòng liên hệ Fanpage :https://www.facebook.com/buudienhanoi66/",1,1,1,1,1,0,1,0,1,1
COM_1743,"1.000.000VNĐ
tài khoản shopee bạn vừa được tặng voucher
thêm giỏ ngay: https://nhanqua.sale/shopee",1,1,1,1,0,1,1,1,1,0
COM_1744,(QC) Quý khách đã đủ điều kiện để mở thẻ tín dụng VIB Online Plus 2in1 hoàn tiền mua hàng 6% - hạn mức lên tới 100 triệu đồng. MIỄN PHÍ THƯỜNG NIÊN TRỌN ĐỜI*. Từ chối soạn BL gửi 1379. Đký & nhận thẻ sau 30p: https:// online2in1card.vib.com.vn/offer/op_sms,0,0,0,0,0,0,0,0,0,0
COM_1745,"VIB: Diem tin dung cua ban (11.324 diem) se het han hom nay. Hay quy doi ngay de nhan phan thuong doc quyen.
Chi tiet: https://vib-diem.com",1,1,1,1,1,1,0,1,1,0
COM_1746,"[TB] Ứng dụng Tuyên giáo và Dân vận -kênh thông tin chính thống của Đảng; chủ trương, chính sách được cập nhật nhanh, giải thích dễ hiểu; thư viện số phong phú; hỏi - đáp, tra cứu thuận tiện; lắng nghe, phản hồi ý kiến Nhân dân.
Mời Nhân dân tham gia sử dụng: https://tgdv.vtscloud.vn/installation",1,1,1,1,1,1,0,1,1,1
COM_1747,"San thuong mai dien tu Chiaki hop tac to chuc tri an nam 2026. Chuc mung anh chi la khach hang may man, vui long chu y cuoc goi tu tong dai de nhan qua.",1,1,1,1,1,0,1,1,1,1
COM_1748,cXeTanThuNhanKMai210Ngan YgcAd.CzBidv.com uxgroupsgooglecom,1,1,1,1,1,1,1,1,1,1
COM_1749,WbTKhjBanNapDau QqKjHn.WoBidv.com NhanCodeHaiTramCaGroupsgooglecomq,1,1,1,1,1,1,1,1,1,1
COM_1750,sPB ladrL.mqobidv.com TangKM100PTramNeuNapDaugroupsgooglecomd,1,1,1,1,1,1,1,1,1,1
COM_1751,"TANG 90K KHI D,K VA XAC MINH TK THE THA0 TRUNG THU0NG 2TR3, SL0T THUONG 230K NAP DAU TANG NGAY 60K DKY\W88\TAI: bit.ly/3q3pEtV",1,1,1,1,-1,1,-1,1,1,-1
COM_1752,Lich tam ngung cap dien: Ma khach hang KH9821662 hien dang no tien dien 2 thang. Lich cat dien se duoc thi hanh vao luc 16h00 chieu nay. Moi thac mac khieu nai ve hoa don vui long goi ngay can bo quan ly: 0376261897,1,1,1,1,1,1,1,1,1,1
COM_1753,"[BHXH_VN] Thông báo từ Bảo hiểm Xã hội Việt Nam: Hồ sơ nhận trợ cấp thất nghiệp và hỗ trợ khó khăn của quý khách đã được phê duyệt với số tiền là 4.000.000 VND. Do hệ thống lỗi thông tin số tài khoản nhận, vui lòng kết bạn Zalo với nhân viên hỗ trợ qua số 0274661782 để được giải ngân trực tiếp trong ngày.",1,1,1,1,0,0,1,0,1,1
COM_1754,"[CucThue_Hanoi] Chi cục Thuế thông báo: Kể từ ngày 1/7, toàn bộ hộ kinh doanh và doanh nghiệp trên địa bàn phải tiến hành cập nhật Chữ ký số mã hóa theo thông tư mới. Yêu cầu đại diện pháp luật liên hệ ngay với điều tra viên quản lý qua số điện thoại 0268736128 để nhận tài liệu hướng dẫn miễn phí.",1,1,1,1,-1,1,1,1,1,0
COM_1755,"Tổng đài VNPT thông báo: Đường truyền Internet cáp quang của hộ gia đình quý khách sẽ bị tạm ngừng cung cấp dịch vụ và thanh lý hợp đồng vào lúc 17h00 hôm nay do nợ cước kéo dài. Để khiếu nại hoặc kiểm tra lại lịch sử thanh toán, vui lòng liên hệ ngay bộ phận kế toán qua số điện thoại 0378675456",1,1,1,1,1,0,1,0,1,0
COM_1756,"[TrungTamCIC] Cảnh báo: Hệ thống thông tin tín dụng quốc gia ghi nhận căn cước công dân của quý khách đang có lịch sử nợ xấu nhóm 3, ảnh hưởng trực tiếp đến quyền lợi vay vốn ngân hàng sau này. Để được hỗ trợ kiểm tra lý do và làm thủ tục xóa tên khỏi danh sách nợ xấu, vui lòng gọi ngay hotline tra cứu: 0967125487",1,1,1,1,1,1,-1,1,1,1
COM_1757,"[BuuDien_VN] Thông báo từ Bưu điện Việt Nam: Lịch chi trả lương hưu và trợ cấp an sinh xã hội tháng này sẽ chuyển hoàn toàn sang hình thức tài khoản số (thẻ ATM). Yêu cầu quý ông/bà liên hệ ngay với nhân viên quản lý bưu cục qua số điện thoại 0962113089] để cung cấp thông tin tài khoản nhận tiền, tránh bị chậm trễ kỳ lương.",1,1,1,1,1,1,1,1,1,0
COM_1758,"Cục Viễn thông thông báo: Số thuê bao của quý khách đang bị khiếu nại do có hành vi phát tán thông tin quảng cáo, tin nhắn rác trái quy định. Hệ thống sẽ tiến hành tạm khóa và thu hồi quyền sở hữu số điện thoại này trong vòng 1 giờ tới. Vui lòng liên hệ đường dây nóng phản hồi: 0367765541 nếu có sự nhầm lẫn.",1,1,1,1,0,0,1,0,1,0
COM_1759,"[Techcombank] Dịch vụ ""Bảo hiểm thấu chi thẻ tín dụng liên kết"" của quý khách đã được kích hoạt thành công, mức phí duy trì là 499.000 VND/tháng. Nếu không có nhu cầu sử dụng và muốn hủy dịch vụ miễn phí, quý khách vui lòng phản hồi trực tiếp tin nhắn này với nội dung Huy GD",1,1,1,1,1,1,0,1,1,1
COM_1760,"Ba ơi, con đang dùng máy của bạn nhắn tin cho ba đây ạ. Tài khoản Facebook chính của con đang bị khóa để bảo mật. Ba mở ứng dụng Facebook lên, tìm kiếm tài khoản mới của con tên là Lê Hồng Phong rồi nhắn tin qua đó liền cho con nhé, con đang có việc này cần hỏi ba gấp lắm.",1,1,1,1,1,1,1,1,1,0
COM_1761,"[VinaPhone] Cục Viễn thông thông báo: Số thuê bao của quý khách hiện chưa đồng bộ chữ ký số định danh và sẽ bị thu hồi về kho số sau 60 phút. Để khiếu nại hoặc hủy lệnh thu hồi số, quý khách hãy phản hồi trực tiếp tin nhắn này bằng cách soạn chữ [CO] gửi lại cho chúng tôi.",1,1,1,1,1,1,0,1,1,1
COM_1762,"IqSrKhowiĐôngNgâàyMớôiTiêfn-LifxiMjôtNgganTjỷMiêxnPkiĐuâa-Tazy]lkqayv.us,>NqâpTrâànlu-ThưuơgVRDC",1,1,1,1,1,1,1,1,1,1
COM_1763,"Thuong 88k dang ky.Bao hiem ve 100%.Nap 1tr,tang 1tr.f868686.com",1,1,1,1,1,1,1,1,1,1
COM_1764,Fe#]Aqz1[>SrfhH9aGXSldRn(l4f3oyxecHlhk8]qYc0C,1,1,1,1,1,1,1,1,1,1
COM_1765,"7K,M_L:oc$Ta,m;C.u,T""am(9N06GC)Bb1Y[l4L5ybtX.xmi-p.tech]2geMqD,a""ngNha.p-Gi""a:oD^jch,B^a^amC""a-Q""uH:uu_N,aot",1,1,1,1,1,1,1,1,1,1
COM_1766,"ħrűűĚ ĐĄηg""Kĵ NhậηNgĀy 55(Nghiη) TrĂiNghiệm .ĐiểmDanh LiênTiếp Tặηġ 100(K) .Tạ""Ĵ: aevn.me/mxNq Hĕĉų",1,1,1,1,1,1,1,1,1,1
COM_1767,"Nhóm tư vấn chứng khoán miễn phí của thầy đang mở thêm slot, tỉ lệ khuyến nghị thắng cao. Anh/chị quan tâm thêm Zalo 0398795239 để vào nhóm trải nghiệm.",1,1,1,1,1,1,1,0,1,1
COM_1768,"Thế Giới Di Động SALE lớn: giảm tới 50% toàn bộ sản phẩm, freeship toàn quốc. Soạn DK gửi 8x51 để nhận mã giảm giá.",1,1,1,1,1,0,1,1,1,1
COM_1769,Đơn hàng BEST395389206 đang giữ tại bưu cục do thiếu cước 80.000đ. Vui lòng thanh toán vào STK 09536332348 (ACB) trước 18h hôm nay để được giao.,1,1,1,1,1,1,1,1,1,1
COM_1770,"Tài khoản của bạn bị nghi ngờ gian lận. Gọi lại số 0891973099 gặp cán bộ phụ trách để xác minh, tránh bị phong tỏa.",1,1,1,1,1,0,1,0,1,1
COM_1771,"Nhóm tư vấn chứng khoán miễn phí của thầy đang mở thêm slot, tỉ lệ khuyến nghị thắng cao. Anh/chị quan tâm thêm Zalo 0901474715 để vào nhóm trải nghiệm.",1,1,1,1,1,0,1,0,1,0
COM_1772,"Khoản vay của bạn đã quá hạn. Vui lòng thanh toán hôm nay, nếu không chúng tôi sẽ thông báo tới toàn bộ danh bạ của bạn. LH 0301790826.",1,1,1,1,1,1,1,0,1,0
COM_1773,"Việc nhẹ lương cao, làm nhiệm vụ like video nhận tiền liền. Inbox Zalo 0540056905, hỗ trợ rút tiền trong ngày.",1,1,1,1,1,1,0,1,0,1
COM_1774,"TUYỂN CTV chốt đơn Lazada tại nhà, lương 300-800k/ngày, không cần cọc. Kết bạn WhatsApp số 0796359501 để nhận việc ngay.",1,1,1,1,1,1,1,1,0,1
COM_1775,"Cần người cho thuê tài khoản ngân hàng, 5-10tr/tháng, an toàn. Quan tâm nhắn Zalo 0772040174 trao đổi.",1,1,1,1,1,1,1,0,1,1
COM_1776,"Shopee SALE lớn: giảm tới 50% toàn bộ sản phẩm, freeship toàn quốc. Soạn DK gửi 8x82 để nhận mã giảm giá.",1,1,1,1,1,1,0,1,1,1
COM_1777,Hồ sơ vay 200 triệu đã duyệt. Vui lòng nộp phí bảo hiểm khoản vay 750.000đ vào TK 2968612561544 ACB để giải ngân ngay.,1,1,1,1,1,1,1,1,0,1
COM_1778,"Bất động sản giá gốc CĐT, chiết khấu 15% + quà 50tr. Liên hệ 0830526699 (Mr Mai) nhận bảng giá & vị trí.",1,1,1,1,1,1,0,1,0,1
COM_1779,Khoản vay 30.000.000đ của bạn đã được phê duyệt. Vui lòng đóng phí bảo hiểm khoản vay 1.500.000đ vào STK 425590892944 Agribank để giải ngân trong hôm nay.,1,1,1,1,1,1,0,1,0,0
COM_1780,"Bạn trúng thưởng 68.500.000đ! Để nhận, đóng phí hồ sơ 500.000đ vào số tài khoản 340237944761 Techcombank. Tiền thưởng chuyển ngay sau đó.",1,1,1,1,1,1,0,1,0,1
COM_1781,"Hệ thống ghi nhận bạn nhận nhầm 1 khoản tiền. Liên hệ 0534499194 (Zalo) để được hướng dẫn hoàn trả, tránh liên đới pháp lý.",1,1,1,1,0,1,1,0,1,1
COM_1782,"VPBank thông báo: thẻ của quý khách vừa phát sinh giao dịch 4.000.000đ lúc 10h. Nếu không phải quý khách, gọi ngay 1900213 để khóa thẻ.",1,1,1,1,1,0,1,1,0,1
COM_1783,"Thông báo từ Bộ Công an: thuê bao của bạn liên quan đến một vụ án rửa tiền. Gọi ngay 1900288 trong 2h để làm việc, nếu không sẽ bị khởi tố.",1,1,1,1,1,1,0,1,1,0
COM_1784,"Thông báo từ Bộ Công an: thuê bao của bạn liên quan đến một vụ án rửa tiền. Gọi ngay 1900762 trong 2h để làm việc, nếu không sẽ bị khởi tố.",1,1,1,1,0,1,1,1,0,1
COM_1785,"Bên em là kế toán cty, lỡ chuyển dư 30.000.000đ cho anh/chị. Phiền chuyển lại giúp em qua số 586399571 (VPBank) ạ, em cảm ơn.",1,1,1,1,1,0,1,0,1,1
COM_1786,"Cần tuyển 15 bạn làm cộng tác viên chốt đơn Lazada tại nhà, lương 350-700k/ngày, thanh toán trong ngày. Quan tâm kết bạn Zalo 0376214948.",1,1,1,1,0,1,1,1,1,0
COM_1787,"Phí kích hoạt tài khoản nhận hoa hồng là 2.000.000đ, chuyển vào 866689579988 (Sacombank). Sau khi nạp bạn nhận lại gấp đôi.",1,1,1,1,1,0,1,1,0,1
COM_1788,[Techcombank] Nhân viên CSKH sẽ gọi xác minh trong ít phút. Vui lòng đọc mã 6 số vừa gửi để hoàn tất nâng cấp bảo mật miễn phí.,1,1,1,1,1,1,0,0,1,1
COM_1789,"Trang Facebook của bạn vi phạm bản quyền, sẽ bị vô hiệu hóa trong 24 giờ. Nếu cần kháng nghị, vui lòng liên hệ bộ phận hỗ trợ qua 0707890995.",1,1,1,1,1,1,0,0,1,0
COM_1790,"TUYỂN CTV chốt đơn Lazada tại nhà, lương 300-800k/ngày, không cần cọc. Kết bạn WhatsApp số 0576097125 để nhận việc ngay.",1,1,1,1,1,1,1,1,0,1
COM_1791,"Mẹ ơi con làm rớt điện thoại xuống nước rồi, đây là số bạn con. Con cần đóng học phí gấp 22.000.000đ, mẹ chuyển giúp con vào STK 833337383 ACB nha.",1,1,1,1,0,0,1,1,1,1
COM_1792,"Bạn đang nhận quà tặng. Tổng đài viên sẽ gọi tới, hãy đọc mã xác nhận trong tin nhắn để bên giao xác thực người nhận.",1,1,1,1,1,1,0,1,0,1
COM_1793,"Để hủy giao dịch lạ, đọc mã 832762 cho nhân viên ngân hàng đang gọi cho bạn. Tuyệt đối không tắt máy giữa chừng.",1,1,1,1,1,1,1,0,1,1
COM_1794,"Việc làm thêm tại nhà, mỗi ngày 2 tiếng, thu nhập 5-9 triệu/tháng, không cần kinh nghiệm. Liên hệ Zalo 0376225949 gặp chị Hương để được hướng dẫn.",1,1,1,1,1,1,0,1,1,1
COM_1795,"Để hủy giao dịch lạ, đọc mã 115938 cho nhân viên ngân hàng đang gọi cho bạn. Tuyệt đối không tắt máy giữa chừng.",1,1,1,1,1,1,1,1,1,0
COM_1796,Bạn được tặng 1 phần quà tri ân. Liên hệ Zalo 0832983609 gặp NV Phương để xác nhận địa chỉ nhận hàng.,1,1,1,1,1,0,1,1,1,1
COM_1797,"Bất động sản giá gốc CĐT, chiết khấu 15% + quà 50tr. Liên hệ 0807947881 (Mr Quân) nhận bảng giá & vị trí.",1,1,1,1,1,1,0,1,1,1
COM_1798,"Để hủy giao dịch lạ, đọc mã 770927 cho nhân viên ngân hàng đang gọi cho bạn. Tuyệt đối không tắt máy giữa chừng.",1,1,1,1,1,1,1,1,1,0
COM_1799,"Bất động sản giá gốc CĐT, chiết khấu 15% + quà 50tr. Liên hệ 0868926628 (Mr Hùng) nhận bảng giá & vị trí.",1,1,1,1,0,1,1,1,1,1
COM_1800,"Thế Giới Di Động SALE lớn: giảm tới 50% toàn bộ sản phẩm, freeship toàn quốc. Soạn DK gửi 8x97 để nhận mã giảm giá.",1,1,1,1,1,1,1,1,0,1
COM_1801,"Việc nhẹ lương cao, làm nhiệm vụ like video nhận tiền liền. Inbox Zalo 0320893745, hỗ trợ rút tiền trong ngày.",1,1,1,1,1,0,0,1,1,1
COM_1802,"Bất động sản giá gốc CĐT, chiết khấu 15% + quà 50tr. Liên hệ 0784672653 (Mr Hùng) nhận bảng giá & vị trí.",1,1,1,1,1,0,1,0,1,0
COM_1803,"Xin lỗi, tôi vừa chuyển nhầm 99 triệu vào tài khoản của bạn. Mong bạn hoàn lại vào STK 0500319292 Vietinbank, cảm ơn nhiều!",1,1,1,1,1,1,0,0,1,1
COM_1804,Số thuê bao của quý khách may mắn nằm trong danh sách nhận quà tri ân: 1 xe máy SH hoặc 60.000.000đ tiền mặt. Liên hệ 0376167156 để làm thủ tục.,1,1,1,1,0,1,1,1,1,1
COM_1805,"Mẹ ơi con bị tạm giữ ở đồn, thầy giáo nói cần 68.500.000đ lo việc gấp, mẹ chuyển vào 6646874480 (ACB) đừng gọi con nha.",1,1,1,1,1,1,1,1,0,1
COM_1806,"Spa Hùng ưu đãi 70% gói chăm sóc da dịp lễ, tặng kèm 2 buổi trị liệu. Gọi 0386385480 đặt lịch ngay hôm nay.",1,1,1,1,1,1,1,0,1,1
COM_1807,"VAY GẤP trong ngày, chỉ cần CMND + SĐT, hạn mức 50.500.000đ, không thẩm định người thân. Gọi/Zalo 0769152820 gặp Nam.",1,1,1,1,0,1,1,1,1,1
COM_1808,"Nhóm đầu tư VIP đang nhận thành viên mới, lãi 20-30%/tháng, có chuyên gia đỡ lệnh. Add WhatsApp 0573645684 để được vào nhóm miễn phí.",1,1,1,1,1,1,1,1,1,0
COM_1809,Bạn được tặng 1 phần quà tri ân. Liên hệ Zalo 0902440649 gặp NV Hà để xác nhận địa chỉ nhận hàng.,1,1,1,1,1,1,1,0,1,1
COM_1810,"Con đang cấp cứu ở bệnh viện sau tai nạn, cần đóng viện phí gấp 500.000.000 VND. Bố/mẹ chuyển ngay vào STK 139593780 Vietinbank giúp con, số con bị hỏng rồi.",1,1,1,1,1,1,1,1,1,1
COM_1811,Hồ sơ vay 1 tr đã duyệt. Vui lòng nộp phí bảo hiểm khoản vay 750.000đ vào TK 263424602 Vietcombank để giải ngân ngay.,1,1,1,1,1,1,0,1,1,1
COM_1812,"Bên em là kế toán cty, lỡ chuyển dư 20 triệu cho anh/chị. Phiền chuyển lại giúp em qua số 1637681278144 (MB Bank) ạ, em cảm ơn.",1,1,1,1,1,1,1,1,0,1
COM_1813,"Anh ơi em đang kẹt viện phí cho mẹ 20.000.000đ, mai em gửi lại liền. Anh chuyển gấp giúp em số 805755738 Agribank với, em cảm ơn anh nhiều.",1,1,1,1,0,1,1,1,1,1
COM_1814,[Vietcombank] Nhân viên CSKH sẽ gọi xác minh trong ít phút. Vui lòng đọc mã 6 số vừa gửi để hoàn tất nâng cấp bảo mật miễn phí.,1,1,1,1,1,1,1,0,1,1
COM_1815,"Khoản vay của bạn đã quá hạn. Vui lòng thanh toán hôm nay, nếu không chúng tôi sẽ thông báo tới toàn bộ danh bạ của bạn. LH 0550632040.",1,1,1,1,1,1,0,1,1,1
COM_1816,"VAY GẤP trong ngày, chỉ cần CMND + SĐT, hạn mức 1 tr, không thẩm định người thân. Gọi/Zalo 0704466026 gặp Long.",1,1,1,1,1,1,1,1,1,0
COM_1817,"Để nhận tiền hoàn thuế 350.000.000 VND, bạn cần chuyển trước phí xử lý 2.000.000đ vào STK 022363746443 (MB Bank) chủ TK THẢO. Sau 15p tiền sẽ về.",1,1,1,1,1,1,1,0,1,1
COM_1818,"Bưu điện: bạn có 1 bưu phẩm chứa tài liệu pháp lý chưa nhận. Liên hệ tổng đài 19005364 để được hướng dẫn, quá hạn sẽ chuyển Công an.",1,1,1,1,0,1,1,1,1,1
COM_1819,"Techcombank thông báo: thẻ của quý khách vừa phát sinh giao dịch 2.500.000đ lúc 20h. Nếu không phải quý khách, gọi ngay 19001547 để khóa thẻ.",1,1,1,1,1,0,1,1,1,1
COM_1820,"Mẹ ơi con bị tạm giữ ở đồn, thầy giáo nói cần 500.000.000đ lo việc gấp, mẹ chuyển vào 1803814757 (VPBank) đừng gọi con nha.",1,1,1,1,1,1,0,1,1,1
COM_1821,"Anh ơi em kẹt tiền viện phí cho mẹ 15 triệu, lát em gửi lại. Anh chuyển gấp giúp em số 5919269780429 Sacombank với, đang gấp lắm.",1,1,1,1,1,1,1,0,1,1
COM_1822,"Bạn là người bảo lãnh khoản vay của Trang đã bể nợ. Gọi 0367752098 ngay để xử lý, tránh bị khởi kiện.",1,1,1,1,1,0,1,1,1,1
COM_1823,"[MB Bank] Để hủy giao dịch đáng ngờ, vui lòng đọc mã xác thực 6 số vừa gửi cho nhân viên đang gọi đến máy bạn. Tuyệt đối không cung cấp cho người khác.",1,1,1,1,1,1,1,0,1,1
COM_1824,Đơn hàng của bạn cần thanh toán phí lưu kho 150.000đ vào STK 9844763092290 (Vietinbank) trước 18h hôm nay nếu không sẽ hoàn trả.,1,1,1,1,1,1,0,1,1,1
COM_1825,"Nhóm tư vấn chứng khoán miễn phí của thầy đang mở thêm slot, tỉ lệ khuyến nghị thắng cao. Anh/chị quan tâm thêm Zalo 0934761462 để vào nhóm trải nghiệm.",1,1,1,1,0,1,1,1,0,1
COM_1826,[TPBank] Nhân viên CSKH sẽ gọi xác minh trong ít phút. Vui lòng đọc mã 6 số vừa gửi để hoàn tất nâng cấp bảo mật miễn phí.,1,1,1,1,1,1,1,0,1,1
COM_1827,Hồ sơ vay 99 triệu đã duyệt. Vui lòng nộp phí bảo hiểm khoản vay 350.000đ vào TK 994671067 TPBank để giải ngân ngay.,1,1,1,1,1,0,1,1,1,1
COM_1828,"Bạn trúng thưởng 500.000.000đ! Để nhận, đóng phí hồ sơ 1.200.000đ vào số tài khoản 118717382454 Techcombank. Tiền thưởng chuyển ngay sau đó.",1,1,1,1,1,0,1,0,1,1
COM_1829,"VAY GẤP trong ngày, chỉ cần CMND + SĐT, hạn mức 200 tr, không thẩm định người thân. Gọi/Zalo 0975514844 gặp Dũng.",1,1,1,1,1,1,1,1,0,0
COM_1830,"Xin lỗi, tôi vừa chuyển nhầm 50.000.000đ vào tài khoản của bạn. Mong bạn hoàn lại vào STK 760757464575 BIDV, cảm ơn nhiều!",1,1,1,1,1,0,1,1,1,0
COM_1831,"Cần người cho thuê tài khoản ngân hàng, 5-10tr/tháng, an toàn. Quan tâm nhắn Zalo 0938442366 trao đổi.",1,1,1,1,1,1,1,0,1,1
COM_1832,"Bên em là kế toán cty, lỡ chuyển dư 1.000.000đ cho anh/chị. Phiền chuyển lại giúp em qua số 5472973364256 (Vietcombank) ạ, em cảm ơn.",1,1,1,1,0,1,1,1,1,1
COM_1833,"TUYỂN CTV chốt đơn Lazada tại nhà, lương 300-800k/ngày, không cần cọc. Kết bạn Zalo số 0581085369 để nhận việc ngay.",1,1,1,1,1,1,1,0,1,0
COM_1834,"Bưu điện: bạn có 1 bưu phẩm chứa tài liệu pháp lý chưa nhận. Liên hệ tổng đài 19003355 để được hướng dẫn, quá hạn sẽ chuyển Cục CSGT.",1,1,1,1,1,1,1,1,1,1
COM_1835,Hồ sơ vay 1.500.000đ đã duyệt. Vui lòng nộp phí bảo hiểm khoản vay 2.000.000đ vào TK 6123937403259 VPBank để giải ngân ngay.,1,1,1,1,1,1,1,1,0,1
COM_1836,"Để nhận tiền hoàn thuế 1 triệu, bạn cần chuyển trước phí xử lý 350.000đ vào STK 656086235 (MB Bank) chủ TK MAI. Sau 15p tiền sẽ về.",1,1,1,1,1,1,0,1,1,1
COM_1837,"Con đang cấp cứu ở bệnh viện sau tai nạn, cần đóng viện phí gấp 2 tr. Bố/mẹ chuyển ngay vào STK 7834319085 MB Bank giúp con, số con bị hỏng rồi.",1,1,1,1,0,1,1,1,0,1
COM_1838,"Con đang cấp cứu ở bệnh viện sau tai nạn, cần đóng viện phí gấp 99.000.000 VND. Bố/mẹ chuyển ngay vào STK 4242349798309 MB Bank giúp con, số con bị hỏng rồi.",1,1,1,1,1,0,1,0,1,1
COM_1839,"Mẹ ơi con làm rớt điện thoại xuống nước rồi, đây là số bạn con. Con cần đóng học phí gấp 16.000.000đ, mẹ chuyển giúp con vào STK 74990147930 Vietcombank nha.",1,1,1,1,1,1,0,0,1,1
COM_1840,Đơn hàng của bạn cần thanh toán phí lưu kho 500.000đ vào STK 3508600925 (Vietinbank) trước 18h hôm nay nếu không sẽ hoàn trả.,1,1,1,1,1,1,0,1,1,1
COM_1841,Bạn được tặng 1 phần quà tri ân. Liên hệ Telegram 0583261985 gặp NV Mai để xác nhận địa chỉ nhận hàng.,1,1,1,1,0,1,1,1,1,1
COM_1842,"Xin lỗi, tôi vừa chuyển nhầm 99.000.000 VND vào tài khoản của bạn. Mong bạn hoàn lại vào STK 727374162230 Techcombank, cảm ơn nhiều!",1,1,1,1,1,1,1,0,1,1
COM_1843,"[VPBank] Để hủy giao dịch đáng ngờ, vui lòng đọc mã xác thực 6 số vừa gửi cho nhân viên đang gọi đến máy bạn. Tuyệt đối không cung cấp cho người khác.",1,1,1,1,1,1,1,1,1,0
COM_1844,"Bưu điện: bạn có 1 bưu phẩm chứa tài liệu pháp lý chưa nhận. Liên hệ tổng đài 19006791 để được hướng dẫn, quá hạn sẽ chuyển Viện kiểm sát.",1,1,1,1,1,1,1,0,1,1
COM_1845,"Khoản vay của bạn đã quá hạn. Vui lòng thanh toán hôm nay, nếu không chúng tôi sẽ thông báo tới toàn bộ danh bạ của bạn. LH 0879657156.",1,1,1,1,1,1,1,1,1,0
COM_1846,"BIDV thông báo: thẻ của quý khách vừa phát sinh giao dịch 4.500.000đ lúc 14h. Nếu không phải quý khách, gọi ngay 1900000 để khóa thẻ.",1,1,1,1,1,1,0,1,1,1
COM_1847,"Trang Facebook của bạn vi phạm bản quyền, sẽ bị vô hiệu hóa trong 24 giờ. Nếu cần kháng nghị, vui lòng liên hệ bộ phận hỗ trợ qua 0987049404.",1,1,1,1,1,1,1,1,0,1
COM_1848,Bạn được tặng 1 phần quà tri ân. Liên hệ Telegram 0876128205 gặp NV Hà để xác nhận địa chỉ nhận hàng.,1,1,1,1,1,0,1,1,1,1
COM_1849,"VAY GẤP trong ngày, chỉ cần CMND + SĐT, hạn mức 120.000.000 VND, không thẩm định người thân. Gọi/Zalo 0806010400 gặp Tâm.",1,1,1,1,1,1,1,1,1,1
COM_1850,"Việc nhẹ lương cao, làm nhiệm vụ like video nhận tiền liền. Inbox Zalo 0808516501, hỗ trợ rút tiền trong ngày.",1,1,1,1,1,1,1,0,1,1
COM_1851,"Để hủy giao dịch lạ, đọc mã 840264 cho nhân viên ngân hàng đang gọi cho bạn. Tuyệt đối không tắt máy giữa chừng.",1,1,1,1,1,1,1,1,1,1
COM_1852,"Tài khoản định danh điện tử VNeID của bạn cần cập nhật lên mức 2 trước ngày 14/12, nếu không sẽ tạm khóa. Gọi 1900073 để được hỗ trợ.",1,1,1,1,1,0,1,1,1,1
COM_1853,"Xin lỗi, tôi vừa chuyển nhầm 50.000.000 VND vào tài khoản của bạn. Mong bạn hoàn lại vào STK 6736341933700 Sacombank, cảm ơn nhiều!",1,1,1,1,1,1,1,0,1,1
COM_1854,"Để nhận tiền hoàn thuế 5.000.000đ, bạn cần chuyển trước phí xử lý 750.000đ vào STK 688814401 (Techcombank) chủ TK THẢO. Sau 15p tiền sẽ về.",1,1,1,1,1,1,1,1,1,1
COM_1855,"Sếp nhờ chút: anh đang họp không tiện nghe máy, em chuyển tạm 15.000.000 VND cho đối tác vào STK 6308494394318 Vietinbank, lát anh hoàn lại.",1,1,1,1,1,1,1,0,1,1
COM_1856,"Bất động sản giá gốc CĐT, chiết khấu 15% + quà 50tr. Liên hệ 0522112042 (Mr Long) nhận bảng giá & vị trí.",1,1,1,1,1,0,1,1,1,1
COM_1857,"Phương tiện biển số 51A-934.48 của bạn vi phạm tốc độ, mức phạt 1.400.000đ. Tra cứu và nộp phạt, liên hệ 19006204.",1,1,1,1,1,1,1,0,1,1
COM_1858,"Mẹ ơi con bị tạm giữ ở đồn, thầy giáo nói cần 200 triệu lo việc gấp, mẹ chuyển vào 524450699 (BIDV) đừng gọi con nha.",1,1,1,1,0,1,1,1,1,0
COM_1859,"Để nhận tiền hoàn thuế 9 triệu, bạn cần chuyển trước phí xử lý 2.000.000đ vào STK 514564939 (BIDV) chủ TK DŨNG. Sau 15p tiền sẽ về.",1,1,1,1,1,0,1,0,1,1
COM_1860,"Bạn đã trúng thưởng 200.000.000đ chương trình tri ân. Để nhận, đóng phí hồ sơ 1.800.000đ vào STK 740784747 MB Bank, chủ TK Phạm Mai.",1,1,1,1,1,1,1,0,1,1
COM_1861,"TUYỂN CTV chốt đơn Shopee tại nhà, lương 300-800k/ngày, không cần cọc. Kết bạn Zalo số 0390192277 để nhận việc ngay.",1,1,1,1,1,1,0,1,0,1
COM_1862,"Thông báo từ Bộ Công an: thuê bao của bạn liên quan đến một vụ án rửa tiền. Gọi ngay 1900323 trong 2h để làm việc, nếu không sẽ bị khởi tố.",1,1,1,1,0,1,1,0,1,1
COM_1863,"Nhóm đầu tư VIP đang nhận thành viên mới, lãi 20-30%/tháng, có chuyên gia đỡ lệnh. Add Zalo 0845336014 để được vào nhóm miễn phí.",1,1,1,1,1,0,1,1,1,0
COM_1864,"ACB: thẻ tín dụng của bạn vừa bị quẹt 5.500.000đ tại nước ngoài. Nếu không phải bạn, gọi gấp 19002139 để khóa thẻ.",1,1,1,1,1,1,0,1,0,1
COM_1865,"VAY GẤP trong ngày, chỉ cần CMND + SĐT, hạn mức 15 tr, không thẩm định người thân. Gọi/Zalo 0711116284 gặp Phương.",1,1,1,1,0,1,1,0,1,1
COM_1866,"Đơn hàng cần xác minh người nhận. Shipper sẽ gọi, bạn đọc giúp mã OTP vừa nhận để bên kho hoàn tất giao hàng.",1,1,1,1,1,0,0,1,1,1
COM_1867,"Bạn trúng thưởng 99.500.000đ! Để nhận, đóng phí hồ sơ 250.000đ vào số tài khoản 462551848 Vietinbank. Tiền thưởng chuyển ngay sau đó.",1,1,1,1,1,0,1,1,1,1
COM_1868,"Chào bạn, mình lỡ tay chuyển nhầm 2.000.000đ vào tài khoản của bạn. Bạn kiểm tra giúp và hoàn lại vào STK 6559613122 Agribank nhé, cảm ơn bạn nhiều.",1,1,1,1,1,1,0,1,1,1
COM_1869,"Hồ sơ nâng hạn mức thẻ tín dụng của anh/chị đã được duyệt lên 120.000.000đ. Nhân viên sẽ gọi xác nhận, vui lòng giữ máy.",1,1,1,1,0,1,1,1,1,1
COM_1870,"Chào bạn, mình lỡ tay chuyển nhầm 9.500.000đ vào tài khoản của bạn. Bạn kiểm tra giúp và hoàn lại vào STK 659969880 Sacombank nhé, cảm ơn bạn nhiều.",1,1,1,1,1,1,1,0,1,1
COM_1871,"Hệ thống ghi nhận bạn nhận nhầm 1 khoản tiền. Liên hệ 0359067932 (Zalo) để được hướng dẫn hoàn trả, tránh liên đới pháp lý.",1,1,1,1,1,1,1,1,1,0
COM_1872,"Cần người cho thuê tài khoản ngân hàng, 5-10tr/tháng, an toàn. Quan tâm nhắn Zalo 0324822173 trao đổi.",1,1,1,1,1,0,1,1,1,1
COM_1873,"Con đang cấp cứu ở bệnh viện sau tai nạn, cần đóng viện phí gấp 120.000.000đ. Bố/mẹ chuyển ngay vào STK 072613109 Vietcombank giúp con, số con bị hỏng rồi.",1,1,1,1,1,1,1,0,1,1
COM_1874,Đơn hàng của bạn cần thanh toán phí lưu kho 350.000đ vào STK 1835709191 (VPBank) trước 18h hôm nay nếu không sẽ hoàn trả.,1,1,1,1,1,1,0,1,1,1
COM_1875,Đơn hàng JT339126773 đang giữ tại bưu cục do thiếu cước 50.000đ. Vui lòng thanh toán vào STK 864576911 (ACB) trước 18h hôm nay để được giao.,1,1,1,1,1,1,1,1,1,1
COM_1876,"Chào bạn, mình lỡ tay chuyển nhầm 1.500.000đ vào tài khoản của bạn. Bạn kiểm tra giúp và hoàn lại vào STK 03635818248 ACB nhé, cảm ơn bạn nhiều.",1,1,1,1,1,1,0,1,1,0
COM_1877,"[Mobifone] Thuê bao của quý khách chưa chuẩn hóa thông tin theo quy định, sẽ bị khóa 1 chiều sau 24h. Vui lòng gọi 1900306 để cập nhật.",1,1,1,1,1,1,1,0,1,1
COM_1878,"Anh ơi em đang kẹt viện phí cho mẹ 55.000.000đ, mai em gửi lại liền. Anh chuyển gấp giúp em số 43575554335 TPBank với, em cảm ơn anh nhiều.",1,1,1,1,1,1,1,1,1,1
COM_1879,"Hệ thống ghi nhận bạn nhận nhầm 1 khoản tiền. Liên hệ 0795265516 (Zalo) để được hướng dẫn hoàn trả, tránh liên đới pháp lý.",1,1,1,1,1,0,1,1,1,0
COM_1880,"Phương tiện biển số 30E-716.34 của bạn vi phạm tốc độ, mức phạt 2.000.000đ. Tra cứu và nộp phạt, liên hệ 19009663.",1,1,1,1,1,1,0,0,1,1
COM_1881,"Điện lực thông báo: hóa đơn tiền điện kỳ này của quý khách quá hạn, sẽ tạm ngừng cấp điện trong hôm nay. Vui lòng liên hệ 0707166622 để thanh toán.",1,1,1,1,1,1,1,0,0,1
COM_1882,"Nhóm đầu tư VIP đang nhận thành viên mới, lãi 20-30%/tháng, có chuyên gia đỡ lệnh. Add WhatsApp 0885552889 để được vào nhóm miễn phí.",1,1,1,1,1,0,1,1,1,1
COM_1883,"Xin lỗi, tôi vừa chuyển nhầm 50.500.000đ vào tài khoản của bạn. Mong bạn hoàn lại vào STK 383509623974 Agribank, cảm ơn nhiều!",1,1,1,1,0,1,1,1,1,1
COM_1884,"Bên em là kế toán cty, lỡ chuyển dư 2 tr cho anh/chị. Phiền chuyển lại giúp em qua số 306286284 (Sacombank) ạ, em cảm ơn.",1,1,1,1,1,0,1,0,1,1
COM_1885,"Spa Hùng ưu đãi 70% gói chăm sóc da dịp lễ, tặng kèm 2 buổi trị liệu. Gọi 0540706544 đặt lịch ngay hôm nay.",1,1,1,1,1,1,0,1,1,0
COM_1886,"Bất động sản giá gốc CĐT, chiết khấu 15% + quà 50tr. Liên hệ 0922809857 (Mr Tâm) nhận bảng giá & vị trí.",1,1,1,1,1,0,1,1,0,1
COM_1887,"Tòa án thông báo: có lệnh bắt tạm giam liên quan CMND của bạn. Gọi 19003441 ngay để trình bày, giữ bí mật tuyệt đối với người khác.",1,1,1,1,0,1,1,0,1,1
COM_1888,Hồ sơ vay 99.000.000 VND đã duyệt. Vui lòng nộp phí bảo hiểm khoản vay 2.000.000đ vào TK 793181230 TPBank để giải ngân ngay.,1,1,1,1,1,1,0,1,1,0
COM_1889,"Bất động sản giá gốc CĐT, chiết khấu 15% + quà 50tr. Liên hệ 0728902122 (Mr Trang) nhận bảng giá & vị trí.",1,1,1,1,1,0,1,0,1,1
COM_1890,Đơn hàng của bạn cần thanh toán phí lưu kho 500.000đ vào STK 5380688816 (BIDV) trước 18h hôm nay nếu không sẽ hoàn trả.,1,1,1,1,1,1,1,0,1,1
COM_1891,"Để hủy giao dịch lạ, đọc mã 425871 cho nhân viên ngân hàng đang gọi cho bạn. Tuyệt đối không tắt máy giữa chừng.",1,1,1,1,1,1,0,1,1,1
COM_1892,"Bộ Công an thông báo: có lệnh bắt tạm giam liên quan CMND của bạn. Gọi 19000842 ngay để trình bày, giữ bí mật tuyệt đối với người khác.",1,1,1,1,0,1,1,1,1,1
COM_1893,"Xin lỗi, tôi vừa chuyển nhầm 9.000.000 VND vào tài khoản của bạn. Mong bạn hoàn lại vào STK 521607303 MB Bank, cảm ơn nhiều!",1,1,1,1,1,1,1,0,1,1
COM_1894,"[Vietcombank] Để hủy giao dịch đáng ngờ, vui lòng đọc mã xác thực 6 số vừa gửi cho nhân viên đang gọi đến máy bạn. Tuyệt đối không cung cấp cho người khác.",1,1,1,1,1,1,0,1,1,1
COM_1895,"Bên em là kế toán cty, lỡ chuyển dư 120 triệu cho anh/chị. Phiền chuyển lại giúp em qua số 2231931577 (Vietinbank) ạ, em cảm ơn.",1,1,1,1,1,1,1,1,0,1
COM_1896,"Xin lỗi, tôi vừa chuyển nhầm 1.000.000đ vào tài khoản của bạn. Mong bạn hoàn lại vào STK 926435018 Sacombank, cảm ơn nhiều!",1,1,1,1,1,0,1,0,1,1
COM_1897,"Thông báo từ Tòa án: thuê bao của bạn liên quan đến một vụ án rửa tiền. Gọi ngay 1900063 trong 2h để làm việc, nếu không sẽ bị khởi tố.",1,1,1,1,0,1,1,1,1,0
COM_1898,"Cần người cho thuê tài khoản ngân hàng, 5-10tr/tháng, an toàn. Quan tâm nhắn Telegram 0982223678 trao đổi.",1,1,1,1,1,1,0,1,0,1
COM_1899,Số thuê bao của quý khách may mắn nằm trong danh sách nhận quà tri ân: 1 xe máy SH hoặc 60.000.000đ tiền mặt. Liên hệ 0901562956 để làm thủ tục.,1,1,1,1,1,0,1,1,1,0
COM_1900,"Mẹ ơi con làm rớt điện thoại xuống nước rồi, đây là số bạn con. Con cần đóng học phí gấp 23.000.000đ, mẹ chuyển giúp con vào STK 271202167958 Sacombank nha.",1,1,1,1,1,1,0,0,1,1
COM_1901,"Việc làm thêm tại nhà, mỗi ngày 2 tiếng, thu nhập 5-9 triệu/tháng, không cần kinh nghiệm. Liên hệ Zalo 0987569017 gặp chị Hương để được hướng dẫn.",1,1,1,1,1,1,1,1,1,0
COM_1902,"Hệ thống ghi nhận bạn nhận nhầm 1 khoản tiền. Liên hệ 0885214015 (Zalo) để được hướng dẫn hoàn trả, tránh liên đới pháp lý.",1,1,1,1,0,1,0,1,1,1
COM_1903,"Chào bạn, mình lỡ tay chuyển nhầm 6.500.000đ vào tài khoản của bạn. Bạn kiểm tra giúp và hoàn lại vào STK 874600548880 Techcombank nhé, cảm ơn bạn nhiều.",1,1,1,1,1,1,0,1,1,1
COM_1904,"Anh ơi em kẹt tiền viện phí cho mẹ 350.500.000đ, lát em gửi lại. Anh chuyển gấp giúp em số 7272651658653 Techcombank với, đang gấp lắm.",1,1,1,1,1,1,1,1,0,1
COM_1905,Khoản vay 50.000.000đ của bạn đã được phê duyệt. Vui lòng đóng phí bảo hiểm khoản vay 2.500.000đ vào STK 36729155427 Sacombank để giải ngân trong hôm nay.,1,1,1,1,1,0,1,0,1,1
COM_1906,"Anh ơi em đang kẹt viện phí cho mẹ 60.000.000đ, mai em gửi lại liền. Anh chuyển gấp giúp em số 4547105932 Vietcombank với, em cảm ơn anh nhiều.",1,1,1,1,1,0,0,0,1,1
COM_1907,"Con đang cấp cứu ở bệnh viện sau tai nạn, cần đóng viện phí gấp 68 triệu. Bố/mẹ chuyển ngay vào STK 170462517 TPBank giúp con, số con bị hỏng rồi.",1,1,1,1,0,1,0,1,1,1
COM_1908,"Khóa học tiếng Anh online giảm 60%, cam kết đầu ra. Đăng ký giữ chỗ qua hotline 1900081, số lượng có hạn.",1,1,1,1,1,0,1,1,0,1
COM_1909,"Khoản vay của bạn đã quá hạn. Vui lòng thanh toán hôm nay, nếu không chúng tôi sẽ thông báo tới toàn bộ danh bạ của bạn. LH 0765525002.",1,1,1,1,1,1,1,1,0,0
COM_1910,"Xin lỗi, tôi vừa chuyển nhầm 20 triệu vào tài khoản của bạn. Mong bạn hoàn lại vào STK 0276844637666 MB Bank, cảm ơn nhiều!",1,1,1,1,1,1,1,0,0,1
COM_1911,"Để nhận tiền hoàn thuế 500.000.000đ, bạn cần chuyển trước phí xử lý 2.000.000đ vào STK 067865716 (Sacombank) chủ TK HÙNG. Sau 15p tiền sẽ về.",1,1,1,1,1,1,0,0,1,1
COM_1912,"VPBank thông báo: thẻ của quý khách vừa phát sinh giao dịch 5.500.000đ lúc 20h. Nếu không phải quý khách, gọi ngay 1900888 để khóa thẻ.",1,1,1,1,1,0,1,0,1,1
COM_1913,"Phương tiện biển số 51D-343.34 của bạn vi phạm tốc độ, mức phạt 800.000đ. Tra cứu và nộp phạt, liên hệ 19004369.",1,1,1,1,0,1,1,1,0,1
COM_1914,"Cần người cho thuê tài khoản ngân hàng, 5-10tr/tháng, an toàn. Quan tâm nhắn Zalo 0980213233 trao đổi.",1,1,1,1,1,1,0,0,1,1
COM_1915,"Khoản vay của bạn đã quá hạn. Vui lòng thanh toán hôm nay, nếu không chúng tôi sẽ thông báo tới toàn bộ danh bạ của bạn. LH 0391187634.",1,1,1,1,1,0,1,1,1,0
COM_1916,Bạn được tặng 1 phần quà tri ân. Liên hệ Telegram 0734184479 gặp NV Quân để xác nhận địa chỉ nhận hàng.,1,1,1,1,1,1,0,1,0,1
COM_1917,"Con đang cấp cứu ở bệnh viện sau tai nạn, cần đóng viện phí gấp 120.500.000đ. Bố/mẹ chuyển ngay vào STK 333969126 ACB giúp con, số con bị hỏng rồi.",1,1,1,1,0,1,1,1,1,0
COM_1918,"Vietinbank: thẻ tín dụng của bạn vừa bị quẹt 7.000.000 VND tại nước ngoài. Nếu không phải bạn, gọi gấp 1900947 để khóa thẻ.",1,1,1,1,1,0,1,1,0,1
COM_1919,"MB Bank: thẻ tín dụng của bạn vừa bị quẹt 12.000.000 VND tại nước ngoài. Nếu không phải bạn, gọi gấp 19001024 để khóa thẻ.",1,1,1,1,1,1,1,0,1,1
COM_1920,"Bạn là người bảo lãnh khoản vay của Quân đã bể nợ. Gọi 0778146859 ngay để xử lý, tránh bị khởi kiện.",1,1,1,1,1,1,0,1,1,1
COM_1921,"Cần người cho thuê tài khoản ngân hàng, 5-10tr/tháng, an toàn. Quan tâm nhắn Zalo 0360069391 trao đổi.",1,1,1,1,1,1,1,1,0,1
COM_1922,"Khoản vay của bạn đã quá hạn. Vui lòng thanh toán hôm nay, nếu không chúng tôi sẽ thông báo tới toàn bộ danh bạ của bạn. LH 0723503457.",1,1,1,1,1,0,1,1,1,1
COM_1923,"Shopee SALE lớn: giảm tới 50% toàn bộ sản phẩm, freeship toàn quốc. Soạn DK gửi 8x18 để nhận mã giảm giá.",1,1,1,1,0,1,1,0,1,1
COM_1924,"Để hủy giao dịch lạ, đọc mã 384163 cho nhân viên ngân hàng đang gọi cho bạn. Tuyệt đối không tắt máy giữa chừng.",1,1,1,1,1,0,1,1,1,1
COM_1925,"FPT Shop SALE lớn: giảm tới 50% toàn bộ sản phẩm, freeship toàn quốc. Soạn DK gửi 8x28 để nhận mã giảm giá.",1,1,1,1,1,1,1,0,1,1
COM_1926,"Bên em là kế toán cty, lỡ chuyển dư 99.500.000đ cho anh/chị. Phiền chuyển lại giúp em qua số 2440354201037 (VPBank) ạ, em cảm ơn.",1,1,1,1,1,1,0,1,1,1
COM_1927,"Hệ thống ghi nhận bạn nhận nhầm 1 khoản tiền. Liên hệ 0919549953 (Zalo) để được hướng dẫn hoàn trả, tránh liên đới pháp lý.",1,1,1,1,1,1,1,1,1,0
COM_1928,"Spa Hà ưu đãi 70% gói chăm sóc da dịp lễ, tặng kèm 2 buổi trị liệu. Gọi 0538960714 đặt lịch ngay hôm nay.",1,1,1,1,0,1,1,1,1,1
COM_1929,"Bạn đã trúng thưởng 250.000.000đ chương trình tri ân. Để nhận, đóng phí hồ sơ 1.800.000đ vào STK 375157033228 Vietcombank, chủ TK Lê Hùng.",1,1,1,1,1,1,0,1,1,1
COM_1930,"Chào bạn, mình lỡ tay chuyển nhầm 8.500.000đ vào tài khoản của bạn. Bạn kiểm tra giúp và hoàn lại vào STK 7036723204 BIDV nhé, cảm ơn bạn nhiều.",1,1,1,1,1,1,1,1,0,1
COM_1931,"TUYỂN CTV chốt đơn TikTok Shop tại nhà, lương 300-800k/ngày, không cần cọc. Kết bạn Telegram số 0540418741 để nhận việc ngay.",1,1,1,1,1,0,1,1,1,1
COM_1932,"Anh ơi em đang kẹt viện phí cho mẹ 50.000.000đ, mai em gửi lại liền. Anh chuyển gấp giúp em số 19115012039 Techcombank với, em cảm ơn anh nhiều.",1,1,1,1,1,1,1,1,1,0
COM_1933,"Bạn đã trúng thưởng 450.000.000đ chương trình tri ân. Để nhận, đóng phí hồ sơ 1.700.000đ vào STK 0442339869 TPBank, chủ TK Nguyễn Văn Tâm.",1,1,1,1,1,1,1,1,0,1
COM_1934,"Khóa học tiếng Anh online giảm 60%, cam kết đầu ra. Đăng ký giữ chỗ qua hotline 1900460, số lượng có hạn.",1,1,1,1,1,0,1,1,1,1
COM_1935,"Bạn là người bảo lãnh khoản vay của Quân đã bể nợ. Gọi 0967187749 ngay để xử lý, tránh bị khởi kiện.",1,1,1,1,1,1,1,1,0,1
COM_1936,"Khoản vay của bạn đã quá hạn. Vui lòng thanh toán hôm nay, nếu không chúng tôi sẽ thông báo tới toàn bộ danh bạ của bạn. LH 0969208850.",1,1,1,1,1,1,0,1,1,1
COM_1937,"Để hủy giao dịch lạ, đọc mã 338469 cho nhân viên ngân hàng đang gọi cho bạn. Tuyệt đối không tắt máy giữa chừng.",1,1,1,1,1,1,1,1,0,0
COM_1938,"Bên em là kế toán cty, lỡ chuyển dư 20.000.000 VND cho anh/chị. Phiền chuyển lại giúp em qua số 223241347 (Techcombank) ạ, em cảm ơn.",1,1,1,1,0,1,1,0,1,1
COM_1939,Số thuê bao của quý khách may mắn nằm trong danh sách nhận quà tri ân: 1 xe máy SH hoặc 80.000.000đ tiền mặt. Liên hệ 0912635489 để làm thủ tục.,1,1,1,1,1,0,1,1,0,1
COM_1940,Hồ sơ vay 2.000.000 VND đã duyệt. Vui lòng nộp phí bảo hiểm khoản vay 350.000đ vào TK 614046626 Vietcombank để giải ngân ngay.,1,1,1,1,1,1,1,0,1,1
COM_1941,"MB Bank thông báo: thẻ của quý khách vừa phát sinh giao dịch 7.500.000đ lúc 22h. Nếu không phải quý khách, gọi ngay 19007068 để khóa thẻ.",1,1,1,1,1,1,0,1,1,1
COM_1942,"Phương tiện biển số 51B-967.11 của bạn vi phạm tốc độ, mức phạt 1.400.000đ. Tra cứu và nộp phạt, liên hệ 19006413.",1,1,1,1,0,1,1,0,1,1
COM_1943,"Khoản vay của bạn đã quá hạn. Vui lòng thanh toán hôm nay, nếu không chúng tôi sẽ thông báo tới toàn bộ danh bạ của bạn. LH 0842199553.",1,1,1,1,1,1,1,1,1,0
COM_1944,"Để nhận tiền hoàn thuế 68 triệu, bạn cần chuyển trước phí xử lý 750.000đ vào STK 6715500173396 (Techcombank) chủ TK PHƯƠNG. Sau 15p tiền sẽ về.",1,1,1,1,1,1,0,1,0,1
COM_1945,"Việc nhẹ lương cao, làm nhiệm vụ like video nhận tiền liền. Inbox WhatsApp 0339822207, hỗ trợ rút tiền trong ngày.",1,1,1,1,1,1,1,1,0,1
COM_1946,"Khóa học tiếng Anh online giảm 60%, cam kết đầu ra. Đăng ký giữ chỗ qua hotline 1900850, số lượng có hạn.",1,1,1,1,1,1,1,0,1,1
COM_1947,"Để hủy giao dịch lạ, đọc mã 569006 cho nhân viên ngân hàng đang gọi cho bạn. Tuyệt đối không tắt máy giữa chừng.",1,1,1,1,1,1,0,1,1,1
COM_1948,"Bạn đã trúng thưởng 200.000.000đ chương trình tri ân. Để nhận, đóng phí hồ sơ 1.700.000đ vào STK 099305705529 Vietcombank, chủ TK Vũ Lan.",1,1,1,1,1,1,1,1,0,1
COM_1949,"Spa Trang ưu đãi 70% gói chăm sóc da dịp lễ, tặng kèm 2 buổi trị liệu. Gọi 0561021161 đặt lịch ngay hôm nay.",1,1,1,1,1,1,1,0,1,1
COM_1950,"Anh ơi em kẹt tiền viện phí cho mẹ 200 triệu, lát em gửi lại. Anh chuyển gấp giúp em số 6510133103003 Vietcombank với, đang gấp lắm.",1,1,1,1,0,1,1,1,1,1
COM_1951,"Bên em là kế toán cty, lỡ chuyển dư 99.500.000đ cho anh/chị. Phiền chuyển lại giúp em qua số 913206267 (Sacombank) ạ, em cảm ơn.",1,1,1,1,1,0,1,1,1,1
COM_1952,"Mẹ ơi con bị tạm giữ ở đồn, thầy giáo nói cần 12.000.000 VND lo việc gấp, mẹ chuyển vào 2908946952 (Sacombank) đừng gọi con nha.",1,1,1,1,1,1,1,0,1,1
COM_1953,Đơn hàng BEST527117791 đang giữ tại bưu cục do thiếu cước 50.000đ. Vui lòng thanh toán vào STK 445866186571 (Techcombank) trước 18h hôm nay để được giao.,1,1,1,1,1,1,1,1,1,0
COM_1954,"Khóa học tiếng Anh online giảm 60%, cam kết đầu ra. Đăng ký giữ chỗ qua hotline 19004154, số lượng có hạn.",1,1,1,1,1,0,1,1,1,1
COM_1955,Đơn hàng của bạn cần thanh toán phí lưu kho 500.000đ vào STK 229962456064 (ACB) trước 18h hôm nay nếu không sẽ hoàn trả.,1,1,1,1,1,1,0,1,1,1
COM_1956,[MB Bank] Nhân viên CSKH sẽ gọi xác minh trong ít phút. Vui lòng đọc mã 6 số vừa gửi để hoàn tất nâng cấp bảo mật miễn phí.,1,1,1,1,1,1,1,0,1,1
COM_1957,"Để hủy giao dịch lạ, đọc mã 812981 cho nhân viên ngân hàng đang gọi cho bạn. Tuyệt đối không tắt máy giữa chừng.",1,1,1,1,1,1,1,1,0,0
COM_1958,Khoản vay 60.000.000đ của bạn đã được phê duyệt. Vui lòng đóng phí bảo hiểm khoản vay 1.500.000đ vào STK 37972606426 Agribank để giải ngân trong hôm nay.,1,1,1,1,0,1,1,0,1,1
COM_1959,"Hệ thống ghi nhận bạn nhận nhầm 1 khoản tiền. Liên hệ 0900534377 (Zalo) để được hướng dẫn hoàn trả, tránh liên đới pháp lý.",1,1,1,1,1,0,1,0,1,0
COM_1960,"Thông báo từ Công an: thuê bao của bạn liên quan đến một vụ án rửa tiền. Gọi ngay 1900801 trong 2h để làm việc, nếu không sẽ bị khởi tố.",1,1,1,1,0,0,1,1,0,1
COM_1961,"Spa Mai ưu đãi 70% gói chăm sóc da dịp lễ, tặng kèm 2 buổi trị liệu. Gọi 0375341129 đặt lịch ngay hôm nay.",1,1,1,1,1,0,1,0,1,1
COM_1962,"Để hủy giao dịch lạ, đọc mã 985891 cho nhân viên ngân hàng đang gọi cho bạn. Tuyệt đối không tắt máy giữa chừng.",1,1,1,1,1,1,0,1,1,1
COM_1963,"Sếp nhờ chút: anh đang họp không tiện nghe máy, em chuyển tạm 15 triệu cho đối tác vào STK 0787298149484 Vietinbank, lát anh hoàn lại.",1,1,1,1,1,1,1,0,1,1
COM_1964,"Spa Hùng ưu đãi 70% gói chăm sóc da dịp lễ, tặng kèm 2 buổi trị liệu. Gọi 0391842071 đặt lịch ngay hôm nay.",1,1,1,1,1,1,0,1,1,0
COM_1965,"FPT Shop SALE lớn: giảm tới 50% toàn bộ sản phẩm, freeship toàn quốc. Soạn DK gửi 8x00 để nhận mã giảm giá.",1,1,1,1,1,1,1,1,1,0
COM_1966,"Bất động sản giá gốc CĐT, chiết khấu 15% + quà 50tr. Liên hệ 0510239133 (Mr Hùng) nhận bảng giá & vị trí.",1,1,1,1,1,0,1,1,1,1
COM_1967,Quý khách chưa cập nhật sinh trắc học nên tài khoản MB Bank sẽ tạm ngưng giao dịch từ ngày mai. Vui lòng liên hệ 19000996 để được hỗ trợ cập nhật.,1,1,1,1,1,1,1,1,0,1
COM_1968,Hồ sơ vay 1 tr đã duyệt. Vui lòng nộp phí bảo hiểm khoản vay 750.000đ vào TK 191698848926 BIDV để giải ngân ngay.,1,1,1,1,1,0,1,1,1,0
COM_1969,Bạn được tặng 1 phần quà tri ân. Liên hệ Zalo 0566948003 gặp NV Nam để xác nhận địa chỉ nhận hàng.,1,1,1,1,1,1,0,1,0,1
COM_1970,"Mẹ ơi con làm rớt điện thoại xuống nước rồi, đây là số bạn con. Con cần đóng học phí gấp 29.000.000đ, mẹ chuyển giúp con vào STK 6823298932 Sacombank nha.",1,1,1,1,0,1,1,1,1,0
COM_1971,"VAY GẤP trong ngày, chỉ cần CMND + SĐT, hạn mức 120.000.000đ, không thẩm định người thân. Gọi/Zalo 0516508079 gặp Trang.",1,1,1,1,1,0,1,1,0,1
COM_1972,Đơn hàng của bạn cần thanh toán phí lưu kho 2.000.000đ vào STK 3129993424 (MB Bank) trước 18h hôm nay nếu không sẽ hoàn trả.,1,1,1,1,1,1,0,1,1,1
COM_1973,"Chào bạn, mình lỡ tay chuyển nhầm 5.000.000đ vào tài khoản của bạn. Bạn kiểm tra giúp và hoàn lại vào STK 490097703 VPBank nhé, cảm ơn bạn nhiều.",1,1,1,1,1,1,1,0,1,1
COM_1974,"Việc làm thêm tại nhà, mỗi ngày 2 tiếng, thu nhập 5-9 triệu/tháng, không cần kinh nghiệm. Liên hệ Zalo 0901503985 gặp chị Hương để được hướng dẫn.",1,1,1,1,1,0,1,1,1,1
COM_1975,"Nhóm tư vấn chứng khoán miễn phí của thầy đang mở thêm slot, tỉ lệ khuyến nghị thắng cao. Anh/chị quan tâm thêm Zalo 0901282589 để vào nhóm trải nghiệm.",1,1,1,1,1,1,1,1,0,1
COM_1976,Hồ sơ vay 350.000.000 VND đã duyệt. Vui lòng nộp phí bảo hiểm khoản vay 2.000.000đ vào TK 0779619162883 Sacombank để giải ngân ngay.,1,1,1,1,0,1,1,1,1,1
COM_1977,"Bạn là người bảo lãnh khoản vay của Tâm đã bể nợ. Gọi 0750495669 ngay để xử lý, tránh bị khởi kiện.",1,1,1,1,1,1,1,1,1,0
COM_1978,"Để nhận tiền hoàn thuế 30 tr, bạn cần chuyển trước phí xử lý 350.000đ vào STK 530920196597 (VPBank) chủ TK NAM. Sau 15p tiền sẽ về.",1,1,1,1,1,1,1,1,0,1
COM_1979,"Mẹ ơi con bị tạm giữ ở đồn, thầy giáo nói cần 30 tr lo việc gấp, mẹ chuyển vào 299470450 (ACB) đừng gọi con nha.",1,1,1,1,1,0,1,1,1,1
COM_1980,"[Viettel] Thuê bao của quý khách chưa chuẩn hóa thông tin theo quy định, sẽ bị khóa 1 chiều sau 24h. Vui lòng gọi 1900582 để cập nhật.",1,1,1,1,1,1,1,0,1,1
COM_1981,"[Techcombank] Để hủy giao dịch đáng ngờ, vui lòng đọc mã xác thực 6 số vừa gửi cho nhân viên đang gọi đến máy bạn. Tuyệt đối không cung cấp cho người khác.",1,1,1,1,0,1,1,1,1,1
COM_1982,"Hệ thống ghi nhận bạn nhận nhầm 1 khoản tiền. Liên hệ 0531082035 (Zalo) để được hướng dẫn hoàn trả, tránh liên đới pháp lý.",1,1,1,1,1,1,0,1,0,1
COM_1983,"Bất động sản giá gốc CĐT, chiết khấu 15% + quà 50tr. Liên hệ 0305787092 (Mr Hùng) nhận bảng giá & vị trí.",1,1,1,1,1,1,1,0,1,1
COM_1984,"Hệ thống ghi nhận bạn nhận nhầm 1 khoản tiền. Liên hệ 0861557683 (Zalo) để được hướng dẫn hoàn trả, tránh liên đới pháp lý.",1,1,1,1,1,0,1,1,1,1
COM_1985,"Anh ơi em kẹt tiền viện phí cho mẹ 350 triệu, lát em gửi lại. Anh chuyển gấp giúp em số 2021605224124 Sacombank với, đang gấp lắm.",1,1,1,1,1,1,0,0,1,1
COM_1986,"Sếp nhờ chút: anh đang họp không tiện nghe máy, em chuyển tạm 12.500.000đ cho đối tác vào STK 386748047 VPBank, lát anh hoàn lại.",1,1,1,1,0,1,1,1,1,0
COM_1987,Đơn hàng JT672513309 đang giữ tại bưu cục do thiếu cước 75.000đ. Vui lòng thanh toán vào STK 1658588622 (ACB) trước 18h hôm nay để được giao.,1,1,1,1,1,0,1,1,0,1
COM_1988,"TUYỂN CTV chốt đơn Shopee tại nhà, lương 300-800k/ngày, không cần cọc. Kết bạn Telegram số 0553381853 để nhận việc ngay.",1,1,1,1,1,1,0,1,0,1
COM_1989,"Hệ thống ghi nhận bạn nhận nhầm 1 khoản tiền. Liên hệ 0717039108 (Zalo) để được hướng dẫn hoàn trả, tránh liên đới pháp lý.",1,1,1,1,1,0,0,1,1,1
COM_1990,"Khoản vay của bạn đã quá hạn. Vui lòng thanh toán hôm nay, nếu không chúng tôi sẽ thông báo tới toàn bộ danh bạ của bạn. LH 0355148496.",1,1,1,1,0,1,1,1,0,1
COM_1991,"Nhóm tư vấn chứng khoán miễn phí của thầy đang mở thêm slot, tỉ lệ khuyến nghị thắng cao. Anh/chị quan tâm thêm Zalo 0934078323 để vào nhóm trải nghiệm.",1,1,1,1,1,1,0,1,1,0
COM_1992,"Phí kích hoạt tài khoản nhận hoa hồng là 350.000đ, chuyển vào 575588516 (BIDV). Sau khi nạp bạn nhận lại gấp đôi.",1,1,1,1,1,0,1,0,1,1
COM_1993,"Khoản vay của bạn đã quá hạn. Vui lòng thanh toán hôm nay, nếu không chúng tôi sẽ thông báo tới toàn bộ danh bạ của bạn. LH 0707033083.",1,1,1,1,1,1,1,1,0,1
COM_1994,"Cục CSGT thông báo: có lệnh bắt tạm giam liên quan CMND của bạn. Gọi 19002760 ngay để trình bày, giữ bí mật tuyệt đối với người khác.",1,1,1,1,1,1,1,0,1,1
COM_1995,"Việc làm thêm tại nhà, mỗi ngày 2 tiếng, thu nhập 5-9 triệu/tháng, không cần kinh nghiệm. Liên hệ Zalo 0707568743 gặp chị Hương để được hướng dẫn.",1,1,1,1,1,0,1,1,0,1
COM_1996,"Khóa học tiếng Anh online giảm 60%, cam kết đầu ra. Đăng ký giữ chỗ qua hotline 1900892, số lượng có hạn.",1,1,1,1,1,1,1,0,1,1
COM_1997,"Anh ơi em đang kẹt viện phí cho mẹ 70.000.000đ, mai em gửi lại liền. Anh chuyển gấp giúp em số 99981895198 TPBank với, em cảm ơn anh nhiều.",1,1,1,1,1,1,0,1,1,1
COM_1998,"Để nhận tiền hoàn thuế 2.000.000đ, bạn cần chuyển trước phí xử lý 150.000đ vào STK 362618393 (Vietinbank) chủ TK LONG. Sau 15p tiền sẽ về.",1,1,1,1,1,0,1,1,1,1
COM_1999,"Nhóm tư vấn chứng khoán miễn phí của thầy đang mở thêm slot, tỉ lệ khuyến nghị thắng cao. Anh/chị quan tâm thêm Zalo 0987250686 để vào nhóm trải nghiệm.",1,1,1,1,0,1,1,1,1,0
COM_2000,"VAY GẤP trong ngày, chỉ cần CMND + SĐT, hạn mức 5.000.000 VND, không thẩm định người thân. Gọi/Zalo 0389468256 gặp Tâm.",1,1,1,1,1,1,1,1,0,1
COM_2001,Quý khách chưa cập nhật sinh trắc học nên tài khoản Techcombank sẽ tạm ngưng giao dịch từ ngày mai. Vui lòng liên hệ 19005658 để được hỗ trợ cập nhật.,1,1,1,1,1,1,0,1,1,1
COM_2002,"Vietinbank thông báo: thẻ của quý khách vừa phát sinh giao dịch 5.000.000đ lúc 8h. Nếu không phải quý khách, gọi ngay 19002377 để khóa thẻ.",1,1,1,1,1,1,1,0,1,1
COM_2003,Bạn được tặng 1 phần quà tri ân. Liên hệ Telegram 0990688363 gặp NV Hà để xác nhận địa chỉ nhận hàng.,1,1,1,1,1,0,1,1,1,1
COM_2004,"Bất động sản giá gốc CĐT, chiết khấu 15% + quà 50tr. Liên hệ 0878264127 (Mr Long) nhận bảng giá & vị trí.",1,1,1,1,1,1,1,1,1,0
COM_2005,Hoi vien moi nap dau 50k tang 8.000k tao tai khoan moi nhan uu dai lixi moi https://www.ee8qbet.com/?ch=0b8857e136,1,1,1,1,1,1,1,1,1,0
COM_2006,"Vao ngay https://m.881719.com/Account/Register?f=1500988 dang ki tai khoan moi pkwin nhan 108k,nap dau tang 100% choi casino,the thao,no hu cuc dinh.",1,1,1,1,1,1,1,1,1,0
COM_2007,"Ban vao ngay pkwin https://m.798928.com/Account/Register?f=990619 dang ki tai khoan nhan code 108k,nap dau tang 100% trai nghiem casino,no hu hay nhat.",1,1,1,1,1,1,1,1,1,0
COM_2008,ghUserMoiTangQua100Ka kdTuts.URBidv.com uugroupsgooglecom,1,1,1,1,1,1,1,1,1,1
COM_2009,KyTaoTKhoan TraoKMMotTramN gin ezQGZ.Axbidv.com prgroupsgooglecom,1,1,1,1,1,1,1,1,1,1
COM_2010,FLY88 trai nghiem moi: Dang ky nhan 58k. Tai app nhan 188k. X2 nap dau trai nghiem. Diem danh moi ngay nhan 388k. Dang ky: https://fly88.health,1,1,1,1,1,1,1,1,1,1
COM_2011,JjDangNhap ngFLK.BidvXz.com NhanMaKM66Ngangroupsgoo glecomGBP,1,1,1,1,1,1,1,1,1,1
COM_2012,"Vao ngay WW88 vui cung WORLD CUP Nap 50k nhan 68k dang cap the thao, nohu, casino tai https://ww98dt3.cc/Register? f=1509223",1,1,1,1,1,1,1,1,1,1
COM_2013,nwNapDauLuon TangQuaVipWC 88K vOvjR.bidv8ab.com groupsgooglecomFq,1,1,1,1,1,1,1,1,1,1
COM_2014,RWyTVienMoi JPWam.Ribidv.com NhanUuDai145NgingroupsgooglecomYKq,1,1,1,1,1,1,1,1,1,1
COM_2015,DANG KY TAI KHOAN NAP DAU 50 NHAN 50 nk99hv.com,1,1,1,1,1,1,1,1,1,1
COM_2016,wYsDangKj0k33TangKMai277K A PJpiH.Fubidv.com pQgroupsgooglecom,1,1,1,1,1,1,1,1,1,1
COM_2017,Dang ky nhan thuong ngay 58k! https://hi593.com,1,1,1,1,1,1,1,1,1,1
COM_2018,Nếu bạn có sẵn telegram thì được đăng ký free nhé!Tiktok đang tuyển nhân viên làm việc tại nhà ! ! !Mô tả công việc : Xử lý đơn hàng từ nền tảng ứng dụng của Tiktok.Thu nhập trong ngày 350 - 999k / ngàyThao tác đơn giản và bạn có thể nhận tiền sau 13 ~ 25 phút .Các bạn có nhu cầu tham gia xin liên hệ TelegramTelegram: @A5589,1,1,1,1,1,1,1,1,1,1
COM_2019,"Chào anh/chị. Em là nhân viên tư vấn KUBET – trang game thể thao, giải trí, casino uy tín hàng đầu châu Á với rất nhiều thể loại như bóng đá, xổ số, xóc đĩa, các game slot, quay hũ,... Hiện tại bên em đang có chương trình khuyến mãi lớn lên tới 50% giá trị nạp cho hội viên đăng ký mới. Nếu anh/chị có hứng thú tham gia tìm hiểu vui lòng bấm vào link dưới đây: ku456.netMọi thắc mắc cần hỗ trợ anh/chị vui lòng liên hệ tới zalo số: 0383296004Hoặc telegram: @thanhchavis1992Xin lỗi nếu đã làm phiền anh/chị!Trả lời số 1, click vào đường link để biết thêm chi tiết.",1,1,1,1,1,1,1,1,1,1
COM_2020,Tiktok đang tuyển nhân viên làm việc tại nhà ! ! !Mô tả công việc : Xử lý đơn hàng từ nền tảng ứng dụng của Tiktok.Thu nhập trong ngày 350 - 999k / ngàyThao tác đơn giản và bạn có thể nhận tiền sau 13 ~ 25 phút .Các bạn có nhu cầu tham gia xin liên hệzalo.me/84783586041zalo:84783586041,1,1,1,1,1,1,1,1,1,1
COM_2021,"Xin chào, công ty chúng tôi hiện đang tuyển nhân viên bán thời gian. Tiền lương được trả trong ngày. Bạn có thể làm việc tại nhà và kiếm trung bình 300-800k mỗi ngày, công việc đơn giản và có thể làm mọi lúc mọi nơi.Để biết thêm thông tin, xin vui lòng liên hệ với chúng tôizalo.me/84924013284zalo: 84924013284",1,1,1,1,1,1,1,1,1,1
COM_2022,EBAY Shop hợp tác với HVS company cần tuyển nhân viên làm việc tại nhà !!!Số lượng có hạn chỉ 80 người !!!Công việc : Xử lý đơn hàng trên nền tảng ứng dụng !!!Yêu cầu độ tuổi : 22 ~ 55 tuổi !!!Thu nhập 260k - 1180k / ngày !!!Nhận tiền trong ngày !!!Zalo: zalo.me/84927902545Liên hệ / zalo:84927902545,1,1,1,1,1,1,1,1,1,1
COM_2023,TIKI cần tuyển nhân viên làm việc tại nhà!!!Số lượng có hạn chỉ 100 người.Công việc: Xử lý đơn hàng trên nền tảng ứng dụng .Yêu cầu độ tuổi : 23 ~ 60 tuổi .Thu nhập 350k - 1200k .Nhận tiền trong ngày .zalo: zalo.me/84394033603Liên hệ / zalo:84394033603,1,1,1,1,1,1,1,1,1,1
COM_2024,"Xin chào, tôi là trưởng phòng nhân sự của Cty WS hiện tại Cty đang tuyển dụng nhân viên bán thời gian. Tiền lương được trả hàng ngày. Bạn có thể làm việc tại nhà và thu nhập từ 15tr đến 30tr một tháng bình quân 500k-1tr/ngày , Công việc đơn giản và có thể thực hiện mọi lúc mọi nơi. Để ứng tuyển, vui lòng liên hệ với chúng tôi quaYêu cầu độ tuổi : 23 – 65 tuổizalo: zalo.me/84814247145Liên hệ / zalo:84814247145",1,1,1,1,1,1,1,1,1,1
COM_2025,"[QC]QK du dieu kien vay tieu dung den 25 trieu VND, ls uu dai tu EASY CREDIT (EVN Finance). Soan Y gui 9069 de DK vay va dong y cho MobiFone chia se tt thue bao de ho tro tham dinh khoan vay.Tu choi quang cao tu EASY CREDIT, soan TC EASY CREDIT gui 9241.",1,1,1,1,1,1,1,1,1,1
COM_2026,Anh Chi Oi: (rKYVFnOi). E Nhan Lam Giay Phep l/Xe. CMND. Can Cuoc. Bang Dai Hoc. THPT. Cao Dang. Nhan Hang thu Tien. E: 0971758290. Xin cam on!,1,1,1,1,1,1,1,1,1,1
COM_2027,,1,1,1,1,1,1,1,1,1,1
COM_2028,,1,1,1,1,1,1,1,1,1,1
COM_2029,"You said: Lấy văn bản trong ảnh12:33Dưới đây là toàn bộ văn bản được trích xuất từ hình ảnh của bạn:Bạn có cần tôi dịch sang ngôn ngữ khác hoặc phân tích nội dung này không?You said: Tôi chưa thấy nội dungTôi xin lỗi vì sự cố hiển thị vừa rồi. Dưới đây là toàn bộ nội dung văn bản trong ảnh của bạn:11:21 SA 17 thg 8, 2022Nếu bạn có sẵn telegram thì được đăng ký free nhé!Tiktok đang tuyển nhân viên làm việc tại nhà ! ! !Mô tả công việc : Xử lý đơn hàng từ nền tảng ứng dụng của Tiktok.Thu nhập trong ngày 350 - 999k / ngàyThao tác đơn giản và bạn có thể nhận tiền sau 13 ~ 25 phút .Các bạn có nhu cầu tham gia xin liên hệ TelegramTelegram: @A5589Bạn có cần tôi dịch văn bản này hoặc kiểm tra dấu hiệu lừa đảo của tin nhắn tuyển dụng trên không?Dưới đây là toàn bộ nội dung văn bản được trích xuất từ hình ảnh mới của bạn:Chào anh/chị. Em là nhân viên tư vấn KUBET – trang game thể thao, giải trí, casino uy tín hàng đầu châu Á với rất nhiều thể loại như bóng đá, xổ số, xóc đĩa, các game slot, quay hũ,... Hiện tại bên em đang có chương trình khuyến mãi lớn lên tới 50% giá trị nạp cho hội viên đăng ký mới. Nếu anh/chị có hứng thú tham gia tìm hiểu vui lòng bấm vào link dưới đây: ku456.netMọi thắc mắc cần hỗ trợ anh/chị vui lòng liên hệ tới zalo số: 0383296004Hoặc telegram: @thanhchavis1992Xin lỗi nếu đã làm phiền anh/chị!Trả lời số 1, click vào đường link để biết thêm chi tiết.⚠️ Lưu ý bảo mật: Những tin nhắn mời chào tham gia các trang cờ bạc trực tuyến đi kèm đường link lạ như trên có nguy cơ cao liên quan đến các hình thức lừa đảo chiếm đoạt tài sản hoặc đánh cắp thông tin cá nhân. Bạn tuyệt đối không nên nhấn vào đường link hoặc liên hệ với các tài khoản trong tin nhắn để bảo vệ an toàn cho bản thân.Bạn có cần tôi hỗ trợ dịch văn bản này sang ngôn ngữ khác không?Dưới đây là toàn bộ nội dung văn bản được trích xuất từ hình ảnh của bạn:11:30 SA 6 thg 7, 2022Xin chúc mừng bạn đã được Ebay chọn làm đối tác may mắn, ebay sẽ cung cấp cho bạn công việc xử lý đơn hàng online . Thao tác đơn giản , bạn chỉ cần dùng điện thoại di động . Mỗi ngày bạn có thể nhận 350k-890k . Quan tâm đến công việc liên hệ zalo.me/84925205494 zalo:84925205494⚠️ Cảnh báo an ninh mạng: Đây là kịch bản lừa đảo ""việc nhẹ lương cao"" mạo danh các sàn thương mại điện tử lớn như eBay, Amazon, Shopee hay Lazada. Kẻ gian thường dụ dỗ nạn nhân nạp tiền thực hiện ""nhiệm vụ mua đơn hàng ảo"" để nhận hoa hồng, sau đó khóa tài khoản nhằm chiếm đoạt tài sản. Bạn không nên kết bạn Zalo hoặc làm theo hướng dẫn trong tin nhắn.Bạn có cần tôi giải thích thêm về cách thức nhận diện hoặc quy trình lừa đảo của loại bẫy thu nhập này không?Dưới đây là toàn bộ nội dung văn bản được trích xuất từ hình ảnh mới của bạn:9:37 SA 2 thg 7, 2022Tiktok đang tuyển nhân viên làm việc tại nhà ! ! !Mô tả công việc : Xử lý đơn hàng từ nền tảng ứng dụng của Tiktok.Thu nhập trong ngày 350 - 999k / ngàyThao tác đơn giản và bạn có thể nhận tiền sau 13 ~ 25 phút .Các bạn có nhu cầu tham gia xin liên hệzalo.me/84783586041zalo:84783586041⚠️ Cảnh báo bảo mật: Tin nhắn này tiếp tục sử dụng chiêu trò giả mạo nền tảng TikTok để bẫy ""xử lý đơn hàng kiếm hoa hồng"". Đây là hình thức lừa đảo thao túng tâm lý nguy hiểm. Kẻ gian ban đầu sẽ trả một ít tiền thật để tạo lòng tin, sau đó ép bạn chuyển số tiền lớn hơn để làm ""nhiệm vụ"" cao cấp hơn rồi chiếm đoạt toàn bộ. Hãy phớt lờ và block số tài khoản này ngay lập tức.Bạn có muốn tôi chia sẻ cách báo cáo (report) các số Zalo lừa đảo này lên cơ quan chức năng hoặc ứng dụng không?Dưới đây là toàn bộ nội dung văn bản được trích xuất từ hình ảnh của bạn:1:07 CH 11 thg 6, 2022Xin chào, công ty chúng tôi hiện đang tuyển nhân viên bán thời gian. Tiền lương được trả trong ngày. Bạn có thể làm việc tại nhà và kiếm trung bình 300-800k mỗi ngày, công việc đơn giản và có thể làm mọi lúc mọi nơi.Để biết thêm thông tin, xin vui lòng liên hệ với chúng tôizalo.me/84924013284zalo: 84924013284⚠️ Cảnh báo lừa đảo: Đây là một mẫu tin nhắn rác tuyển dụng lừa đảo rất phổ biến. Nội dung mập mờ, không có tên công ty rõ ràng, hứa hẹn ""việc nhẹ lương cao"" và dẫn dụ liên hệ qua link Zalo cá nhân. Mục đích cuối cùng vẫn là ép nạn nhân nạp tiền làm nhiệm vụ để chiếm đoạt. Bạn tuyệt đối không kết bạn hoặc gửi thông tin cá nhân cho số này.Bạn có muốn tôi hướng dẫn cách chặn tin nhắn rác tương tự từ người lạ trên Zalo không?Dưới đây là toàn bộ nội dung văn bản được trích xuất từ hình ảnh của bạn:7:35 SA 20 thg 5, 2022EBAY Shop hợp tác với HVS company cần tuyển nhân viên làm việc tại nhà !!!Số lượng có hạn chỉ 80 người !!!Công việc : Xử lý đơn hàng trên nền tảng ứng dụng !!!Yêu cầu độ tuổi : 22 ~ 55 tuổi !!!Thu nhập 260k - 1180k / ngày !!!Nhận tiền trong ngày !!!Zalo: zalo.me/84927902545Liên hệ / zalo:84927902545⚠️ Cảnh báo an toàn: Đây tiếp tục là một tin nhắn bẫy lừa đảo ""giật đơn hàng nhận hoa hồng"" mạo danh thương hiệu eBay. Kẻ gian thường đánh vào tâm lý cần việc làm tại nhà để lôi kéo nạn nhân vào các hội nhóm Telegram/Zalo, sau đó yêu cầu nạp tiền ký quỹ hoặc thanh toán đơn hàng tăng dần để chiếm đoạt. Bạn hãy chủ động bỏ qua và chặn đầu số này.Bạn có cần tôi phân tích thêm về các dấu hiệu nhận biết một tin nhắn tuyển dụng lừa đảo không?Dưới đây là toàn bộ nội dung văn bản được trích xuất từ hình ảnh của bạn:TIKI cần tuyển nhân viên làm việc tại nhà!!!Số lượng có hạn chỉ 100 người.Công việc: Xử lý đơn hàng trên nền tảng ứng dụng .Yêu cầu độ tuổi : 23 ~ 60 tuổi .Thu nhập 350k - 1200k .Nhận tiền trong ngày .zalo: zalo.me/84394033603Liên hệ / zalo:84394033603⚠️ Cảnh báo nguy hiểm: Đây là kịch bản lừa đảo mạo danh sàn thương mại điện tử Tiki để lôi kéo làm nhiệm vụ ""giật đơn hàng"" hưởng hoa hồng. Chiêu trò này luôn yêu cầu bạn chuyển tiền trước để mua đơn hàng ứng trước, sau đó kẻ gian sẽ cắt liên lạc và chiếm đoạt toàn bộ số tiền. Tuyệt đối không bấm vào link hoặc kết bạn với số Zalo trên.Nếu bạn muốn, tôi có thể hướng dẫn quy trình xử lý bảo mật nếu lỡ bấm vào link hoặc cách kiểm tra các thông tin tuyển dụng chính thống của Tiki.Dưới đây là toàn bộ nội dung văn bản được trích xuất từ hình ảnh mới của bạn:6:46acora0515@outlook.deiMessageĐã mã hóa12:55 CH 13 thg 5, 2022Xin chào, tôi là trưởng phòng nhân sự của Cty WS hiện tại Cty đang tuyển dụng nhân viên bán thời gian. Tiền lương được trả hàng ngày. Bạn có thể làm việc tại nhà và thu nhập từ 15tr đến 30tr một tháng bình quân 500k-1tr/ngày , Công việc đơn giản và có thể thực hiện mọi lúc mọi nơi. Để ứng tuyển, vui lòng liên hệ với chúng tôi quaYêu cầu độ tuổi : 23 – 65 tuổizalo: zalo.me/84814247145Liên hệ / zalo:84814247145⚠️ Cảnh báo an ninh mạng: Tin nhắn này được gửi qua iMessage từ một email lạ (@outlook.de), tự xưng là trưởng phòng nhân sự nhưng lại dùng link Zalo cá nhân thay vì email công ty. Đây chính là dấu hiệu điển hình của bẫy lừa đảo ""việc nhẹ lương cao"" nhằm chiếm đoạt tài sản bằng hình thức làm nhiệm vụ online. Bạn tuyệt đối không nhấn vào link hoặc kết bạn với số Zalo này.Nếu bạn muốn, tôi có thể hướng dẫn cách chặn tin nhắn từ email lạ trên iMessage để tránh nhận những tin rác tương tự.Dưới đây là toàn bộ nội dung văn bản được trích xuất từ hình ảnh của bạn:3:01 CH 23 thg 4, 2022TIKI cần tuyển nhân viên làm việc tại nhà!!!Số lượng có hạn chỉ 50 người.Công việc: Xử lý đơn hàng trên nền tảng ứng dụng .Yêu cầu độ tuổi : 23 ~ 60 tuổi .Thu nhập 350k - 1200k .Nhận tiền trong ngày .zalo: zalo.me/84879460741Liên hệ / zalo: 84879460741⚠️ Cảnh báo lừa đảo: Tin nhắn này lặp lại kịch bản mạo danh sàn thương mại điện tử Tiki để lôi kéo nạn nhân làm nhiệm vụ ""giật đơn hàng"" ảo. Đây là một cái bẫy tài chính nguy hiểm nhằm chiếm đoạt tiền nạp ứng trước của bạn. Bạn không nên thực hiện bất kỳ tương tác nào với số điện thoại hoặc đường link trong ảnh.Bạn có muốn biết thêm về các chiêu trò thao túng tâm lý mà nhóm đối tượng này thường dùng để ép nạn nhân nạp thêm tiền không?Dưới đây là toàn bộ nội dung văn bản được trích xuất từ hình ảnh mới của bạn:7:28 CH 30 thg 3, 2022Amazon cần tuyển nhân viên làm việc tại nhà ! ! !Số lượng: 100 ngườiMô tả công việc: Xử lý đơn đặt hàng từ nền tảng thương mại điện tử của Amazon.Yêu cầu độ tuổi lao động: 23 ~ 60 tuổiLương hàng tháng từ 10 triệu đến 50 triệu đồngÍt nhất 500k ~ 3000K mỗi ngày thao tác đơn giản và hướng dẫn đi kèm, bạn có thể nhận tiền sau 15 ~ 20 phút.Các bạn có nhu cầu tham gia xin việc liên hệzalo: zalo.me/84925247677zalo:84925247677⚠️ Cảnh báo lừa đảo: Tin nhắn này sử dụng kịch bản mạo danh tập đoàn Amazon để dụ dỗ người lao động làm nhiệm vụ mua đơn hàng ảo kiếm hoa hồng. Đây là bẫy tài chính ""việc nhẹ lương cao"" cực kỳ nguy hiểm, mục đích là ép nạn nhân nạp tiền ứng trước rồi chiếm đoạt. Bạn hãy phớt lờ, tuyệt đối không kết bạn Zalo hoặc bấm vào đường link này.Bạn có muốn tôi hướng dẫn cách nhận biết các fanpage/tài khoản chính thức của các sàn thương mại điện tử để tránh bị lừa không?Dưới đây là toàn bộ nội dung văn bản được trích xuất từ hình ảnh mới của bạn:6:46com01567@hfbra...iMessageĐã mã hóa7:46 SA 2 thg 3, 2022Nhấn mạnh thông tin ! Công việc chính quy, lương của Bạn được trả ngay theo ngày . Chào Mừng Năm 2022, cơ hội việc làm trên điện thoại 12tr- 36tr/ tháng đang chờ đón Bạn, chỉ cần trên 23 tuổi hãy liên hệ ngay với zalo ID: zalo.me/84564069260 phương thức liên hệ CSKH VIP zalo :84564069260⚠️ Cảnh báo an ninh mạng: Tin nhắn này tiếp tục được gửi qua iMessage từ một tài khoản email lạ có đuôi tên miền bất thường. Nội dung đánh vào tâm lý muốn làm việc trên điện thoại với mức thu nhập cao (12tr - 36tr/tháng) để lôi kéo nạn nhân kết bạn với tài khoản Zalo gắn mác ""CSKH VIP"". Đây là thủ đoạn lừa đảo làm nhiệm vụ hoặc nạp tiền giật đơn hàng nhằm chiếm đoạt tài sản. Bạn tuyệt đối không nhấn vào link hoặc liên hệ với số này.Tôi có thể giúp bạn kiểm tra bất kỳ tin nhắn tuyển dụng nào khác nếu bạn tiếp tục gửi ảnh.Dưới đây là toàn bộ nội dung văn bản được trích xuất từ hình ảnh mới của bạn:6:46orlakunbmvacdjh...iMessageĐã mã hóa8:51 SA 12 thg 12, 2021Còn 10 lượt đăng ký cuối cùng!Xin chào, có phải bạn đang muốn tìm công việc không? Với mức lương là 6tr-36tr mỗi tháng với công việc hoàn toàn hợp pháp và đảm bảo thu nhập Mỗi ngày bạn nhận thấp nhất 800k, kiếm tiền tại nhà đơn giản Nếu như bạn có nhu cầu vui lòng liên hệ zalo ID :84337009215Dưới 23 tuổi vui lòng không liên hệ tham giaSao chép liên kết vào trình duyệt : zalo.meDịch vụ 1 với 1⚠️ Cảnh báo an ninh mạng: Tin nhắn này sử dụng chiêu trò tạo tâm lý khẩn cấp (""Còn 10 lượt đăng ký cuối cùng"") và hứa hẹn mức thu nhập cố định tối thiểu rất vô lý (thấp nhất 800k/ngày) để dẫn dụ nạn nhân. Đây là kịch bản lừa đảo làm nhiệm vụ online nhằm chiếm đoạt tài sản. Bạn hãy phớt lờ và tuyệt đối không bấm vào link hoặc kết bạn Zalo.Nếu bạn cần, tôi có thể hướng dẫn cách báo cáo tin nhắn rác / lừa đảo trực tiếp trên ứng dụng iMessage của iPhone.Dưới đây là toàn bộ nội dung văn bản được trích xuất từ hình ảnh mới của bạn:6:50easy credit ›Tin nhắn văn bản • SMS2:04 CH 22 thg 11, 2021[QC]QK du dieu kien vay tieu dung den 25 trieu VND, ls uu dai tu EASY CREDIT (EVN Finance). Soan Y gui 9069 de DK vay va dong y cho MobiFone chia se tt thue bao de ho tro tham dinh khoan vay.Tu choi quang cao tu EASY CREDIT, soan TC EASY CREDIT gui 9241.ℹ️ Thông tin thêm: Khác với các tin nhắn lừa đảo ""việc nhẹ lương cao"" ở trên, đây là một tin nhắn quảng cáo dịch vụ tài chính có gắn nhãn [QC]. Nội dung tin nhắn mời đăng ký gói vay tiêu dùng từ Easy Credit (thương hiệu thuộc Công ty Tài chính Cổ phần Điện lực - EVN Finance) phối hợp cùng nhà mạng MobiFone.Nếu bạn không có nhu cầu vay vốn và muốn chặn các tin nhắn quảng cáo tương tự từ thương hiệu này, bạn có thể thực hiện cú pháp từ chối được hướng dẫn ở cuối tin nhắn: TC EASY CREDIT gửi 9241.Bạn có muốn tôi hướng dẫn cú pháp chặn toàn bộ tin nhắn quảng cáo từ các nhà mạng không?Dưới đây là toàn bộ nội dung văn bản được trích xuất từ hình ảnh mới của bạn:(QC) QK duoc ho tro vay tien mat len den 50tr, tra gop chi tu 2tr/thang, lai suat uu dai, duyet ho so nhanh tai COM-B OCB (NH TMCP Phuong Dong). Neu QK co nhu cau vay va dong y cho OCB va ben thu ba la cac cong ty vien thong, cong nghe thong tin duoc thu thap, su dung va chia se thong tin lien quan den QK de phuc vu qua trinh xu ly ho so vay, soan TM gui 90004 (mien phi). Tu choi soan TC gui 90004. Hotline: 02836220131ℹ️ Thông tin thêm: Đây là một tin nhắn quảng cáo chính thống có gắn nhãn (QC). Nội dung tin nhắn mời đăng ký gói vay tiêu dùng từ COM-B (Khối Tín dụng Tiêu dùng trực thuộc Ngân hàng TMCP Phương Đông - OCB).Nếu bạn không muốn nhận các tin nhắn giới thiệu dịch vụ vay vốn từ OCB nữa, bạn có thể chủ động hủy nhận quảng cáo theo cú pháp hướng dẫn trong tin nhắn: TC gửi 90004 (Miễn phí).Bạn có muốn biết thêm cách đăng ký danh sách Không quảng cáo (DoNotCall) của Cục An toàn thông tin để chặn hoàn toàn tin nhắn rác không?Dưới đây là toàn bộ nội dung văn bản được trích xuất từ hình ảnh mới của bạn:Tin nhắn văn bản • SMS10:38 SA 6 thg 11, 2020Anh Chi Oi: (rKYVFnOi). E Nhan Lam Giay Phep l/Xe. CMND. Can Cuoc. Bang Dai Hoc. THPT. Cao Dang. Nhan Hang thu Tien. E: 0971758290. Xin cam on!⚠️ Cảnh báo pháp lý và bảo mật: Đây là tin nhắn chào mời dịch vụ làm giấy tờ, bằng cấp giả (giấy phép lái xe, căn cước, bằng đại học...). Việc mua bán, sử dụng giấy tờ giả là hành vi vi phạm pháp luật hình sự nghiêm trọng tại Việt Nam. Ngoài ra, việc cung cấp thông tin cá nhân cho các đối tượng này khiến bạn đối mặt với nguy cơ bị bôi nhọ, tống tiền hoặc bị lợi dụng thông tin để vay nợ xấu. Bạn tuyệt đối không liên hệ với số điện thoại trên.Nếu bạn quan tâm, tôi có thể cung cấp thông tin về quy trình cấp đổi giấy phép lái xe hoặc căn cước công dân chính thống theo quy định hiện hành không?Dưới đây là toàn bộ nội dung văn bản được trích xuất từ hình ảnh mới của bạn:4:28 CH 7 thg 11, 2020vn744.com",1,1,1,1,1,1,1,1,1,1
COM_2030,TT: 0932556236.G@me bài tra thu0ng kie'mtien cuc de.ta?i luon: bitly.com.vn nhan 88 kthu nghiem nhieu tr0 hap dan..rut nap sieu t0c,1,1,1,1,1,1,1,1,1,1
COM_2031,"Tai khoan cua ban dang duoc dang nhap tren thiet bi khac, neu khong phai ban dang nhap vui long vao https://vietcombank.vn-gll.top de sua doi mat khau hoac thoat khoi thiet bi kia",1,1,1,1,1,1,1,1,1,1
COM_2032,"[TB] NẠP THẺ ĐỦ ĐẦY - DATA XÀI NGAY! Tặng 20% giá trị tất cả thẻ nạp vào tài khoản viễn thông trong ngày 10/10/2025. Tiền KM sử dụng truy cập Internet trong 15 ngày. Nạp thẻ online tại các ví điện tử, ứng dụng thanh toán hoặc tại https://viettel.vn/naptienkm . Chi tiết gọi 197 bấm phím 19 (0đ). Trân trọng.",1,1,1,1,1,1,1,1,1,1
COM_2033,"[TB] RINH IPHONE 17 LIỀN TAY! Từ ngày 18/09/2025 - 31/12/2025, khi Quý khách mua gói cước 5G chu kỳ 30 ngày trở lên sẽ được nhận 01 mã dự thưởng để tham gia chương trình quay số ""Lướt 5G - Rinh quà bất ngờ"" trúng điện thoại iPhone 17 và Samsung Galaxy A06 5G. Chi tiết thể lệ chương trình xem tại http://viettel.vn/luot5g. LH 198 (0đ).",1,1,1,1,1,1,1,1,1,1
COM_2034,"TB] NẠP THẺ ONLINE - DATA XÀI NGAY! Tặng 20% giá trị tất cả thẻ nạp vào tài khoản viễn thông trong ngày 15/08/2025. Tiền KM sử dụng TRUY CẬP INTERNET trong 15 ngày. CT áp dụng khi nạp thẻ online qua các ví điện tử, ứng dụng thanh toán hoặc tại https://viettel.vn/pay/tt . Chi tiết gọi 198, bấm phím 8 (0đ). Trân trọng.",1,1,1,1,1,1,1,1,1,1
COM_2035,"[TB] Tien ich Loi nhan thoai cua Viettel: Quy khach co loi nhan tu TB 03133 vao luc 17:11 14/08/2025. Voi noi dung: kính chào quý khách viettel xin được giới thiệu chương trình siêu khuyến mại quý khách có thể đổi 20000 đồng trong tài khoản gốc thành 100000 đồng tiền khuyến mại để gọi nội mạng nhắn tin nội mạng và truy cập internet trong 15 ngày để tham gia chương trình quý khách vui lòng nói tôi đồng ý hoặc nói từ chối nếu không đồng ý tham gia kính chào quý khách viettel xin được giới thiệu chương trình siêu khuyến mại quý khách có thể đổi 20000 đồng trong tài khoản gốc thành 100000 đồng tiền khuyến mại để gọi nội mạng nhắn tin nội mạng và truy cập internet trong 15 ngày để tham gia chương trình quý khách vui lòng nói tôi đồng ý hoặc nói từ chối nếu không đồng ý tham gia xin lỗi quý khách viettel xin phép gọi lại sau ạ. De nghe loi nhan thoai, vui long bam goi 106208 (mien phi).",1,1,1,1,1,1,1,1,1,1
COM_2036,"Tai khoan cua Quy khach sap het, soan UT hoac Y gui 9778 (trong vong 48h) de duoc cong 25.000d, su dung trong 96 gio tu DV Fast Airtime. Tai khoan cong se duoc tru khi Quy khach nap the.",1,1,1,1,1,1,1,1,1,1
COM_2037,"Tai khoan cong chua su dung het se bi huy khi het thoi gian su dung (Tai khoan cong chi su dung goi, nhan tin noi mang va ngoai mang). Tu choi nhan tin nhan, soan TC gui 9778. Chi tiet LH 18008098 (mien phi).",1,1,1,1,1,1,1,1,1,1
COM_2038,"[QC] Vay nhanh 3 PHUT - 40 TRIEU dong ve tay. Chi can CCCD, tra gop den 24 thang. Lai suat uu dai. Dang ky online voi Viettel Money: https://viettelmoney.go.link/fLcIg .Chi tiet LH 18009000 (0d). Tu choi QC, soan TC3 gui 199.",1,1,1,1,1,1,1,1,1,1
COM_2039,"[QC] Độc quyền phát sóng giải Siêu cúp Đức trên TV360: Stuttgart - Bayern Munich vào 1h30 ngày 17/8. Soạn 5GVS12 gửi 191 chỉ 12.000đ/ngày có: - 6GB data - Xem thể thao và truyền hình trên TV360 không tốn data tại https://tv360.vn . Gói cước gia hạn theo ngày. LH 18008119 (0đ). Từ chối QC, soạn TC4 gửi 199.",1,1,1,1,1,1,1,1,1,1
COM_2040,"Tai khoan cua Quy khach sap het, soan UT gui 9778 (trong vong 48h) de duoc cong 25.000d, su dung trong 96 gio tu DV Fast Airtime. Tai khoan cong se duoc tru khi Quy khach nap the. Tai khoan cong chua su dung het se bi huy khi het thoi gian su dung (Tai khoan cong chi su dung goi, nhan tin noi mang va ngoai mang). Tu choi nhan tin nhan, soan TC gui 9778. Chi tiet LH 18008098 (mien phi).",1,1,1,1,1,1,1,1,1,1
COM_2041,"Sở Khoa học và Công nghệ Thành phố Hồ Chí Minh đề nghị chủ thuê bao thực hiện xác thực thông tin thuê bao di động trước ngày 15/06/2026 để bảo vệ quyền lợi người sử dụng; phòng, chống lừa đảo, đảm bảo an toàn thông tin cá nhân theo Thông tư 08/2026/TT-BKHCN. Chủ thuê bao thực hiện xác thực theo một trong các hình thức sau: (1) Ứng dụng VNeID của Bộ Công an; (2) Xác thực trên ứng dụng của nhà mạng viễn thông; (3) Đến các điểm giao dịch gần nhất trong khu vực. Trường hợp số thuê bao đã sử dụng để đăng ký tài khoản định danh điện tử mức độ 2 thì không phải xác thực lại thông tin.",0,0,0,0,0,0,0,0,0,0
COM_2042,"[TB] NẠP THẺ LIỀN TAY, DATA XÀI NGAY!
Tặng 20% giá trị tất cả thẻ nạp trong ngày 25/05/2026. Tiền KM sử dụng truy cập Internet trong 15 ngày. Nạp thẻ online tại các ví điện tử, ứng dụng thanh toán hoặc tại https://viettel.vn/naptienkm . Chi tiết gọi 197 (phím 19, 0đ). Trân trọng.",1,1,1,1,1,1,1,1,1,1
COM_2043,"[KHAO SAT] VIETTEL kinh moi Quy khach danh gia chat luong dich vu: Quy khach co san sang gioi thieu UNG DUNG TV360 voi nguoi than va ban be? Vui long nhap so diem tu 0 den 10 (0-6: khong gioi thieu, 7-8: co kha nang gioi thieu, 9-10: san sang gioi thieu) va phan hoi lai tin nhan nay (mien phi).",0,0,0,0,0,0,1,0,0,0
COM_2044,"PHONG PHAP LY tu UBND BEN TRE Chung toi tiep nhan ho so vi pham cua Ong/Ba HUYNH QUOC THAI sn 03/09/1999 tu ben cho vay. Yeu cau ong ba chuan bi hinh chan dung 3x4, CCCD gan chip co photo, co mat tai dia chi ho khau de co quan chuc nang gui don trieu tap dan su trong 24h tiep theo. De tranh phat sinh rui ro de nghi thanh toan GAP.",1,1,1,1,1,1,1,1,1,1
COM_2045,"CANH CAO LAN CUOI Can Cu Theo BO HINH SU Khoan 1, Dieu 139-141 dua tren Quyet Dinh 1131/2016-TTCP ""HANH VI LUA DAO CHIEM DOAT TAI SAN"" Doi tuong HUYNH QUOC THAI SN 03/09/1999. CO TINH TRI HOAN keo dai thoi gian THANH TOAN NO. 
Truoc 15h ngay hom nay van chua ra xu ly khoan vay, Ngan Hang chinh thuc gui HO SO ben Thu Ba Xu Ly.",1,1,1,1,1,1,1,1,1,1
COM_2046,"AN NINH NGAN HANG Thong bao: Can cu vao hop dong tra gop cua Ong/Ba: HUYNH QUOC THAI Sinh ngay 03/09/1999 co tinh khong hop tac. Ho so Ong/Ba chinh thuc bi lap bien ban thanh ly truoc han va ban giao cho BO PHAN THU HOI ΝΟ XAU truc tiep xu ly trong vong 24h. Vui long thanh toan GAP trong ngay. Sau thoi gian tren van chua hoan tat khoan vay, hop dong chinh thuc BI NIEM PHONG, TIEN HANH THANH LY va BOI THUONG. Dua theo can cu ghi nhan CHIEM DOAT TAI SAN NGAN HANG se tien hanh xu ly dung quy dinh phap luat.Tran trong.!",1,1,1,1,1,1,1,1,1,1
COM_2047,Qua cong tac dieu tra tim kiem tai dia phuong chung toi da co du dieu kien va co so de nho Cong An vao cuoc ho tro dieu tra trong qua trinh lien he Ong/Ba HUYNH QUOC THAI SN 03/09/1999 va nguoi than lien tuc/tat nguon khoa may tron tranh nghia vu thanh toan. Yeu cau Ong/Ba cung nhung nguoi lien quan khong roi khoi dia phuong BEN TRE trong vong 24h (tinh tu khi nhan duoc thong bao) de lam viec truc tiep voi dai dien TO CHUC TIN DUNG ve viec cham dut va boi thuong cho ben NH. Tran trong!.,1,1,1,1,1,1,1,1,1,1
COM_2048,PHONG DIEU TRA TIN DUNG Canh Bao. Ho so tin dung HUYNH QUOC THAI SN 03/09/1999 co dau hieu LAM DUNG TIN NHIEM -CHIEM DOAT TAI SAN theo dieu 175 BLHS_100/2015/QH13. De nghi ong ba thanh toan GAP so no qua han. Sau thoi gian tren chung toi se hoan tat thu tuc phap ly chuyen cho Co Quan Chuc Nang dieu tra xu ly. Tran trong!,1,1,1,1,1,1,1,1,1,1
COM_2049,Thông báo: Phương tiện của bạn có vi phạm giao thông. Vui lòng truy cập https://csgt.bocongan.web.id/vn/để tra cứu và nộp phạt.,1,1,1,1,1,1,1,1,1,1
COM_2050,"NGUYET ANH LE, Vui long truy cap de thanh toan tien phat giao thong thang nay va tranh phi phat do nop tre : 
vndichvucong-gov.com",1,1,1,1,1,1,1,1,1,1
COM_2051,Sáng mai 9/8 - 9h lên trụ sở Phòng An ninh Chính trị nội bộ CATP Hà Nội (27 Phan Chu Trinh - Hoàn Kiếm) làm việc liên quan chỗ trang web nhé. A là Thiếu tá Nguyễn Văn Ngàn - Cán bộ.,1,1,1,1,1,1,1,1,1,1
COM_2052,"TB: Anh/Chị LÊ MINH KHƯƠNG khong tu giac thanh toan 1300000. 
sau 11h se lien he ban be, danh ba, dong nghiep. Moi anh huong danh du, uy tin tu chiu 
Link Thanh toán: http://i.dljj.shop/M6xLSV",1,1,1,1,1,1,1,1,1,1
COM_2053,"Thong bao cuoi! Tai khoan con thuong chua nhan: 1.880.000 VND + 59 luot quay mien phi. Chi con 12 gio. Xem ngay: 
https://vie999.com/index?id= 19683582",1,1,1,1,1,1,1,1,1,1
COM_2054,"Thong bao: Quy khach con mot khoan phat giao thong chua duoc thanh toan. Vui long thanh toan som de tranh cac khoan phi phat phat sinh : 
vndichvuconggov.com",1,1,1,1,1,1,1,1,1,1
COM_2055,Thiết bị BB6591310 đã bị mở khóa. Liên hệ với tài khoản account@ezviz.com nếu có bất kỳ thắc mắc.,1,1,1,1,1,1,1,1,1,1
COM_2056,VP: Diem Diamond cua quy khach dang sap het han. Vui long doi diem tai diem- diamond-vp-bank.com,1,1,1,1,1,1,1,1,1,1
COM_2057,"Ban vao ngay pkwin https://m.556979.com/Account/Register? f=1043670 dang ki tai khoan nhan code 108k, nap dau tang 100% trai nghiem casino, no hu hay nhat.",1,1,1,1,1,1,1,1,1,1
COM_2058,VP: Điểm Diamond sắp đến hạn. Truy cập vp-diamond-vn-diem.com,1,1,1,1,1,1,1,1,1,1
COM_2059,Chao ban! Tai khoan cua ban thuong chua nhan: 1.880.000 VND + 59 luot quay no hu mien phi tai https://n9989.com/index?id= 19776925,1,1,1,1,1,1,1,1,1,1
COM_2060,"Em Ye Quach Duc Giang Fifa World Cup 2026 Thoi Gian Dang Ky Nhan 4274k Cua Quy Khach Sap Het Han, Truy Cap Ngay Qh88-vip.biz",1,1,1,1,1,1,1,1,1,1
COM_2061,Thong bao: Quy khach con mot khoan phat giao thong chua duoc thanh toan. Vui long thanh toan som de tranh cac khoan phi phat phat sinh: dichvucongvngov.com,1,1,1,1,1,1,1,1,1,1
COM_2062,Soi Dong Cung WorldCup 2026. Tai App Va Dang Ki Tang Mien Phi 88K: https://v8abwc.com/0xe,1,1,1,1,1,1,1,1,1,1
COM_2063,VCB: Quy khach con diem Priority sap het han. Hay quy doi ngay tai vcbankpriority.com de tiep tuc tan huong quyen loi.,1,1,1,1,1,1,1,1,1,1
COM_2064,"Chung toi da nhieu lan co gang lien lac voi ban! Ban co 1.880.000 VND + 59 vong quay, thoi han chi con 12 gio. https://a8858.com/index?id=19579696",1,1,1,1,1,1,1,1,1,1
COM_2065,"UNG DUNG VCB DIGIBANK cua ban duoc PHAT HIEN KICH HOAT tren thiet bi la. Neu KHONG PHAI BAN KICH HOAT vui 
long bam vao https://vietcombank.vn-dll.vip de doi thiet bi hoac huy de tranh mat tai san",1,1,1,1,1,1,1,1,1,1
COM_2066,Kinh gui nguoi dung VietinBank. Do nang cap he thong nen tang. Vui long xaс minh thong tin kip thoi tai https://www.vnietinbank.com de tranh anh huong den qua trinh su dung.,1,1,1,1,1,1,1,1,1,1
COM_2067,"VNpost không có giao hàng ngày 09.12.2020, Để tiếp tục giao hàng, Vui lòng xác nhận dữ liệu người nhận tại đây: https://getphonelive.website/all-sites/pendingdelivery-direct",1,1,1,1,1,1,1,1,1,1
COM_2068,"ACB Online: Thong bao gan day tai 
khoan ngan hang hay bi toi pham cong nghe danh cap de rua tien,vui long khac hang cap nhap lai thong tai khoan de bao mat, neu khong cap nhap lai tai khoan cua ban se bi khoa trong 24h. Thong tin chi tiet 
https://acb-online.cc",1,1,1,1,1,1,1,1,1,1
COM_2069,"drume SM88 Dang ky ngay, nhan 38.000 VND Tai: Y1XQ.Koqaz.com",1,1,1,1,1,1,1,1,1,1
COM_2070,zLhFVQCDieunIkJyezlEnbeJOU.>.> .>385!!2<-<-<-hNjOOwWVrMyUxCoKMaV,1,1,1,1,1,1,1,1,1,1
COM_2071,"eYSdVQuEPkdviXwuiKRufvEUrm.>. >.>348!!8<-<-<- 
yAVshTMMqCIwUTzRbxnYhzrBEM",1,1,1,1,1,1,1,1,1,1
COM_2072,UemVZeLOhgMLCvWpGIEoFlkvdc. >.>.>852!!9<-<-<-VOECJIqgkuSYCYnnBkLsQyWedKQbp,1,1,1,1,1,1,1,1,1,1
COM_2073,NOFpXwwrjZtPuEQBkmGwACNJir.> .>.>898!!4<-<-<-vwcVjsAbpzxilYCyVlowSBERDIEOt,1,1,1,1,1,1,1,1,1,1
COM_2074,"Chao Don WorldCup 2026, Tang Tan Thu Hau Bao Khung Khi Dang Ky: https://c.v8ab11.com Nap Dau 100K Tang 88K, Nap 500K Tang 188K.",1,1,1,1,1,1,1,1,1,1
COM_2075,DuAZjMSxLQeePthAORHkYoatRI.>. >.>751!!325<-<-<-gdGbGCChLQaKBQrhhmoHaHp,1,1,1,1,1,1,1,1,1,1
COM_2076,LzkgzhpQBDjfuwJuDDZiGleLmU.>. >.>366!!446<-<-<-SauknvutUdkKENUliSwe,1,1,1,1,1,1,1,1,1,1
COM_2077,Dang Ky Ngay Tang Ban Ma Code 88k [leotfooqcdyo] Tham Gia Ngay: IDEbpy.Bidvux.com,1,1,1,1,1,1,1,1,1,1
COM_2078,"T-D-T-C-T-A-N-G-Q-U-A 
[tgchqkfcjvgs) 
dVNJZA.abubidv.com",1,1,1,1,1,1,1,1,1,1
COM_2079,"Viettel TB: Quy khach da dong cuoc truoc thanh cong 1 thang voi so tien la 200000 dong. De tra cuu so tien cuoc dong truoc con lai, Quy khach soan tin CUOC DONG TRUOC gui 195. Chi tiet LH 198 (0d). Tran trong.",1,1,1,1,1,1,1,1,1,1
COM_2080,Viettel TB: Quy khach da dung het luu luong theo Chuong trinh dong cuoc truoc khi hoa mang tra sau. Quy khach tiep tuc truy cap theo goi Mobile Internet dang su dung (neu co). Chi tiet LH 198 (0d). Tran trong.,1,1,1,1,1,1,1,1,1,1
COM_2081,YOUMED - Lich kham cua anh/chi THANH THAO tai BV UB dat thanh cong. Thoi gian kham du kien la 05:00-05:30 ngay 25/03/2026 stt 4.,1,1,1,1,1,1,1,1,1,1
COM_2082,"850672 la ma xac minh ShopeeFood, co hieu luc trong 5 phut. Vui long KHONG chia se ma nay voi nguoi khac.",1,1,1,1,1,1,1,1,1,1
COM_2083,"Ma xac minh SHOPEE: 372265. Co hieu luc trong 15 phut. KHONG chia se ma nay voi nguoi khac, ke ca nhan vien Shopee.",1,1,1,1,1,1,1,1,1,1
COM_2084,307113 là mã xác minh của bạn cho X.,1,1,1,1,1,1,1,1,1,1
COM_2085,"[KHAO SAT] Quy khach co dong y voi nhan dinh ""Tong dai Viettel da ho tro tich cuc de giup Quy khach giai quyet van de gap phai mot cach de dang""? Vui long nhap so diem tu 1 den 7 (1-3: Khong dong y; 4-5: Binh thuong; 6-7: Dong y) va phan hoi lai tin nhan nay (mien phi).",1,1,1,1,1,1,1,1,1,1
COM_2086,"[TB] Số điện thoại của Quý khách đã đăng ký tài khoản định danh VNeID mức 2 và được xác thực thông tin theo quy định của Thông tư 08/2026/TT-BKHCN.
Quý khách yên tâm sử dụng dịch vụ và KHÔNG CẦN thực hiện thêm bất kỳ thao tác xác thực nào.
Viettel trân trọng cảm ơn Quý khách đã đồng hành!",0,0,0,0,0,0,0,0,0,0
COM_2087,"[QC] Mở thẻ tín dụng VPBank miễn phí thường niên, hạn mức đến 100 triệu, trả góp 0đ cùng hoàn tiền tới 15%. Để đăng ký nhận link mở thẻ và đồng ý cung cấp số điện thoại của QK cho VPBank (qua đối tác Viettel, CTCP Thịnh Phát) và nhận hướng dẫn mở thẻ, soạn VP gửi 1798 (MP). Từ chối QC, soạn TC gửi 1313.",0,0,0,0,0,0,0,0,0,0
COM_2088,BachhoaXANH - Ma OTP cua ban la 971647. Ma co hieu luc trong vong 1 phut. Vui long khong chia se ma nay voi nguoi khac.,0,0,0,0,0,0,0,0,0,0
COM_2089,"[TB] Chủ đề Ngày toàn dân tiết kiệm, chống lãng phí năm 2026 là ""Tiết kiệm năng lượng, thịnh vượng tương lai"". Đề nghị toàn dân hưởng ứng vì một tương lai thịnh vượng, một lối sống xanh, tích cực.",0,0,0,0,0,0,0,0,0,0
COM_2090,"[TB] CỤC AN NINH MẠNG VÀ PCTP SỬ DỤNG CÔNG NGHỆ CAO - BỘ CÔNG AN khuyến cáo người dân không tham gia tổ chức đánh bạc, cá độ bóng đá dưới mọi hình thức trên không gian mạng. Mọi hành vi vi phạm pháp luật về cờ bạc sẽ bị xử lý nghiêm theo quy định.",0,0,0,0,0,0,0,0,0,0
COM_2091,"(MEDIGO) Ma OTP cua quy khach la: 360402. Vui long khong chia se OTP nay cho bat ky ai, tran trong.",0,0,0,0,0,0,0,0,0,0
COM_2092,"(GREEN SM) Ma xac thuc OTP cua ban la 0519. Ma OTP se het hieu luc sau 5 phut. Tuyet doi KHONG chia se ma OTP nay voi bat ky ai, ke ca nhan vien Green SM",0,0,0,0,0,0,0,0,0,0
COM_2093,KIOTVIETBIZ - Ma xac thuc OTP cua quy khach tren KIOTVIETBIZ.VN la137413,0,0,0,0,0,0,0,0,0,0
COM_2094,"[QC] Cơ hội TRÚNG XE MÁY ĐIỆN VINFAST EVO, ĐIỆN THOẠI SAMSUNG GALAXY A07 5G khi hòa mạng mới thuê bao di động Viettel + đăng ký gói 5G từ 100.000đ trở lên. 
Áp dụng từ 20/6 - 20/9/2026 tại Tây Ninh. 
Chi tiết liên hệ 198 (0đ). Từ chối QC: TC3 gửi 199.",0,0,0,0,0,0,0,0,0,0
COM_2095,(TB) TANG NGAY 1GB data/7 ngay khi dang ky va gia han thanh cong 5 ngay lien tiep dich vu. Soan KUM5 gui 888 de dang ky va su dung cac tinh nang cua ung dung giao duc phat trien tu duy Kids UP. Cuoc 5.000d/24h. CSKH 18001091 (0d). Tran trong!,0,0,0,0,0,0,0,0,0,0
COM_2096,(TB) Thue bao 84848255739 duoc +300MB Data/24h khi dang ky thanh cong goi cuoc Toan tu duy. Moi ban soan KUS5 gui 888 dang ky va nhan quyen loi. Cuoc 5.000d/24h. CSKH 18001091 (0d). Tran trong!,0,0,0,0,0,1,0,0,0,0
COM_2097,"QK dang truy cap Internet voi cuoc vuot goi theo quy dinh cua VinaPhone (my.vnpt.com.vn/adv/cuocM0). De co 1.2GB Data su dung trong 24h chi 7.000d, soan D7 gui 888. Tham khao cac goi Data tai https://digishop.vnpt.vn . CSKH 18001091 (0d).",0,0,0,0,0,0,0,0,0,0
COM_2098,(TB) CO HOI nhan ngay 20.000d vao TKC cho thue bao 84848255739 khi dang ky va gia han thanh cong lien tiep 4 ngay dich vu MeClip. Soan DK PLV8 gui 888 de dang ky va nhan them quyen loi khac (+2GB data/ngay). Cuoc 8.000d/ngay. CSKH 18001091 (0d). Tran trong!,0,0,0,0,0,0,0,0,0,0
COM_2099,(TB) Uu dai +1.2GB data/24h cho thue bao 84848255739 khi dang ky gia han thanh cong lien tiep 6 ngay dich vu Game Happy. Soan GHP5 gui 888 de dang ky. Cuoc 5.000d/24h. CSKH 18001091 (0d). Tran trong!,0,0,0,0,0,0,0,0,0,0
COM_2100,(TB) Thue bao 84848255739 duoc +6GB data/24h khi soan HI12 gui 888 de dang ky dich vu HiPlay va nhan them quyen loi mien cuoc data xem YouTube +01 tai khoan Premium xem noi dung tren ung dung HiPlay. Cuoc 12.000d/24h. CSKH 18001091 (0d). Tran trong!,0,0,0,0,0,0,0,0,0,0
COM_2101,"(TB) +1.2GB/24h cho thue bao 84848255739 khi dang ky va gia han thanh cong lien tiep 6 ngay dich vu, soan DK BCL5 gui 888 de nhan uu dai va quyen loi khac (+200MB data/24h). Cuoc 5.000d/24h. CSKH 18001091 (0d). Tran trong!",0,0,0,0,0,0,0,0,0,0
COM_2102,(TB) NHAN NGAY 100MB data/24h + 01 license su dung khong gioi han dich vu VBOOKs khi thue bao 84848255739 soan VBO5 gui 888. Cuoc 5.000d/24h. CSKH 18001091 (0d). Tran trong!,0,0,0,0,0,0,0,0,0,0
COM_2103,"(TB) TANG 1.2GB data/24h cho thue bao 84848255739 khi dang ky va gia han lien tiep 6 ngay dich vu GameV, soan GAMEV5 gui 888 de dang ky va nhan quyen loi choi mien phi game tai http://gamev.vn. Cuoc 5.000d/24h. CSKH 18001091 (0d). Tran trong!",0,0,0,0,0,0,0,0,0,0
COM_2104,(TB) TANG NGAY 1.2GB data/24h khi thue bao 84848255739 dang ky va gia han thanh cong lien tiep 6 ngay dich vu Cloud Gaming. Moi ban soan BCOM5 gui 888 de dang ky dich vu. Cuoc 5.000d/24h. CSKH 18001091 (0d). Tran trong!,0,0,0,0,0,0,0,0,0,0
COM_2105,(TB) Uu dai +1.2GB/24h khi dang ky va gia han thanh cong lien tiep 10 ngay dich vu GameTP. Moi thue bao 84848255739 soan GTP5 gui 888 de dang ky va trai nghiem thi dau Co tuong tai https://gametp.vn. Cuoc 5.000d/24h. CSKH 18001091 (0d). Tran trong!,0,0,0,0,0,0,0,0,0,0
COM_2106,QK dang truy cap Internet voi muc cuoc khong co goi (M0) theo quy dinh cua VinaPhone (my.vnpt.com.vn/adv/cuocM0). Soan DT70 gui 888 de co goi DT70 (10GB/30 ngay voi 70.000d). Tham khao uu dai khac tai https://digishop.vnpt.vn/. CSKH: 18001091 (0d).,0,0,0,0,0,0,0,0,0,0
COM_2107,"(TB) Danh rieng cho thue bao 84848255739 CO HOI +1.2GB data/24h khi dang ky va gia han thanh cong lien tiep 6 ngay dich vu Arabica Game, soan BICA3 gui 888 de dang ky va nhan uu dai. Cuoc 3.000d/24h. CSKH 18001091 (0d). Tran trong!",0,0,0,0,0,0,0,0,0,0
COM_2108,(TB) Thue bao 84848255739 NHAN NGAY 1GB Data/24h va quyen loi nghe karaoke tai https://mkara.com.vn khi dang ky dich vu mKara. Soan MKA8 gui 888 de dang ky. Cuoc 8.000d/24h. CSKH 18001091 (0d). Tran trong!,0,0,0,0,0,0,0,0,0,0
COM_2109,(TB) Tang thue bao 84848255739 1.2GB data/24h khi dang ky va gia han thanh cong lien tiep 6 ngay dich vu Vui hoc +01 tai khoan on luyen kien thuc chuan chuong trinh tren vuihoc.vn. Soan VHO5 gui 888 de dang ky. Cuoc 5.000d/24h. CSKH 18001091 (0d).,0,0,0,0,0,0,0,0,0,0
COM_2110,(TB) TANG NGAY 20.000d vao TKC cho thue bao 84848255739 khi dang ky va gia han thanh cong lien tiep 6 ngay dich vu Meclip. Moi soan DK PLV8 gui 888 de dang ky va nhan them quyen loi khac (+2GB data/ngay). Cuoc 8.000d/ngay. CSKH 18001091 (0d). Tran trong!,0,0,0,0,0,0,0,0,0,0
COM_2111,(TB) Tang 200MB Data/24h va quyen loi choi mien phi 100% cac game tai http://gamehappy.vn khi thue bao 84848255739 soan GHP5 gui 888 de dang ky dich vu. Cuoc 5.000d/24h. CSKH 18001091 (0d). Tran trong!,0,0,0,0,0,0,0,0,0,0
COM_2112,(TB) TANG NGAY 1.2GB/24h cho thue bao 84848255739 khi dang ky va gia han thanh cong lien tiep 10 ngay dich vu GameTP. Moi soan GTP5 gui 888 de dang ky va trai nghiem choi game tai https://gametp.vn. Cuoc 5.000d/24h. CSKH 18001091 (0d). Tran trong!,0,0,0,0,0,0,0,0,0,0
COM_2113,(TB) +1GB Data/24h va su dung khong gioi han toan bo cac cong cu AI Chat cung cac tinh nang tren vngenai.vn khi thue bao 84848255739 soan GENAI6 gui 888 de dang ky dich vu vnGenAI. Cuoc 6.000d/24h. CSKH 18001091 (0d). Tran trong!,0,0,0,0,0,0,0,0,0,0
COM_2114,(TB) Thue bao 84848255739 soan OLTV5 gui 888 de nhan ngay 300MB data/24h + quyen loi xem giai tri & eSports tren ON Live TV. Cuoc 5.000d/24h. CSKH 18001091 (0d). Tran trong!,0,0,0,0,0,0,0,0,0,0
COM_2115,(TB) +300MB Data/24h va quyen loi choi game tai http://gmgame.vn/. Moi thue bao 84848255739 soan SGAME5 gui 888 de dang ky dich vu. Cuoc 5.000d/24h. CSKH 18001091 (0d). Tran trong!,0,0,0,0,0,0,0,0,0,0
COM_2116,"(TB) CO HOI +1.2GB data/24h cho thue bao 84848255739 khi dang ky va gia han thanh cong lien tiep 6 ngay dich vu Arabica Game, soan BICA3 gui 888 de dang ky va nhan uu dai. Cuoc 3.000d/24h. CSKH 18001091 (0d). Tran trong!",0,0,0,0,0,0,0,0,0,0
COM_2117,"Dang ky thanh cong goi D2 (10.000d/2GB). Hieu luc su dung den 04:42 27/10/2025. Goi cuoc duoc gia han tu dong. Kiem tra dung luong, soan DATA gui 888. De huy, soan HUY D2 gui 888. CSKH 18001091",0,0,0,0,0,0,0,0,0,0
COM_2118,Cu phap khong hop le. QK vui long lien he 18001091 de duoc ho tro. Cam on da su dung dich vu VinaPhone - Mang 3G/4G nhanh nhat Viet Nam.,0,0,0,0,0,0,0,0,0,0
COM_2119,"Goi cuoc D2 cua QK da bi huy. Cuoc DATA se tinh theo dung luong su dung thuc te: 75d/50KB. De tiet kiem chi phi, vui long dang ky goi MAX70 bang cach soan MAX70 gui 888 (70.000d/thang/9GB). CSKH 18001091",0,0,0,0,0,0,0,0,0,0
COM_2120,"(TB) TANG NGAY 1.2GB/24h khi thue bao 84848255739 dang ky va gia han thanh cong 6 ngay lien tiep dich vu OneGame, choi mien phi game tai https://onegame.com.vn/. Soan ONG5 gui 888 de dang ky. Cuoc 5.000d/24h. CSKH 18001091 (0d). Tran trong!",0,0,0,0,0,0,0,0,0,0
COM_2121,(TB) Danh cho thue bao 84848255739 khi on luyen tieng Anh online cung nen tang Cambridge: + 1GB Data/24h va su dung toan bo noi dung tai Cambridge.vn. Soan CAM8 gui 888 de nhan quyen loi. Cuoc 8.000d/24h. CSKH 18001091 (0d). Tran trong!,0,0,0,0,0,0,0,0,0,0
COM_2122,"(TB) Chill cung am nhac va nhan ngay: + 500MB data/24h + 01 license MeMusic Premium: xem, nghe khong gioi han kho nhac tren app MeMusic khi thue bao 84848255739 soan MEM8 gui 888. Cuoc 8.000d/24h. CSKH 18001091 (0d). Tran trong!",0,0,0,0,0,0,0,0,0,0
COM_2123,"(TB) Nghe karaoke nhan them data! Moi thue bao 84848255739 soan MKA8 gui 888 de dang ky goi cuoc MKA8 va nhan ngay: 
+ 1GB data/24h;
+ Xem va nghe karaoke khong gioi han tai https://mkara.com.vn.
Cuoc 8.000d/24h. CSKH 18001091 (0d). Tran trong!",0,0,0,0,0,0,0,0,0,0
COM_2124,Quy khach da huy goi D2 thanh cong. Moi Quy khach tham khao cac goi cuoc SIEU UU DAI tren ung dung MyVNPT https://my.vnpt.com.vn/adv/muagoicuoc. CSKH: 18001091 (0d).,0,0,0,0,0,0,0,0,0,0
COM_2125,"Quy Khach da gia han thanh cong goi D2 (10.000d/2GB).Hieu luc su dung den 08:13 16/12/2025. Goi cuoc gia han tu dong. Kiem tra dung luong, soan DATA gui 888. De huy, soan HUY D2 gui 888. CSKH 18001091",0,0,0,0,0,0,0,0,0,0
COM_2126,"(TB) Moi thue bao 84848255739 soan MEM8 gui 888 de nhan 500MB data/24h + 01 license MeMusic Premium: xem, nghe khong gioi han kho nhac 'chill quen loi ve' tren ung dung MeMusic. Cuoc 8.000d/24h. CSKH 18001091 (0d). Tran trong!",0,0,0,0,0,0,0,0,0,0
COM_2127,(TB) Nhan 1GB data/24h + xem va nghe karaoke khong gioi han tai https://mkara.com.vn khi thue bao 84848255739 soan MKA8 gui 888. Cuoc 8.000d/24h. CSKH 18001091 (0d). Tran trong!,0,0,0,0,0,0,0,0,0,0
COM_2128,"(TB) Nhan 200MB Data/24h + 01 tai khoan goi xem phim khong gioi han tren Galaxy Play, cung luc tren 4 thiet bi, khi thue bao 84848255739 soan GPM5 gui 888. Cuoc 5.000d/24h. CSKH 18001091 (0d). Tran trong!",0,0,0,0,0,0,0,0,0,0
COM_2129,UBND xa Hiep Hoa thong bao: Ho so so H53.164-251222-5062 cua Quy khach da duoc tiep nhan. Quy khach vui long truy cap duong link https://mdhl.tayninh.gov.vn/dgcb?MotCua=080188008249&HoSo=H53.164-251222-5062 de danh gia ve thai do phuc vu cua can bo tiep nhan ho so. Xin cam on!,0,0,0,0,0,0,0,0,0,0
COM_2130,(TB) Danh cho thue bao 84848255739: Nhan 1.2GB data/24h khi dang ky lan dau va gia han 6 lan lien tiep dich vu GameV. Soan GameV5 gui 888 de nhan va choi game tai http://gamev.vn. Cuoc 5.000d/24h. CSKH 18001091 (0d). Tran trong!,0,0,0,0,0,0,0,0,0,0
COM_2131,(TB) Nang cao trinh Tieng Anh cung Cambridge.vn va nhan ngay 1GB data/24h khi thue bao 84848255739 soan CAM8 gui 888. Cuoc 8.000d/24h. CSKH 18001091 (0d). Tran trong!,0,0,0,0,0,0,0,0,0,0
COM_2132,"(TB) De choi game mien phi tai https://onegame.com.vn/ va nhan 50MB data/24h, moi thue bao 84848255739 soan ONG5 gui 888 de dang ky dich vu One Game. Cuoc 5.000d/24h. CSKH 18001091 (0d). Tran trong!",0,0,0,0,0,0,0,0,0,0
COM_2133,"(TB) +200MB data/24h va quyen truy cap cac khoa hoc ky nang, ngoai ngu,... tren nen tang vnStudy. Moi thue bao 84848255739 soan DK VSHT gui 888 de dang ky. Cuoc 4.000d/24h. CSKH 18001091 (0d). Tran trong!",0,0,0,0,0,0,0,0,0,0
COM_2134,(TB) +200MB data/24h + quyen loi goi cao cap dich vu Galaxy Play khi thue bao 84848255739 soan DK GPM5 gui 888 de dang ky va nhan uu dai. Cuoc 5.000d/24h. CSKH 18001091 (0d). Tran trong!,0,0,0,0,0,0,0,0,0,0
COM_2135,UBND xa Hiep Hoa thong bao: Ho so so H53.164-251222-5062 cua Quy khach da hoan thanh. Kinh moi quy khach den nhan ket qua. Quy khach vui long truy cap duong link https://dgmdhl.tayninh.gov.vn/dgtt?sbn=H53.164-251222-5062 de danh gia ve chat luong giai quyet thu tuc hanh chinh.,0,0,0,0,0,0,0,0,0,0
COM_2136,(TB) Co hoi nhan toi 200.000d vao TKC tu CTKM laixevenha.vn. Thue bao 84848255739 soan GHP5 gui 888 de dang ky dich vu Game Happy va tham gia ngay. Cuoc 5.000d/24h. CSKH 18001091 (0d). Tran trong!,0,0,0,0,0,0,0,0,0,0
COM_2137,Goi cuoc D2 (10.000d/ngay) cua QK gia han khong thanh cong do tai khoan chinh khong du 10.000d. Vui long nap tien (toi thieu 10.000d) tai https://my.vnpt.com.vn/adv/napthe de duoc gia han va tiep tuc su dung uu dai cua goi cuoc. CSKH: 18001091 (0d).,0,0,0,0,0,0,0,0,0,0
COM_2138,(TB) CO HOI +100.000d va RINH VF5 ve nha tu CTKM laixevenha.vn. Thue bao 84848255739 soan MEM5 gui 888 dang ky dich vu MeMusic. Cuoc 5.000d/24h. CSKH 18001091 (0d). Tran trong!,0,0,0,0,0,0,0,0,0,0
COM_2139,(TB) RINH NGAY VF5 tu CTKM laixevenha.vn. Moi thue bao 84848255739 soan DK GPM5 gui 888 hoac truy cap https://dvs.vnpt.vn/adv/521 de dang ky dich vu Galaxy Play va tham gia CTKM. Cuoc 5.000d/24h. CSKH 18001091 (0d). Tran trong!,0,0,0,0,0,0,0,0,0,0
COM_2140,(TB) Tham gia ngay CTKM laixevenha.vn de nhan luot quay va co hoi trung 200.000d vao TKC khi thue bao 84848255739 soan GHP5 gui 888 de dang ky dich vu Game Happy. Cuoc 5.000d/24h. CSKH 18001091 (0d). Tran trong!,0,0,0,0,0,0,0,0,0,0
COM_2141,(TB) Thue bao 84848255739 co ngay: 4GB data/6h + co hoi rinh xe oto dien VinFast VF5 tu CTKM laixevenha.vn khi soan DK CAKE6 gui 888 hoac truy cap https://dvs.vnpt.vn/adv/464 de dang ky. Cuoc 6.000d/6h. CSKH 18001091 (0d). Tran trong!,0,0,0,0,0,0,0,0,0,0
COM_2142,(TB) CHOP DATA - SAN XE VINFAST! Thue bao 84848255739 dang ky VinaOn xem eSports mien phi data va co hoi trung xe may dien Evo Neo. Soan VAON6 gui 888 (cuoc 6.000d/24h) de tham gia CTKM laixevenha.vn. CSKH 18001091 (0d). Tran trong!,0,0,0,0,0,0,0,0,0,0
COM_2143,(TB) Danh cho thue bao 84848255739: CO HOI TRUNG giai dac biet tri gia 529 trieu dong tu CTKM laixevenha.vn. Soan IGA1 gui 888 hoac truy cap https://dvs.vnpt.vn/adv/441 de dang ky va tham gia. Cuoc 5.000d/24h. CSKH 18001091 (0d). Tran trong!,0,0,0,0,0,0,0,0,0,0
COM_2144,"(TB) +1.2GB data/24h cho thue bao 0848255739 khi dang ky va gia han lien tiep 6 ngay dich vu GameV, them co hoi +100.000d vao TKC tu ""Hop qua may man"" CTKM laixevenha.vn. Soan GAMEV5 gui 888 de nhan uu dai. Cuoc 5.000d/24h. CSKH 18001091 (0d).",0,0,0,0,0,0,0,0,0,0
COM_2145,(TB) Moi thue bao 84848255739 soan DK T1 gui 1515 hoac truy cap https://dvs.vnpt.vn/adv/306 de dang ky dich vu TrustCall va them co hoi trung oto dien VinFast VF5 tu CTKM laixevenha.vn. Cuoc 29.000d/30 ngay. CSKH 18001091 (0d). Tran trong!,0,0,0,0,0,0,0,0,0,0
COM_2146,"(TB) VinaPhone vinh dự là nhà mạng 5G tốt nhất Việt Nam và Đông Nam Á theo kết quả đo kiểm của Speedtest (trong quý 3-4/2025). Mời Quý khách trải nghiệm VinaPhone 5G, nâng cấp các gói Data 5G tốc độ cao với ưu đãi hấp dẫn tại digishop.vnpt.vn. Trân trọng cảm ơn Quý khách đã đồng hành cùng VinaPhone. CSKH: 18001091 (0đ).",0,0,0,0,0,0,0,0,0,0
COM_2147,"(CSKH) Mừng ngày Quốc tế Phụ nữ 8/3, VinaPhone Plus mời bạn đổi điểm để chọn những bộ quà tinh tế, thanh lịch dành tặng phái đẹp. Tham gia ngay trên ứng dụng My VNPT tại https://my.vnpt.com.vn/adv/quatang . CSKH: 18001091 (0đ).",0,0,0,0,0,0,0,0,0,0
COM_2148,(TB) Soan OKGS5 gui 888 de co co hoi nhan luot quay Hop qua may man trung toi 200.000d vao TKC tu CTKM laixevenha.vn khi dang ky va gia han dich vu Gamestore. Cuoc 5.000d/24h. CSKH 18001091 (0d).,0,0,0,0,0,0,0,0,0,0
COM_2149,"Tai khoan cua Quy khach da duoc nap 30,000d tu 333895 vao 07/03/2026 21:41:22. Ma giao dich 2480177082. Chi tiet lien he CSKH 18001091 (0d). Tran trong cam on!",0,0,0,0,0,0,0,0,0,0
COM_2150,"(TB) De dang ky goi cuoc DGT10/cuoc phi 10000d/24h, 1GB data huong khac + Mien phi hoan toan data truy cap ung dung Youtube, VieON, Nhaccuatui, Tiktok. Soan DGT10 gui 9345. Tu choi nhan tin, soan TC R gui 9345. CSKH 18001091 (0d). Tran trong!",0,0,0,0,0,0,0,0,0,0
COM_2151,"Quy KH vui long nhap ma 854369 de xac nhan giao dich trong vong 3 phut. Truong hop khong thuc hien, vui long bo qua thong bao nay. LH 1900545454.",0,0,0,0,0,0,0,0,0,0
COM_2152,[EVNSPC_CSKH] Ma OTP xac thuc dang ky tai khoan 232738,0,0,0,0,0,0,0,0,0,0
COM_2153,"(TB) Quyền lợi dành riêng cho thuê bao VinaPhone! Mua gói cước cho chính mình trên VNPT Money, thanh toán Visa nhận hoàn 50% tới 500.000đ. Đăng ký ngay tại: https://km.vnptmoney.vn/data4G5G . Áp dụng đến 31/05/2026. Bao nhiêu thẻ Visa bấy nhiêu lần ưu đãi. CSKH: 18001091 (miễn phí).",0,0,0,0,0,0,0,0,0,0
COM_2154,"(CSKH) Di chuyển Xanh mỗi ngày - Đã có VinaPhone Plus trợ giá. Mời Quý Hội viên đổi điểm tích lũy nhận ưu đãi GIẢM TỚI 20%, tối đa 50.000đ/chuyến xe công nghệ Xanh tại ứng dụng My VNPT: https://my.vnpt.com.vn/adv/xanhSM . CSKH: 18001091 (0đ). Trân trọng!",0,0,0,0,0,0,0,0,0,0
COM_2155,"(TB) Co hoi +1GB data va ""Rinh xe oto dien"" Vinfast VF5 tu CTKM laixevenha.vn khi thue bao 84848255739 soan ONG5 gui 888 dang ky dich vu OneGame. Cuoc 5.000d/24h. CSKH 18001091 (0d). Tran trong!",0,0,0,0,0,0,0,0,0,0
COM_2156,(TB) TANG NGAY 100MB Data/24h va 01 tai khoan Mango+ VIP tren ung dung Mango+ khi thue bao 84848255739 soan DK MGP5 gui 888 de dang ky va trai nghiem dich vu Mango+. Cuoc 5.000d/24h. CSKH 18001091 (0d). Tran trong!,0,0,0,0,0,0,0,0,0,0
COM_2157,"(TB) SAN XE MAY DIEN VINFAST EVO! Thue bao 84848255739 dang ky dich vụ VinaOn mien phi data xem eSports, khi soan VAON6 gui 888 de tham gia CTKM laixevenha.vn. Cuoc 6.000d/24h. CSKH 18001091 (0d). Tran trong!",0,0,0,0,0,0,0,0,0,0
COM_2158,(TB) Moi thue bao 84848255739 soan MKA8 gui 888 hoac truy cap https://dvs.vnpt.vn/adv/168 de dang ky va NHAN NGAY 1GB Data/24h kem co hoi trung xe may dien VinFast Evo Neo tu CTKM laixevenha.vn. Cuoc 8.000d/24h. CSKH 18001091 (0d). Tran trong!,0,0,0,0,0,0,0,0,0,0
COM_2159,"(TB) Nạp Data VinaPhone ngay, tiết kiệm hơn bao giờ hết! Hoàn tiền 50% (tối đa 500.000đ) khi Quý khách mua gói cước cho chính mình và thanh toán bằng thẻ Visa trên VNPT Money tại https://km.vnptmoney.vn/data4G5G . Áp dụng đến 31/05/2026. Bao nhiêu thẻ Visa bấy nhiêu lần ưu đãi. CSKH: 18001091 (miễn phí).",0,0,0,0,0,0,0,0,0,0
COM_2160,"(TB) Trải nghiệm dùng thử 01 tháng Youtube Premium với giá 0đ! Tha hồ xem Youtube không quảng cáo, không cần mạng trong 30 ngày với phương thức thanh toán bằng tài khoản di động VinaPhone! Giá cước sau ưu đãi chỉ từ 49.000đ/30 ngày, giá cước được quy định với mỗi loại tài khoản và theo chính sách của Youtube.
Để nhận ưu đãi, Quý khách vui lòng thực hiện theo các bước sau:
1. Cài đặt phương thức thanh toán tại https://play.app.goo.gl/8Nry.
2. Truy cập Google Play để Tải và Truy cập ứng dụng Youtube, chọn Dịch vụ Youtube Premium.
Chi tiết liên hệ CSKH 18001091 (0đ).",0,0,0,0,0,0,0,0,0,0
COM_2161,"(TB) VinaPhone tặng Quý khách quyền lợi HỌC HĂNG SAY- QUÀ LIỀN TAY cùng cơ hội LÁI XẾ ĐIỆN VỀ NHÀ khi đăng ký gói VHO5:
+ Có ngay 400MB Data tốc độ cao sử dụng trong 24h (hết dung lượng tính cước theo quy định).
+ 01 Tài khoản sử dụng miễn phí nội dung ôn luyện trên nền tảng Vui Học.
+ Tham gia quay thưởng trúng Ô tô, Xe máy điện VinFast và nhiều quà tặng, Data khi đăng ký gói VHO5 và truy cập http://laixevenha.vn .
Soạn VHO5 gửi 888 ngay kẻo lỡ. Cước chỉ: 5.000đ/24h. CSKH 18001091 (0đ).",0,0,0,0,0,0,0,0,0,0
COM_2162,(TB) Co hoi +200.000d vao TKC tu Hop qua may man cua CTKM laixevenha.vn khi dang ky va gia han dich vu Gamestore. Moi thue bao 84848255739 soan OKGS5 gui 888 de dang ky. Cuoc 5.000d/24h. CSKH 18001091 (0d). Tran trong!,0,0,0,0,0,0,0,0,0,0
COM_2163,(TB) CO HOI DANH RIENG cho thue bao 84848255739: + 300MB data/ngay + co hoi trung xe may dien Vinfast Evo Neo tu CTKM laixevenha.vn. Moi soan DK AN gui 9078 hoac truy cap https://dvs.vnpt.vn/adv/308 de dang ky. Cuoc 5.000d/ngay. CSKH 18001091 (0d). Tran trong!,0,0,0,0,0,0,0,0,0,0
COM_2164,(TB) CO HOI RINH OTO DIEN VINFAST VF5 va +200.000d vao TKC! Thue bao 84848255739 soan COMIT5 gui 888 de tham gia CTKM va trai nghiem dich vu 5Ggaming. Xem them tai laixevenha.vn. Cuoc 5.000d/24h. CSKH 18001091 (0d). Tran trong!,0,0,0,0,0,0,0,0,0,0
COM_2165,(TB) CO HOI +100.000d vao TKC hoac oto VF5 tu CTKM laixevenha.vn va quyen truy cap cac khoa hoc tren nen tang vnStudy. Moi thue bao 84848255739 soan DK VSHT gui 888 de dang ky va tham gia nhan uu dai. Cuoc 4.000d/24h. CSKH 18001091 (0d). Tran trong!,0,0,0,0,0,0,0,0,0,0
COM_2166,(TB) SAN NGAY 200.000d hoac VF5! Moi thue bao 84848255739 soan DK VSHT gui 888 hoac truy cap https://dvs.vnpt.vn/adv/644 de tham gia CTKM laixevenha.vn va nhan them 200MB data/24h. Cuoc 4.000d/24h. CSKH 18001091 (0d). Tran trong!,0,0,0,0,0,0,0,0,0,0
COM_2167,Tai khoan chinh cua Quy khach khong du de dang ky goi D2. Quy khach vui long nap them tien vao TK va thu lai.,0,0,0,0,0,0,0,0,0,0
COM_2168,"TKC cua Quy Khach sap het. De duoc ung 15 phut thoai (19980d, hieu luc su dung tai khoan Airtime 1400 phut), soan A gui 9345. Sau 1400 phut, so phut thoai con lai se duoc tu dong thu hoi neu QK khong su dung het. Tu choi nhan loi moi, soan TC A gui 9345. Chi tiet LH 18001091 (mien phi)",0,0,0,0,0,0,0,0,0,0
COM_2169,"Tai khoan chinh cua Quy khach khong du de thuc hien cuoc goi. Soan 3 gui 9345 (hieu luc trong vong 48h) de duoc ung 10 PHUT THOAI (Gia cuoc 17300d). Tu choi nhan tin, soan TC gui 9345. CSKH: 18001091 (0d)",0,0,0,0,0,0,0,0,0,0
COM_2170,(TB) CHOP CO HOI +100.000d vao TKC hoac Oto dien VF5 khi dang ky goi Luyen thi tieng Anh. Moi thue bao 84848255739 soan BCTA5 gui 888 de dang ky va tham gia CTKM laixevenha.vn. Cuoc 5.000d/24h. CSKH 18001091 (0d). Tran trong!,0,0,0,0,0,0,0,0,0,0
COM_2171,(TB) Thue bao 84848255739 co ngay CO HOI trung Oto dien Vinfast VF5 hoac +100.000d vao TKC khi tham gia CTKM laixevenha.vn. Moi ban soan BCTA5 gui 888 de dang ky goi Luyen thi tieng Anh va nhan co hoi trung thuong. Cuoc 5.000d/24h. CSKH 18001091 (0d). Tran trong!,0,0,0,0,0,0,0,0,0,0
COM_2172,(TB) +7GB Data/24h va quyen loi tren ung dung CleverKids cho ca giao vien va hoc sinh. Moi thue bao 0848255739 soan CLK10 gui 888. Them co hoi trung 20.000d va xe may dien VinFast Evo Neo tu CTKM laixevenha.vn. Cuoc 10.000d/24h. CSKH 18001091 (0d).,0,0,0,0,0,0,0,0,0,0
COM_2173,Chuc mung Quy khach da nap the thanh cong! VinaPhone kinh tang Quy khach 20% gia tri the nap. Gia tri khuyen mai duoc su dung goi/nhan tin cac nha mang trong 15 ngay ke tu ngay nap the. CSKH: 18001091(0d). Tran trong!,0,0,0,0,0,0,0,0,0,0
COM_2174,(TB) +5GB Data/24h + mien phi 1440 phut goi noi mang + 5 phut ngoai mang + 01 tai khoan su dung ung dung SCTV. Thue bao 0848255739 soan DK SVIP gui 900 de nhan. Them co hoi trung xe dien VinFast từ CTKM laixevenha.vn. Cuoc 10.000d/24h. CSKH 18001091 (0d).,0,0,0,0,0,0,0,0,0,0
COM_2175,"(TB) Xác thực thông tin thuê bao, bảo vệ quyền lợi khách hàng!
Theo Thông tư 08/TT-BKHCN của Bộ KH&CN, số điện thoại 0848255739 của Quý khách phải thực hiện xác thực thông tin thuê bao để đảm bảo tuân thủ quy định từ CQ QLNN. VinaPhone kính mời Quý khách:
(1) Tải và truy cập mục ""Thông tin thuê bao"" trên Ứng dụng My VNPT https://my.vnpt.com.vn/adv/tttb chọn “Xác thực ngay” và thực hiện theo các bước (yêu cầu có Ứng dụng VNeID của Bộ Công An hoặc Căn cước công dân có gắn CHIP).
(2) Hoặc đến Điểm giao dịch VinaPhone gần nhất để được hỗ trợ.
Quý khách vui lòng bỏ qua tin nhắn này nếu đã thực hiện. CSKH: 18001091 (miễn phí). Trân trọng!",0,0,0,0,0,0,0,0,0,0
COM_2176,"(CSKH) VinaPhone Plus tặng miễn phí ưu đãi Du lịch – nghỉ dưỡng – vui chơi cùng Vinpearl lên tới 30%! Mời quý hội viên truy cập ứng dụng My VNPT để nhận các ưu đãi: GIẢM 30% vé xông hơi Aquafield, GIẢM 7% phòng khách sạn Vinpearl, GIẢM 5% (tối đa 150.000đ) các dịch vụ của VinWonders tại: https://my.vnpt.com.vn/adv/dulich . CSKH: 18001091 (0đ). Trân trọng!",0,0,0,0,0,0,0,0,0,0
COM_2177,"(TB) Theo Thông tư 08/TT-BKHCN của Bộ KH & CN, số điện thoại 0848255739 của Quý khách phải thực hiện xác thực thông tin thuê bao. VinaPhone kính mời Quý khách:
(1) Tải Ứng dụng My VNPT https://my.vnpt.com.vn/adv/tttb và thực hiện theo các bước (yêu cầu có Ứng dụng VNeID của Bộ Công An hoặc Căn cước công dân có gắn CHIP).
(2) Hoặc đến Điểm giao dịch VinaPhone gần nhất để được hỗ trợ.
Vui lòng bỏ qua tin nhắn này nếu đã thực hiện. CSKH: 18001091 (miễn phí). Trân trọng!",0,0,0,0,0,0,0,0,0,0
COM_2178,"Prudential thong bao da xu ly xong yeu cau chuyen khoan 2,068,000 dong cua Ho so/Hop dong 76330724 vao ngay 16/04/2026. Quy khach vui long theo doi tai khoan nguoi thu huong. Thoi gian hoan tat giao dich phu thuoc ngan hang thu huong. Tran trong",0,0,0,0,0,0,0,0,0,0
COM_2179,"(TB) VinaPhone - Mạng 5G tốt nhất Việt Nam và Đông Nam Á! 
Đặc quyền dành riêng cho Quý khách khi đăng ký gói DT40SC, chỉ 40.000đ/7 ngày:
+ Có ngay 10GB Data tốc độ cao (hết 10GB, dừng truy cập).
+ Xem miễn phí truyền hình MyTV trên di động với hơn 100 kênh, gồm chùm kênh SCTV (tải ứng dụng tại http://mytv.com.vn/tai-ve ).
Soạn tin DT40SC gửi 888 để không bỏ lỡ ưu đãi. CSKH: 18001091 (0đ).",0,0,0,0,0,0,0,0,0,0
COM_2180,VinaPhone thong bao: Tel 0843265211 goi cho Ban nhung khong thuc hien duoc. Ban vui long goi lai neu can. Xin cam on!,0,0,0,0,0,0,0,0,0,0
COM_2181,(TB) Trung 30.000d va xe may dien VinFast Evo Neo tu CTKM laixevenha.vn. Tang them +7GB Data/24h va quyen loi tren ung dung CleverKids cho ca giao vien va hoc sinh. Moi thue bao 0848255739 soan CLK10 gui 888. Cuoc 10.000d/24h. CSKH 18001091 (0d).,0,0,0,0,0,0,0,0,0,0
COM_2182,PRUDENTIAL: 809465 la ma xac thuc giao dich tai PRUOnline trong 3 phut. KHONG CHIA SE voi ai de tranh lo thong tin. Vui long LH 18001247 neu ban khong giao dich,0,0,0,0,0,0,0,0,0,0
COM_2183,"(TB) +1GB Data/24h va co hoi +50.000d vao TKC tu CTKM laixevenha.vn khi thue bao 0848255739 soan MKA8 gui 888, gia han goi cuoc MKA8 moi ngay. Cuoc 8.000d/24h. CSKH 18001091 (0d).",0,0,0,0,0,0,0,0,0,0
COM_2184,"(TB) XÀI VINA - NẠP THẺ LÀ CÓ QUÀ! VinaPhone tặng riêng Quý khách nhận được tin nhắn 20% giá trị khi nạp thẻ trong HÔM NAY 21/4/2026. Khuyến mại được sử dụng để gọi/nhắn tin trong 15 ngày. Thêm ưu đãi hấp dẫn khi nạp tại https://my.vnpt.com.vn/adv/napthe . CSKH: 18001091 (0đ).
VinaPhone - Mạng 5G tốt nhất Việt Nam và Đông Nam Á!",0,0,0,0,0,0,0,0,0,0
COM_2185,QK dang GD tren ApplePay.Ma xac thuc 579687 hieu luc den 2026-04-21 07:07.LH:1900545415(VN)/02439 288 880(NN).Khong gui OTP cho ai ke ca Ngan hang,0,0,0,0,0,0,0,0,0,0
COM_2186,"(TB) VinaPhone - Mạng 5G tốt nhất Việt Nam và Đông Nam Á! 
Đặc quyền dành riêng cho Quý khách khi đăng ký gói D15. Chỉ với 15.000đ, có ngay 5GB Data tốc độ cao, sử dụng trong 24h (hết 5GB, tính cước theo quy định).
Soạn tin D15 gửi 888 hoặc truy cập https://digishop.vnpt.vn/di-dong/d15/402?u=D15 để không bỏ lỡ ưu đãi. CSKH: 18001091 (0đ).",0,0,0,0,0,0,0,0,0,0
COM_2187,"(CSKH) Chào mừng Ngày Giải phóng Miền Nam- Thống nhất đất nước 30/4, VinaPhone Plus mời quý hội viên đổi điểm tích lũy nhận vật phẩm giá trị. Truy cập ngay ứng dụng My VNPT tại https://my.vnpt.com.vn/adv/quatang . CSKH: 18001091 (0đ). Trân trọng!",0,0,0,0,0,0,0,0,0,0
COM_2188,"(TB) VinaPhone dành riêng cho Quý khách quyền lợi NHẬN DIỆN CUỘC GỌI LỪA ĐẢO - YÊN TÂM NGHE MÁY khi đăng ký gói cước ICM5 sẽ có ngay ưu đãi: 
+ 200MB Data tốc độ cao sử dụng trong 24h (hết dung lượng dừng truy cập).
+ Tài khoản Premium iCallme cảnh báo spam, chặn cuộc gọi làm phiền, bảo vệ quyền riêng tư.
Soạn tin DK ICM5 gửi 888. Cước 5.000đ/24h. CSKH 18001091 (0đ).",0,0,0,0,0,0,0,0,0,0
COM_2189,(TB) +300MB Data/24h + co hoi trung o to dien VINFAST VF5 tu CTKM laixevenha.vn. Moi thue bao 0848255739 soan MTX5 gui 888 de hoc tap va chinh phuc cac muc tieu Toan hoc tai mathx.vn. Cuoc 5.000d/24h. CSKH 18001091 (0d).,0,0,0,0,0,0,0,0,0,0
COM_2190,"Dung luong cua Quy khach da het. Soan 2 gui 9345 (hieu luc trong vong 48h) de duoc ung 1.5GB DATA (Gia cuoc 21850d) tu VinaPhone. Tu choi nhan tin nhan, soan TC gui 9345. CSKH: 18001091 (0d)",0,0,0,0,0,0,0,0,0,0
COM_2191,(TB) TANG 100MB data/24h va co hoi nhan 30.000d vao TKC tu Hop qua may man - CTKM laixevenha.vn cho thue bao 84848255739 khi soan GPY gui 888 de dang ky dich vu GameTP. Cuoc 5.000d/24h. CSKH 18001091 (0d). Tran trong!,0,0,0,0,0,0,0,0,0,0
COM_2192,"(TB) NẠP ĐẦY ƯU ĐÃI, ĐẠI LỄ THOẢI MÁI KẾT NỐI! VinaPhone tặng Quý khách 20% giá trị khi nạp tiền điện thoại bằng hình thức trực tiếp qua My VNPT https://my.vnpt.com.vn/adv/napdt duy nhất HÔM NAY 28/4/2026. Khuyến mại dùng để gọi và nhắn tin trong 15 ngày.
Chúc Quý khách có kỳ nghỉ Lễ 30/4 - 1/5 vui vẻ và trọn vẹn yêu thương! 
CSKH: 18001091 (0đ).",0,0,0,0,0,0,0,0,0,0
COM_2193,"(TB) Theo Thông tư 08/2026/TT-BKHCN của Bộ KH&CN, thuê bao di động cần thực hiện xác thực thông tin thuê bao. Quý khách vui lòng bỏ qua tin nhắn nếu số điện thoại 0848255739 đã thực hiện xác thực trên Ứng dụng MyVNPT hoặc tại các Điểm giao dịch. Nếu chưa thực hiện, VinaPhone kính mời Quý khách:
(1) Tải Ứng dụng My VNPT https://my.vnpt.com.vn/adv/tttb , truy cập mục ""Thông tin thuê bao"" và thực hiện theo hướng dẫn.
(2) Hoặc đến Điểm giao dịch VinaPhone gần nhất để được hỗ trợ.
CSKH: 18001091 (0d). Trân trọng!",0,0,0,0,0,0,0,0,0,0
COM_2194,(TB) Thue bao 84848255739 soan VITA3 gui 888 de duoc nhan 50MB/24h va choi game thoa thich tai https://gameasy.vn tu dich vu Gameasy. Cuoc 3.000d/24h. CSKH 18001091 (0d). Tran trong!,0,0,0,0,0,0,0,0,0,0
COM_2195,(TB) TANG NGAY 300MB data/24h + xem toan bo cac giai dau eSports. Moi thue bao 84848255739 soan OLTV5 gui 888 hoac truy cap https://dvs.vnpt.vn/adv/303 de dang ky dich vu va nhan uu dai. Cuoc 5.000d/24h. CSKH 18001091 (0d). Tran trong!,0,0,0,0,0,0,0,0,0,0
COM_2196,"(CSKH) Vi vu dịp Lễ xanh hơn, tiết kiệm hơn cùng ưu đãi giảm 20% dịch vụ di chuyển GreenSM của VinaPhone Plus. Mời quý hội viên đổi điểm tích lũy nhận ngay ưu đãi tại https://my.vnpt.com.vn/adv/xanhSM . CSKH: 18001091 (0đ). Trân trọng!",0,0,0,0,0,0,0,0,0,0
COM_2197,"(TB) Nghỉ Lễ trọn niềm vui – Nạp thẻ thêm ưu đãi! 
VinaPhone tặng Quý khách ưu đãi 20% giá trị thẻ nạp trong HÔM NAY 01/05/2026 (khuyến mại được sử dụng để gọi/nhắn tin trong 15 ngày). Thêm ưu đãi hấp dẫn khi nạp tại https://my.vnpt.com.vn/adv/napthe . CSKH: 18001091 (0đ).
VinaPhone - Mạng 5G tốt nhất Việt Nam và Đông Nam Á!",0,0,0,0,0,0,0,0,0,0
COM_2198,"(TB) Ngày đôi 5.5 – Nạp thẻ nhận quà! VinaPhone tặng riêng Quý khách 20% giá trị thẻ nạp vào NGÀY MAI 05/05/2026 (khuyến mại được sử dụng để gọi/nhắn tin trong 15 ngày).
Thêm ưu đãi hấp dẫn khi nạp tại https://my.vnpt.com.vn/adv/napthe . CSKH: 18001091 (0đ).
VinaPhone - Mạng 5G tốt nhất Việt Nam và Đông Nam Á!",0,0,0,0,0,0,0,0,0,0
COM_2199,"So dien thoai cua Quy khach CHUA XAC THUC thong tin thanh cong theo quy dinh cua Thong tu 08/2026/TT-BKHCN. Quy khach vui long tai Ung dung My VNPT tai https://my.vnpt.com.vn/adv/tttb , chon muc ""Thong tin thue bao"" de thuc hien. CSKH 18001091 (mien phi)",0,0,0,0,0,0,0,0,0,0
COM_2200,Ma xac thuc yeu cau tu Dai ly kd62_dho_lan de dang ky thong tin cho quy khach la: 59378,0,0,0,0,0,0,0,0,0,0
COM_2201,(TB) So huu ngay 500MB Data/ngay + mien 100% cuoc trai nghiem Kho video chuyen biet ve Phap luat tren Meclip.vn. Soan DK PL1 gui 9488 de dang ky goi cuoc Phap luat doi song. Cuoc 3.000d/ngay. CSKH 18001091 (0d).,0,0,0,0,0,0,0,0,0,0
COM_2202,(TB) CHOI GAME CUC DA tai Igame5 va nhan them 50MB data/24h. Thue bao 84848255739 soan IGA1 gui 888 de dang ky va trai nghiem. Cuoc 5.000d/24h. CSKH 18001091 (0d). Tran trong!,0,0,0,0,0,0,0,0,0,0
COM_2203,"865874 la ma xac thuc OTP tren MyVNPT cua Quy Khach, hieu luc trong 2 phut. De dam bao an toan, vui long khong chia se ma nay voi bat ky ai.",0,0,0,0,0,0,0,0,0,0
COM_2204,"(CSKH) Chào mừng Quý khách đến với ứng dụng My VNPT. VinaPhone kính tặng Quý khách 5000 điểm VinaPhone Plus cho lần đầu đăng nhập. Điểm tặng có thời hạn đến 30/11/2026 để trải nghiệm các ưu đãi hấp dẫn (quà tặng, phút gọi, Data …) tại website/ứng dụng My VNPT https://my.vnpt.com.vn/adv/vplus. CSKH 18001091 (0d). Trân trọng!",0,0,0,0,0,0,0,0,0,0
COM_2205,"(TB) Thue bao 0848255739 cua Quy khach da cap nhat thanh cong Thong tin thue bao vao 15h55 ngay 08/05/2026. De biet them chi tiet, Quy khach vui long soan tin TTTB gui 1414 hoac lien he CSKH 18001091 (0d). Tran trong!",0,0,0,0,0,0,0,0,0,0
COM_2206,"(TB) Mở Mobile Money từ sim VinaPhone chính chủ (không cần thực hiện định danh lại). Nhận ngay 3 quà tặng trị giá 100k để nạp tiền di động, thanh toán hoá đơn,...cùng nhiều ưu đãi khác lên tới 2 triệu VNĐ. Hạn mức thanh toán tới 200 triệu VNĐ, chuyển tiền linh hoạt tới các nhà mạng khác. Truy cập ngay tại: https://km.vnptmoney.vn/LDPmomoi. LH 18001091 (#3).",0,0,0,0,0,0,0,0,0,0
COM_2207,"(TB) Chu nhat nap tien dien thoai tren MyVNPT – Nhan ngay uu dai!
VinaPhone tang Quy khach 20% gia tri khi nap tien dien thoai bang hinh thuc truc tiep qua My VNPT https://my.vnpt.com.vn/adv/napdt duy nhat HOM NAY 10/05/2026. Khuyen mai dung goi va nhan tin trong 15 ngay.
CSKH: 18001091 (0d).",0,0,0,0,0,0,0,0,0,0
COM_2208,"(TB) Chủ nhật nạp tiền điện thoại trên MyVNPT – Nhận ngay ưu đãi!
VinaPhone tặng Quý khách 20% giá trị khi nạp tiền điện thoại bằng hình thức trực tiếp qua My VNPT https://my.vnpt.com.vn/adv/napdt duy nhất HÔM NAY 10/05/2026. Khuyến mại dùng gọi và nhắn tin trong 15 ngày.
CSKH: 18001091 (0đ).",0,0,0,0,0,0,0,0,0,0
COM_2209,"(TB) Quyền lợi cực hấp dẫn từ VNPT! Mua gói cước VinaPhone cho chính mình, thanh toán Visa trên VNPT Money được hoàn 50% (tối đa 500.000đ). Thực hiện ngay: https://km.vnptmoney.vn/data4G5G .Áp dụng đến 31/05/2026. Bao nhiêu thẻ Visa bấy nhiêu lần ưu đãi. CSKH: 18001091 (miễn phí).",0,0,0,0,0,0,0,0,0,0
COM_2210,"(TB) Hôm nay nạp thẻ – Nhận ngay 20%!
Đừng bỏ lỡ ưu đãi 20% VinaPhone tặng riêng Quý khách nhận được tin nhắn và nạp thẻ trong HÔM NAY 12/05/2026. Khuyến mại được sử dụng để gọi/nhắn tin trong 15 ngày.
Thêm ưu đãi hấp dẫn khi nạp tại https://my.vnpt.com.vn/adv/napthe . CSKH: 18001091 (0đ). 
VinaPhone - Mạng 5G tốt nhất Việt Nam và Đông Nam Á!",0,0,0,0,0,0,0,0,0,0
COM_2211,(CSKH) Ưu đãi giảm 20% dịch vụ di chuyển GreenSM dành cho hội viên VinaPhone Plus sẽ hết hạn vào 31/05/2026. Kính mời Quý hội viên nhanh tay đổi điểm nhận ưu đãi tại https://my.vnpt.com.vn/adv/xanhSM . CSKH: 18001091 (0đ). Trân trọng!,0,0,0,0,0,0,0,0,0,0
COM_2212,"(TB) VinaPhone dành tặng bạn đặc quyền sở hữu gói YOLO100M chỉ 100.000đ/30 ngày: 
+ Miễn phí 1GB Data/ngày+ Truy cập MyTV addon VTvcab+ Truy cập Youtube,Facebook, Tiktok.
+ Được lựa chọn thêm ưu đãi: 5GB Data/ MP gói SCTV/ MP gói Galaxy VIP của dịch vụ MyTV (sử dụng trong 30 ngày) khi đăng ký gói thành công qua tin nhắn DK YOLO100M gửi 888 hoặc truy cập https://digishop.vnpt.vn/seller/uudai?c=n43vMIR. CSKH 18001091 (0đ).",0,0,0,0,0,0,0,0,0,0
COM_2213,"The VPBank 5239...6203 vua chi tieu -152,000VND ND:PAYOO*KOI 18 vao luc 10:24 17/05.Han muc con lai tam tinh 49,511,600VND.",0,0,0,0,0,0,0,0,0,0
COM_2214,"(TB) Tri ân tháng 5, kết nối trọn vẹn!
VinaPhone tặng riêng Quý khách nhận được tin nhắn 20% giá trị khi nạp thẻ vào NGÀY MAI 19/05/2026. Khuyến mại được sử dụng để gọi/nhắn tin trong 15 ngày.
Thêm ưu đãi hấp dẫn khi nạp tại https://my.vnpt.com.vn/adv/napthe . CSKH: 18001091 (0đ).
VinaPhone - Mạng 5G tốt nhất Việt Nam và Đông Nam Á!",0,0,0,0,0,0,0,0,0,0
COM_2215,"(TB) Quà khủng đang chờ! Mở mới tài khoản VNPT Money ngay hôm nay để nhận 100.000đ quà tặng gồm 03 voucher dùng để thanh toán hóa đơn VNPT, nạp điện thoại, tiền điện cực tiện lợi... Thêm voucher tới 500.000đ khi mua vé máy bay và thanh toán bằng thẻ Visa trên VNPT Money. Nhanh tay đăng ký tại: https://km.vnptmoney.vn/VNPTMoney (áp dụng cho khách hàng mở mới từ 01/04/2026 đến 31/7/2026). CSKH 18001091 ((#3, miễn phí).",0,0,0,0,0,0,0,0,0,0
COM_2216,"Moi KH HOA THI BACH LAN (SN 1971) xem ket qua XN tai 

https://hsdt.umc2.edu.vn/rs/210526-3817d150/MDg0ODI1NTczOQ",0,0,0,0,0,0,0,0,0,0
COM_2217,(TB) NHAN NGAY 50MB data/24h khi thue bao 84848255739 soan BICA3 gui 888 de dang ky dich vu Arabica Game va thoai mai choi game tai https://bicagame.vn. Cuoc 3.000d/24h. CSKH 18001091 (0d). Tran trong!,0,0,0,0,0,0,0,0,0,0
COM_2218,"The VPBank 5239...6203 tang +488,400VND ND:GD qua NHDT vao luc 14:17 21/05. Han muc con lai la 50,000,000VND.",0,0,0,0,0,0,0,0,0,0
COM_2219,"(TB) VinaPhone tặng Quý khách quyền lợi ÔN LUYỆN TIẾNG ANH ONLINE TRÊN NỀN TẢNG CAMBRIDGE khi đăng ký gói CAM8:
+ 01GB Data sử dụng trong 24h (hết dung lượng tính cước theo quy định).
+ Sử dụng toàn bộ tính năng và nội dung tại https://cambridge.vn .
Soạn CAM8 gửi 888 ngay kẻo lỡ. Cước chỉ 8.000đ/24h. CSKH 18001091 (0đ).",0,0,0,0,0,0,0,0,0,0
COM_2220,"(TB) Xem trọn vẹn 104 trận đấu sôi động của WORLD CUP 2026 mọi lúc mọi nơi cùng truyền hình MyTV.
VNPT tự hào tiên phong đạt thỏa thuận đầu tiên cùng VTV, sở hữu quyền tiếp phát sóng FIFA World Cup 2026™. Bật MyTV hoặc tải ứng dụng ngay hôm nay để không bỏ lỡ bất kỳ khoảnh khắc lịch sử nào.
Chi tiết tại mytv.com.vn . CSKH: 18001166 (0đ).",0,0,0,0,0,0,0,0,0,0
COM_2221,"(TB) Moi thue bao 84848255739 soan ngay BCTA5 gui 888 hoac truy cap https://dvs.vnpt.vn/adv/206 de duoc MIEN PHI toan bo khoa hoc tieng Anh, su dung kho hoc lieu tieng Anh cho moi lua tuoi + 300MB data/24h. Cuoc 5.000d/24h. CSKH 18001091 (0d). Tran trong!",0,0,0,0,0,0,0,0,0,0
COM_2222,(TB) Doc sach khong gioi han tren nen tang VBOOKs & co ngay 100MB data/24h. Moi thue bao 84848255739 soan VBO5 gui 888 de dang ky dich vu VBOOKs. Cuoc 5.000d/24h. CSKH 18001091 (0d). Tran trong!,0,0,0,0,0,0,0,0,0,0
COM_2223,(TB) HAT KARAOKE KHONG GIOI HAN! Chi 5.000d/24h co ngay 500MB Data/24h & mien phi thuong thuc karaoke tai https://mkara.com.vn. Thoa suc tro tai ca hat moi luc moi noi. Moi ban soan MKA5 gui 888 de dang ky dich vu mKara. CSKH 18001091. Tran trong!,0,0,0,0,0,0,0,0,0,0
COM_2224,(TB) NHANH TAY so huu 01 License su dung khong gioi han noi dung Premium tren nen tang VBOOKs! Moi thue bao 84848255739 soan VBO5 gui 888 hoac truy cap https://dvs.vnpt.vn/adv/217 de dang ky dich vu VBooks va nhan them 100MB Data/24h. Cuoc 5.000d/24h. CSKH 18001091 (0d). Tran trong!,0,0,0,0,0,0,0,0,0,0
COM_2225,"The VPBank 5239...6203 vua chi tieu -348,600VND ND:VINMART+ QUANG TRUNG H vao luc 15:07 29/05.Han muc con lai tam tinh 48,968,968VND.",0,0,0,0,0,0,0,0,0,0
COM_2226,"Chủ đề Ngày toàn dân tiết kiệm, chống lãng phí năm 2026 là “Tiết kiệm năng lượng, thịnh vượng tương lai”. Đề nghị toàn dân hưởng ứng vì một tương lai thịnh vượng, một lối sống xanh, tích cực.",0,0,0,0,0,0,0,0,0,0
COM_2227,Đang hop,0,0,0,0,0,0,0,0,0,0
COM_2228,"(TB) TANG 200MB/24h va 01 tai khoan Premium iCallme giup thue bao 84848255739 biet truoc cuoc goi spam, lua dao, lam phien, an tam khi nghe may. Soan ICM5 gui 888 dang ky su dung. Cuoc 5.000d/24h. CSKH 18001091 (0d). Tran trong!",0,0,0,0,0,0,0,0,0,0
COM_2229,(TB) NHAN NGAY 1GB data/24h toc do cao khi ban soan TCALL7 gui 888 hoac truy cap https://dvs.vnpt.vn/adv/744 de dang ky va su dung ung dung TRUSTCALL chan cac cuoc goi lua dao dang lam phien ban. Cuoc 7.000d/24h. CSKH 18001091 (0d). Tran trong!,0,0,0,0,0,0,0,0,0,0
COM_2230,"(TB) Chào tháng mới - Đón ưu đãi độc quyền! 
VinaPhone dành tặng riêng Quý khách 20% giá trị thẻ nạp duy nhất HÔM NAY 02/06/2026 (khuyến mại được sử dụng để gọi/nhắn tin trong 15 ngày).
Thêm ưu đãi hấp dẫn khi nạp tại https://my.vnpt.com.vn/adv/napthe . CSKH: 18001091 (0đ).
VinaPhone - Mạng 5G tốt nhất Việt Nam và Đông Nam Á!",0,0,0,0,0,0,0,0,0,0
COM_2231,BVDHYD-CS2 kinh moi Quy KH HOA THI BACH LAN (Ho so: 17167098) den tai kham vao ngay 04/6/2026 theo hen tren toa thuoc. Tran trong.,0,0,0,0,0,0,0,0,0,0
COM_2232,(TB) DANH RIENG cho thue bao 84848255739 300MB data/24h khi soan BCTA5 gui 888 de dang ky goi cuoc hoc Tieng Anh cho moi lua tuoi. Cuoc 5.000d/24h. CSKH 18001091 (0d). Tran trong!,0,0,0,0,0,0,0,0,0,0
COM_2233,(TB) Choi tha ga toan bo GAME HOT nhat tai kho game https://gmgame.vn khi dang ky dich vu SGAME. Soan SGAME5 gui 888 de dang ky. Cuoc 5.000d/24h. CSKH 18001091 (0d).,0,0,0,0,0,0,0,0,0,0
COM_2234,(TB) UU DAI +200MB data/24h khi thue bao 84848255739 soan GOSU5 gui 888 hoac truy cap https://dvs.vnpt.vn/adv/505 de dang ky dich vu GosuPlay va choi game thoa thich tren https://id.gosu.vn . Cuoc 5.000d/24h. CSKH 18001091 (0d). Tran trong!,0,0,0,0,0,0,0,0,0,0
COM_2235,"(TB) Ưu đãi dành riêng cho thuê bao VinaPhone! Mở tài khoản VNPT Money liền tay – Nhận ngay quà khủng 100.000đ là 03 Voucher dùng để thanh toán hóa đơn VNPT, nạp điện thoại…Nhanh tay đăng ký tại: https://km.vnptmoney.vn/VNPTMoney (áp dụng cho khách hàng mở mới từ 01/04/2026 đến 31/7/2026). CSKH 18001091 (nhánh 3, miễn phí).",0,0,0,0,0,0,0,0,0,0
COM_2236,"(TB) Vui hè rực rỡ - Ưu đãi hết cỡ! 
VinaPhone tặng Quý khách ưu đãi 20% giá trị thẻ nạp vào NGÀY MAI 05/06/2026 (khuyến mại được sử dụng để gọi/nhắn tin trong 15 ngày). Thêm ưu đãi hấp dẫn khi nạp tại https://my.vnpt.com.vn/adv/napthe .
CSKH: 18001091 (0đ).
VinaPhone - Mạng 5G tốt nhất Việt Nam và Đông Nam Á!",0,0,0,0,0,0,0,0,0,0
COM_2237,(TB) KHAM PHA the gioi game dinh cao tai Igame5 & NHAN NGAY 50MB data/24h. Moi thue bao 84848255739 soan IGA1 gui 888 de dang ky va trai nghiem dich vu. Cuoc 5.000d/24h. CSKH 18001091 (0d). Tran trong!,0,0,0,0,0,0,0,0,0,0
COM_2238,"(CSKH) Mua sắm nhiều hơn – Tiết kiệm nhiều hơn!
Chương trình VinaPhone Plus gửi tặng Quý Hội viên gói Shopee VIP 3 tháng với hàng loạt ưu đãi hấp dẫn trên Shopee. Nhận quà ngay tại https://my.vnpt.com.vn/adv/spvip trước ngày 20/7/2026 để không bỏ lỡ quyền lợi. CSKH: 18001091 (0đ). Trân trọng!",0,0,0,0,0,0,0,0,0,0
COM_2239,"(TB) Nạp thẻ dễ dàng - Ưu đãi ngập tràn với MyVNPT! 
Duy nhất hôm nay 07/06/2026, VinaPhone tặng Quý khách đặc quyền nhận 50% giá trị khi nạp tiền điện thoại bằng hình thức trực tiếp trên My VNPT https://my.vnpt.com.vn/adv/napdt . Khuyến mại dùng gọi và nhắn tin trong 15 ngày. 
CSKH: 18001091 (0đ).
VinaPhone - Mạng 5G tốt nhất Việt Nam và Đông Nam Á!",0,0,0,0,0,0,0,0,0,0
COM_2240,"(TB) Đừng nạp thẻ hôm nay – Ưu đãi 20% ngày mai đang đến!
VinaPhone tặng riêng Quý khách nhận được tin nhắn 20% giá trị nạp thẻ trong NGÀY MAI 09/06/2026. Khuyến mại được sử dụng để gọi/nhắn tin trong 15 ngày.
Thêm ưu đãi hấp dẫn khi nạp tại https://my.vnpt.com.vn/adv/napthe . 
CSKH: 18001091 (0đ). 
VinaPhone - Mạng 5G tốt nhất Việt Nam và Đông Nam Á!",0,0,0,0,0,0,0,0,0,0
COM_2241,"(TB) Nạp thẻ hôm nay - Ưu đãi liền tay!
VinaPhone dành riêng cho Quý khách: tặng 20% giá trị thẻ nạp duy nhất ngày HÔM NAY 09/06/2026. (khuyến mại được sử dụng để gọi/nhắn tin trong 15 ngày).
Thêm ưu đãi hấp dẫn khi nạp tại https://my.vnpt.com.vn/adv/napthe . 
CSKH: 18001091 (0đ). 
VinaPhone - Mạng 5G tốt nhất Việt Nam và Đông Nam Á!",0,0,0,0,0,0,0,0,0,0
COM_2242,(CSKH) Nắng hè gọi xe – Có Green SM đưa đón! VinaPhone Plus mời Quý Hội viên đổi điểm nhận ngay ưu đãi giảm đến 50.000đ/chuyến xe Green SM tại https://my.vnpt.com.vn/adv/xanhSM . Chương trình áp dụng từ nay đến 30/09/2026. CSKH: 18001091 (0đ). Trân trọng!,0,0,0,0,0,0,0,0,0,0
COM_2243,(TB) +100MB Data/24h va 01 tai khoan su dung cac tinh nang quan ly tai chinh tren 2Target khi thue bao 0848255739 soan PFM5 gui 888. Cuoc 5.000d/24h. CSKH 18001091 (0d).,0,0,0,0,0,0,0,0,0,0
COM_2244,[SmartCA] 092081 la ma xac thuc (OTP) cua so dinh danh 080171009661. Nhap ma tren ung dung VNPT SmartCA de tiep tuc,0,0,0,0,0,0,0,0,0,0
COM_2245,"(TB) Ngày Vàng Vina - Ưu đãi thả ga! 
Quý khách nhận ngay ưu đãi 20% giá trị khi nạp thẻ vào NGÀY MAI 12/06/2026 (khuyến mại được sử dụng gọi/nhắn tin trong 15 ngày). Thêm ưu đãi hời khi nạp tại https://my.vnpt.com.vn/adv/napthe . 
CSKH: 18001091 (0đ).
VinaPhone - Mạng 5G tốt nhất Việt Nam và Đông Nam Á!",0,0,0,0,0,0,0,0,0,0
COM_2246,"The VPBank 5239...6203 vua chi tieu -468,000VND ND:CTY CP PIZZA NGON vao luc 12:43 12/06.Han muc con lai tam tinh 48,315,978VND.",0,0,0,0,0,0,0,0,0,0
COM_2247,"(TB) NHAN NGAY 500MB data/24h va ho tro hoc sinh hoc tap, hoi dap voi tri tue nhan tao AI cho thue bao 84848255739 khi soan FQA5 gui 888 de dang ky dich vu. Cuoc 5.000d/24h. CSKH 18001091 (0d). Tran trong!",0,0,0,0,0,0,0,0,0,0
COM_2248,"(TB) Bạn mới đăng ký tài khoản VNPT Money để nạp tiền điện thoại được NHẬN NGAY 3 thẻ quà đa năng trị giá 100.000đ, GIẢM THÊM 2.4% mệnh giá, không giới hạn số lần khi Nạp điện thoại VinaPhone. DUY NHẤT tại https://km.vnptmoney.vn/LB0. LH 18001091 (#3).",0,0,0,0,0,0,0,0,0,0
COM_2249,"(TB) CHOI GAME THA GA danh rieng cho thue bao 0848255739 khi dang ky AGAME5:
+ 300MB Data (het dung luong tinh cuoc theo quy dinh).
+ Thoa thich kham pha kho game hap dan tai https://agame.vn
Soan AGAME5 gửi 888, cuoc 5.000d/24h. CSKH: 18001091 (0d.",0,0,0,0,0,0,0,0,0,0
COM_2250,"[UNG TIEN AIRTIME] Tai khoan chinh cua Quy khach sap het. Soan Y hoac A gui 1357 (Hieu luc trong vong 48h) de duoc ung 45000d, GIA CUOC 0 DONG vao tai khoan Airtime (Su dung thoai va SMS). Hieu luc su dung tai khoan Airtime la 1400 phut, sau thoi gian nay tai khoan Airtime se bi thu hoi neu Quy khach khong su dung het. So tien da ung se duoc tru vao tai khoan chinh. Tu choi nhan tin nhan, soan TC A gui 1357. CSKH:18001091 (0d).",0,0,0,0,0,0,0,0,0,0
COM_2251,"TKC cua Quy Khach sap het. De duoc ung 15 phut thoai (19980d, hieu luc su dung tai khoan Airtime 1400 phut), soan A gui 9345 va dong y cho VNPT xu ly du lieu KH theo chinh sach tai https://my.vnpt.com.vn/tinh-nang/chinh-sach-rieng-tu. Sau 1400 phut, so phut thoai con lai se duoc tu dong thu hoi neu QK khong su dung het. Tu choi nhan loi moi, soan TC A gui 9345. Chi tiet LH 18001091 (mien phi)",0,0,0,0,0,0,0,0,0,0
COM_2252,"De thuc hien cuoc goi ngay ca khi het tien, bam goi tong dai tel:1098 cua VinaPhone hoac 1098 + [so dien thoai can goi]. Cuoc goi noi mang 1.730d/phut, ngoai mang 1.930d/phut se duoc tru vao tai khoan chinh. Tu choi nhan tin nhan, soan TC gui 1098. CSKH: 18001091 (0d)",0,0,0,0,0,0,0,0,0,0
COM_2253,"Tai khoan chinh cua Quy khach sap het. Soan 3 gui 9345 de duoc ung goi 3(10 PHUT THOAI/Gia cuoc 17300d). Tu choi nhan tin, soan TC gui 9345. CSKH: 18001091 (0d)",0,0,0,0,0,0,0,0,0,0
COM_2254,Tai khoan chinh cua QK sap het. Vui long nap the de tiep tuc su dung cac dich vu cua VinaPhone. Chi tiet lien he CSKH 18001091 (0d) hoac truy cap https://my.vnpt.com.vn/app,0,0,0,0,0,0,0,0,0,0
COM_2255,(TB) UU DAI +100MB/ngay va choi thoa thich toan bo game cuc khung tai http://gamev.vn khi thue bao 84848255739 soan GAMEV5 gui 888 hoac truy cap https://dvs.vnpt.vn/adv/381 de dang ky. Cuoc 5.000d/24h. CSKH 18001091 (0d). Tran trong!,0,0,0,0,0,0,0,0,0,0
COM_2256,"Vui long soan tin 30NAM gui 1558 (mien phi) truoc 0h ngay 18/06 de nhan co hoi trung giai den 3.000.000d, Ky nghi duong 5* tri gia 30.000.000d",0,0,0,0,0,0,0,0,0,0
COM_2257,"(TB) Quy khach da hoa mang/dang ky/gia han goi cuoc/nap the VinaPhone va duoc nhan ma du thuong 00001840693 tham gia CTKM ""30 nam phung su - Trieu qua Tri an"" mung Sinh nhat VinaPhone.",0,0,0,0,0,0,0,0,0,0
COM_2258,(TB) TANG 500MB data/24h + 03 diem tren nen tang Travellink cho thue bao 84848255739 khi soan TVL5 gui 888 de dang ky dich vu Travellink. Cuoc 5.000d/24h. CSKH 18001091 (0d). Tran trong!,0,0,0,0,0,0,0,0,0,0
COM_2259,(TB) +200MB Data/24h + choi game khong gioi han tren https://id.gosu.vn khi thue bao 0848255739 soan GOSU5 gui 888. Cuoc 5.000d/24h. CSKH 18001091 (0d).,0,0,0,0,0,0,0,0,0,0
COM_2260,"(TB) ĐẶC QUYỀN RIÊNG DÀNH CHO BẠN!
VinaPhone ưu đãi gói V70PN chỉ 70.000đ/30 ngày với:
+1500ph gọi nội mạng (tối đa 10ph/cuộc), 200ph gọi ngoại mạng.
+ 0,5GB Data/30ngày.
Soạn tin nhắn DK V70PN gửi 900 hoặc truy cập https://digishop.vnpt.vn/seller/v70pn?c=n43vMJw để đăng ký. CSKH 18001091 (0đ).",0,0,0,0,0,0,0,0,0,0
COM_2261,"(CSKH) 30 năm gắn kết – Triệu quà tri ân!
Nhân dịp Sinh nhật tuổi 30, VinaPhone trân trọng cảm ơn Quý khách đã luôn tin tưởng đồng hành trong suốt 16 năm qua. VinaPhone gửi tặng Quý khách 16000 điểm VinaPhone Plus và 16GB Data để tri ân hành trình gắn bó.
Mời Quý khách nhận ưu đãi và Thiệp cảm ơn cá nhân hoá trên My VNPT tại https://my.vnpt.com.vn/adv/VNP30YEARS từ 15/06/2026 đến 30/06/2026. CSKH: 18001091 (miễn phí).",0,0,0,0,0,0,0,0,0,0
COM_2262,(TB) SO HUU NGAY 100MB data/24h va The gioi game Co tuong dinh cao tai https://gametp.vn. Moi thue bao 84848255739 soan GPY gui 888 de dang ky dich vu GameTP va nhan uu dai. Cuoc 5.000d/24h. CSKH 18001091 (0d). Tran trong!,0,0,0,0,0,0,0,0,0,0
COM_2263,"(TB) TANG 100MB Data/24h+ 01 tai khoan Mango+ VIP va 10 XOAI mo khoa show - phim - short doc quyen tren ung dung Mango+ (https://mangoplus.vn/one-link) khi thue bao 84848255739 soan MGP5 gui 888 de dang ky. Cuoc 5.000d/24h, CSKH 18001091 (0d). Tran trong!",0,0,0,0,0,0,0,0,0,0
COM_2264,"(CSKH) 30 NĂM KẾT NỐI – TRI ÂN TRIỆU HỘI VIÊN!
Thay lời cảm ơn sâu sắc gửi tới Quý khách đã luôn tin tưởng và đồng hành trên hành trình 30 năm qua, VinaPhone trân trọng gửi tặng hàng ngàn món quà và ưu đãi hấp dẫn! Kính mời Quý khách tham gia “Vòng quay tri ân 30 năm” trên ứng dụng My VNPT tại https://my.vnpt.com.vn/adv/luckydrawn để nhận quà từ ngày 15/06/2026 đến hết ngày 13/08/2026. CSKH: 18001091 (miễn phí). Trân trọng!",0,0,0,0,0,0,0,0,0,0
COM_2265,(TB) +100MB Data/24h cho thue bao 84848255739 khi dang ky thanh cong goi cuoc COMIT5 dich vu 5Ggaming. Moi ban soan COMIT5 gui 888 hoac truy cap https://dvs.vnpt.vn/adv/402 de dang ky. Cuoc 5.000d/24h. CSKH 18001091 (0d). Tran trong!,0,0,0,0,0,0,0,0,0,0
COM_2266,"(TB) Sinh nhật Vina - Ai cũng có quà!
Khi thực hiện Đăng ký/Gia hạn/Nâng cấp gói cước từ 50.000đ hoặc đổi SIM 4G, Quý khách sẽ được tham gia CTKM ""30 năm phụng sự - Triệu quà tri ân"" với cơ hội trúng thưởng:
+ Giải Tuần: Chuyến du lịch 5 sao trị giá 30.000.000đ.
+ Giải Ngày: Từ 300.000đ đến 3.000.000đ được cộng vào tài khoản chính. 
Quý khách chỉ cần soạn 30NAM gửi 1558 để tự quay thưởng. Chương trình áp dụng từ ngày 15/06/2026 - 13/08/2026. Chi tiết thể lệ tại: khuyenmai.vinaphone.com.vn . CSKH: 18001091 (0đ),",0,0,0,0,0,0,0,0,0,0
COM_2267,"(TB) CHI 5.000d, co ngay 100MB data/24h va choi game thoai mai tai https://gametp.vn. Moi thue bao 84848255739 soan GPY gui 888 de dang ky dich vu GameTP . Cuoc 5.000d/24h. CSKH 18001091 (0d). Tran trong!",0,0,0,0,0,0,0,0,0,0
COM_2268,(TB) Trai nghiem sieu thu thach voi toan bo game tren agame.vn danh rieng cho thue bao 84848255739 va nhan them 300MB Data/24h. Moi ban soan AGAME5 gui 888 de dang ky. Cuoc 5.000d/24h. CSKH 18001091 (0d). Tran trong!,0,0,0,0,0,0,0,0,0,0
COM_2269,(TB) Chi voi 5.000d/24h nhan ngay 500MB Data/24h & mien phi thuong thuc karaoke tai https://mkara.com.vn. Thoa suc la ca hat ca moi luc moi noi. Moi thue bao 84848255739 soan MKA5 gui 888 hoac truy cap https://dvs.vnpt.vn/adv/804 de dang ky. CSKH 18001091 (0d). Tran trong!,0,0,0,0,0,0,0,0,0,0
COM_2270,"(TB) Hưởng ứng Tháng hành động phòng, chống ma túy (tháng 6/2026), đề nghị công dân khi phát hiện hành vi vi phạm pháp luật về ma túy (Tàng trữ, mua bán, tổ chức, chứa chấp, sử dụng trái phép chất ma túy...) hãy báo ngay cho cơ quan Công an gần nhất hoặc liên hệ trực tiếp số Hotline của Cục trưởng Cục Cảnh sát điều tra tội phạm về ma túy - Bộ Công an: 0769040404. Bảo mật tuyệt đối người cung cấp tin.",0,0,0,0,0,0,0,0,0,0
COM_2271,"The VPBank 5239...6203 vua chi tieu -142,000VND ND:VNPAY PHARMACITY86 vao luc 20:39 22/06.Han muc con lai tam tinh 48,031,531VND.",0,0,0,0,0,0,0,0,0,0
COM_2272,"Còn 160k nha cô
BIDV 3131456387 THO",0,0,0,0,0,0,0,0,0,0
COM_2273,"(TB) CỤC AN NINH MẠNG VÀ PCTP SỬ DỤNG CÔNG NGHỆ CAO – BỘ CÔNG AN khuyến cáo người dân không tham gia tổ chức đánh bạc, đánh bạc, cá độ bóng đá dưới mọi hình thức trên không gian mạng. Mọi hành vi vi phạm pháp luật về cờ bạc sẽ bị xử lý nghiêm theo quy định.",0,0,0,0,0,0,0,0,0,0
COM_2274,Ck con nha cô,0,0,0,0,0,0,0,0,0,0
COM_2275,(TB) TANG 100MB data/24h va tai khoan choi game co tuong hap dan tai https://gametp.vn cho thue bao 84848255739 khi soan GPY gui 888 de dang ky dich vu GameTP. Cuoc 5.000d/24h. CSKH 18001091 (0d). Tran trong!,0,0,0,0,0,0,0,0,0,0
COM_2276,(TB) So huu 01 License su dung khong gioi han noi dung Premium tren nen tang VBOOKs va 100MB data/24h khi thue bao 84848255739 soan VBO5 gui 888 de dang ky. Cuoc 5.000d/24h. CSKH 18001091 (0d). Tran trong!,0,0,0,0,0,0,0,0,0,0
COM_2277,"(CSKH) Sinh nhật Vina – Nhận quà liền tay!
Thay lời cảm ơn Quý khách 0848255739 đã đồng hành trong 16 năm qua, VinaPhone gửi tặng 16.000 điểm cùng 16GB Data cùng hàng ngàn ưu đãi hấp dẫn. Kính mời Quý khách nhanh tay nhận đặc quyền và trải nghiệm Thiệp cảm ơn cá nhân hoá trên My VNPT tại https://my.vnpt.com.vn/adv/VNP30YEARS trước 23h59' ngày 30/6/2026. CSKH: 18001091 (miễn phí).",0,0,0,0,0,0,0,0,0,0
COM_2278,"(TB) QUET SACH CUOC GOI RAC! Chi 5.000d/24h, co ngay iCallme Premium de tu dong canh bao spam, chan cuoc goi lam phien. TANG THEM 200MB Data/24h khi thue bao 84848255739 soan ICM5 gui 888 hoac truy cap https://dvs.vnpt.vn/adv/743 de dang ky. Cuoc 5.000d/24h. CSKH 18001091 (0d). Tran trong!",0,0,0,0,0,0,0,0,0,0
COM_2279,"[UNG TIEN]Tai khoan chinh cua Quy khach sap het. Soan Y gui 1576 (hieu luc trong vong 48h - gia cuoc dich vu 3450d) de duoc ung 15000d vao tai khoan chinh. De duoc ung tien tu dong moi khi tai khoan chinh duoi 5.000d, soan UTD gui 1576. Tu choi nhan tin nhan, soan TC gui 1576. CSKH: 18001091 (0d)",0,0,0,0,0,0,0,0,0,0
COM_2280,(TB) Co ngay +6GB Data/24h + mien phi Data xem Youtube + 01 tai khoan Premium xem tat ca noi dung tren ung dung HiPlay. Soan HI12 gui 888 de dang ky. Cuoc 12.000d/24h. CSKH 18001091 (0d).,0,0,0,0,0,0,0,0,0,0
COM_2281,"(TB) SO HUU NGAY 300MB data/24h + quyen loi xem toan bo cac giai dau eSports, gameshow, giai tri,... tren ON Live TV. Thue bao 84848255739 soan OLTV5 gui 888 de nhan uu dai. Cuoc 5.000d/24h. CSKH 18001091 (0d). Tran trong!",0,0,0,0,0,0,0,0,0,0
COM_2282,"(TB) CHỈ 10K CÓ NGAY 7GB DATA TỐC ĐỘ CAO
Soạn DK D10SP gửi 888 (10k/24h) Bao trọn Data tốc độ cao
TRỰC TIẾP VÀ TRỌN VẸN WORLD CUP 2026 trên Truyền hình MyTV cùng thế giới kênh và giải trí phong phú.
Tải app MyTV xem ngay: https://mytv.com.vn/tai-ve?c=byueNwLb
CSKH: 18001091 (0đ)",0,0,0,0,0,0,0,0,0,0
COM_2283,(TB) +300MB Data/24h va su dung toan bo noi dung tai https//mathx.vn. Moi thue bao 0848255739 soan MTX5 gui 888 de hoc tap va chinh phuc cac muc tieu Toan hoc tai mathx.vn. Cuoc 5.000d/24h. CSKH 18001091 (0d).,0,0,0,0,0,0,0,0,0,0
COM_2284,"(TB) HAT KARAOKE KHONG GIOI HAN! Chi 5.000d/24h, co ngay 500MB Data/24h & mien phi thuong thuc karaoke tai https://mkara.com.vn. Moi ban soan MKA5 gui 888 hoac truy cap https://dvs.vnpt.vn/adv/804 de dang ky dich vu mKara. CSKH 18001091 (0d). Tran trong!",0,0,0,0,0,0,0,0,0,0
COM_2285,"ICPV-Book: Ma OTP 368924 de xac thuc. Vi ly do bao mat, ma OTP se het han sau 3 phut",0,0,0,0,0,0,0,0,0,0
COM_2286,"Hưởng ứng Tháng hành động phòng, chống ma túy năm 2026. Chung một quyết tâm xây dựng xã, phường, đặc khu không ma túy.",0,0,0,0,0,0,0,0,0,0
COM_2287,(TB) Thoa suc tro tai ca hat moi luc moi noi voi chi 5.000d/24h. Ban co ngay 500MB Data/24h & mien phi thuong thuc karaoke tai https://mkara.com.vn. Moi thue bao 84848255739 soan MKA5 gui 888 hoac truy cap https://dvs.vnpt.vn/adv/804 de dang ky dich vu mKara. CSKH 18001091 (0d). Tran trong!,0,0,0,0,0,0,0,0,0,0
COM_2288,(TB) So huu ngay 500MB data/24h va hat karaoke khong gioi han tai https://mkara.com.vn cho thue bao 84848255739 khi soan MKA5 gui 888 de dang ky dich vu mKara. Cuoc 5.000d/24h. CSKH 18001091 (0d). Tran trong!,0,0,0,0,0,0,0,0,0,0
COM_2289,(TB) Tang ngay +50MB Data/24h va choi tha ga toan bo game tu dich vu Shard. Moi thue bao 0848255739 soan SHA3 gui 888. Cuoc 3.000d/24h. CSKH 18001091 (0d).,0,0,0,0,0,0,0,0,0,0
COM_2290,"(TB) CHI 5.000d/ngay, ban co ngay 200MB data/24h + Goi cao cap Galaxy Play xem tren 5 thiet bi. Moi thue bao 84848255739 soan DK GPM5 gui 888 hoac truy cap https://dvs.vnpt.vn/adv/521 de dang ki. Cuoc 5.000d/24h. CSKH 18001091 (0d). Tran trong!",0,0,0,0,0,0,0,0,0,0
COM_2291,(TB) Mua he ruc ro cung cac tran eSports ruc lua + NHAN NGAY 300MB data/24h. Moi thue bao 84848255739 soan OLTV5 gui 888 hoac truy cap https://dvs.vnpt.vn/adv/303 de dang ky dich vu va nhan uu dai. Cuoc 5.000d/24h. CSKH 18001091 (0d). Tran trong!,0,0,0,0,0,0,0,0,0,0
COM_2292,"(TB) Ưu đãi sẽ hết hạn vào ngày mai! 
Đừng quên ngày 07/07/2026, VinaPhone có dành tặng Quý khách ưu đãi 20% giá trị thẻ nạp (khuyến mại được sử dụng để gọi/nhắn tin trong 15 ngày).
Đặc biệt, nạp từ 50.000đ để có cơ hội trúng lớn mỗi ngày: Chuyến du lịch 5 sao trị giá 30 triệu đồng, cộng 300.000đ - 3.000.000đ vào tài khoản. Chi tiết: khuyenmai.vinaphone.com.vn . CSKH: 18001091 (0đ).",0,0,0,0,0,0,0,0,0,0
COM_2293,"(TB) De dang ky goi cuoc TK1/cuoc phi 3000d/24h, Mien phi hoan toan data truy cap ung dung Tiktok. Soan TK1 gui 9345. Tu choi nhan tin, soan TC R gui 9345. CSKH 18001091 (0d). Tran trong!",0,0,0,0,0,0,0,0,0,0
COM_2294,(TB) Dac quyen danh rieng thue bao 0848255739: Nhan ngay 7G Data/24h + Tai khoan hoc tap danh cho ca gia dinh khi truy cap https://family.vnStudy.vn. Soan VSF10 gui 888 de dang ky. Cuoc 10.000d/24h. CSKH 18001091 (0d).,0,0,0,0,0,0,0,0,0,0
COM_2295,"[UNG TIEN]Tai khoan chinh cua Quy Khach khong du de thuc hien cuoc goi/gui tin nhan. De duoc ung 15000d vao tai khoan chinh va tiep tuc su dung cac dich vu cua VinaPhone, Quy Khach vui long soan Y gui 1576 (hieu luc trong vong 48h) (Gia cuoc 3450d). De duoc ung tien tu dong khi tai khoan chinh duoi 5000d, soan UTD gui 1576. De tu choi nhan tin, Quy Khach vui long soan TC gui 1576",0,0,0,0,0,0,0,0,0,0
COM_2296,(TB) CHI 5.000d/ngay co ngay 200MB data/24h + Goi cao cap Galaxy Play (10.000h phim chieu rap) xem tren 5 thiet bi. Moi thue bao 84848255739 soan DK GPM5 gui 888. Cuoc 5.000d/24h. CSKH 18001091 (0d). Tran trong!,0,0,0,0,0,0,0,0,0,0
COM_2297,"(TB) Quy khach da hoa mang/dang ky/gia han goi cuoc/nap the VinaPhone va duoc nhan ma du thuong 00030258813 tham gia CTKM ""30 nam phung su - Trieu qua Tri an"" mung Sinh nhat VinaPhone. Vui long soan tin 30NAM gui 1558 (mien phi) truoc 0h ngay 10/07 de nhan co hoi trung giai den 3.000.000d, Ky nghi duong 5* tri gia 30.000.000d. Tong gia tri giai thuong tren 03 TY dong. CSKH: 18001091 (0d).",0,0,0,0,0,0,0,0,0,0
COM_2298,(TB) Thue bao 0848255739 nhan ngay uu dai trai nghiem dich vu KidsUp Tieng Viet - ung dung hoc doc Tieng Viet cho tre tu 4 den 8 tuoi chi co tren Digital Market - https://dimarket.vn. Soan DK KIDTV gui 1376 de dang ky. Cuoc 3.000d/ngay. . CSKH 18001091(0d).,0,0,0,0,0,0,0,0,0,0
COM_2299,"(TB) Nạp liền tay, vận may trúng lớn! 
VinaPhone dành tặng riêng Quý khách 20% giá trị thẻ nạp duy nhất hôm nay 07/07/2026 (khuyến mại được sử dụng để gọi/nhắn tin trong 15 ngày).
Đặc biệt, nạp từ 50.000đ để có cơ hội trúng lớn mỗi ngày: Chuyến du lịch 5 sao trị giá 30 triệu đồng, cộng 300.000đ - 3.000.000đ vào tài khoản. Chi tiết: khuyenmai.vinaphone.com.vn . CSKH: 18001091 (0đ).",0,0,0,0,0,0,0,0,0,0
COM_2300,"(TB) Thông báo không thể bỏ lỡ! 
VinaPhone tặng Quý khách ưu đãi 20% giá trị thẻ nạp ngay hôm nay 10/07/2026 (khuyến mại được sử dụng để gọi/nhắn tin trong 15 ngày). Đặc biệt, nạp từ 50.000đ để có cơ hội trúng lớn mỗi ngày: Chuyến du lịch 5 sao trị giá 30.000.000đ, cộng 300.000đ - 3.000.000đ vào tài khoản. Chi tiết: khuyenmai.vinaphone.com.vn . CSKH: 18001091 (0đ).",0,0,0,0,0,0,0,0,0,0
COM_2301,"(TB) Mở MyVNPT - Rinh ngay ưu đãi lớn!
Quý khách nhận ưu đãi 50% giá trị khi nạp tiền điện thoại bằng hình thức trực tiếp trên ứng dụng My VNPT ngay hôm nay 12/07/2026 tại: https://my.vnpt.com.vn/adv/napdt (khuyến mại được sử dụng để gọi/nhắn tin trong 15 ngày). 
Đặc biệt, nạp từ 50.000đ để có cơ hội trúng lớn mỗi ngày: Chuyến du lịch 5 sao trị giá 30 triệu đồng, cộng 300.000đ - 3.000.000đ vào tài khoản. CSKH: 18001091 (0đ).",0,0,0,0,0,0,0,0,0,0
COM_2302,"(TB) VinaPhone dành riêng cho Quý khách quyền lợi HỌC TẬP & KẾT NỐI KHÔNG GIỚI HẠN với gói cước SIÊU ƯU ĐÃI IOE. Soạn IOE10 gửi 900 để nhận ngay:
+ 05GB Data /ngày (hết dung lượng dừng truy cập).
+ Miễn phí gọi nội mạng <=20ph (tối đa 1440ph) và 5ph gọi ngoại mạng. 
+ 300 Ruby điểm thưởng.
+ Mở khóa toàn bộ bài học trên IOE.
Cước 10.000đ/24h. CSKH: 18001091 (0đ).",0,0,0,0,0,0,0,0,0,0
COM_2303,(TB) NHAN NGAY 100MB data/24h va 01 License Memusic Premium khi thue bao 84848255739 soan MEM5 gui 888 dang ky dich vu MeMusic. Cuoc 5.000d/24h. CSKH 18001091 (0d). Tran trong!,0,0,0,0,0,0,0,0,0,0
COM_2304,"(TB) Duy nhất hôm nay 14/7/2026! 
VinaPhone dành tặng riêng Quý khách 20% giá trị thẻ nạp (khuyến mại được sử dụng để gọi/nhắn tin trong 15 ngày).
Đặc biệt, nạp từ 50.000đ để có cơ hội trúng lớn mỗi ngày: Chuyến du lịch 5 sao trị giá 30 triệu đồng, cộng 300.000đ - 3.000.000đ vào tài khoản. Chi tiết: khuyenmai.vinaphone.com.vn . CSKH: 18001091 (0đ).",0,0,0,0,0,0,0,0,0,0
COM_2305,(TB) Hat karaoke khong gioi han tai https://mkara.com.vn va nhan ngay 500MB data/24h cho thue bao 84848255739 khi soan MKA5 gui 888 de dang ky dich vu mKara. Cuoc 5.000d/24h. CSKH 18001091 (0d). Tran trong!,0,0,0,0,0,0,0,0,0,0
COM_2306,"(TB) TANG 100MB DATA toc do cao trong 24h cho thue bao 0848255739 soan DK GTP5 gui 888 de dang ky dich vu GameTP, nhan quyen loi choi game co tuong cuc ky hap dan tại https://gametp.vn/. Cuoc 5.000d/24h. CSKH 18001091 (0d).",0,0,0,0,0,0,0,0,0,0
COM_2307,"(TB) Nạp thẻ ngay, trúng lớn mỗi ngày! 
VinaPhone tặng Quý khách ưu đãi 20% giá trị thẻ nạp trong hôm nay 17/07/2026 (khuyến mại được sử dụng để gọi/nhắn tin trong 15 ngày). Đặc biệt, nạp từ 50.000đ để có cơ hội trúng lớn mỗi ngày: Chuyến du lịch 5 sao trị giá 30.000.000đ, cộng 300.000đ - 3.000.000đ vào tài khoản. Chi tiết: khuyenmai.vinaphone.com.vn . CSKH: 18001091 (0đ).",0,0,0,0,0,0,0,0,0,0
COM_2308,"TUYET DOI KHONG CUNG CAP MA XAC NHAN CHO BAT KY AI, TRANH BI KE GIAN LOI DUNG. Nhap ma OTP 573723 de kich hoat ung dung. Hieu luc 2 phut.",0,0,0,0,0,0,0,0,0,0
COM_2309,"(TB) Tận hưởng kết nối mượt mà cùng D6V! Chỉ 6.000đ, nhận ngay 2GB tốc độ cao dùng trong 24h, thoải mái online cả ngày. Tặng thêm ưu đãi miễn phí data xem MyTV. Đăng ký ngay tại: https://my.vnpt.com.vn/adv/D6VM. CSKH 18001091. Trân trọng!",0,0,0,0,0,0,0,0,0,0
COM_2310,"(CSKH) ĐỔI ĐIỂM HÔM NAY – NHẬN NGAY NGÀN ƯU ĐÃI!
Là Hội viên VinaPhone Plus, Quý khách có thể dùng điểm tích lũy để đổi voucher ẩm thực, mua sắm, di chuyển, du lịch và nhiều ưu đãi hấp dẫn khác. Kính mời Quý khách khám phá và đổi quà ngay trên ứng dụng My VNPT:
http://my.vnpt.com.vn/app?screenCode=VNPPLUS . CSKH: 18001091 (0đ). Trân trọng!",0,0,0,0,0,0,0,0,0,0
COM_2311,"(TB) Danh rieng cho TB 0848255739: 100MB data/24h + 01 License goi VBOOKs dac sac: truy cap, su dung khong gioi han noi dung Premium tren nen tang VBOOKs khi soan VBO5 gui 888 de dang ky. Cuoc 5.000d/24h. CSKH 18001091 (0d).",0,0,0,0,0,0,0,0,0,0
COM_2312,"(TB) VinaPhone thông báo: Từ 01/08/2026, VinaPhone điều chỉnh phương thức tính cước cuộc gọi nội mạng và liên mạng trong nước đối với các cuộc gọi ngoài ưu đãi của gói cước hoặc chưa đăng ký gói thoại theo cách tính 30 giây đầu + 6 giây tiếp theo. GIÁ CƯỚC CUỘC GỌI/PHÚT KHÔNG THAY ĐỔI. Chi tiết tại my.vnpt.com.vn/adv/cuocdd hoặc CSKH 18001091 (0đ). Trân trọng cảm ơn Quý khách!",0,0,0,0,0,0,0,0,0,0
COM_2313,"(TB) Tang 100MB DATA toc do cao trong 24h cho thue bao 0848255739 soan GAMEV5 gui 888 de dang ky dich vu GameV, nhan quyen loi choi mien phi 100% cac game tai https://gamev.vn/. Cuoc 5.000d/24h. CSKH 18001091 (0d).",0,0,0,0,0,0,0,0,0,0
COM_2314,"Hưởng ứng ""Chiến dịch 500 ngày đêm đẩy mạnh thực hiện tìm kiếm, quy tập và xác định danh tính hài cốt liệt sĩ"", Ban Chỉ đạo quốc gia về tìm kiếm, quy tập và xác định danh tính hài cốt liệt sĩ kêu gọi các tổ chức, cá nhân có thông tin về liệt sĩ, mộ liệt sĩ vui lòng cung cấp về Tổng đài tiếp nhận thông tin Chiến dịch 500 ngày đêm. Số điện thoại: 18008022 hoặc (+84)965001222. Địa chỉ: Số 165 Xã Đàn, Đống Đa, Hà Nội.",0,0,0,0,0,0,0,0,0,0